number,subject,question,multiple choices,answer
2,math,(12 *3)+ (8*4) =,A) 70 | B) 58 | C) 45 | D)68,D
3,math,(15 -12)+( 9 -8)=,A) 2 | B) 4 | C) 6 | D) 8,B
4,math,25 /5+ 15/3 =,A) 11 | B) 20 | C) 10 | D)9,C
5,math,33  +  7 + 1 + 1 + 1 + 1 + 1 + 1 + 1 =,A) 42 | B) 37 | C) 45 | D)47,D
6,math,(50 + 25)/3 =,A) 30 | B) 20 | C) 25 | D) 22,C
7,math,68 + 6 =,A) 72 | B) 67 | C) 75 | D) 74,D
8,math,45 + 12 =,A) 57 | B) 59 | C) 54 | D) 62,A
9,math,88 + 11 =,A) 101 | B) 96 | C) 104 | D) 99,D
10,math,إذا كانت x=13*2 إذن 99 + x =,A)130 | B) 120 | C) 115 | D)125,D
11,math,5-2*2 - 5 =,A) 4 | B) 1 | C)-4 | D) 6,C
12,math,20 - 7*2*2 =,A) 8 | B) -16 | C) 52 | D) -8,D
13,math,35*10 - 100 =,A) -250 | B) 225 | C) 350 | D) 250,D
14,math,42 - 8*4 =,A) 36 | B) 12 | C) 18 | D) 10,D
15,math,506 - 40 =,A) 470 | B) 456 | C) 465 | D) 466,D
16,math,705 - 15 =,A) 690 | B) 695 | C) 685 | D) 590,A
17,math,81 - 9 =,A) 74 | B) 69 | C) 77 | D) 72,D
18,math,93 - 3^3 =,A) 92 | B) 87 | C) 84 | D) 66,D
19,math,100 - (22/11)*21 =,A) 55 | B) 58 | C) 68 | D) 70,B
20,math,150 - 75 =,A) 70 | B) 65 | C) 105 | D) 75,D
21,math,21 + 19 =,A) 37 | B) 45 | C) 40 | D) 42,C
22,math,38 + 12 =,A) 52 | B) 47 | C) 50 | D) 55,C
23,math,55 + 45 =,A) 100 | B) 97 | C) 105 | D) 102,A
24,math,76 + 14 =,A) 92 | B) 87 | C) 95 | D) 90,D
25,math,91 + 9 =,A) 102 | B) 97 | C) 105 | D) 100,D
26,math,4 × 3*3 =,A) 14 | B) 36 | C) 17 | D) 12,B
27,math,5 × 5 =,A) 27 | B) 25 | C) 30 | D) 22,B
28,math,6 × 7 =,A) 44 | B) 39 | C) 47 | D) 42,D
29,math,8^2 × 4 =,A) 256 | B) 128 | C) 120 | D) 192,A
30,math,9 × 6 =,A) 56 | B) 51 | C) 59 | D) 54,D
31,math,7 × 7 =,A) 51 | B) 46 | C) 49 | D) 54,C
32,math,10 × 3-9*2 =,A) 30 | B) 18 | C) 12 | D) 15,C
33,math,11 × 5 =,A) 55 | B) 52 | C) 60 | D) 65,A
34,math,12 × 4 =,A) 50 | B) 45 | C) 48 | D) 43,C
35,math,9 × 9 =,A) 83 | B) 78 | C) 86 | D) 81,D
36,math,1180 / 2 =,A) 580 | B) 600 | C) 590 | D) 480,C
37,math,35 / 5 =,A) 9 | B) 4 | C) 12 | D) 7,D
38,math,48 / 6 =,A) 18 | B) 5 | C) 13 | D) 10,A
39,math,64 / 8 =,A) 10 | B) 8 | C) 13 | D) 6,B
40,math,81 / 9 =,A) 11 | B) 6 | C) 9 | D) 8,C
41,math,0.5 + 0.5 =,,1
42,math,1.2 + 1.8 =,,3
43,math,3.4 + 2.1 =,,5.5
44,math,7.5 + 2.5 =,,10
45,math,(9.9 + 0.1)/0.1 =,,100
46,math,1.555 - 0.5 =,,1.055
47,math,5.6 - 2.1 =,,3.5
48,math,10.0 - 4.5 =,,5.5
49,math,8.2 - 3.2 =,,5
50,math,15.5 - 5.5-0.1 =,,9.9
51,math,ما هو نصف 10*2*2*2؟,,40
52,math,ما هو نصف C C = k * 2 k = j * 2 j = 2؟,,4
53,math,ما هو 1/16 من 20؟,,1.25
54,math,ما هو 1/6 من 15؟,,2.5
55,math,ما هو 3/4 من 100؟,,75
56,math,1/2 + 1/2 +1/8 *8 =,,2
57,math,1/4 + 1/4 =,,1/2
58,math,2/3 + 1/3 =,,1
59,math,5/8 - 1/8 =,,2.1
60,math,3/10 + 4/10 =,,10.7
61,math,0.2 × 3 =,,0.6
62,math,0.4 × 5 =,,2
63,math,1.5 × 2 =,,3
64,math,4.0 / 2 =,,2
65,math,9.3 / 3 =,,3.1
66,math,ما هو 10٪ من 100؟,,10
67,math,ما هو 20٪ من 50؟,,10
68,math,ما هو 50٪ من 80؟,,40
69,math,ما هو 25٪ من 40؟,,10
70,math,ما هو 5٪ من 200؟,,10
71,math,تحويل 50% إلى كسر.,,2.1
72,math,تحويل 25% إلى كسر.,,4.1
73,math,تحويل 75% إلى كسر.,,4.1
74,math,تحويل 10% إلى رقم عشري.,,0.1
75,math,تحويل 40% إلى رقم عشري.,,0.4
76,math,عبر عن النسبة 2:4 في أبسط صورة.,,1:02
77,math,عبر عن النسبة 6:9 في أبسط صورة.,,2:03
78,math,عبر عن النسبة 10:15 في أبسط صورة.,,2:03
79,math,إذا كانت الوصفة تستخدم 3 أكواب دقيق لكل كوب سكر، فكم كوب دقيق لكل 3 أكواب سكر؟,,9
80,math,إذا قطعت سيارة مسافة 60 ميلاً في ساعة واحدة، فما سرعتها بالأميال بعد 5 ساعات؟,,60
81,math,ما هو 15٪ من 200؟,,30
82,math,ما هو 20٪ من 45؟,,9
83,math,تحويل 0.2 إلى نسبة مئوية.,,20%
84,math,تحويل 0.85 إلى نسبة مئوية.,,85%
85,math,إذا نجح 12 طالبًا من أصل 20، فما هي نسبة النجاح؟,,60%
86,math,إذا كان x + 5 = 12 فما هو x؟,,7
87,math,إذا y - 3 = 10*(1\10) فما هو y؟,,4
88,math,إذا كان 4a = 15+b*c إذا كان b=c وc =1/4*28 فما هو a؟,,16
89,math,إذا ب/4 = 6 ما هو ب؟,,24
90,math,إذا كان 2س + 1 = 9 فما هو س؟,,4
91,math,ما هو الرقم التالي في التسلسل: 2 4 8 16 ...؟,,32
92,math,ما هو الرقم التالي في التسلسل: 5 15 45 135...؟,,405
93,math,ما هو الرقم التالي في التسلسل: 729 81 9...؟,,3
94,math,ما هو الرقم التالي في التسلسل: 10 20 30 40...؟,,50
95,math,ما هو الرقم التالي في التسلسل: 1 2 2 4 8...؟,,32
96,math,ما هو y إذا y = 4 × 3 - 2؟,,10
97,math,ما هو ض إذا ض = (5 + 5) / 2؟,,5
98,math,بسّط: 3x + 2x+15x-2-2x =,,20x
99,math,بسّط: 5y - 2y =,,3y
100,math,إذا كانت x = 2 و y = 3 فما هو x/4 + y/9؟,,6.5
101,math,ما هو الرقم التالي في التسلسل: 1000 200 40 ...؟,,8
102,math,ما هو الرقم التالي في التسلسل: 2 3 5 7 (الأعداد الأولية)؟,,11
103,math,إذا كان a = 10 فما هو x 5؟,,50
104,math,إذا كان ج - 7--5 = 14 فما هو ج؟,,26
105,math,إذا كان 5 م = 35 فما هو م × 9؟,,63
106,math,كم سنتيمترا في 1 متر؟,,100
107,math,كم ملليمتر في 1 سنتيمتر؟,,10
108,math,كم غرام في 1 كيلوغرام؟,,1000
109,math,كم دقيقة في يومين؟,,2880
110,math,كم عدد الساعات في شهر واحد؟,,720
111,math,ما هي مساحة المربع الذي طول ضلعه 4 سم (القيمة فقط)؟,,16
112,math,ما محيط المربع الذي طول ضلعه 5 سم (القيمة فقط)؟,,20
113,math,ما هي مساحة المستطيل الذي طوله 6 سم وعرضه 3 سم (القيمة فقط)؟,,18
114,math,ما محيط المستطيل الذي طوله 6 سم وعرضه 3 سم (القيمة فقط)؟,,18
115,math,كم عدد أضلاع المثلث؟,,3
116,math,كم عدد الجوانب التي يمتلكها البنتاغون؟,,5
117,math,كم عدد الجوانب التي يمتلكها المثمن؟,,8
118,math,ما هو مجموع زوايا المثلث (القيمة فقط)؟,,180
119,math,ما هو مجموع زوايا المستطيل (القيمة فقط)؟,,360
120,math,كم عدد الدرجات الموجودة في الخط المستقيم (القيمة فقط)؟,,180
121,math,كم عدد الدرجات الموجودة في الدائرة الكاملة (القيمة فقط)؟,,360
122,math,ما هو نصف قطر الدائرة إذا كان قطرها 10 سم (القيمة فقط)؟,,5
123,math,ما هو قطر الدائرة إذا كان نصف قطرها 6 سم (القيمة فقط)؟,,12
124,math,ما الشكل الذي له 4 جوانب متساوية و 4 زوايا قائمة؟,,Square
125,math,كم عدد الوجوه التي يمتلكها المكعب؟,,6
126,math,إذا كان الفيلم يبدأ الساعة 3 مساءً ويستمر لمدة 32/8 ساعة، فما هو الوقت الذي ينتهي فيه مساءً أو صباحًا؟,,7 PM
127,math,كم بوصة في 1 قدم؟,,12
128,math,كم قدم في 1 ياردة؟,,3
129,math,إذا كانت الساعة 11 صباحًا الآن، فما هو الوقت الذي سيكون بعد 0.01*400 ساعة ومساءً أو صباحًا؟,,3 PM
130,math,كم عدد الأسابيع في سنة واحدة؟,,52
131,math,ما حجم المكعب الذي طول ضلعه 3 سم (القيمة فقط)؟,,27
132,math,كم ملليلتر في 1 لتر؟,,1000
133,math,كم عدد الجوانب التي يمتلكها الشكل السداسي؟,,6
134,math,كم ساعة في يومين؟,,48
135,math,ما الشكل الذي له 8 جوانب؟,,Octagon
136,math,كم عدد درجات الزاوية اليمنى (القيمة فقط)؟,,90
137,math,إذا كانت الزاوية 45 درجة فما نوع الزاوية؟,,Acute
138,math,إذا كانت الزاوية 100 درجة فما نوع الزاوية؟,,Obtuse
139,math,ما هو شكل كرة السلة القياسية؟,,Sphere
140,math,كم عدد أيام السنة القياسية؟,,365
141,math,6 × 8 =,,48
142,math,7 × 5 =,,35
143,math,9 × 4 =,,36
144,math,12 × 6 =,,72
145,math,15 × 2 =,,30
146,math,ما هو y إذا y = 4 × 3 - 2؟,,10
147,math,ما هو ض إذا ض = (5 + 5) / 2؟,,5
148,math,بسّط: 3x + 2x =,,5x
149,math,بسّط: 5y - 2y =,,3y
150,math,إذا كان x = 2 و y = 3 فما هو x + y=,,5
151,programming,ما هي الكلمة الأساسية المستخدمة لتحديد وظيفة في بايثون؟,A) func | B) يُعرِّف | C) مواطنه | D) وظيفة,C
152,programming,ما هو امتداد الملف الصحيح لملفات بايثون؟,A) .بيت | B) .py | C) .بيثون | D) .pt,B
153,programming,كيف تبدأ تعليقًا من سطر واحد في بايثون؟,A) // | B) /* | C) # | D) --,C
154,programming,ما نوع البيانات المستخدم لتخزين قيم True أو False؟,A) خيط | B) عدد صحيح | C) يطفو | D) منطقية,D
155,programming,ما الذي تنتجه الطباعة (النوع (5))؟,"A) <الفئة ""تعويم""> | B) <الفئة ""إنت""> | C) <الفئة ""شارع""> | D) <الفئة ""بول"">",B
156,programming,كيف يمكنك إنشاء متغير اسمه x بالقيمة 5؟,A) إنت س = 5 | B) س := 5 | C) س = 5 | D) المتغير س = 5,C
157,programming,ما هي الوظيفة المضمنة التي ترجع طول القائمة؟,A) مقاس() | B) لين () | C) عدد() | D) طول(),B
158,programming,ما هو ناتج الطباعة (2 ** 3)؟,A) 6 | B) 8 | C) 9 | D) 5,B
159,programming,ما العبارة المستخدمة لإيقاف الحلقة قبل الأوان؟,A) قف | B) مخرج | C) استراحة | D) يعود,C
160,programming,كيف يمكنك إضافة عنصر إلى نهاية القائمة؟,A) .يضيف() | B) .إدراج() | C) .إلحاق() | D) .يدفع(),C
161,programming,ما هو الملف الرأسي الذي يجب تضمينه لاستخدام cout وcin؟,A) <stdio.h> | B) <conio.h> | C) <iostream> | D) <سلسلة>,C
162,programming,كيف تنهي سطر بيان قياسي في C++؟,A) فترة (.) | B) القولون (:) | C) فاصلة منقوطة (;) | D) فاصلة (،),C
163,programming,ما هي نقطة البداية للتنفيذ لكل برنامج C++؟,A) الوظيفة الرئيسية (). | B) وظيفة البداية (). | C) وظيفة الحرف الأول (). | D) #يشمل,A
164,programming,كيف يمكنك إنشاء تعليق من سطر واحد في C++؟,A) # | B) // | C) /* | D) --,B
165,programming,"ما هو نوع البيانات الأنسب لتخزين حرف واحد مثل ""A""؟",A) خيط | B) شار | C) كثافة العمليات | D) يطفو,B
166,programming,"ما هو الغرض من الأمر ""std::endl""؟",A) إنهاء البرنامج | B) امسح الشاشة | C) أدخل سطرًا جديدًا | D) الخروج من حلقة,C
167,programming,ما هو المشغل المستخدم لإخراج وحدة التحكم في C++؟,A) >> | B) << | C) == | D) ++,B
168,programming,كيف يمكنك إعلان متغير عدد صحيح يسمى العمر في C++؟,A) العمر = كثافة العمليات؛ | B) عمر صحيح؛ | C) العمر الصحيح؛ | D) عمر فار؛,C
169,programming,ما القيمة التي تمثل صحيحًا في سياق منطقي قياسي C++؟,A) 0 | B) -1 | C) 1 | D) باطل,C
170,programming,ما هي الحلقة التي تضمن تنفيذ كتلة التعليمات البرمجية مرة واحدة على الأقل؟,A) للحلقة | B) أثناء الحلقة | C) افعل بينما حلقة | D) حلقة foreach,C
171,programming,ما هي مجموعة التعليمات خطوة بخطوة لحل المشكلة؟,A) عامل | B) مترجم | C) خوارزمية | D) وظيفة,C
172,programming,ما هي بنية البيانات التي تعمل على أساس الوارد أولاً يخرج أولاً (FIFO)؟,A) كومة | B) طابور | C) شجرة | D) رسم بياني,B
173,programming,ما هي خوارزمية البحث التي تتحقق من كل عنصر بالتسلسل حتى تجد الهدف؟,A) البحث الثنائي | B) بحث سريع | C) البحث الخطي | D) بحث الفقاعة,C
174,programming,ماذا يسمى عندما تستدعي الدالة نفسها؟,A) التكرار | B) العودية | C) حلقات | D) الميراث,B
175,programming,ما هي خوارزمية الفرز التي تقوم بتبديل العناصر المتجاورة بشكل متكرر إذا كانت بالترتيب الخاطئ؟,A) فرز الفقاعة | B) دمج الفرز | C) فرز سريع | D) فرز الإدراج,A
176,programming,ما هو فهرس العنصر الأول في المصفوفة أو القائمة؟,A) 1 | B) -1 | C) 0 | D) أي رقم,C
177,programming,ما هي بنية البيانات التي تستخدم نهج Last-In-First (LIFO)؟,A) طابور | B) كومة | C) صفيف | D) قائمة مرتبطة,B
178,programming,ما هي الفائدة الأساسية للبحث الثنائي مقارنة بالبحث الخطي؟,A) من الأسهل الترميز | B) إنه أسرع للبيانات التي تم فرزها | C) يستخدم ذاكرة أقل | D) يعمل على البيانات غير المصنفة,B
179,programming,ما هو الشرط المحدد الذي يمنع وظيفة العودية من العمل إلى الأبد؟,A) حالة الحلقة | B) نقطة الاستراحة | C) الحالة الأساسية | D) بيان العودة,C
180,programming,ما هي البنية الأفضل للتحقق من وجود العنصر على الفور دون البحث في القائمة؟,A) صفيف | B) قائمة مرتبطة | C) جدول التجزئة / المجموعة | D) شجرة ثنائية,C
182,programming,ما هو الخطأ أو الخطأ في البرنامج الذي يطلق عليه عادة؟,A) فايروس | B) حشرة | C) خلل | D) البرنامج النصي,B
183,programming,ما العامل الذي يُستخدم للتحقق من تساوي القيمتين في معظم اللغات؟,A) = | B) == | C) != | D) =>,B
184,programming,ما نوع الخطأ الذي يحدث عند تشغيل البرنامج ولكنه ينتج مخرجات خاطئة؟,A) خطأ في بناء الجملة | B) خطأ منطقي | C) خطأ في وقت التشغيل | D) خطأ في التجميع,B
185,programming,ما الذي تعنيه ذاكرة الوصول العشوائي (RAM) في أجهزة الكمبيوتر؟,A) قراءة ذاكرة الوصول | B) ذاكرة الوصول العشوائي | C) تشغيل الوسائط النشطة | D) آلة التخصيص السريع,B
186,programming,ما هو الرمز القياسي لمشغل المهمة؟,A) == | B) : | C) = | D) ->,C
187,programming,ما هي كتلة التعليمات البرمجية القابلة لإعادة الاستخدام والمصممة لتنفيذ إجراء محدد واحد؟,A) حلقة | B) عامل | C) وظيفة | D) حالة,C
188,programming,ما هي المرحلة التي تتضمن إصلاح الأخطاء داخل كود المصدر الخاص بك؟,A) تصميم | B) تجميع | C) تصحيح الأخطاء | D) جارٍ النشر,C
189,programming,ما هو حرف تنسيق النص الذي يمثل عادةً مساحة علامة التبويب؟,A) \n | B) \ ر | C) \س | D) \ب,B
190,programming,ما نوع التعبير الذي يتم تقييمه إما بصواب أو خطأ؟,A) التعبير الحسابي | B) تعبير السلسلة | C) التعبير المنطقي | D) تعبير الواجب,C
191,programming,"ما هي الكلمة الأساسية المستخدمة لإضافة فرع شرطي بديل في حالة فشل ""if"" الأولي؟",,elif
192,programming,كيف تكتب سلسلة تمتد على عدة أسطر؟,,Triple quotes
193,programming,ما هي الوظيفة المضمنة التي تحول العنصر إلى عدد صحيح؟,,int
194,programming,ما الرمز الذي تستخدمه لإجراء عملية تقسيم الأرضية؟,,//
195,programming,ما رقم الفهرس الذي يستهدف العنصر الأخير في القائمة باستخدام الفهرسة السلبية؟,,-1
196,programming,ما هي الكلمة الأساسية المستخدمة لاستيراد وحدة خارجية إلى البرنامج النصي الخاص بك؟,,import
197,programming,ما هي الوظيفة المضمنة التي تنشئ سلسلة من الأرقام المستخدمة غالبًا داخل الحلقات؟,,range
198,programming,ما نوع البيانات الذي يستخدم الأقواس المتعرجة ويخزن القيم في أزواج القيمة الرئيسية؟,,Dictionary
199,programming,ما الرمز الهيكلي المستخدم بشكل صارم لفصل كتل التعليمات البرمجية بدلاً من الأقواس المتعرجة؟,,Indentation
200,programming,ما هو نوع التسلسل غير القابل للتغيير الذي يتم تعريفه باستخدام الأقواس بدلاً من الأقواس المربعة؟,,Tuple
201,programming,ما هي قيمة الإرجاع الافتراضية للدالة التي لا تحتوي على عبارة إرجاع؟,,None
202,programming,ما العامل الذي يحسب باقي القسمة؟,,%
203,programming,ما هي الوظيفة التي تحول إدخال المستخدم من وحدة التحكم إلى سلسلة؟,,input
204,programming,ماذا يحدث إذا حاولت تغيير عنصر داخل صف بعد إنشائه؟,,It raises a TypeError
205,programming,ما هي الكلمة الرئيسية التي تتحقق من وجود عنصر داخل مجموعة مثل القائمة أو السلسلة؟,,in
206,programming,ما هي طريقة السلسلة التي تغير جميع الأحرف في السلسلة إلى أحرف صغيرة؟,,lower
207,programming,"ما هو ناتج الطباعة (""Hello"" + ""World"")؟",,HelloWorld
208,programming,ما هي الكلمة الأساسية المستخدمة لإنشاء حلقة تتكرر عبر تسلسل؟,,for
209,programming,ما الاستثناء الذي يظهر عند محاولة قسمة رقم على صفر؟,,ZeroDivisionError
210,programming,ما هي الوظيفة التي تحول رقمًا أو قيمة منطقية إلى نص سلسلة؟,,str
211,programming,ما الرمز المستخدم للإشارة إلى تحديد متغير المؤشر أو البحث عن عنوان متغير بخلاف &؟,,*
212,programming,ما هي الكلمة الأساسية المستخدمة لإنشاء متغير ثابت لا يمكن تغييره؟,,const
213,programming,ما الأمر المستخدم لقبول الإدخال من المستخدم عبر دفق وحدة التحكم؟,,cin
214,programming,ما هي بنية الحلقة التي تقوم بتقييم حلقة الحالة الخاصة بها في الأعلى قبل التنفيذ؟,,while loop
215,programming,ما هي الكلمة الأساسية التي تحدد وظيفة لا تُرجع أي قيمة بيانات؟,,void
216,programming,ما هو الفهرس المستخدم للوصول إلى العنصر الثالث داخل المصفوفة القياسية؟,,2
217,programming,ما هو رمز الحدود الحرفية للسلسلة المستخدم في السلاسل النصية العادية؟,,Double quotes
218,programming,"ما هي الكتلة الهيكلية التي تتعامل مع المسارات البديلة عندما تكون عبارة ""if"" خاطئة؟",,else
219,programming,أي عامل يضيف 1 إلى متغير عدد صحيح؟,,++
220,programming,ما هو تسلسل الهروب المستخدم لطباعة حرف سطر جديد؟,,\n
221,programming,ما هي الكلمة الأساسية التي تسمح للمستخدم بتجميع متغيرات أنواع البيانات المختلفة تحت اسم واحد؟,,struct
222,programming,ما هو تصنيف التخزين الذي يحتوي عليه المتغير إذا تم الإعلان عنه خارج جميع الوظائف؟,,Global variable
223,programming,ما هي العبارة الشرطية التي تقيم متغيرًا واحدًا مقابل قيم حالة متطابقة متعددة؟,,switch
224,programming,"ما التعبير المستخدم لمسح ذاكرة الكومة المخصصة بالكلمة الأساسية ""جديد""؟",,delete
225,programming,ما الرأس الذي يجب استيراده للعمل مع كائنات السلسلة النصية القياسية؟,,<string>
226,programming,ما هي الوظيفة الخاصة التي تشترك في نفس اسم فئتها بالضبط وتعمل أثناء إنشاء الكائن؟,,Constructor
227,programming,ما الحرف المستخدم للوصول إلى أعضاء البنية أو كائن الفئة مباشرة؟,,.
228,programming,ما القيمة الرقمية التي تمثل حالة خاطئة داخل تعبير عدد صحيح؟,,0
229,programming,ما هي الكلمة الأساسية المستخدمة لإرجاع قيمة من استدعاء دالة؟,,return
230,programming,ما هو نوع البيانات الأساسي الذي يخزن الأرقام التي تحتوي على كسور أو أعداد عشرية؟,,float
231,programming,ما هو التمثيل الرسومي للخوارزمية باستخدام الأشكال الهندسية؟,,Flowchart
232,programming,ما هو نمط التصميم الخوارزمي الذي يقسم المشكلة إلى مشكلات فرعية متطابقة أصغر؟,,Divide and Conquer
233,programming,ما المصطلح الذي يصف مقياس الكفاءة أو أداء وقت التشغيل للخوارزمية؟,,Time Complexity
234,programming,ما هو الترميز المستخدم عالميًا لوصف أسوأ حالة تشغيل للخوارزمية؟,,Big O Notation
235,programming,ما نوع الخوارزمية التي تقوم بالاختيار الأمثل المحلي في كل مرحلة على أمل العثور على الخيار الأمثل العالمي؟,,Greedy Algorithm
236,programming,ما هي الحالة التي تحدث عندما تكون قائمة الانتظار أو المكدس ممتلئة بالكامل وتحاول إضافة عنصر؟,,Overflow
237,programming,ماذا تسمى عملية ترتيب العناصر العشوائية بترتيب معين؟,,Sorting
238,programming,ما هي طريقة البحث التي تقسم المجموعة المصنفة إلى نصفين مع كل مقارنة؟,,Binary Search
239,programming,ما هي الحالة المجردة التي تحدث عندما تحاول إخراج عنصر من مكدس فارغ؟,,Underflow
240,programming,ما هو الشرط النهائي الذي يجب تحديده بشكل صريح حتى لا يؤدي التكرار إلى حدوث عطل؟,,Base Case
241,programming,ما البنية الخطية التي تربط عناصر العقدة الفردية باستخدام عناوين ذاكرة المؤشر؟,,Linked List
242,programming,ما هي فئة الخوارزمية التي تتحقق من كل مسار حل محتمل بشكل منهجي حتى يتم العثور على تطابق؟,,Brute Force
243,programming,ما الاسم الذي يطلق على تسلسل العناصر حيث يشير كل عنصر إلى حاوية العقدة التالية؟,,Linked List
244,programming,ما الذي يسمى عندما يقوم مفتاحان بإنشاء نفس موقع الفهرس داخل جدول التجزئة؟,,Collision
245,programming,ما هي طريقة الفرز البسيطة التي تعمل مثل فرز مجموعة من البطاقات عن طريق إنشاء قسم مفروز عنصرًا واحدًا في كل مرة؟,,Insertion Sort
246,programming,ما العقدة الموجودة في الجزء العلوي المطلق من بنية الشجرة القياسية؟,,Root
247,programming,ما هي المجموعة المحدودة من الخطوات أو التعليمات المستخدمة لإكمال مهمة حسابية محددة؟,,Algorithm
248,programming,ما موضع الفهرس الذي يتوافق مع العنصر المتوسط ​​في مصفوفة بحجم 7؟,,3
249,programming,ما هي البنية غير الخطية التي تحدد الاتصالات باستخدام إطار من القمم والحواف؟,,Graph
250,programming,ما هي الإستراتيجية التي تعمل على حل تعارضات جدول التجزئة عن طريق وضع العناصر المتصادمة في قائمة مرتبطة في هذا الفهرس؟,,Chaining
251,programming,ما هو رمز الملف النصي الذي كتبه المطور والذي تم استدعاؤه قبل تجميعه؟,,Source Code
252,programming,ما هي الآلية الهيكلية التي تمنع الحلقة من العمل إلى ما لا نهاية؟,,Loop Condition
253,programming,ما الأخطاء التي يتم اكتشافها أثناء تفسير النص أو تجميعه بسبب التنسيق النحوي غير الصحيح؟,,Syntax Errors
254,programming,ما الذي يمثله الاختصار IDE في بيئات التطوير؟,,Integrated Development Environment
255,programming,ما رمز علامات الترقيم الذي يربط عادةً معلمات النص داخل إعلان الوظيفة؟,,Parentheses
256,programming,ما العامل الذي يعدل التعبير المنطقي إلى قيمته المقابلة تمامًا؟,,NOT
257,programming,ما نوع القيمة التي تتحقق منها العبارة الشرطية للتنفيذ؟,,Boolean
258,programming,ما المصطلح العام الذي يصف مواقع ذاكرة الكمبيوتر المسماة المستخدمة للاحتفاظ بقيم البيانات؟,,Variables
259,programming,ما هو النظام ذو المستوى المنخفض الذي يقوم بتشغيل الترجمة سطرًا تلو الآخر بدلاً من إنشاء ملف ثنائي كامل؟,,Interpreter
260,programming,ما هو نموذج البرمجة الذي يتمحور حول كائنات البيانات بدلاً من الإجراءات؟,,OOP
261,programming,ما هو العامل الرياضي الأساسي الذي يمثله رمز الشرطة المائلة للأمام؟,,Division
262,programming,ما هي الحاوية الهيكلية التي تجمع الأعمدة والصفوف من الأحرف المتسلسلة؟,,Array
263,programming,ما المصطلح الذي يصف الأوصاف التي يمكن قراءتها بواسطة الإنسان لخوارزمية مكتوبة بتنسيق برمجة زائفة؟,,Pseudocode
264,programming,ما هي منطقة التخزين التي تحتوي على المعلمات والمتغيرات المحلية أثناء استدعاءات الوظائف النشطة؟,,Call Stack
265,programming,ماذا يسمى عندما تتحول القيمة من نوع بيانات إلى آخر؟,,Type Casting
266,programming,ما هو المكون الذي يترجم كود التجميع إلى لغة الآلة الثنائية؟,,Assembler
267,programming,ما هي الحالة المحددة التي تحدث عندما يتجاوز المتغير الرقمي الحد الأقصى للتخزين؟,,Overflow
268,programming,ما هو النمط الهيكلي الذي يتحقق من كتل التعليمات البرمجية بحثًا عن استثناءات أو حالات فشل غير متوقعة في وقت التشغيل؟,,Try Catch block
269,programming,ما هو اسم مجموعة الأحرف التي تخزن الأسماء أو العبارات؟,,String
270,programming,ما رمز علامات الترقيم الذي يلتف عادةً عناصر المصفوفة أثناء التهيئة في C++؟,,{}
271,programming,ما هي الكلمة الأساسية التي تنشئ كتلة دالة مضمنة مجهولة؟,,lambda
272,programming,ما هي الطريقة التي تزيل كل المسافات البيضاء الزائدة والبادئة من نص السلسلة؟,,strip
273,programming,ماذا يحدث عند تشغيل برنامج نصي يستدعي متغيرًا لم يتم تعريفه بعد؟,,raises a NameError
274,programming,ما هي الكلمة الرئيسية التي تمنع التنفيذ أو تعمل كعنصر نائب فارغ داخل نص الحلقة؟,,pass
275,programming,ما هو العامل الذي يسمح لك بدمج كتلتين منفصلتين معًا؟,,+
276,programming,ما هو العامل الذي يتحقق مما إذا كان هناك مرجعان متغيران يشيران إلى نفس كائن الذاكرة بالضبط؟,,is
277,programming,ما هو حجم خطوة تخطي الفهرس الافتراضي إذا تم حذفه أثناء تعبير الشريحة؟,,1
278,programming,ما هي الطريقة التي تبحث في القائمة لإرجاع موضع الفهرس لعنصر معين؟,,index
279,programming,ما هي الوظيفة التي تعرض تعليمات المساعدة التفاعلية مباشرة داخل وحدة التحكم الطرفية؟,,help
280,programming,ما هي مجموعة الكلمات الرئيسية التي تكتشف أنواع الأخطاء داخل بنية كتلة المحاولة القياسية؟,,except
281,programming,ما هو كائن الدفق الذي يطبع رسائل الخطأ على وجه التحديد إلى وجهة الخطأ القياسية؟,,cerr
282,programming,ما هو نطاق التصنيف الذي يخفي عناصر الفئة من الوصول خارج إطار عمل الفئة هذا؟,,private
283,programming,ما هو حجم البايت الرقمي الذي يتم حجزه عادةً لمتغير نوع char القياسي المستقل؟,,1 byte
284,programming,ما المؤشر الذي يتتبع الموقع المستهدف للمتغير المرجعي؟,,Pointer
285,programming,ما هو الفهرس المباشر للعنصر الأخير في مصفوفة تم تكوينها لـ 10 إدخالات؟,,9
286,programming,ما هي الكلمة الأساسية التي تقوم بإنشاء نسخة من بنية الفصل في ذاكرة كومة النظام؟,,new
287,programming,ما هو رمز المشغل المحدد الذي يتعامل مع مهام تحليل عنوان مؤشر الذاكرة؟,,*
288,programming,ما هي الكلمة الأساسية الإطارية التي تسمح بالوصول إلى أدوات مكتبة متعددة دون بادئات مساحة الاسم الهيكلية؟,,using namespace
289,programming,ما هي تسلسلات الأحرف التي يتم تقييمها لتحديد تعليقات التعليمات البرمجية الممتدة على عدة أسطر؟,,/**/
290,programming,ما العلامة الهيكلية التي تربط متغيرات النص معًا عند استخدام تعبيرات cout القياسية؟,,<<
291,programming,ما الشكل الهيكلي الذي يمثل القرارات داخل تصميمات المخططات الانسيابية القياسية؟,,Diamond
292,programming,ما هو نموذج التتبع الخطي الذي يحد من إضافة العناصر وإزالتها حصريًا إلى طرف واحد؟,,Stack
293,programming,ما هو تطبيق الشجرة الذي يقيد كل عقدة أصل بحد أقصى فرعين فرعيين؟,,Binary Tree
294,programming,ما المصطلح الخوارزمي الذي يصف بنية معالجة الحلقة التي لا تكتمل أبدًا؟,,Infinite Loop
295,programming,ما هو إطار البحث الأكثر موثوقية عند التعامل مع مجموعات عشوائية تمامًا؟,,Linear Search
296,programming,ما هي خصائص مسار العقدة التي تحدد العقد الورقية داخل نماذج شجرة البيانات؟,,They have no children
297,programming,ما هو الحد الأقصى لعدد المقارنة المطلوب لتحديد موقع عنصر في قائمة مكونة من 8 عناصر باستخدام البحث الخطي؟,,8
298,programming,ما هو إطار فرز الخوارزمية الذي يعمل عن طريق تقسيم المجموعة بشكل متكرر إلى عناصر فردية ودمجها؟,,Merge Sort
299,programming,ما هي الطريقة الخوارزمية التي تركز على تخزين نتائج العمليات الحسابية السابقة لتحسين عمليات البحث عن التنفيذ في المستقبل؟,,Dynamic Programming
300,programming,ما هو التسلسل الفريد لقيم البيانات الذي يساعد على التحقق بسرعة من عناصر البيانات داخل بنية القاموس؟,,Keys
301,history,ما هو النهر الشهير الذي كان مصدر الحياة في مصر القديمة؟,A) النيل | B) أمازون | C) ميسيسيبي | D) الدانوب,A
302,history,ما هي المباني القديمة التي بنيت في مصر كمقابر للفراعنة؟,A) القلاع | B) الأهرامات | C) المعابد | D) أبراج,B
303,history,ما هي الحضارة القديمة التي يعود لها الفضل في اختراع الديمقراطية؟,A) روما | B) اليونان | C) بلاد فارس | D) مصر,B
304,history,من هو الملك القديم الشهير الذي فتح اليونان ومصر وفارس؟,A) يوليوس قيصر | B) الإسكندر الأكبر | C) جنكيز خان | D) الملك توت,B
305,history,ما اسم الكتابة المصورة المتخصصة التي استخدمها المصريون القدماء؟,A) اللاتينية | B) الهيروغليفية | C) المسمارية | D) اليونانية,B
306,history,ما هي الدولة المدينة اليونانية التي اشتهرت بجيشها القوي ومحاربيها الشرسين؟,A) أثينا | B) سبارتا | C) تروي | D) طيبة,B
307,history,ما هو المدرج الضخم في روما الذي تم استخدامه لمعارك المصارعين؟,A) البارثينون | B) الكولوسيوم | C) البانثيون | D) الأكروبوليس,B
308,history,من هي آخر ملكة نشطة في مصر القديمة قبل أن تصبح مقاطعة رومانية؟,A) نفرتيتي | B) كليوباترا | C) حتشبسوت | D) أثينا,B
309,history,من هو الفيلسوف اليوناني الذي كان معلم الإسكندر الأكبر الشهير؟,A) سقراط | B) أفلاطون | C) أرسطو | D) فيثاغورس,C
310,history,ما هو الحدث الرياضي الشهير الذي بدأ في اليونان القديمة لتكريم الإله زيوس؟,A) كأس العالم | B) الألعاب الأولمبية | C) سوبر بول | D) جولة فرنسا,B
311,history,ما هي الدولة التي غزتها ألمانيا لإشعال بداية الحرب العالمية الثانية؟,A) فرنسا | B) بولندا | C) روسيا | D) بريطانيا,B
312,history,في أي عام بدأت الحرب العالمية الأولى رسميا؟,A) 1914 | B) 1918 | C) 1939 | D) 1945,A
313,history,ما هي القاعدة البحرية الأمريكية التي تعرضت للهجوم من قبل اليابان في عام 1941 مما أدى إلى دخول الولايات المتحدة في الحرب العالمية الثانية؟,A) بيرل هاربور | B) سان دييغو | C) ميامي | D) غوانتانامو,A
314,history,من هو رئيس الوزراء الشهير الذي قاد بريطانيا العظمى خلال الحرب العالمية الثانية؟,A) ونستون تشرشل | B) نيفيل تشامبرلين | C) توني بلير | D) ديفيد لويد جورج,A
315,history,ما اسم التحالف بين ألمانيا وإيطاليا واليابان في الحرب العالمية الثانية؟,A) القوى المتحالفة | B) قوى المحور | C) القوى المركزية | D) الناتو,B
316,history,ما هي الدولة التي أسقطت القنبلة الذرية على هيروشيما لإنهاء الحرب العالمية الثانية؟,A) الاتحاد السوفياتي | B) بريطانيا العظمى | C) الولايات المتحدة | D) ألمانيا,C
317,history,ما هي سفينة المحيط التي غرقت عام 1912 والتي ساهمت في التوترات الدولية قبل الحرب العالمية الأولى؟,A) لوسيتانيا | B) تيتانيك | C) بسمارك | D) الأولمبية,B
318,history,ما هو الهيكل الدفاعي الذي تم بناؤه عبر برلين خلال الحرب الباردة بعد الحرب العالمية الثانية؟,A) سور الصين العظيم | B) جدار برلين | C) خط ماجينو | D) الستار الحديدي,B
319,history,ما هي الدولة التي تم تقسيمها إلى منطقتين شمالية وجنوبية بعد الحرب العالمية الثانية؟,A) فرنسا | B) ألمانيا | C) إيطاليا | D) اليابان,B
320,history,ما هي المنظمة العالمية التي تشكلت مباشرة بعد الحرب العالمية الثانية للحفاظ على السلام العالمي؟,A) عصبة الأمم | B) الأمم المتحدة | C) الاتحاد الأوروبي | D) الصليب الأحمر,B
321,history,ما هي الحرب التي دارت رحاها بين الشمال والجنوب الأمريكي من عام 1861 إلى عام 1865؟,A) الحرب الثورية | B) الحرب الأهلية | C) حرب 1812 | D) حرب فيتنام,B
322,history,من هي البطلة الفرنسية التي قادت الجيش الفرنسي إلى الانتصارات خلال حرب المائة عام؟,A) ماري أنطوانيت | B) جان دارك | C) كاثرين العظيمة | D) الملكة فيكتوريا,B
323,history,ما هي الدولة التي حكمها نابليون بونابرت وقادتها إلى حروب أوروبية كبرى؟,A) انجلترا | B) ألمانيا | C) إسبانيا | D) فرنسا,D
324,history,ما هي الحرب التي اندلعت في الستينيات والسبعينيات بين الولايات المتحدة ودولة في جنوب شرق آسيا؟,A) الحرب الكورية | B) حرب فيتنام | C) حرب الخليج | D) الحرب الباردة,B
325,history,ما هي الإمبراطورية التي قاتلت ضد اليونانيين في معركة تيرموبيلاي الشهيرة؟,A) الإمبراطورية الرومانية | B) الإمبراطورية الفارسية | C) الإمبراطورية العثمانية | D) الإمبراطورية البريطانية,B
326,history,ما هي الدولة التي أصبحت أول من نجح في إنزال البشر على سطح القمر؟,A) الاتحاد السوفياتي | B) الصين | C) الولايات المتحدة | D) المملكة المتحدة,C
327,history,أي دولة أوروبية كانت أول من أبحر حول الطرف الجنوبي لأفريقيا للوصول إلى الهند؟,A) إسبانيا | B) البرتغال | C) فرنسا | D) هولندا,B
328,history,ما هي الدولة التي قامت ببناء سور الصين العظيم لحماية حدودها الشمالية من الغزاة؟,A) الهند | B) اليابان | C) الصين | D) منغوليا,C
329,history,ما هي الحضارة التي يعود لها الفضل في إنشاء أول بوصلة ورقية وبارود؟,A) مصر | B) روما | C) الصين | D) اليونان,C
330,history,في أي دولة بدأت الثورة الصناعية في القرن الثامن عشر؟,A) الولايات المتحدة | B) بريطانيا العظمى | C) فرنسا | D) ألمانيا,B
331,history,من كان أول رئيس للولايات المتحدة؟,A) توماس جيفرسون | B) ابراهام لينكولن | C) جورج واشنطن | D) جون ادامز,C
332,history,من هو المستكشف الأوروبي الذي وصل إلى الأمريكتين عام 1492؟,A) ماركو بولو | B) كريستوفر كولومبوس | C) فاسكو دا جاما | D) فرديناند ماجلان,B
333,history,ما هو نظام الحكم الذي يتميز بوجود الملك أو الملكة كرئيس للدولة؟,A) ديمقراطية | B) جمهورية | C) الملكية | D) شيوعية,C
334,history,من هو زعيم المغول الشهير الذي أنشأ أكبر إمبراطورية متجاورة في التاريخ؟,A) أتيلا الهون | B) جنكيز خان | C) الإسكندر الأكبر | D) يوليوس قيصر,B
335,history,ما هي الدولة التي أهدت تمثال الحرية للولايات المتحدة؟,A) المملكة المتحدة | B) فرنسا | C) ألمانيا | D) إيطاليا,B
336,history,ما هي الفترة من التاريخ الأوروبي التي تعني ولادة جديدة وشهدت طفرة في الفن والعلوم؟,A) العصور الوسطى | B) نهضة | C) العصر الحديدي | D) العصر الصناعي,B
337,history,من رسم التحفة الفنية الشهيرة المعروفة باسم الموناليزا؟,A) فنسنت فان جوخ | B) ليوناردو دافنشي | C) مايكل أنجلو | D) بابلو بيكاسو,B
338,history,ما هي الإمبراطورية التي سقطت عام 476م إيذاناً ببداية العصور الوسطى في أوروبا؟,A) الإمبراطورية البريطانية | B) الإمبراطورية الرومانية الغربية | C) الإمبراطورية البيزنطية | D) الإمبراطورية الفارسية,B
339,history,ما هو الطريق التجاري الرئيسي الذي ربط أوروبا وآسيا لعدة قرون؟,A) طريق الحرير | B) طريق التوابل | C) الطريق العابر للصحراء | D) طريق العنبر,A
340,history,ما هي الوثيقة الشهيرة التي تم التوقيع عليها في إنجلترا عام 1215 للحد من سلطة الملك؟,A) إعلان الاستقلال | B) ماجنا كارتا | C) دستور | D) وثيقة الحقوق,B
341,history,ما هي جثث الموتى المحفوظة التي صنعها المصريون القدماء من خلال التحنيط؟,none,Mummies
342,history,من هي الآلهة اليونانية التي كانت حامية مدينة أثينا؟,none,Athena
343,history,ما هي اللغة التي كان يتحدث بها الرومان القدماء؟,none,Latin
344,history,ما هو اللقب الذي أطلق على حكام مصر القديمة؟,none,Pharaoh
345,history,ما هو المعبد الشهير الذي يقع على قمة الأكروبوليس في أثينا اليونان؟,none,Parthenon
346,history,ما هو المخلوق الأسطوري بجسم أسد ورأس إنسان يحرس الأهرامات المصرية؟,none,Sphinx
347,history,ما هي المدينة القديمة التي دمرها بركان اسمه جبل فيزوف عام 79 م؟,none,Pompeii
348,history,ما هي المادة المصنوعة من القصب التي استخدمها المصريون القدماء للكتابة عليها؟,none,Papyrus
349,history,من هو الملك الأعلى للآلهة في الأساطير اليونانية؟,none,Zeus
350,history,ما هو الشيء الخشبي العملاق الذي استخدمه اليونانيون للتسلل داخل مدينة طروادة؟,none,Trojan Horse
351,history,ما اسم القائد الروماني الذي اغتيل في منتصف شهر مارس؟,none,Julius Caesar
352,history,ما هي الحضارة القديمة التي بنت مدينة ماتشو بيتشو الشهيرة في البيرو؟,none,Inca
353,history,"ما هي مجموعة القوانين من بابل القديمة المشهورة بعبارة ""العين بالعين""؟",none,Code of Hammurabi
354,history,ما هي الإمبراطورية القديمة التي بنت شبكة واسعة من الطرق عبر أوروبا والبحر الأبيض المتوسط؟,none,Roman Empire
355,history,ما الحجر الذي تم العثور عليه في مصر والذي ساعد المؤرخين أخيرًا في فك رموز الهيروغليفية؟,none,Rosetta Stone
356,history,من هو عالم الرياضيات اليوناني الذي اكتشف كيفية حساب أضلاع المثلث القائم الزاوية؟,none,Pythagoras
357,history,ما هو اسم اله الشمس عند المصريين ؟,none,Ra
358,history,ما هو لون الصبغة الذي كان يحظى بتقدير كبير وكان يرتديه الأباطرة الرومان في الغالب؟,none,Purple
359,history,ما هي الحضارة القديمة التي عاشت على طول وادي نهر السند في آسيا؟,none,Indus Valley Civilization
360,history,ما هي الجزيرة التي كانت مركز الحضارة المينوية القديمة في اليونان؟,none,Crete
361,history,ما هي الدولة التي غادرت الحرب العالمية الأولى في أوائل عام 1917 بسبب ثورة داخلية؟,none,Russia
362,history,في أي عام انتهت الحرب العالمية الثانية رسميا؟,none,1945
363,history,ما هو الاسم الرمزي لغزو الحلفاء الضخم لنورماندي في 6 يونيو 1944؟,none,Operation Overlord
364,history,ما هي الدولة التي قادها جوزيف ستالين خلال الحرب العالمية الثانية؟,none,Soviet Union
365,history,ما هو نوع الحرب التي تنطوي على خنادق عميقة محفورة في الأرض والتي كانت معيارية في الحرب العالمية الأولى؟,none,Trench Warfare
366,history,من هو الرئيس الأمريكي الذي اتخذ قرار استخدام الأسلحة الذرية لإنهاء الحرب العالمية الثانية؟,none,Harry
367,history,ما هي الدولة التي وقعت على اتفاقية عدم الاعتداء مع ألمانيا قبل بدء الحرب العالمية الثانية مباشرة؟,none,Soviet Union
368,history,ما هي المدينة الألمانية التي استضافت محاكمات جرائم الحرب الشهيرة بعد الحرب العالمية الثانية؟,none,Nuremberg
369,history,ما هي الدولة الأوروبية التي ظلت محايدة خلال الحربين العالميتين الأولى والثانية؟,none,Switzerland
370,history,ما هي المنظمة الدولية الكبرى التي فشلت في منع الحرب العالمية الثانية وتم استبدالها؟,none,League of Nations
371,history,ما هو التحالف العسكري الذي شكلته الدول الغربية عام 1949 لمواجهة الاتحاد السوفييتي؟,none,NATO
372,history,ما هي الدولة التي قادها أدولف هتلر خلال الحرب العالمية الثانية؟,none,Germany
373,history,ما هي المدينة اليابانية التي ضربتها القنبلة الذرية الثانية خلال الحرب العالمية الثانية؟,none,Nagasaki
374,history,ما هي المدينة الإنجليزية التي نجت من حملة القصف الليلي الضخمة المعروفة باسم الغارة؟,none,London
375,history,ما هو الشكل الرئيسي لسفينة التخفي في المحيط التي استخدمتها ألمانيا بكثافة في الحربين العالميتين؟,none,U boat
376,history,ما هي الدولة التي هاجمت الولايات المتحدة في بيرل هاربور؟,none,Japan
377,history,من هو الدكتاتور الفاشي الذي حكم إيطاليا خلال الحرب العالمية الثانية؟,none,Benito Mussolini
378,history,ما هي الدولة التي حررتها قوات الحلفاء بعد إنزال النورماندي؟,none,France
379,history,ما هو خط الدفاع الذي بنته فرنسا وتجاوزه الجيش الألماني في عام 1940؟,none,Maginot Line
380,history,ما هو الاسم الرئيسي الذي أطلق على تحالف بريطانيا وفرنسا وروسيا في الحرب العالمية الأولى؟,none,Allied Powers
381,history,ما هي الحرب التي أدت إلى حصول الولايات المتحدة على الاستقلال عن بريطانيا العظمى؟,none,American Revolutionary War
382,history,ما هو الصراع العسكري بين الولايات المتحدة والاتحاد السوفييتي الذي لم يتضمن قتالاً مباشراً؟,none,Cold War
383,history,ما هي الحرب التي دارت رحاها في أوائل الخمسينيات وانتهت إلى طريق مسدود عند خط عرض 38؟,none,Korean War
384,history,ما هي سلسلة الحروب الدينية التي شنها المسيحيون الأوروبيون للاستيلاء على القدس؟,none,Crusades
385,history,ما هي الحرب التي اندلعت بعد اغتيال الأرشيدوق فرانز فرديناند؟,none,World War 1
386,history,ما هو الصراع الذي اندلع في خمسينيات القرن التاسع عشر والذي شهد قتال بريطانيا وفرنسا لروسيا في شبه جزيرة في البحر الأسود؟,none,Crimean War
387,history,من هو الجنرال الشهير الذي سار بالفيلة عبر جبال الألب لمهاجمة روما؟,none,Hannibal
388,history,ما هي الحرب التي دارت داخل إسبانيا خلال الثلاثينيات قبل بدء الحرب العالمية الثانية؟,none,Spanish Civil War
389,history,ما هي الدولة التي قاتلت ضدها الولايات المتحدة في حرب 1812؟,none,Great Britain
390,history,ما هو الصراع الذي بدأ في التسعينيات بعد غزو العراق لدولة الكويت المجاورة؟,none,Gulf War
391,history,ما هي الحرب الأهلية الإنجليزية التي دارت رحاها بين آل لانكستر وآل يورك؟,none,Wars of the Roses
392,history,ما هي الدولة المدينة التي حاربت ضد روما في الحروب البونيقية الثلاث؟,none,Carthage
393,history,من هو القائد العسكري الذي وحد قبائل فرنسا لمحاربة يوليوس قيصر؟,none,Vercingetorix
394,history,ما هي الدولة التي دخلت في حرب أهلية دامية عام 1917 أدت إلى صعود الشيوعية؟,none,Russia
395,history,ما هو الاسم الذي يطلق على التدافع العالمي المفاجئ للدول الأوروبية للسيطرة على الأراضي الأفريقية في أواخر القرن التاسع عشر؟,none,Scramble for Africa
396,history,ما هي الإمبراطورية التي استولت على القسطنطينية عام 1453 منهية بذلك الإمبراطورية البيزنطية؟,none,Ottoman Empire
397,history,ما هو السلاح الذي تم اختراعه في الصين والذي غيّر طبيعة الحرب العالمية إلى الأبد؟,none,Gunpowder
398,history,ما هي الدولة التي فازت في معركة واترلو عام 1815 لتهزم نابليون نهائياً؟,none,Great Britain
399,history,ما اسم أسطول السفن الذي أرسلته إسبانيا لغزو إنجلترا عام 1588؟,none,Spanish Armada
400,history,من هو الجنرال الأمريكي الشهير الذي قاد قوات الحلفاء في أوروبا خلال الحرب العالمية الثانية؟,none,Dwight
401,history,ما هي الدولة التي طورت أول قمر صناعي تشغيلي اسمه سبوتنيك؟,none,Soviet Union
402,history,ما هو طريق النقل التاريخي عبر روسيا الذي اكتمل في عام 1916؟,none,Trans Siberian Railway
403,history,ما هي الدولة التي أنشأت قناة بنما لربط المحيطين الأطلسي والهادئ؟,none,United States
404,history,ما هو البناء الضخم الذي بنته الإمبراطورية الرومانية عبر عرض بريطانيا؟,none,Hadrian's Wall
405,history,ما هي الدولة التي أدخلت التقويم الغريغوري المستخدم عالمياً اليوم؟,none,Italy
406,history,ما هي الدولة التي طورت المفهوم الرقمي الصفري والنظام العشري؟,none,India
407,history,ما هي الأعجوبة الهندسية التي بنتها مصر في الستينيات للسيطرة على فيضانات النيل؟,none,Aswan High Dam
408,history,أي دولة أوروبية أنشأت أكبر إمبراطورية عالمية من حيث مساحة الأرض في التاريخ؟,none,British Empire
409,history,ما هي أول دولة منحت المرأة حق التصويت عام 1893؟,none,New Zealand
410,history,ما هي الحضارة التي قامت ببناء مكتبة الإسكندرية القديمة؟,none,Greeks
411,history,ما هي الدولة التي طورت مجموعة القوانين المعروفة باسم قانون نابليون؟,none,France
412,history,أي هيكل قديم في روما يتميز بأكبر قبة خرسانية غير مسلحة في العالم؟,none,Pantheon
413,history,ما هي الدولة التي قامت ببناء تاج محل كنصب تذكاري كبير في القرن السابع عشر؟,none,India
414,history,ما هي الدولة التي طورت أول مطبعة بنوع متحرك في أوروبا؟,none,Germany
415,history,ما هو الاختصار البحري الحيوي الذي فتحته مصر عام 1869 لربط البحر الأبيض المتوسط ​​بالبحر الأحمر؟,none,Suez Canal
416,history,من هم القدماء الذين ابتكروا الأبجدية التي أصبحت أساس الحروف اليونانية واللاتينية؟,none,Phoenicians
417,history,ما هي الدولة التي شيدت برج إيفل للاحتفال بالذكرى المئوية لثورتها؟,none,France
418,history,ما هي الحضارة التي قامت ببناء قصر كنوسوس المعقد في جزيرة كريت؟,none,Minoans
419,history,أي دولة في أمريكا الشمالية استضافت أول خط سكة حديد حديث عابر للقارات في عام 1869؟,none,United States
420,history,ما هي الإمبراطورية التي شيدت مدينة برسبوليس القديمة في إيران الحديثة؟,none,Persian Empire
421,history,من هي أول امرأة حصلت على جائزة نوبل والشخص الوحيد الذي فاز في علمين مختلفين؟,none,Marie Curie
422,history,ما هو الوباء القاتل الذي قضى على ما يصل إلى نصف سكان أوروبا في أربعينيات القرن الرابع عشر؟,none,Black Death
423,history,من هو الرئيس الأمريكي الذي أصدر إعلان تحرير العبيد لإنهاء العبودية؟,none,Abraham Lincoln
424,history,ما هي الدولة التي سافر منها المستكشف الشهير ماركو بولو للوصول إلى الصين؟,none,Italy
425,history,"من هو زعيم حركة الحقوق المدنية في الولايات المتحدة الذي ألقى خطاب ""لدي حلم""؟",none,Martin Luther
426,history,ما هو المورد الأساسي الذي سعى إليه المستكشفون الإسبان في الأمريكتين؟,none,Gold
427,history,من هو العالم الإنجليزي الذي اكتشف قوانين الجاذبية والحركة؟,none,Isaac Newton
428,history,من هي ملكة بريطانيا العظمى التي حكمت لفترة طويلة خلال ذروة إمبراطوريتها في القرن التاسع عشر؟,none,Queen Victoria
429,history,ما هي الدولة التي حكمها القياصرة قبل ثورة 1917؟,none,Russia
430,history,من هو زعيم جنوب إفريقيا الذي قضى 27 عامًا في السجن قبل أن يصبح رئيسًا؟,none,Nelson Mandela
431,history,ما هو الجهاز الذي اخترعه يوهانس جوتنبرج والذي سمح بإنتاج الكتب بكميات كبيرة؟,none,Printing Press
432,history,من هو الفيزيائي الألماني الشهير الذي طور النظرية النسبية؟,none,Albert Einstein
433,history,ما الاسم الذي يطلق على الطريق التجاري القديم الذي كان يعبر الصحراء الكبرى؟,none,Trans Saharan Route
434,history,من هو القائد العسكري الفرنسي الذي توج نفسه إمبراطور فرنسا عام 1804؟,none,Napoleon Bonaparte
435,history,ما هي الوثيقة الموقعة عام 1776 التي أعلنت تحرير المستعمرات الأمريكية من الحكم البريطاني؟,none,Declaration of Independence
436,history,ما هي الدولة التي قسمها الجدار إلى نصفين رأسمالي وشيوعي حتى عام 1989؟,none,Germany
437,history,ما هو اللقب الذي أطلق على الملوك المطلقين الذين حكموا روسيا حتى عام 1917؟,none,Czar
438,history,ما هي المدينة التي كانت عاصمة الإمبراطورية البيزنطية لأكثر من ألف سنة؟,none,Constantinople
439,history,من هي الممرضة الشهيرة التي عرفت بالسيدة ذات المصباح خلال حرب القرم؟,none,Florence Nightingale
440,history,ما هو النظام القديم للعمل القسري والتسلسل الهرمي الاجتماعي الذي تم إلغاؤه في روسيا عام 1861؟,none,Serfdom
441,history,ما هي الحضارة التي بنيت مدينة بابل القديمة؟,none,Babylonians
442,history,ما هي الدولة المدينة اليونانية التي ركزت بشكل كبير على الفلسفة والفنون والمسرح؟,none,Athens
443,history,من هو إله البحر اليوناني الذي كان يحمل رمحاً ثلاثي الشعب؟,none,Poseidon
444,history,ما هي الحضارة التي عاشت في جبال الأنديز وبنت مدينة كوسكو؟,none,Inca
445,history,ما اسم النهر الذي يجري في مدينة روما؟,none,Tiber
446,history,ما هو السبب المباشر لدخول الولايات المتحدة الحرب العالمية الأولى؟,none,Sinking of the Lusitania
447,history,ما هو اسم القوات الجوية الألمانية خلال الحرب العالمية الثانية؟,none,Luftwaffe
448,history,ما هي المعاهدة التي تم التوقيع عليها عام 1919 والتي أنهت الحرب العالمية الأولى رسمياً؟,none,Treaty of Versailles
449,history,ما هي المدينة الفرنسية التي كانت موقعًا لإجلاء جماعي لجنود الحلفاء في عام 1940؟,none,Dunkirk
450,history,ما الاسم الذي أطلق على المشروع الأمريكي السري الذي طور أول قنبلة ذرية؟,none,Manhattan Project
451,general,ما هي أكبر دولة في العالم من حيث مساحة الأرض؟,A) كندا | B) الصين | C) الولايات المتحدة | D) روسيا,D
452,general,ما هي أصغر دولة في العالم من حيث مساحة الأرض؟,A) موناكو | B) مالطا | C) مدينة الفاتيكان | D) سان مارينو,C
453,general,ما هي الدولة التي لديها أكبر عدد من السكان في العالم؟,A) الهند | B) الصين | C) الولايات المتحدة | D) أندونيسيا,A
454,general,كم عدد اللاعبين الموجودين في الملعب لفريق واحد في مباراة كرة قدم عادية؟,A) 9 | B) 10 | C) 11 | D) 12,C
455,general,ما هو أسرع شيء في الكون؟,A) صوت | B) ضوء | C) كهرباء | D) صاروخ,B
456,general,ما هو أطول مبنى في العالم؟,A) برج شنغهاي | B) برج خليفة | C) مبنى امباير ستيت | D) ابراج البيت,B
457,general,ما هو الكوكب المعروف بالكوكب الأحمر؟,A) فينوس | B) المريخ | C) كوكب المشتري | D) زحل,B
458,general,ما هو أكبر محيط على وجه الأرض؟,A) المحيط الأطلسي | B) المحيط الهندي | C) المحيط المتجمد الشمالي | D) المحيط الهادي,D
459,general,ما هي الدولة التي فازت بأكبر عدد من ألقاب كأس العالم FIFA؟,A) ألمانيا | B) إيطاليا | C) البرازيل | D) الأرجنتين,C
460,general,كم عدد الألوان الموجودة في قوس قزح؟,A) 5 | B) 6 | C) 7 | D) 8,C
461,general,ما هو أطول نهر في العالم؟,A) نهر الأمازون | B) نهر النيل | C) نهر اليانغتسى | D) نهر المسيسيبي,B
462,general,ما هي أعلى قمة جبلية على وجه الأرض؟,A) ك2 | B) جبل كليمنجارو | C) جبل ايفرست | D) جبل فوجي,C
463,general,ما هي أصعب مادة طبيعية على وجه الأرض؟,A) ذهب | B) حديد | C) الماس | D) البلاتين,C
464,general,ما هي الدولة التي تصنف باستمرار على أنها أسعد دولة في العالم؟,A) سويسرا | B) فنلندا | C) الدنمارك | D) كندا,B
465,general,ما هو أكبر حيوان ثديي في العالم؟,A) الفيل الأفريقي | B) الحوت الأزرق | C) زرافة | D) القرش الأبيض,B
466,general,ما هو الغاز الذي يحتاج الإنسان إلى تنفسه للبقاء على قيد الحياة؟,A) ثاني أكسيد الكربون | B) نتروجين | C) هيدروجين | D) الأكسجين,D
467,general,ما هو عدد دقائق مباراة كرة القدم الاحترافية باستثناء الوقت الإضافي؟,A) 80 دقيقة | B) 90 دقيقة | C) 100 دقيقة | D) 60 دقيقة,B
468,general,ما هي العملة الرسمية في اليابان؟,A) يوان | B) فاز | C) ين | D) دولار,C
469,general,ما العنصر الذي يتكون منه الماس؟,A) ذهب | B) الكربون | C) السيليكون | D) فضي,B
470,general,أي بلد هو أيضا قارة كاملة؟,A) الهند | B) كندا | C) أستراليا | D) البرازيل,C
471,general,كم عدد العظام التي يمتلكها جسم الإنسان البالغ عادةً؟,A) 106 | B) 206 | C) 306 | D) 406,B
472,general,من هو اللاعب الذي فاز بأكبر عدد من جوائز الكرة الذهبية في تاريخ كرة القدم؟,A) كريستيانو رونالدو | B) ليونيل ميسي | C) بيليه | D) دييغو مارادونا,B
473,general,ما هو أكبر عضو داخلي في جسم الإنسان؟,A) قلب | B) الكبد | C) الرئتين | D) مخ,B
474,general,ما هي الشركة التي صنعت الآيفون؟,A) سامسونج | B) جوجل | C) تفاحة | D) مايكروسوفت,C
475,general,أي محيط هو أصغر وأعمق محيطات العالم الخمسة الكبرى؟,A) المحيط الهندي | B) المحيط المتجمد الشمالي | C) المحيط الجنوبي | D) المحيط الأطلسي,B
476,general,ما هي درجة تجمد الماء بالدرجة المئوية؟,A) 0 درجة | B) 32 درجة | C) 100 درجة | D) -5 درجات,A
478,general,في أي محيط تقع جزيرة مدغشقر؟,A) المحيط الأطلسي | B) المحيط الهادي | C) المحيط الهندي | D) المحيط المتجمد الشمالي,C
479,general,ما هي منصة الوسائط الاجتماعية الشهيرة التي تستخدم أيقونة الكاميرا كشعار أساسي لها؟,A) فيسبوك | B) X | C) انستغرام | D) ينكدين,C
480,general,كل كم سنة تقام بطولة كأس العالم لكرة القدم؟,A) سنتان | B) 3 سنوات | C) 4 سنوات | D) 5 سنوات,C
481,general,ما هو اللون القياسي للحافلة المدرسية التجارية على مستوى العالم؟,A) أبيض | B) أصفر | C) أحمر | D) أزرق,B
482,general,ما هي الفاكهة المشهورة بوجود بذورها من الخارج؟,A) توت | B) الفراولة | C) توت العُليق | D) العنب,B
483,general,ماذا يسمى مركز الذرة؟,A) الإلكترون | B) بروتون | C) نواة | D) نيوترون,C
484,general,ما هو الحد الأقصى لعدد المكونات الهيكلية في لعبة تيك تاك تو القياسية؟,A) 6 | B) 9 | C) 12 | D) 16,B
485,general,ما هي عاصمة فرنسا؟,A) لندن | B) برلين | C) روما | D) باريس,D
486,general,ما هو المشروب الأكثر استهلاكا في العالم بعد الماء؟,A) قهوة | B) لبن | C) شاي | D) الصودا,C
487,general,كم عدد الأرجل التي يمتلكها العنكبوت القياسي؟,A) 6 | B) 8 | C) 10 | D) 12,B
488,general,ما اللون الذي تحصل عليه عند مزج الطلاء الأزرق والأصفر معًا؟,A) أخضر | B) أرجواني | C) البرتقالي | D) بني,A
489,general,ما هي الرياضة التي تستخدم مصطلحات مثل الجري على أرضه والإضراب؟,A) لعبة الكريكيت | B) البيسبول | C) كرة السلة | D) لعبة الركبي,B
490,general,ما هو نوع الجرم السماوي الشمس؟,A) كوكب | B) قمر | C) الكويكب | D) نجم,D
491,general,ما هي عاصمة مصر؟,none,Cairo
492,general,ما هي الدولة التي استضافت كأس العالم لكرة القدم 2022؟,none,Qatar
493,general,ما هي الدولة التي توجد بها غابات الأمازون المطيرة؟,none,Brazil
494,general,ما الأداة المستخدمة لقياس درجة الحرارة المحيطة؟,none,Thermometer
495,general,ما هو الحيوان الثديي الوحيد القادر على الطيران المستمر الحقيقي؟,none,Bat
496,general,ما هي اللغة الأساسية المستخدمة في البرازيل؟,none,Portuguese
497,general,ما هو البحر الذي يفصل أوروبا عن أفريقيا؟,none,Mediterranean Sea
498,general,ما هو النظام الأساسي الذي يضخ الدم عبر جسم الإنسان؟,none,Circulatory System
499,general,كم عدد الأيام في السنة الكبيسة؟,none,366
500,general,ما هي البطاقة الملونة التي يظهرها حكم كرة القدم لطرد اللاعب نهائيًا من المباراة؟,none,Red Card
501,general,ما هي عاصمة المملكة المتحدة؟,none,London
502,general,ما القوة التي تسحب الأجسام نحو مركز الأرض؟,none,Gravity
503,general,كم عدد القارات الموجودة على الأرض؟,none,7
504,general,ما هو أطول حيوان حي على الأرض؟,none,Giraffe
505,general,ما الأداة التي تستخدمها للتنقل والعثور على الاتجاهات باستخدام إبرة مغناطيسية؟,none,Compass
506,general,ما هي أكبر صحراء في العالم؟,none,Sahara Desert
507,general,ما هي العملية التي تصنع بها النباتات غذائها باستخدام ضوء الشمس؟,none,Photosynthesis
508,general,في أي رياضة ستستخدم المضرب لضرب كرة الريشة فوق الشبكة؟,none,Badminton
509,general,ما هو الاسم الشائع للمركب الكيميائي H2O؟,none,Water
510,general,ما هي عاصمة المملكة العربية السعودية؟,none,Riyadh
511,general,ما الكوكب الأقرب إلى الشمس؟,none,Mercury
512,general,ماذا يسمى كلب الطفل؟,none,Puppy
513,general,كم ساعة في يوم كامل؟,none,24
514,general,من أي بلد ينتمي لاعب كرة القدم الشهير كريستيانو رونالدو؟,none,Portugal
515,general,ما هو النهر الذي يتدفق عبر باريس؟,none,Seine
516,general,ما الغاز الرئيسي الذي يشكل غالبية الغلاف الجوي للأرض؟,none,Nitrogen
517,general,ما هو أكبر مكون في نظام الكمبيوتر القياسي المستخدم لعرض المخرجات المرئية؟,none,Monitor
518,general,ما هي أصغر قارة من حيث مساحة الأرض؟,none,Australia
519,general,أي نوع من الحيوانات هو السلحفاة؟,none,Reptile
520,general,ما عدد النقاط التي تساويها السلة القياسية في كرة السلة إذا تم تسديدها من داخل القوس؟,none,2 points
521,general,ما القيمة الرقمية الأقرب إلى سرعة الضوء في الفراغ بالكيلومترات في الثانية (القيمة فقط)؟,none,300000
522,general,ما هي الدولة التي تحتوي على الأعجوبة المعمارية البتراء؟,none,Jordan
523,general,ما هي اللغة الأكثر انتشارا في العالم من حيث إجمالي عدد المتحدثين؟,none,English
524,general,ما هو سباق السيارات المعروف بأنه أعلى فئة من السباقات الدولية للسيارات ذات العجلات المفتوحة؟,none,Formula 1
525,general,ما نوع خلايا الدم التي تساعد جسم الإنسان على مقاومة الالتهابات؟,none,White Blood Cells
526,general,ما هي الدولة التي تشتهر بطواحين الهواء وزهور التوليب والأحذية الخشبية؟,none,Netherlands
527,general,ما هو أكبر الزواحف على وجه الأرض؟,none,Saltwater Crocodile
528,general,ما هو النظام الهيكلي داخل السيارة الذي يولد الطاقة من الوقود؟,none,Engine
529,general,من أي بلد ينتمي لاعب كرة القدم الأسطوري ليونيل ميسي؟,none,Argentina
530,general,ما هي عاصمة إيطاليا؟,none,Rome
531,general,ما اسم المجرة التي تحتوي على نظامنا الشمسي؟,none,Milky Way
532,general,كم عدد الحروف في الأبجدية الإنجليزية القياسية؟,none,26
533,general,ما هو الحيوان المعروف بسفينة الصحراء؟,none,Camel
534,general,في أي دولة يقع تاج محل؟,none,India
535,general,في أي رياضة يقوم الرياضيون بأداء تمارين روتينية على أجهزة مثل عارضة التوازن والخواتم؟,none,Gymnastics
536,general,ما هو مصدر الطاقة الأساسي لدورة المياه الأرضية؟,none,Sun
537,general,ما هو متصفح الإنترنت القياسي الذي يتميز بشعار دائري متعدد الألوان تم تطويره بواسطة Google؟,none,Google Chrome
538,general,ما هي عاصمة اسبانيا؟,none,Madrid
539,general,ما هو أكبر طائر في العالم؟,none,Ostrich
540,general,ما هو لون السترة التي تُمنح للفائز ببطولة الماسترز في لعبة الجولف؟,none,Green Jacket
541,general,ما هي درجة غليان الماء بالدرجات المئوية (القيمة فقط)؟,none,100
542,general,ما هي الدولة التي على شكل حذاء على الخريطة؟,none,Italy
543,general,ما هو نوع الطعام الموزاريلا؟,none,Cheese
544,general,كم عدد الحلقات الموجودة على العلم الأولمبي الرسمي؟,none,5
545,general,ما هو العضو في جسم الإنسان المسؤول عن معالجة الذكريات والأفكار؟,none,Brain
546,general,ما هي أكبر جزيرة في العالم؟,none,Greenland
547,general,ما هو الطائر الذي لا يطير ويعيش في القارة القطبية الجنوبية؟,none,Penguin
548,general,ما الذي يمثله عنوان URL بالأحرف الأولى في تصفح الويب؟,none,Uniform Resource Locator
549,general,ما هو دوري كرة السلة المحترف الموجود في أمريكا الشمالية؟,none,NBA
550,general,ما هي عاصمة اليابان؟,none,Tokyo
551,general,ما هي طبقة الغلاف الجوي للأرض التي تحمينا من الأشعة فوق البنفسجية الضارة؟,none,Ozone Layer
552,general,ما هو نوع الآلة الموسيقية الكمان؟,none,String Instrument
553,general,كم عدد قلوب الأخطبوط؟,none,3
554,general,ما هي الدولة التي لديها أكبر البحيرات الطبيعية في العالم؟,none,Canada
555,general,ما هو الحد الأقصى لعدد المجموعات التي يمكن أن تستمر فيها مباراة الرجال في بطولة جراند سلام للتنس؟,none,5
556,general,ما اسم أقرب جرم سماوي إلى الأرض؟,none,Moon
557,general,ما هو محرك البحث الشهير الذي كان اسمه في الأصل BackRub؟,none,Google
558,general,ما هي عاصمة روسيا؟,none,Moscow
559,general,أي نوع من الحيوانات هو الضفدع؟,none,Amphibian
560,general,ما هو العنصر الفريد الذي يتم تمريره بين المتسابقين أثناء سباق التتابع؟,none,Baton
561,general,ما هو المعدن الضروري لبناء أسنان وعظام قوية؟,none,Calcium
562,general,ما هي الدولة المعروفة بأرض الشمس المشرقة؟,none,Japan
563,general,ما هو تنسيق التدوين الذي يستخدم 1s و0s لتمثيل البيانات داخل الكمبيوتر؟,none,Binary Code
564,general,ما هي الدولة التي فازت بكأس العالم لكرة القدم 2022؟,none,argentina
565,general,ما هي أعمق نقطة معروفة في محيطات العالم؟,none,Mariana Trench
566,general,ما هي الحالة الأساسية للمادة التي لها حجم ثابت ولكنها تأخذ شكل الوعاء الذي تحتويه؟,none,Liquid
567,general,ما هي منصة الفيديو الأكثر شعبية في العالم لمشاركة المحتوى الذي ينشئه المستخدمون؟,none,YouTube
568,general,ما هو لون جلد الدب القطبي تحت فرائه الأبيض؟,none,Black
569,general,ما هي القناة التي تربط البحر الأبيض المتوسط ​​بالبحر الأحمر؟,none,Suez Canal
570,general,ما هي الرياضة التي تتميز بمواقف تسمى الظهير الوسطي والظهير؟,none,American Football
571,general,ما العنصر القياسي الذي يمثله الرمز الكيميائي O؟,none,Oxygen
572,general,ما هي عاصمة ألمانيا؟,none,Berlin
573,general,كم هو عدد ميغا بايت التي تشكِّل غيغابايت الواحد؟,none,1024
574,general,ما هو تصنيف الحيوانات التي تأكل النباتات فقط؟,none,Herbivores
575,general,ما هو نوع السطح الذي تقام عليه بطولة التنس الشهيرة ويمبلدون؟,none,Grass
576,general,ما هي الدولة التي تمتلك أطول خط ساحلي في العالم؟,none,Canada
577,general,ما هي الظاهرة الأساسية التي تسبب الصدى؟,none,Sound Reflection
578,general,ما اسم نظام التشغيل الرئيسي الذي طورته شركة مايكروسوفت؟,none,Windows
579,general,ما هي الحشرة التي تنتج العسل؟,none,Bee
580,general,ما هي عاصمة كندا؟,none,Ottawa
581,general,في أي رياضة تستخدم كرة ثقيلة لإسقاط عشرة دبابيس؟,none,Bowling
582,general,أي كوكب في نظامنا الشمسي يشتهر بحلقاته الكبيرة المرئية؟,none,Saturn
583,general,ما هو الهيكل المعماري الأساسي الذي يبنيه النحل لتخزين العسل وتربية اليرقات؟,none,Honeycomb
584,general,ما هي الولاية الأمريكية التي تتكون بالكامل من جزر؟,none,Hawaii
585,general,ما هو نوع السمك نيمو في فيلم البحث عن نيمو؟,none,Clownfish
586,general,ما هو مصطلح النتيجة صفر في مباراة التنس؟,none,Love
587,general,ما الاسم الكامل للغاز الذي تمتصه النباتات من الهواء لإجراء عملية التمثيل الضوئي؟,none,Carbon Dioxide
588,general,ما هي أكبر دولة في أمريكا الجنوبية؟,none,Brazil
589,general,ما اسم جهاز الأمان الذي يتمدد بالهواء أثناء حادث السيارة؟,none,Airbag
590,general,ما هي القارة الوحيدة التي يعيش فيها حيوان الكنغر في البرية؟,none,Australia
591,general,ما هو اسم سباق الدراجات السنوي المرموق الذي يقام في جميع أنحاء فرنسا؟,none,Tour de France
592,general,ما هو لون دم الإنسان داخل الجسم قبل وصوله للأكسجين في الخارج؟,none,Red
593,general,ما هي عاصمة أستراليا؟,none,Canberra
594,general,ما هو الجهاز الإلكتروني المستخدم لمعالجة حسابات الأكواد وتصفح الإنترنت؟,none,Computer
595,general,ما هو تصنيف الحيوانات التي تأكل النباتات واللحوم؟,none,Omnivores
596,general,ما هو النهر الذي يتدفق عبر جراند كانيون في الولايات المتحدة؟,none,Colorado River
597,general,ما هو الكوكب المعروف بوجود عاصفة حمراء عملاقة على سطحه؟,none,Jupiter
598,general,ما هو نوع إكسسوارات الملابس التي تعتبر فيدورا؟,none,Hat
599,general,ما هو طول حوض السباحة الأولمبي القياسي بالأمتار (القيمة فقط)؟,none,50
600,general,ما هو أصغر محيط في العالم؟,none,Arctic Ocean
601,science,ما هي الوحدة الأساسية للمقاومة الكهربائية؟,A) فولت | B) أمبير | C) أوم | D) وات,C
602,science,ما هو الرمز الكيميائي لعنصر الذهب؟,A) حج | B) الاتحاد الأفريقي | C) الحديد | D) الرصاص,B
603,science,ما هي العضية التي تعرف بأنها مصدر الطاقة للخلية؟,A) نواة | B) الريبوسوم | C) الميتوكوندريا | D) جسم جولجي,C
604,science,ما هي الكمية الفيزيائية التي يتم تعريفها على أنها كتلة الجسم مضروبة في سرعته؟,A) قوة | B) تسريع | C) الطاقة الحركية | D) دَفعَة,D
605,science,ما الشرط الذي يجب توافره ليظل الجسم في حالة توازن ثابت؟,A) القوة الصافية هي الحد الأقصى | B) القوة الصافية وعزم الدوران الصافي صفر | C) السرعة ثابتة | D) الكتلة صفر,B
606,science,أي كوكب في نظامنا الشمسي هو الأقرب في الحجم إلى الأرض؟,A) المريخ | B) فينوس | C) الزئبق | D) نبتون,B
607,science,ما هي خاصية الموجة التي تحدد حدة الصوت أو ارتفاع النغمة؟,A) السعة | B) سرعة | C) تكرار | D) الطول الموجي,C
608,science,ما هي قيمة الرقم الهيدروجيني للماء المقطر النقي في درجة حرارة الغرفة؟,A) 0 | B) 5 | C) 7 | D) 14,C
609,science,ما هي الصبغة التي تعطي أوراق النبات لونها الأخضر الطبيعي؟,A) كاروتين | B) الهيموجلوبين | C) الكلوروفيل | D) الميلانين,C
610,science,وفقا لقانون نيوتن الثاني، القوة تساوي الكتلة مضروبة في ماذا؟,A) سرعة | B) مسافة | C) وقت | D) تسريع,D
611,science,ما هي النقطة الوحيدة التي يمكن اعتبار وزن الجسم بأكمله مؤثرًا فيها؟,A) مركز الثقل | B) نقطة محورية | C) قمة الرأس | D) محور الدوران,A
612,science,ما هو أكبر كوكب في نظامنا الشمسي؟,A) زحل | B) كوكب المشتري | C) أورانوس | D) نبتون,B
613,science,ما نوع العدسة التي تنحني إلى الداخل وتتسبب في انتشار الأشعة الضوئية؟,A) عدسة محدبة | B) عدسة مقعرة | C) عدسة بلانو | D) عدسة ثنائية البؤرة,B
614,science,ما هي الجسيمات الأساسية التي توجد تدور خارج نواة الذرة؟,A) البروتونات | B) النيوترونات | C) الإلكترونات | D) البوزيترونات,C
615,science,ما هو جزء من دم الإنسان المسؤول عن حمل الأكسجين؟,A) خلايا الدم البيضاء | B) خلايا الدم الحمراء | C) الصفائح الدموية | D) بلازما,B
616,science,ما هو شكل الطاقة التي يمتلكها الجسم بسبب حركته الفيزيائية؟,A) الطاقة المحتملة | B) الطاقة الحركية | C) الطاقة الحرارية | D) الطاقة الكيميائية,B
617,science,ما القيمة العددية التي تقيس ميل القوة لتدوير جسم ما حول محور محدد؟,A) عزم الدوران | B) دَفعَة | C) احتكاك | D) سرعة,A
618,science,ما اسم أول قمر صناعي أطلق إلى الفضاء من صنع الإنسان؟,A) أبولو | B) هابل | C) سبوتنيك | D) فوييجر,C
619,science,ما مقياس درجة الحرارة الذي يحدد الصفر المطلق عند 0 درجة؟,A) مئوية | B) فهرنهايت | C) كلفن | D) رانكين,C
620,science,ما نوع الرابطة الكيميائية التي تتضمن مشاركة أزواج الإلكترونات بين الذرات؟,A) الرابطة الأيونية | B) الرابطة التساهمية | C) رابطة معدنية | D) رابطة الهيدروجين,B
621,science,ما هو نوع الكائن الحي الذي يستطيع تكوين غذائه بنفسه عن طريق عملية البناء الضوئي؟,A) عاشب | B) ذاتية التغذية | C) مغاير | D) المحلل,B
623,science,ما نوع الاحتكاك الذي يقاوم الحركة الأولية لجسم ثابت؟,A) الاحتكاك الحركي | B) الاحتكاك الساكن | C) الاحتكاك المتداول | D) احتكاك السوائل,B
624,science,أي نجم هو الأقرب إلى الأرض؟,A) بروكسيما سنتوري | B) سيريوس | C) الشمس | D) بولاريس,C
625,science,ما هي القوة الأساسية التي تبقي الكواكب في مدارها حول الشمس؟,A) القوة الكهرومغناطيسية | B) قوة نووية قوية | C) قوة الجاذبية | D) القوة النووية الضعيفة,C
626,science,ما العنصر الذي لديه أقل عدد ذري ​​في الجدول الدوري؟,A) هيليوم | B) هيدروجين | C) الليثيوم | D) الأكسجين,B
627,science,ما عدد أزواج الكروموسومات التي تحتويها الخلايا البشرية القياسية عادةً؟,A) 23 زوجا | B) 46 زوجا | C) 12 زوجا | D) 22 زوجا,A
628,science,ما خاصية المادة التي تجعل الجسم يقاوم التغيرات في حالة حركته؟,A) وزن | B) كثافة | C) الجمود | D) مقدار,C
629,science,ما هي الآلة الأساسية التي يطلق عليها الشعاع الصلب الذي تم تكوينه ليدور حول نقطة ثابتة؟,A) بكرة | B) أفسد | C) رافعة | D) إسفين,C
630,science,ما الاسم الذي يطلق على جرم سماوي يدور حول كوكب؟,A) الكويكب | B) المذنب | C) قمر | D) نيزك,C
631,science,ما هو الجهاز الأساسي الذي يخزن الشحنة الكهربائية داخل الدائرة الكهربائية؟,A) المقاوم | B) مكثف | C) الصمام الثنائي | D) الترانزستور,B
632,science,ما هو الاسم الكيميائي الشائع لملح الطعام اليومي؟,A) كلوريد الصوديوم | B) كربونات الكالسيوم | C) بيكربونات البوتاسيوم | D) كبريتات المغنيسيوم,A
633,science,ما الجزيء الذي يخزن تعليمات الشفرة الوراثية للكائنات الحية؟,A) الحمض النووي الريبي | B) بروتين | C) الكربوهيدرات | D) الحمض النووي,D
634,science,ما هو تسارع الجاذبية الثابت لجسم يسقط بالقرب من سطح الأرض؟,A) 5.5 م/ث2 | B) 9.8 م/ث2 | C) 12.2 م/ث2 | D) 3.1 م/ث2,B
635,science,ما نوع الكمية التي لها مقدار رقمي واتجاه مكاني؟,A) العددية | B) ناقل | C) مصفوفة | D) الموتر,B
636,science,ما هي الحدود المحيطة بالثقب الأسود والتي لا يمكن لأي شيء الهروب منها؟,A) التفرد | B) أفق الحدث | C) قرص التراكم | D) جوهر,B
637,science,ما هو نوع الإشعاع الذي له أقصر طول موجي وأعلى طاقة؟,A) موجات الراديو | B) الأشعة السينية | C) أشعة جاما | D) الأشعة فوق البنفسجية,C
638,science,ما اسم الأعمدة الرأسية في الجدول الدوري؟,A) فترات | B) المجموعات | C) الصفوف | D) مسلسل,B
639,science,ما هي العملية الأساسية التي تصف انقسام الخلايا مما يؤدي إلى أربع خلايا ابنية تحتوي على نصف الجينات؟,A) الانقسام الفتيلي | B) الانقسام الاختزالي | C) الانشطار الثنائي | D) استنساخ,B
640,science,ما هو القانون العلمي الذي ينص على أن لكل فعل رد فعل مساو له في المقدار ومعاكس له في الاتجاه؟,A) قانون نيوتن الأول | B) قانون نيوتن الثاني | C) قانون نيوتن الثالث | D) قانون الجاذبية,C
641,science,ما هي الوحدة الأساسية المستخدمة لقياس التيار الكهربائي؟,none,Ampere
642,science,ما هو المصطلح البنيوي لانحناء الضوء أثناء انتقاله من وسط إلى آخر؟,none,Refraction
643,science,ما هي معايير المواد التي تفتقر إلى الإلكترونات الحرة ولا تسمح بتدفق الكهرباء بسهولة؟,none,Insulator
644,science,ما القيمة الأساسية التي تساوي العمل المنجز مقسومًا على الوقت المستغرق لإنجازه؟,none,Power
645,science,ما نوع الموجة الميكانيكية التي تتطلب وسطًا ماديًا للانتقال عبرها؟,none,Mechanical wave
646,science,ما هي الوحدة التي تقيس شدة جهارة الصوت الكلية للموجة الصوتية؟,none,Decibel
647,science,ما اسم العملية التي يتحول فيها الجسم الصلب مباشرة إلى غاز؟,none,Sublimation
648,science,ما هي الأداة القياسية المستخدمة لقياس الضغط الجوي؟,none,Barometer
649,science,ما اللون الأساسي الذي ينتج عند دمج جميع ألوان الضوء المرئية للإنسان؟,none,White light
650,science,ما هو مجال الفيزياء الذي يدرس سلوك وخصائص الأشعة الضوئية؟,none,Optics
651,science,ما هو الجسيم الذري الذي يحمل شحنة كهربائية موجبة؟,none,Proton
652,science,ما هي الصيغة الكيميائية لجزيء ثاني أكسيد الكربون اليومي؟,none,CO2
653,science,ما التصنيف الذي يصف مادة مكونة من عنصرين مختلفين أو أكثر مرتبطين كيميائيا؟,none,Compound
654,science,ما هي العناصر التي تعتبر موصلة جيدة لامعة وقابلة للطرق وتصنف على أنها؟,none,Metals
655,science,ما هي حالة المادة التي لها حجم محدد ولكن ليس لها شكل محدد؟,none,Liquid
656,science,ما إطار الصف الذي يتتبع الخطوط الأفقية عبر بنية الجدول الدوري؟,none,Periods
657,science,ما هو التفاعل الكيميائي الذي يطلق طاقة حرارية في البيئة المحيطة به؟,none,Exothermic reaction
658,science,ما هو الجهاز أو المادة التي تزيد من سرعة التفاعل الكيميائي دون أن تستهلك؟,none,Catalyst
659,science,ما الغاز الذي يتولد عندما يتفاعل الحمض مباشرة مع عنصر فلز؟,none,Hydrogen gas
660,science,ما المصطلح الكيميائي الذي يحدد المحلول الذي لا يمكنه الاحتفاظ بمزيد من المذاب المذاب؟,none,Saturated solution
661,science,ما هي الوحدة الهيكلية الأساسية التي تشكل أساس جميع الكائنات الحية؟,none,Cell
662,science,ما هو الجهاز الذي يحمي الأنسجة الداخلية ويشمل جلد الإنسان؟,none,Integumentary system
663,science,ما هي البروتينات المحفزة العضوية التي تعمل على تسريع التفاعلات الكيميائية الحيوية في الأنظمة الحية؟,none,Enzymes
664,science,ما هو الغاز الذي تطلقه النباتات في الغلاف الجوي كمنتج ثانوي لعملية التمثيل الضوئي؟,none,Oxygen
665,science,ما التصنيف الذي يصف الحيوانات التي لا تمتلك عمودًا فقريًا؟,none,Invertebrates
666,science,ما هو العضو الموجود داخل جسم الإنسان الذي يقوم بتنقية الدم وإنتاج السوائل الهضمية الصفراوية؟,none,Liver
667,science,ما نوع الأوعية الدموية التي تحمل الدم بعيدا عن القلب؟,none,Artery
668,science,ما هو الاسم العلمي للخلايا العصبية الهيكلية التي تنقل الإشارات؟,none,Neurons
669,science,ما هو نظام نقل الأنسجة الذي ينقل الماء من جذور النباتات إلى الأوراق؟,none,Xylem
670,science,ما هي الحالة البيئية التي تصف التغير الدائم في تسلسل الحمض النووي للجين؟,none,Mutation
671,science,ما هي الوحدة الفيزيائية المستخدمة عالميًا لقياس القوة الميكانيكية؟,none,Newton
672,science,ما القيمة التي تتبع المسافة المقطوعة مقسومة على إجمالي الوقت المستغرق؟,none,Speed
673,science,ما هو الاسم الكامل لطاقة الزنبرك الممتد أو الجسم المضغوط المصنف؟,none,potential energy
674,science,ما هي قوة الاحتكاك المؤثرة على جسم يتحرك عبر سائل أو فراغ هوائي؟,none,Drag
675,science,ما المصطلح الميكانيكي الذي يحدد التغير في الزخم خلال فترة زمنية قصيرة؟,none,Impulse
676,science,ما هو إطار النظام الذي ينص على أن الطاقة لا تفنى ولا تفنى من العدم بل تتحول؟,none,Law of Conservation of Energy
677,science,ما نوع التسارع الموجه نحو مركز مسار الدوران الدائري؟,none,Centripetal acceleration
678,science,ما حاصل الضرب الذي يتم حسابه بضرب القوة المؤثرة في مسافة الإزاحة؟,none,Work
679,science,ما نوع التأثير الذي يتضمن التصاق جسمين متصادمين ببعضهما بعد التلامس؟,none,Perfecty inelastic collision
680,science,ما السرعة التي يحتاجها الجسم ليتحرر تمامًا من مجال جاذبية الكوكب؟,none,Escape velocity
681,science,ما الخاصية الأساسية التي تصف قدرة القوة على إحداث حركة دوران هيكلية؟,none,Torque
682,science,ما المعلمة العددية التي تمثل مقياسًا لكمية المادة في الجسم؟,none,Mass
683,science,ما هو إطار التتبع القياسي الذي يستخدم قوتين متزامنتين للعثور على نتيجة قطرية واحدة؟,none,Parallelogram Law of Forces
684,science,ما المفهوم الميكانيكي الذي يحدد زوجًا من القوى المتوازية والمتوازية المؤثرة على الجسم؟,none,Couple
685,science,ما النقطة التي تحدد الموقع الذي يتمركز فيه التوزيع الهندسي للشكل؟,none,Centroid
686,science,ما هي حالة الدعم التي تسمح بالحركة الدورانية ولكنها تمنع الانتقال الأفقي والرأسي؟,none,Hinge support
687,science,ما هي القوة الهيكلية الداخلية التي تدفع المواد معًا أو تضغطها؟,none,Compression
688,science,ما هي نسبة خاصية تتبع المواد التي تربط الإجهاد الداخلي بتشوه الإجهاد الناتج؟,none,Modulus of Elasticity
689,science,ما القانون الذي ينص على أن تمدد الزنبرك يتناسب طرديا مع القوة المؤثرة؟,none,Hooks Law
690,science,ما المكون المتجه الذي يكون عموديًا على سطح التلامس ويدفع الوزن للخلف؟,none,Normal force
691,science,ما هو اسم نظام تتبع الكواكب الخاص بنا والذي يحتوي على ثمانية كواكب رئيسية؟,none,Solar System
692,science,ما هي الأداة التي تستخدم العدسات أو المرايا لرؤية الأجسام الكونية البعيدة؟,none,Telescope
693,science,ما هو اسم التجمع الهائل من النجوم والغاز والغبار المتماسكين معًا بواسطة الجاذبية؟,none,Galaxy
694,science,ما هي الأجسام الكونية المكونة من الجليد والغبار والتي تتطور ذيولها بالقرب من الشمس؟,none,Comets
695,science,ما اسم ألمع كوكب يمكن رؤيته في سماء الليل من الأرض؟,none,Venus
696,science,ما المصطلح الذي يصف الانسداد الشمسي أو القمري الكامل الناجم عن مسارات المحاذاة؟,none,Eclipse
697,science,ما وحدة قياس المسافة التي تساوي المسار الذي يقطعه الضوء في سنة قياسية واحدة؟,none,Light year
698,science,ما هو الانفجار الكوني الذي يتتبع الانهيار الدراماتيكي وموت نجم ضخم؟,none,Supernova
699,science,ما هو الحدث النظري الذي يحدد الأصل المطلق للكون؟,none,Big Bang Theory
700,science,ما الاسم الذي يطلق على أنماط الضوء المتوهجة الطبيعية التي تنتجها الجسيمات الشمسية بالقرب من قطبي الأرض؟,none,Aurora
701,science,ما هو الجسيم الكمي الذي يمثل الوحدة الفردية الأساسية أو حزمة الطاقة الضوئية؟,none,Photon
702,science,ما التأثير القياسي الذي يسبب تغيرًا في تردد الموجة عندما يقترب مصدر الصوت؟,none,Doppler Effect
703,science,ما المصطلح الذي يحدد الحد الأدنى المطلق من الطاقة اللازمة لإزالة إلكترون من سطح المعدن؟,none,Work Function
704,science,ما هي الوحدة التي تقيس التدفق المغناطيسي الكلي المار عبر منطقة الحلقة؟,none,Weber
705,science,ما الظاهرة التي تجعل الضوء يرتد تمامًا داخل الوسط بزاوية شديدة الانحدار؟,none,Total Internal Reflection
706,science,ما القانون الذي ينص على أن الحجوم المتساوية من الغازات عند نفس درجة الحرارة والضغط تحتوي على جزيئات متساوية؟,none,Avogadros Law
707,science,ما التصنيف الذي يصف العناصر التي تشترك في خصائص كل من المعادن واللافلزات؟,none,Metalloids
708,science,ما هو مبدأ المعادلة الأساسي الذي يوازن المواد المتفاعلة لتتناسب مع مجاميع كتلة المنتج؟,none,Stoichiometry
709,science,ما القيم التي تمثل عدد البروتونات الموجودة داخل نواة العنصر؟,none,Atomic number
710,science,ما المصطلح الذي يتتبع ذرات العنصر نفسه التي تحتوي على أعداد مختلفة من النيوترونات؟,none,Isotopes
711,science,ما هي الدورة البيوكيميائية التي تصف التحويل الخلوي للجلوكوز إلى مكونات البيروفات؟,none,Glycolysis
712,science,ما نوع العلاقة التي تجمع بين نوعين يعيشان معًا ويستفيد كلاهما؟,none,Mutualism
713,science,ما هو إطار الجهاز العضوي الذي ينظم نشاط الجسم من خلال إفرازات الهرمونات؟,none,Endocrine system
714,science,ما المسام الصغيرة الموجودة على أسطح الأوراق التي تتعامل مع تبادل الغازات ونتح الماء؟,none,Stomata
715,science,ما هي الأوعية الدموية المتخصصة التي تربط الشرايين الصغيرة مباشرة بالأوردة المجهرية؟,none,Capillaries
716,science,ما المصطلح الذي يتتبع المكافئ الدوراني للكتلة التي تقاوم التسارع الزاوي؟,none,Moment of Inertia
717,science,ما قيمة التتبع التي يتم حسابها بقسمة الكتلة على حجمها المشغول؟,none,Density
718,science,ما المصطلح الميكانيكي الذي يتتبع المعدل الذي تتغير به السرعة الزاوية بمرور الوقت؟,none,Angular acceleration
719,science,ما هو الإطار الإحداثي الذي يرسم مسارات التسارع باستخدام مكونات موحدة على طول قوس منحني؟,none,Normal tangential coordinates
720,science,ما حاصل الضرب الناتج عندما تكون اتجاهات متجهات القوة متعامدة مع مسارات حركة الجسم؟,none,Zero work
721,science,ما هي الطريقة الهيكلية التي تحلل الإطارات المشتركة بشكل فردي لحل القوى الأعضاء الداخلية؟,none,Method of Joints
722,science,ما القيمة الميكانيكية التي تتتبع نسبة قوة الاحتكاك الكلية إلى معلمات القوة العمودية؟,none,Coefficient of friction
723,science,ما هي حالة الاستقرار الساكن التي تعيد الجسم إلى أصله بعد ميل بسيط؟,none,Stable equilibrium
724,science,ما هي القوة الهيكلية الداخلية التي تمد الكابل أو تفصل المواد عن بعضها البعض؟,none,Tension
725,science,ما النظام الذي يحتوي على ثلاثة أو أكثر من مسارات القوى غير المتوازية التي تجتمع في نقطة مشتركة واحدة؟,none,Concurrent force system
726,science,ما المعلمة التي تتبع موقع التحول الظاهري للنجم المستخدم لحساب المسافة التي يقطعها؟,none,Parallax
727,science,ما هو نوع المجرة التي تتميز بشكل قرص مسطح مع أنماط تتبع الذراع المنحنية؟,none,Spiral galaxy
728,science,ما هو نوع النجم المضغوط الذي ينتج بعد أن يتخلص النجم المتوسط ​​من غلافه الخارجي؟,none,White dwarf
729,science,ما النظام الذي يتتبع نجمين يدوران حول مركز كتلة مشترك؟,none,Binary star system
730,science,ما المقياس المتري القياسي الذي يقيم اللمعان الداخلي الحقيقي للنجم؟,none,Absolute magnitude
731,science,ما الخاصية الفيزيائية التي تجعل الماء يشكل قطرات ويدعم الحشرات الخفيفة على سطحه؟,none,Surface tension
732,science,ما القانون الذي ينص على أن التيار المار في موصل يتناسب مع الجهد عبره؟,none,Ohms Law
733,science,ما هي حالة المادة التي تتكون من جزيئات غازية شديدة التأين وإلكترونات حرة؟,none,Plasma
734,science,ما المقياس الذري الذي يقيس ميل الذرة لجذب الإلكترونات المشتركة؟,none,Electronegativity
735,science,ما هو نوع الخليط الذي يتميز بتركيبة موحدة تمامًا في جميع أنحاء تصميمه؟,none,Homogeneous mixture
736,science,ما هي فئة الحمض التي تحول مؤشر تتبع ورق عباد الشمس الأزرق القياسي إلى اللون الأحمر؟,none,Acid
737,science,ما المصطلح الذي يصف الصيانة الطبيعية لبيئة داخلية مستقرة داخل الكائن الحي؟,none,Homeostasis
738,science,ما هو الجهاز العضوي الذي يدافع عن جسم الإنسان من مسببات الأمراض والفيروسات الخارجية؟,none,Immune system
739,science,ما البنية الأساسية التي تعمل كحاجز انتقائي يغلف طبقات الخلايا الحيوانية؟,none,Cell membrane
740,science,ما النظرية الميكانيكية التي تنص على أن الشغل الصافي المبذول يساوي التغير في الطاقة الحركية؟,none,Work Energy Theorem
741,science,ما هو الإطار الذي يتتبع القوى باستخدام معلمات الإحداثيات بناءً على تكوينات نصف القطر والزاوية؟,none,Polar coordinates
742,science,ما المتجه الفيزيائي الذي يتتبع أقصر مسافة خط مستقيم من نقطة الأصل إلى نقطة النهاية؟,none,Displacement
743,science,ما الأطر الهيكلية التي تستخدم التكوينات الثلاثية للخطوط لتوزيع الأحمال الثقيلة؟,none,Trusses
744,science,ما المصطلح الذي يصف حالة التحميل الموزعة بالتساوي عبر طول خط محدد؟,none,Uniformly distributed load
745,science,ما هي الحالة التي تتميز بوجود نظام يحتوي على قيود هيكلية أكثر مما هو مطلوب لتحقيق التوازن الأساسي؟,none,Statically indeterminate system
746,science,ما هو القمر الكوكبي الذي يحتوي على محيطات سائلة نشطة تحت قشرة جليدية خارجية؟,none,Europa
747,science,ما القانون الذي ينص على أن سرعة منطقة مدار الكوكب تظل ثابتة بالنسبة للشمس؟,none,Keplers Second Law
748,science,ما العنصر الرئيسي الذي يشكل التركيب الأساسي للكواكب الغازية العملاقة مثل المشتري؟,none,Hydrogen
749,science,ما المقياس الأساسي الذي يقيس إجمالي كمية الاهتزازات الحرارية داخل المادة؟,none,Temperature
750,science,ما هو الجسيم دون الذري الذي يحمل قيمة شحنة كهربائية متعادلة تمامًا؟,none,Neutron
751,literature,من هو الكاتب المصري الشهير الذي حصل على جائزة نوبل في الأدب؟,A) طه حسين | B) نجيب محفوظ | C) توفيق الحكيم | D) عباس العقاد,B
752,literature,"من هو الشاعر اليوناني القديم الذي كتب القصائد الملحمية الشهيرة ""الإلياذة والأوديسة""؟",A) سوفوكليس | B) أفلاطون | C) هوميروس | D) أرسطو,C
753,literature,من مؤلف رواية المغامرة الشهيرة مغامرات توم سوير؟,A) إرنست همنغواي | B) مارك توين | C) إدغار آلان بو | D) جاك لندن,B
754,literature,"من هو المؤلف الياباني الذي كتب الرواية المشهورة عالميًا ""الغابة النرويجية""؟",A) هاروكي موراكامي | B) يوكيو ميشيما | C) أوسامو دازاي | D) ياسوناري كواباتا,A
755,literature,ما هي مجموعة الكتب الشهيرة التي تحتوي على قصص ترويها شهرزاد مثل علاء الدين وعلي بابا؟,A) النبي | B) ألف ليلة وليلة | C) ثلاثية القاهرة | D) حارة المدق,B
756,literature,ما هي جنسية كاتب الرعب الشهير ستيفن كينغ؟,A) بريطانية | B) الكندية | C) أمريكي | D) استرالية,C
757,literature,ما نوع القصص القصيرة التي تحتوي على حيوانات ناطقة ودروس أخلاقية كتبها إيسوب؟,A) روايات | B) مسرحيات | C) الخرافات | D) ملاحم,C
758,literature,ما هو الشكل الشعري الياباني التقليدي الذي يتكون من 17 مقطعا فقط؟,A) السوناتة | B) هايكو | C) قصيدة | D) آية فارغة,B
759,literature,ما هي رواية نجيب محفوظ الشهيرة التي تحمل اسم شارع حقيقي في القاهرة القديمة؟,A) اللص والكلاب | B) حارة المدق | C) السراب | D) السمان الخريف,B
760,literature,من هو مؤلف الرواية الأمريكية الشهيرة غاتسبي العظيم عام 1925؟,A) إف سكوت فيتزجيرالد | B) إرنست همنغواي | C) وليام فولكنر | D) جون شتاينبك,A
761,literature,من هو الفيلسوف اليوناني القديم الذي كتب أفكاره الفلسفية في شكل حوارات؟,A) هوميروس | B) سقراط | C) أفلاطون | D) هيرودوت,C
762,literature,ما هي جنسية المؤلف هاروكي موراكامي ؟,A) الصينية | B) كوري | C) اليابانية | D) الفيتنامية,C
763,literature,من الملقب بعميد الأدب العربي في مصر؟,A) طه حسين | B) نجيب محفوظ | C) احمد شوقي | D) يوسف إدريس,A
764,literature,"من هو الكاتب الأمريكي الشهير الذي كتب القصيدة القوطية المظلمة ""الغراب""؟",A) والت ويتمان | B) إدغار آلان بو | C) روبرت فروست | D) مارك توين,B
765,literature,ما هي المدينة الأسطورية التي كانت هدف الحرب في ملحمة هوميروس الإلياذة؟,A) أثينا | B) سبارتا | C) تروي | D) روما,C
766,literature,أي كتاب ياباني قديم من القرن الحادي عشر يُطلق عليه غالبًا الرواية الأولى في العالم؟,A) حكاية جينجي | B) كوكورو | C) لم يعد الإنسان | D) راشومون,A
767,literature,ما هي الرواية الشهيرة التي كتبها طه حسين عن حياته وعماه؟,A) الأيام | B) النبي | C) حارة المدق | D) السجن,A
768,literature,من هو مؤلف الرواية الشهيرة عن الحوت الأبيض العملاق بعنوان موبي ديك؟,A) هيرمان ملفيل | B) مارك توين | C) جاك لندن | D) إرنست همنغواي,A
769,literature,ما هو الشيء الخشبي الأسطوري الذي استخدمه اليونانيون للفوز في حرب طروادة في الأدب؟,A) سفينة طروادة | B) حصان طروادة | C) درع طروادة | D) سيف طروادة,B
770,literature,من هو الكاتب الياباني الذي حصل على جائزة نوبل في الأدب عام 1994؟,A) كينزابورو أوي | B) هاروكي موراكامي | C) أوسامو دازاي | D) يوكيو ميشيما,A
771,literature,من هو الكاتب المسرحي المصري الشهير الذي كتب مسرحية المتموجون؟,A) علي سالم | B) لينين الرملي | C) بهجت عمار | D) توفيق الحكيم,D
772,literature,من كتب الرواية الشهيرة العجوز والبحر عن صياد عجوز؟,A) مارك توين | B) جون شتاينبك | C) إرنست همنغواي | D) إف سكوت فيتزجيرالد,C
773,literature,من هو إله المسرح والنبيذ اليوناني القديم الذي غالبًا ما يُحتفى به في المسرحيات المبكرة؟,A) زيوس | B) أبولو | C) ديونيسوس | D) هيرميس,C
774,literature,من كتب الرواية اليابانية المظلمة الشهيرة لم يعد إنسانا؟,A) أوسامو دازاي | B) يوكيو ميشيما | C) ريونوسوكي أكوتاجاوا | D) ناتسومي سوسيكي,A
775,literature,ما هي جنسية الكاتبة التاريخية الشهيرة نوال السعداوي؟,A) لبناني | B) مصري | C) سوري | D) مغربي,B
776,literature,"من كتب الرواية الأمريكية الكلاسيكية الشهيرة ""نساء صغيرات""؟",A) لويزا ماي ألكوت | B) إميلي ديكنسون | C) ماري شيلي | D) شارلوت برونتي,A
777,literature,ما هي الدولة المدينة التي كانت المركز الثقافي للدراما والفلسفة في اليونان القديمة؟,A) سبارتا | B) طيبة | C) أثينا | D) كورنثوس,C
778,literature,أي قصة قصيرة كتبها ريونوسوكي أكوتاجاوا أصبحت فيلمًا مشهورًا عن وجهات نظر مختلفة؟,A) كوكورو | B) راشومون | C) معبد الجناح الذهبي | D) مطبخ,B
779,literature,من هو الشاعر المصري الشهير والملقب بأمير الشعراء؟,A) حافظ ابراهيم | B) احمد شوقي | C) خليل جبران | D) محمود درويش,B
780,literature,من هو كاتب رواية الرعب الأمريكية الشهيرة IT والتي تصور مهرجاً؟,A) ستيفن كينغ | B) دان براون | C) جورج آر آر مارتن | D) جون جريشام,A
781,literature,من هو مؤلف المسرحية التراجيدية اليونانية القديمة أوديب الملك؟,A) يوربيدس | B) سوفوكليس | C) إسخيلوس | D) أريستوفانيس,B
782,literature,ما هو عنوان رواية ناتسومي سوسيكي الشهيرة والتي تعني القلب بالياباني؟,A) كوكورو | B) بوتشان | C) أنا قطة | D) سانشيرو,A
783,literature,ما هي الثلاثية المصرية الشهيرة التي تضم قصر ووك وقصر الرغبة وشارع السكر؟,A) ثلاثية القاهرة | B) رباعية الإسكندرية | C) ثلاثية النيل | D) ثلاثية الجيزة,A
784,literature,ما اسم الحوت الأبيض في كتاب هيرمان ملفيل الشهير؟,A) شامو | B) أوركا | C) موبي ديك | D) ويلي,C
785,literature,من هي إلهة الحكمة اليونانية القديمة التي تظهر كثيراً في الملاحم اليونانية؟,A) أفروديت | B) هيرا | C) أثينا | D) أرتميس,C
786,literature,ما هو الكتاب الياباني الشهير الذي ألفه ناتسومي سوسيكي والذي يتم سرده من منظور الحيوان؟,A) أنا كلب | B) أنا قطة | C) الطائر | D) النمر الأبيض,B
787,literature,من هو مؤلف الكتاب الفلسفي الشهير أولاد حارتنا المترجم أولاد الجبلاوي؟,A) نجيب محفوظ | B) طه حسين | C) يوسف إدريس | D) احسان عبد القدوس,A
788,literature,من مؤلف الرواية الأمريكية الشهيرة To Kill a Mockingbird؟,A) هاربر لي | B) توني موريسون | C) مايا أنجيلو | D) فرجينيا وولف,A
789,literature,من هو المؤرخ اليوناني القديم الملقب بأبي التاريخ؟,A) ثيوسيديدس | B) هوميروس | C) هيرودوت | D) زينوفون,C
790,literature,ما هي جنسية الكاتبة المعاصرة الشهيرة بنانا يوشيموتو؟,A) كوري | B) اليابانية | C) الصينية | D) التايلاندية,B
791,literature,من هو مؤلف رواية الأيام السيرة الذاتية المصرية الكلاسيكية الشهيرة؟,none,Taha Hussein
792,literature,من أي بلد ينتمي الأديب الحائز على جائزة نوبل نجيب محفوظ؟,none,Egypt
793,literature,ما هو الاسم الإنجليزي الشائع لمجموعة القصص ألف ليلة وليلة؟,none,Arabian Nights
794,literature,من هو المؤلف المصري الذي كتب المسرحية الشهيرة يا طالع النخلة؟,none,Tawfiq Al-Hakim
795,literature,ما هي المدينة التي تدور حولها معظم روايات نجيب محفوظ الواقعية؟,none,Cairo
796,literature,من هو مؤلف الرواية الرومانسية المصرية الشهيرة احذروا زوزو؟,none,Ihsan Abdel Quddous
797,literature,ما هو النصب التذكاري المصري الحقيقي الذي تم إعداده لرواية Palace Walk؟,none,Palace Walk
798,literature,من هو الكاتب المصري الشهير الذي قام بتأليف الكتاب النموذجي للقصص القصيرة أرخاس ليالي؟,none,Yusuf Idris
799,literature,"من هي المرأة المصرية التي كتبت الرواية المترجمة للغاية ""امرأة عند نقطة الصفر""؟",none,Nawal El Saadawi
800,literature,ما نوع جائزة الأدب العادية التي فاز بها نجيب محفوظ عام 1988؟,none,Nobel Prize
801,literature,من هو البطل الذكي الرئيسي في قصيدة هوميروس الملحمية الأوديسة؟,none,Odysseus
802,literature,ما الوحش ذو الثعابين للشعر الذي يظهر في الأدب الأسطوري اليوناني القديم؟,none,Medusa
803,literature,ما اسم المحارب الذي يعتبر كعبه الضعيف نقطة ضعفه الوحيدة في الإلياذة؟,none,Achilles
804,literature,من هو مؤلف الحكايات القديمة التي تتضمن قصة السلحفاة والأرنب؟,none,Aesop
805,literature,من أي بلد ينتمي الشاعر الملحمي هوميروس؟,none,Greece
806,literature,من هو المعلم الفيلسوف لأفلاطون الذي لم يكتب كتبه قط؟,none,Socrates
807,literature,ما هي المسرحية التراجيدية الشهيرة التي تدور حول ملك يجيب على لغز كتبها سوفوكليس؟,none,Oedipus Rex
808,literature,ما اسم ملك الآلهة المطلق في النصوص الأسطورية اليونانية؟,none,Zeus
809,literature,ما هو الحصان الطائر الذي يظهر في العديد من القصائد والقصص اليونانية الكلاسيكية؟,none,Pegasus
810,literature,ما هو المعبد الشهير في الأكروبوليس الأثيني المخصص للإلهة أثينا؟,none,Parthenon
811,literature,من هو كاتب رواية المغامرة الأمريكية الشهيرة مغامرات هاكلبيري فين؟,none,Mark Twain
812,literature,من أي بلد الكاتب الشهير مارك توين؟,none,United States
813,literature,"من كتب قصة الرعب القوطية الشهيرة ""القلب الواشي""؟",none,Edgar Allan Poe
814,literature,ما هو اسم الشخصية التي تطارد الضوء الأخضر في رواية إف سكوت فيتزجيرالد؟,none,Jay Gatsby
815,literature,من هو مؤلف رواية الحرب الأمريكية الشهيرة وداعا للسلاح؟,none,Ernest Hemingway
816,literature,ما هو لون الحوت في الكتاب الكلاسيكي موبي ديك؟,none,White
817,literature,من كتب كتاب الرعب الأمريكي الحديث الشهير The Shining؟,none,Stephen King
818,literature,من أي بلد تنتمي الكاتبة الشهيرة هاربر لي؟,none,United States
819,literature,من مؤلف الرواية الأمريكية التاريخية عناقيد الغضب؟,none,John Steinbeck
820,literature,أي نوع من الطيور هو رمز عنوان قصيدة إدغار آلان بو الشهيرة عن الحزن؟,none,Raven
821,literature,من كتب الرواية الحديثة الشهيرة ذات المجلدات الثلاثة 1Q84؟,none,Haruki Murakami
822,literature,من أي بلد ينتمي الكاتب التاريخي ناتسومي سوسيكي؟,none,Japan
823,literature,"ما هو نوع المخلوق الذي هو الراوي في الكتاب الكلاسيكي ""أنا قطة""؟",none,Cat
824,literature,من كتب الرواية التاريخية معبد الجناح الذهبي؟,none,Yukio Mishima
825,literature,ما هو العنوان الإنجليزي لرواية هاروكي موراكامي Midori no Kurokami؟,none,Norwegian Wood
826,literature,"من كتب الكتاب الكلاسيكي في القرن الحادي عشر ""حكاية جينجي""؟",none,Murasaki Shikibu
827,literature,ما هو البناء الشعري القصير الذي يتكون من 5 و 7 و 5 مقاطع؟,none,Haiku
828,literature,من أي بلد ينتمي الكاتب التراجيدي المظلم أوسامو دازاي؟,none,Japan
829,literature,"من كتب رواية ""شريحة الحياة"" اليابانية الحديثة الشهيرة ""المطبخ""؟",none,Banana Yoshimoto
830,literature,من كتب القصة القصيرة التاريخية الشهيرة في البستان؟,none,Ryunosuke Akutagawa
831,literature,ما اسم الشخصية الخيالية الأب الصارم في ثلاثية القاهرة؟,none,Al Sayyid Ahmad
832,literature,من هو المؤلف المصري الذي كتب المسرحية الاجتماعية الشهيرة السلطان الحائر؟,none,Tawfiq Al Hakim
833,literature,ما هو حي القاهرة المحدد الذي تدور أحداث رواية محفوظ فيه خان الخليلي؟,none,Khan El Khalili
834,literature,من هو مؤلف الرواية المصرية المعاصرة المشهورة عمارة يعقوبيان؟,none,Alaa Al Aswany
835,literature,ما اسم الشخصية الكفيفة في كتاب طه حسين الأيام؟,none,Taha Hussein
836,literature,من هو الكاتب المصري المشهور بكتابة المقالات الساخرة مثل عساكر الدنيا؟,none,Abbas Al Akkad
837,literature,ما هي اللغة الأساسية المستخدمة في كتابة الأدب المصري القياسي؟,none,Arabic
838,literature,من مؤلف الكتاب الرومانسي المصري الشهير دعاء الكروان؟,none,Taha Hussein
839,literature,ما اسم الشخصية النسائية الرئيسية في رواية نجيب محفوظ زقاق المدق؟,none,Hamida
840,literature,من هو المؤلف المصري الذي كتب الرواية الواقعية لا أنام؟,none,Ihsan Abdel Quddous
841,literature,ما هو الموضوع الرئيسي في قصيدة هوميروس الملحمية الإلياذة؟,none,The Trojan War
842,literature,ما هو البطل الذي يذهب في رحلة مدتها 10 سنوات إلى موطنه في إيثاكا في النصوص الكلاسيكية؟,none,Odysseus
843,literature,"من كتب المسرحية الكوميدية ""الضفادع"" في اليونان القديمة؟",none,Aristophanes
844,literature,ما هو الوحش متعدد الرؤوس الذي قاتله هرقل في الأدب الأسطوري اليوناني؟,none,Hydra
845,literature,من كتب النص الفلسفي القديم بعنوان الجمهورية؟,none,Plato
846,literature,ما هو نوع الأدب الدرامي الذي ينتهي دائما بسقوط البطل الرئيسي؟,none,Tragedy
847,literature,ما هو اسم الجزيرة اليونانية الأسطورية موطن أوديسيوس؟,none,Ithaca
848,literature,من هي إلهة الحب اليونانية القديمة التي تظهر في شعر سافوس؟,none,Aphrodite
849,literature,ما الحيوان الذي يخسر السباق الشهير ضد السلحفاة في خرافات إيسوب؟,none,Hare
850,literature,ما هو الوحش الشهير الذي يحل الألغاز وله رأس امرأة وجسم أسد؟,none,Sphinx
851,literature,من هو مؤلف سلسلة الكتب الخيالية الأمريكية الشهيرة أغنية الجليد والنار؟,none,George R R Martin
852,literature,ما هو اسم المحقق الذي أنشأه إدغار آلان بو في جرائم القتل في شارع المشرحة؟,none,C Auguste Dupin
853,literature,من كتب الرواية الأمريكية الكلاسيكية عن الكساد الكبير بعنوان الفئران والرجال؟,none,John Steinbeck
854,literature,ما هو لون الرسالة التي ترتديها هيستر برين في رواية ناثانيال هوثورن الشهيرة؟,none,Red
855,literature,من هو مؤلف رواية الخيال العلمي الأمريكية الشهيرة فهرنهايت 451؟,none,Ray Bradbury
856,literature,ما هو اسم البطل المحامي الرئيسي في To Kill a Mockingbird؟,none,Atticus Finch
857,literature,"من هو مؤلف الرواية الغامضة الشهيرة ""شفرة دافنشي""؟",none,Dan Brown
858,literature,ما هي الجزيرة التي تم إعدادها لذروة كتاب Shutter Island؟,none,Shutter Island
859,literature,من كتب القصيدة الأمريكية الكلاسيكية يا كابتن يا كابتن عن أبراهام لنكولن؟,none,Walt Whitman
860,literature,ما هي اللغة الأساسية التي يستخدمها المؤلفون في الولايات المتحدة؟,none,English
861,literature,من كتب الرواية السريالية اليابانية الحديثة كافكا على الشاطئ؟,none,Haruki Murakami
862,literature,"ما هو الموقع الرئيسي للمدينة الذي تناول فيه الكتاب التاريخي الكلاسيكي ""The Tale of Genji""؟",none,Kyoto
863,literature,من كتب الرواية الحديثة التي نالت استحسان النقاد مطاردة خروف بري؟,none,Haruki Murakami
864,literature,ما هو لون المعبد في عنوان رواية يوكيو ميشيما المأساوية الشهيرة؟,none,Gold
865,literature,من كتب القصة القصيرة اليابانية الشهيرة The Spider Thread؟,none,Ryunosuke Akutagawa
866,literature,ما اسم الشخصية الرئيسية في رواية هاروكي موراكامي الغابة النرويجية؟,none,Toru Watanabe
867,literature,من هو الكاتب الياباني الذي حصل على جائزة نوبل في الأدب عام 1968؟,none,Yasunari Kawabata
868,literature,ما نوع المسرح التقليدي الذي يستخدم الأقنعة الخشبية والحركات البطيئة في الأدب؟,none,Noh Theater
869,literature,ما هو عنوان كتاب أوسامو دازاي شبه السيرة الذاتية المترجم على أنه لم يعد إنسانًا؟,none,Ningen Shikkaku
870,literature,ما هو الموسم الذي تتم الإشارة إليه بشكل شائع في شعر الهايكو الياباني التقليدي؟,none,Spring
871,literature,من هو مؤلف مسرحية بجماليون المصرية الشهيرة المستوحاة من الأسطورة اليونانية؟,none,Tawfiq Al-Hakim
872,literature,ما هو عنوان الكتاب الأول في ثلاثية نجيب محفوظ القاهرة؟,none,Palace Walk
873,literature,من هو المؤلف المصري الذي كتب الرواية التاريخية الشهيرة طيبة في حالة حرب؟,none,Naguib Mahfouz
874,literature,ما اسم النهر الرئيسي الذي يظهر باستمرار في الأدب المصري؟,none,Nile River
875,literature,من مؤلف الرواية المصرية المعاصرة الشهيرة يوتوبيا؟,none,Ahmed Khaled Towfik
876,literature,ما هو المعنى الحرفي لكلمة أوديسي في الأدب الحديث؟,none,Long adventurous journey
877,literature,من هو مؤلف مسرحية المدية اليونانية القديمة؟,none,Euripides
878,literature,ما هو الصندوق الذي فتحته امرأة فضولية وأخرجت كل الشرور إلى العالم في الأسطورة؟,none,Pandora Box
879,literature,من هو إله البحر اليوناني القديم الذي يستهدف أوديسيوس في الأوديسة؟,none,Poseidon
880,literature,ما نوع القصة القصيرة التي تستخدم أشياء مجسدة لتعليم درس أخلاقي؟,none,Fable
881,literature,من كتب رواية مكافحة العبودية الشهيرة عام 1852 العم توم كابين؟,none,Harriet Beecher Stowe
882,literature,ما هو اسم أفضل صديق لتوم سوير في روايات مارك توين؟,none,Huckleberry Finn
883,literature,من كتب ثلاثية الديستوبيا الحديثة المشهورة The Hunger Games؟,none,Suzanne Collins
884,literature,ما هو عنوان كتاب إرنست همنغواي عن الحرب الأهلية الإسبانية؟,none,For Whom the Bell Tolls
885,literature,"من كتب القصة القصيرة للفانتازيا المظلمة والرعب ""سقوط بيت آشر""؟",none,Edgar Allan Poe
886,literature,"من كتب الرواية اليابانية المشهورة بعد الحرب ""غروب الشمس""؟",none,Osamu Dazai
887,literature,ما هي المدينة التي تعتبر الموطن والمكان للعديد من شخصيات هاروكي موراكامي الحديثة؟,none,Tokyo
888,literature,من هو مؤلف المجموعة الشهيرة لقصص الأشباح المخيفة والتي تحمل عنوان كويدان؟,none,Lafcadio Hearn
889,literature,ما هو عنوان رواية ناتسومي سوسيكي عن شاب من الريف؟,none,Sanshiro
890,literature,من هي المؤلفة اليابانية المعاصرة التي كتبت الكتاب الشهير Convenience Store Woman؟,none,Sayaka Murata
891,literature,من هو مؤلف كتاب الذكريات التقليدي الشهير بعنوان أصداء السيرة الذاتية؟,none,Naguib Mahfouz
892,literature,من أي بلد ينتمي الكاتب الحديث علاء الأسواني الحائز على جوائز؟,none,Egypt
893,literature,من كتب النص التاريخي اليوناني القديم أناباسيس؟,none,Xenophon
894,literature,"من كتب الرواية الأمريكية الشهيرة ""الحارس في حقل الشوفان"" عام 1951؟",none,J D Salinger
895,literature,من كتب النص الكلاسيكي الشهير بعنوان كتاب الوسادة؟,none,Sei Shonagon
896,literature,ما هو الكتاب الثاني في ثلاثية القاهرة الشهيرة لنجيب محفوظ؟,none,Palace of Desire
897,literature,من هو ملك الآلهة اليونانية الذي يحمل الصاعقة في الملاحم الأدبية؟,none,Zeus
898,literature,ما هو الحدث التاريخي الرئيسي لفيلم ذهب مع الريح؟,none,American Civil War
899,literature,ما هو اللون الرئيسي للقط في العديد من القصص الشعبية اليابانية التقليدية؟,none,White
900,literature,من مؤلف الرواية المصرية الحديثة الحائزة على جوائز خريطة الحب؟,none,Ahdaf Soueif
901,extreme,ما هي النظرية الوظيفية التي تستبدل الحالات العقلية القياسية بعلاقات سببية احتمالية داخل شبكة عضوية؟,A) الوظيفية التحليلية | B) الوظيفة النفسية | C) وظائفية حالة الآلة | D) الوظيفية المتماثلة,C
902,extreme,ما الثوابت الطوبولوجية التي تصنف المتشعبات ثلاثية الأبعاد بناءً على تمثيلات المجموعة الكمومية في جذور الوحدة؟,A) ويتن ريشيتيخين تورايف الثابت | B) جونز متعدد الحدود | C) كاسون الثابت | D) دونالدسون الثابت,A
903,extreme,في القواعد التحويلية التشومسكية، ما هو القيد الذي يمنع التحويل من نقل مكون من أكثر من عقدة محيطة؟,A) حالة التبعية | B) مبدأ الفئة الفارغة | C) قيود البنية الإحداثية | D) حالة عدم قابلية الاختراق للمرحلة,A
904,extreme,ما هو المبدأ القضائي المحدد الذي يسمح للدولة بمحاكمة غير المواطنين على الجرائم المرتكبة في الخارج والتي تهدد مصالحها الأمنية الأساسية؟,A) مبدأ الحماية | B) مبدأ العالمية | C) مبدأ الشخصية السلبية | D) مبدأ الإقليمية,A
905,extreme,ما هو اختبار الاقتصاد القياسي الذي يتعامل مع الفرضية الصفرية للتكامل المشترك مقابل بديل عدم التكامل المشترك في السلاسل الزمنية غير الثابتة؟,A) اختبار جوهانسن | B) اختبار إنجل جرانجر | C) اختبار شين | D) اختبار ديكي فولر,C
906,extreme,ما هو الموقف الوجودي الذي يجادل بأن الخصائص هي مجازات موجودة بشكل مستقل عن التفاصيل التي تميزها؟,A) نظرية الطبقة التحتية | B) نظرية الحزمة | C) الاسمية | D) الواقعية الجوهرية,B
907,extreme,ما المسار الهيكلي تحت القشري الذي يربط منطقة بروكا مباشرة بمنطقة فيرنيكه من خلال شبكة بيريسيلفيان العميقة؟,A) الحزمة غير سينية | B) الحزمة المقوسة | C) الحزمة الطولية العليا | D) سينجولوم,B
908,extreme,ما هو النموذج الذي يصف الموقف حيث تؤدي السياسة المالية التوسعية إلى انخفاض صافي قيمة العملة في ظل الحركة المثالية لرأس المال؟,A) نموذج مونديل فليمنج | B) نموذج سولو سوان | C) نموذج دورنبوش للتجاوز | D) نقد لوكاس,C
909,extreme,ما هو الإطار المعرفي الذي يحاول حل مشكلة جيتييه عن طريق إضافة شرط قابلية الرفض للاعتقاد الحقيقي المبرر؟,A) النظرية السببية | B) نظرية التتبع | C) نظرية القابلية للرفض | D) نظرية المعرفة الفضيلة,C
910,extreme,أي فصيلة فرعية من اللغات الهندية الأوروبية المنقرضة تحافظ على الحروف الساكنة الحنجرية الأصلية باعتبارها حروفًا احتكاكية مميزة؟,A) توكاريان | B) الأناضول | C) الميسينية | D) التراقي,B
911,extreme,ما هي البنية الجبرية الفريدة التي تصنف إحصائيات التضفير للإثارة الأيونية في أنظمة هول الكمية الكسرية؟,A) جبر هوبف | B) كذبة الجبر | C) فئة الموتر المعياري | D) جبر كليفورد,C
912,extreme,ما هي منطقة الدماغ التي تظهر أقصى قدر من التنشيط أثناء تقييم التخفيض الزمني ومهام الاختيار بين الزمانية؟,A) اللوزة | B) قشرة الفص الجبهي البطني | C) القشرة البصرية الأولية | D) المخيخ,B
913,extreme,من هو الفيلسوف القانوني الذي قدم مفهوم قاعدة الاعتراف كقاعدة ثانوية تحدد الصحة القانونية؟,A) رونالد دوركين | B) إتش إل إيه هارت | C) جون أوستن | D) هانز كيلسن,B
914,extreme,ما هو مفهوم حل نظرية اللعبة الديناميكية الذي يعمل على تحسين توازن ناش من خلال القضاء على التهديدات غير الموثوقة في الألعاب واسعة النطاق؟,A) اللعبة الفرعية: توازن ناش المثالي | B) يد مرتجفة توازن مثالي | C) توازن بايزي ناش | D) توازن الاستجابة الكمية,A
915,extreme,ما هي الأطروحة المعرفية التي تنص على أن النظريات العلمية لا يمكن تحديدها من خلال جميع الأدلة التجريبية المتاحة؟,A) أطروحة دوهيم كوين | B) تزوير بوبر | C) نموذج كوهين | D) التحقق كارنابيان,A
916,extreme,ما هو المقياس التشغيلي الذي يحدد الحد الأقصى للمعدل الذي يمكن به نقل المعلومات الكمومية عبر قناة كمومية صاخبة؟,A) سعة هوليفو | B) المعلومات المتبادلة الكم | C) تكلفة التشابك | D) التشابك القابل للتقطير,A
917,extreme,ما هي الوحدة النحوية التي تحدد تعيين الأدوار الدلالية مثل الوكيل والمريض في البنية العميقة؟,A) نظرية الحالة | B) نظرية ثيتا | C) نظرية ملزمة | D) نظرية التحكم,B
918,extreme,ما هو مفهوم الأنثروبولوجيا البنيوية الذي يرسم شبكات القرابة الثقافية القائمة على تبادل النساء بين مجموعات النسب؟,A) نظرية التحالف | B) نظرية النسب | C) الطوطمية | D) الوظيفية الهيكلية,A
919,extreme,ما هو المبدأ القانوني الدولي الذي يمنع المحاكم المحلية من الحكم على الأفعال الرسمية لدولة أجنبية المرتكبة داخل أراضيها؟,A) الحصانة السيادية | B) قانون عقيدة الدولة | C) المنتدى غير مريح | D) الحصانة الدبلوماسية,B
920,extreme,ما هو المسار الأيضي الذي يستخدم الطاقة الكيميائية من الجزيئات غير العضوية لإصلاح ثاني أكسيد الكربون في النظم البيئية للفتحات الحرارية المائية في أعماق البحار؟,A) دورة كالفين | B) دورة حمض ثلاثي الكربوكسيل الاختزالي | C) مسار الخشب Ljungdahl | D) تحلل السكر,C
921,extreme,ما هي وجهة النظر الفلسفية التي تنكر وجود كائنات مركبة وتدعي وجود البساطات الميرولوجية الأساسية فقط؟,A) العدمية الميرولوجية | B) الميريولوجية الأحادية | C) العالمية | D) رباعية الأبعاد,A
922,extreme,ما هي النواة المهادية المحددة التي تعمل كمحطة ترحيل أساسية لمعالجة البيانات السمعية قبل الوصول إلى القشرة؟,A) النواة الركبية الجانبية | B) النواة الركبية المتوسطة | C) النواة البطنية الخلفية الوحشية | D) النواة البوليفينية,B
923,extreme,ما هو نموذج تسعير الأصول الذي يتضمن تغيرات رأس المال البشري والاستهلاك كعوامل خطر نظامية أساسية؟,A) نموذج تسعير الأصول الرأسمالية | B) نموذج تسعير الأصول الرأسمالية على أساس الاستهلاك | C) نموذج فاما الفرنسي ثلاثي العوامل | D) نظرية تسعير المراجحة,B
924,extreme,ما هو قانون تغيير الصوت الذي يصف التحول المنهجي للأصوات الانفجارية التي لا صوت لها في الهند الهندية الأوروبية إلى أصوات احتكاكية لا صوت لها في الجرمانية البدائية؟,A) قانون جريمز | B) قانون فيرنرز | C) قانون جراسمانز | D) قانون بروجمان,A
925,extreme,ما هو المصطلح القياسي الذي يصف الجوانب التجريبية الذاتية النوعية للحالات العقلية الواعية؟,A) النية | B) الجودة | C) الأحادية | D) الظواهر المصاحبة,B
926,extreme,ما هي مدرسة الفكر القانوني التي تؤكد أن القانون هو في مجمله أداة من أدوات سلطة الدولة المستخدمة للحفاظ على التسلسل الهرمي الاقتصادي؟,A) الواقعية القانونية | B) الدراسات القانونية النقدية | C) القانون الطبيعي | D) الوضعية القانونية,B
927,extreme,ما هي النظرية الأساسية التي تحظر إنشاء نسخة متطابقة من الحالة الكمومية غير المعروفة؟,A) لا نظرية الاستنساخ | B) لا يوجد نظرية الحذف | C) نظرية بيلز | D) تسيرلسونز منضم,A
928,extreme,ما المعلمة التي تحدد ما إذا كانت اللغة تتطلب ضمير فاعل صريح في جملة تعريفية؟,A) معلمة اتجاه الرأس | B) معلمة موضوع فارغة | C) معلمة الحركة | D) معلمة تعدد التخليق,B
929,extreme,ما هي الطريقة الأنثروبولوجية التي تتبع المنظور الداخلي الذاتي للنظام الثقافي؟,A) نهج Emic | B) النهج الأخلاقي | C) تحليل دياكرونيك | D) البنيوية,A
930,extreme,ما هي المعاهدة الدولية التي تحكم حدود الجرف القاري وأنظمة التعدين في قاع البحار العميقة؟,A) اتفاقية فيينا | B) اتفاقية الأمم المتحدة لقانون البحار | C) اتفاقية جنيف | D) بروتوكول كيوتو,B
931,extreme,أي نظام فلسفي يرفض كلا من النزعة التأسيسية والتماسك مدعيا أن التبرير هو سلسلة تراجعية لا نهاية لها؟,A) اللانهاية | B) التأسيسية | C) السياقية | D) المؤسسية,A
932,extreme,ما هو اضطراب اللغة الذي ينطوي على إنتاج كلام بطلاقة ولكن لا معنى له مع ضعف الفهم السمعي؟,A) حبسة بروكا | B) حبسة فيرنيكي | C) حبسة التوصيل | D) الحبسة العالمية,B
933,extreme,ما هو المقياس الذي يقيم خسارة الرفاهية التي يعاني منها المجتمع بسبب عدم الكفاءة الاقتصادية مثل التسعير الاحتكاري؟,A) فائض المستهلك | B) فائض المنتج | C) خسارة الوزن الساكن | D) كفاءة باريتو,C
934,extreme,ما هي المنهجية التي ترفض القواعد العلمية القياسية التي تدعي أن التقدم العلمي يتطلب فوضوية معرفية؟,A) التزييف | B) التحققية | C) الأناركية المعرفية | D) الوضعية المنطقية,C
935,extreme,ما المفهوم الطوبولوجي الذي يصف الفضاء الذي تبدو فيه الأحياء المحلية وكأنها نتاج الفضاء الإقليدي والتنوع الجبري؟,A) أوربيفولد | B) ترقيم الأوراق | C) حزمة الألياف | D) متعددة معقدة,A
936,extreme,ما هي نظرية الزمن التي تدعي أن الأشياء الماضية والحاضرة والمستقبلية كلها كيانات حقيقية على حد سواء؟,A) الحاضرية | B) الخلود | C) تزايد كتلة الكون | D) الواقعية المشروطة,B
937,extreme,أي نظام كتابة قديم يستخدم علامات إسفينية الشكل على الألواح الطينية لتسجيل النصوص الإدارية؟,A) الهيروغليفية | B) المسمارية | C) الخطي ب | D) الأبجدية الفينيقية,B
938,extreme,ما هو المفهوم القانوني الذي يتناول واجب الدولة في حماية سكانها من الإبادة الجماعية والفظائع الجماعية عندما تفشل الأنظمة المحلية؟,A) مسؤولية الحماية | B) القواعد الآمرة | C) إرجا أومنيس | D) سيادة الدولة,A
939,extreme,ما التوقيع الكيميائي الذي يتضمن نسب نظائرية محددة يُستخدم للكشف عن النشاط البيولوجي القديم في صخور الأرك؟,A) نضوب الكربون 13 | B) تخصيب الأكسجين 18 | C) النيتروجين 15 الزائد | D) الكبريت 34 الذروة,A
940,extreme,ما هي المفارقة الاقتصادية القياسية التي تحدث عندما تتغير العلاقة الإحصائية بين متغيرين أو تنعكس عند تجميعها؟,A) مفارقة سمبسنز | B) نقد لوكاس | C) أليس مفارقة | D) مفارقة سانت بطرسبرغ,A
941,extreme,ما هي النظرية الفيزيائية التي تدعي أن الحالات العقلية متطابقة تمامًا مع حالات دماغية كيميائية عصبية محددة؟,none,Identity Theory
942,extreme,ما هو الثابت الرياضي الذي يحسب الحد الأدنى لعدد النقاط الحرجة على مشعب سلس باستخدام الطوبولوجيا التفاضلية؟,none,Morse Invariant
943,extreme,ما هي العمليات النحوية التي تنقل المكون من موقعه الأساسي إلى محدد أو موضع مساعد في البنية السطحية؟,none,Syntactic Movement
944,extreme,ما هو المصطلح اللاتيني الذي يصف القاعدة القطعية للقانون الدولي التي لا يجوز الانتقاص منها على الإطلاق؟,none,Jus Cogens
945,extreme,ما هي الدالة الرياضية التي تقيس أقصى إنتاج يمكن تحقيقه من مزيج من مدخلات رأس المال والعمالة مع عوائد ثابتة؟,none,Cobb Douglas Production Function
946,extreme,ما هي النظرية النموذجية التي تجادل بأن جميع العوالم الممكنة هي أكوان مادية ملموسة موجودة بالتوازي؟,none,Modal Realism
947,extreme,ما هو تلف الدماغ البنيوي الذي يسبب حبسة التوصيل عن طريق فصل مناطق المعالجة السمعية عن الخرج الحركي؟,none,Arcuate Fasciculus
948,extreme,ما هو السيناريو الاقتصادي الذي يجمع بين ركود النمو الصناعي وارتفاع معدلات البطالة مع استمرار تضخم الأسعار؟,none,Stagflation
949,extreme,ما هي المعضلة الثلاثية التي تنص على أن أي محاولة لإنشاء أساس مطلق للمعرفة يجب أن تفشل بسبب الانحدار اللانهائي الدائري أو الدوغمائية؟,none,Munchhausen Trilemma
950,extreme,ما هو نظام الكتابة غير المشفر في العصر البرونزي الذي استخدمته الحضارة المينوية القديمة في جزيرة كريت؟,none,Linear A
951,extreme,ما هو مجال الرياضيات الذي يمتد ثوابت العقدة القياسية إلى أطر الفضاء الطوبولوجية رباعية الأبعاد؟,none,4 Manifold Topology
952,extreme,ما هو التحيز النفسي الذي يصف ميل الوكلاء الاقتصاديين إلى المبالغة في تقدير قيمة الأصول لمجرد أنهم يمتلكونها؟,none,Endowment Effect
953,extreme,ما هي الفلسفة القانونية التي تدعي أن القانون لا يمكن فصله بشكل أساسي عن المبادئ الأخلاقية والعدالة الموضوعية؟,none,Natural Law
954,extreme,ما القيمة النظرية للعبة التي تحسب متوسط ​​المساهمة الهامشية للاعب في جميع التشكيلات الائتلافية الممكنة؟,none,Shapley Value
955,extreme,ما هي الأطروحة الأساسية التي تقول إن معنى المصطلحات العلمية يتغير تمامًا عند تغيير النماذج مما يجعل المقارنة المباشرة مستحيلة؟,none,Incommensurability Thesis
956,extreme,ما المقياس الذي يحدد المسافة الإجمالية أو الفرق بين مصفوفتين مختلفتين لكثافة الحالة الكمومية؟,none,Trace Distance
957,extreme,ما هي وحدة برنامج الحد الأدنى التي تقوم بتصفية الهياكل غير النحوية في الواجهة الصوتية؟,none,Phonetic Form
958,extreme,ما هي الممارسة الثقافية التي تنطوي على التكامل الآمن وتوليف المعتقدات الدينية المتضاربة في نظام موحد؟,none,Syncretism
959,extreme,ما هو المبدأ القانوني الذي ينص على أن الالتزامات الدولية لها الأسبقية على القوانين التشريعية المحلية في الدول الأحادية؟,none,Primacy of International Law
960,extreme,ما هي السمة الهيكلية للنيازك المريخية القديمة التي تم تحديدها بشكل مثير للجدل على أنها أحافير نانوية متحجرة محتملة؟,none,Carbonate Globules
961,extreme,ما هي النظرية الديناميكية للثبات التي تدعي أن الكائنات هي كيانات رباعية الأبعاد لها أجزاء زمنية متميزة؟,none,Perdurantism
962,extreme,ما هو النظام المعقد من الخلايا العصبية والمسارات داخل جذع الدماغ الذي يتحكم في تحولات الوعي والنوم والاستيقاظ؟,none,Reticular Activating System
963,extreme,ما هي خاصية التسعير التي تفترض أن أسعار الأصول تعكس بالكامل جميع المعلومات المتاحة على الفور ولا تترك مجالًا للمراجحة؟,none,Efficient Market Hypothesis
964,extreme,ما هو القانون الصوتي الذي يفسر سبب حدوث استثناءات معينة لقانون جريم بسبب الوضع الأصلي للهجة الهندية الأوروبية؟,none,Verners Law
965,extreme,ما هو الموقف الثنائي الذي يجادل بأن الحالات العقلية هي خصائص غير فيزيائية تنبثق من هياكل دماغية مادية معقدة؟,none,Property Dualism
966,extreme,ما هو المبدأ القانوني الذي يتطلب من المحاكم اتباع السوابق التاريخية المثبتة في القرارات القضائية السابقة؟,none,Stare Decisis
967,extreme,ما المفهوم التشغيلي الذي يصف توزيع التشابك الكمي عبر أطراف متباعدة متعددة دون اتصال؟,none,Quantum Secret Sharing
968,extreme,ما نوع النظام اللغوي الذي يغير أشكال الكلمات باستخدام البادئات واللاحقات الشاملة لتمثيل الجمل بأكملها؟,none,Polysynthetic Language
969,extreme,ما هو النظام الهيكلي الذي يرسم نمط الزيجات حيث يجب على العريس أن يجد عروسًا خارج عشيرته؟,none,Exogamy
970,extreme,ما هو المعيار الدولي الذي يوفر الحصانة للموظفين الدبلوماسيين من الولاية القضائية المدنية والجنائية للدولة المضيفة؟,none,Diplomatic Immunity
971,extreme,ما هي وجهة النظر الراديكالية التي تنص على أن المعرفة مستحيلة لأن تتبع الحقيقة يتطلب معايير لا يمكن تبريرها بشكل مستقل؟,none,Academic Skepticism
972,extreme,ما هو الضعف الإدراكي المحدد الذي ينطوي على الفقدان الكامل للقدرة على كتابة الجمل بسبب تلف الدماغ الموضعي؟,none,Agraphia
973,extreme,ما هي الشروط الرياضية التي تحدد الحد الأقصى أو الحد الأدنى المحلي للتحسين لوظيفة تخضع لقيود المساواة؟,none,Karush Kuhn Tucker Conditions
974,extreme,ما هو المفهوم المعرفي الذي يصف التحول في التفكير العلمي حيث تجبر الشذوذات القديمة على إنشاء إطار جديد؟,none,Paradigm Shift
975,extreme,ما الثابت الطوبولوجي الذي يقيس عدد ثقوب الأبعاد المستقلة داخل شكل متشعب هندسي؟,none,Betti Number
976,extreme,ما هو الموقف الذي يجادل بأن الأشياء المجردة مثل الأرقام موجودة ككيانات حقيقية غير مادية وغير عقلية؟,none,Platonism
977,extreme,ما هو إطار الكتابة الذي يعمل بمثابة النص السلفي المباشر لتنسيقات الأبجدية اللاتينية اليونانية والسيريلية؟,none,Proto Sinaitic Script
978,extreme,ما هو المفهوم القانوني الذي يتناول الالتزامات المستحقة على الدولة تجاه المجتمع الدولي بأكمله ككيان كامل؟,none,Erga Omnes Obligations
979,extreme,ما هو المؤشر المتخصص الذي يصنف التشابه الهيكلي لكوكب أو كوكب خارج المجموعة الشمسية مع الأرض بناءً على الكثافة ودرجة الحرارة؟,none,Earth Similarity Index
980,extreme,ما هي الحالة الاقتصادية القياسية التي تحدث عندما لا تحتوي شروط الخطأ في نموذج الانحدار على تباين ثابت؟,none,Heteroskedasticity
981,extreme,ما هو المنظور الذي يجادل بأن الوعي هو خاصية أساسية للكون موجودة في كل المادة؟,none,Panpsychism
982,extreme,ما هو تصنيف البنية السلسة الذي يعين المساحات التي تكون متجانسة مع كرة قياسية ولكنها لا تختلف عنها؟,none,Exotic Spheres
983,extreme,ما هو المستوى التشغيلي الذي يتعامل مع التفسير الدلالي والمفاهيمي للهياكل النحوية؟,none,Logical Form
984,extreme,ما هو نوع الولاية القضائية الذي يسمح للأنظمة المحلية بمحاكمة الأفراد على ارتكاب الفظائع الدولية بغض النظر عن مكان وقوع الجريمة؟,none,Universal Jurisdiction
985,extreme,ما هو المؤشر الذي يحسب المستوى الإجمالي لتركيز السوق وقوة الاحتكار داخل صناعة معينة؟,none,Herfindahl Hirschman Index
986,extreme,ما المفهوم السببي الذي يصف حدثًا يمكن أن يؤثر على قضيته في الماضي مما يؤدي إلى إنشاء حلقة؟,none,Bootstrap Paradox
987,extreme,ما المسار العصبي الذي يربط القشرة البصرية بالفص الصدغي للتعرف على الأشياء؟,none,Ventral Stream
988,extreme,ما المصطلح الذي يصف الحد الاقتصادي الذي تفشل فيه طباعة النقود الإضافية في خفض أسعار الفائدة بسبب الاكتناز؟,none,Liquidity Trap
989,extreme,ما هي وجهة النظر البنيوية التي تنص على أن المعتقدات لا يمكن تبريرها إلا إذا كانت تنتمي إلى نظام متماسك من الدعم المتبادل؟,none,Coherentism
990,extreme,ما هي عائلة اللغات الميتة التي تحافظ على أقدم السجلات المكتوبة لبنية اللغة الهندية الأوروبية؟,none,Anatolian Language Family
991,extreme,ما هو المقياس الذي يصف الالتواء الطوبولوجي أو تكوين الارتباط لمنحنيين في الفضاء المغلق؟,none,Linking Number
992,extreme,ما هي منطقة الدماغ التي تعمل كمركز التقييم الأساسي لمعالجة المخاطر والاستجابات العاطفية للخسائر المالية؟,none,Insubula
993,extreme,ما هو النموذج التحليلي الذي يترجم القواعد والواجبات القانونية إلى تعبيرات منطقية رمزية رسمية؟,none,Deontic Logic
994,extreme,ما هي الحالة الاقتصادية التي تتميز بتخصيص الموارد حيث لا يمكن جعل أي فرد أفضل حالا دون جعل شخص آخر أسوأ حالا؟,none,Pareto Efficiency
995,extreme,ما هو الفخ المنطقي الذي يوضح أن أي ملاحظة لغراب غير أسود تؤكد فرضية أن جميع الغربان سوداء؟,none,Ravens Paradox
996,extreme,ما هو المقياس الذي يحد من الحد الأقصى للارتباطات الممكنة التي يمكن تحقيقها من خلال أي نظرية متغيرة مخفية محلية؟,none,Tsirelsons Bound
997,extreme,ما هو المرشح الهيكلي الذي يضمن أن كل عبارة اسمية تتلقى مهمة حالة رسمية قبل الوصول إلى البنية السطحية؟,none,Case Filter
998,extreme,ما هي العملية الطقسية التي تمثل المرحلة الانتقالية لطقوس المرور حيث يفتقر الفرد إلى الوضع الهيكلي؟,none,Liminality
999,extreme,ما هو المبدأ القانوني الذي يسمح لقوة الاحتلال بممارسة سلطة إدارية مؤقتة على أرض أجنبية؟,none,Jus Post Bellum
1000,extreme,ما هي المنطقة الحدودية التي تحدد الفضاء المداري الأمثل حيث يمكن للكوكب أن يدعم الماء السطحي السائل؟,none,Circumstellar Habitable Zone
1001,anime,ما هو اسم الشخصية الرئيسية التي تريد أن تصبح ملك القراصنة؟,A) زورو | B) لوفي | C) سانجي | D) يوسوب,B
1002,anime,ما اسم الثعلب ذو الذيول التسعة المختوم داخل ناروتو؟,A) كوراما | B) شوكاكو | C) ماتاتابي | D) جيوكي,A
1003,anime,ما هي المخلوقات العملاقة التي تأكل الإنسان والتي تسمى في هذه السلسلة؟,A) الغول | B) أجوف | C) جبابرة | D) الشياطين,C
1004,anime,ما اسم أخت تانجيرو كامادو الصغرى التي تحولت إلى شيطان؟,A) نيزوكو | B) نظامي | C) نامي | D) نوبارا,A
1005,anime,ما هو الجسم الملعون القوي الذي ابتلعه يوجي إيتادوري في الحلقة الأولى؟,A) عين ملعونة | B) إصبع سوكونا | C) خاتم سحري | D) التمرير الظلام,B
1006,anime,ما هو اسم ميلاد غوكو السايان؟,A) فيجيتا | B) جوهان | C) راديتز | D) كاكاروت,D
1007,anime,ما اسم إله الموت الشينيغامي الذي أسقط مذكرة الموت؟,A) ريوك | B) ريم | C) ل | D) ضوء,A
1008,anime,ما هو اسم القوة الخارقة التي تمتلكها All Might؟,A) واحد للجميع | B) الكل من أجل واحد | C) انفجار | D) نصف بارد نصف حار,A
1009,anime,ما هو القانون الأساسي في الخيمياء الذي ينص على أنه لا يمكنك الحصول على شيء دون إعطاء شيء له نفس القيمة؟,A) قانون نيوتن | B) قانون التبادل المعادل | C) قانون الحفظ | D) قانون جريمز,B
1010,anime,ما هو اسم أفضل صديق لـ Gon Freecss والذي التقى به أثناء اختبار الصيادين؟,A) كورابيكا | B) ليوريو | C) كيلوا | D) هيسوكا,C
1011,anime,من هو قرصان قبعة القش المعروف بصياد القراصنة ويستخدم ثلاثة سيوف؟,A) زورو | B) سانجي | C) بروك | D) فرانكي,A
1012,anime,من هو قائد الفريق السابع والذي اشتهر بارتداء قناع يغطي وجهه؟,A) جيرايا | B) أوروتشيمارو | C) كاكاشي | D) ساسكي,C
1013,anime,ما اسم فرع النخبة العسكري الذي يغامر خارج الأسوار؟,A) الشرطة العسكرية | B) فوج الحامية | C) فوج الكشفية | D) فيلق المتدربين,C
1014,anime,ما هو أسلوب التنفس الفريد الذي تعلمه تانجيرو كامادو في البداية من يوروكوداكي؟,A) تنفس اللهب | B) التنفس الرعد | C) تنفس الماء | D) تنفس الوحش,C
1015,anime,من هو أقوى ساحر الجوجتسو ويرتدي عصابة على عينيه؟,A) ميجومي فوشيجورو | B) ساتورو جوجو | C) كينتو نانامي | D) سوجورو جيتو,B
1016,anime,كم عدد كرات التنين التي يجب جمعها لاستدعاء التنين شينرون الذي يحقق الأمنيات؟,A) 5 | B) 6 | C) 7 | D) 8,C
1017,anime,ما الاسم المستعار الذي يستخدمه المحقق العبقري L عند التعامل مع الشرطة؟,A) كيرا | B) هيديكي ريوجا | C) قريب | D) ميلو,B
1018,anime,ما هو الاسم الحقيقي للشخصية الرئيسية التي تحمل اسم البطل ديكو؟,A) كاتسوكي باكوغو | B) إيزوكو ميدوريا | C) شوتو تودوروكي | D) تينيا إيدا,B
1019,anime,ما هي الأطراف الصناعية الميكانيكية التي يعتمد عليها إدوارد وألفونس إلريك؟,A) البريد الآلي | B) معدات سايبر | C) درع ميكانيكي | D) طعم الحديد,A
1020,anime,ما هو الاختبار القياسي الخطير الذي يجب على غون اجتيازه ليصبح صيادًا مرخصًا؟,A) امتحان التشونين | B) امتحان رخصة البطل | C) امتحان هنتر | D) امتحان الفارس السحري,C
1021,anime,ما هو نوع فاكهة الشيطان التي أكلها لوفي ليحول جسده إلى مطاط؟,A) فاكهة العلكة | B) لهب لهب الفاكهة | C) قطع الفاكهة | D) فاكهة الرمل الرملي,A
1022,anime,ما هو الحلم والهدف النهائي لناروتو اوزوماكي؟,A) للعثور على الكنز | B) ليصبح الهوكاجي | C) للانتقام من عشيرته | D) لتدمير قرية الأوراق,B
1023,anime,ما اسم صديق طفولة إيرين الذي يرتدي وشاحًا أحمر؟,A) ساشا | B) آني | C) ميكاسا | D) تاريخيا,C
1024,anime,ما هي الشخصية التي تقاتل باستخدام Beast Breathing وترتدي قناع رأس خنزير مجوف؟,A) زينيتسو | B) إينوسوكي | C) جيو | D) كيوجورو,B
1025,anime,ما اسم المدرسة التي انتقل إليها يوجي لتعلم سحر الجوجتسو؟,A) UA عالية | B) طوكيو جوجوتسو عالية | C) أكاديمية الروح ريبر | D) أكاديمية النينجا,B
1026,anime,ما هي الفصيلة أو العرق الذي ينتمي إليه غوكو وفيجيتا؟,A) ناميكيان | B) سايان | C) بشر | D) سباق فريزا,B
1027,anime,ما هو الاسم الحقيقي للشخصية الرئيسية التي تستخدم مذكرة الموت لتصبح كيرا؟,A) لوليت | B) ياغامي لايت | C) توتا ماتسودا | D) سويشيرو ياغامي,B
1028,anime,ما هي الشخصية التي لديها خاصية تسمح له بإحداث انفجارات من عرقه؟,A) كاتسوكي باكوغو | B) شوتو تودوروكي | C) إيجيرو كيريشيما | D) دينكي كاميناري,A
1029,anime,ما هو اللقب المأساوي الذي أطلق على إدوارد إلريك بسبب قصر قامته وذراعه الآلية؟,A) الخيميائي اللهب | B) الخيميائي المعدني الكامل | C) الخيميائي الحديدي | D) الخيميائي الفضي,B
1030,anime,ما هو نظام الطاقة الغامض الذي يستخدمه الصيادون لإظهار قدراتهم الخارقة؟,A) شقرا | B) نين | C) كي | D) هاكي,B
1031,anime,ما اسم السفينة التي استخدمها قراصنة قبعة القش خلال الأجزاء الأولى من رحلتهم؟,A) ألف صني | B) الذهاب مرح | C) القوة الحمراء | D) موبي ديك,B
1032,anime,من هو النينجا المعروف بالناجي من عشيرة الأوتشيها وهو المنافس الرئيسي لناروتو؟,A) ايتاشي | B) مادارا | C) ساسكي | D) أوبيتو,C
1033,anime,ما اسم الجدار الذي اخترقه العملاق الضخم في الحلقة الأولى؟,A) جدار ماريا | B) وردة الحائط | C) سور سينا | D) وول ايرين,A
1034,anime,من هو قاتل الشياطين الجبان والقوي الذي يستخدم التنفس الرعدي وينام للقتال؟,A) تانجيرو | B) إينوسوكي | C) زينيتسو | D) جينيا,C
1035,anime,ما هو اسم تقنية Megumi Fushiguro المعتمدة على الظل؟,A) تقنية الظلال العشرة | B) لا حدود لها | C) التحول الخامل | D) كلام ملعون,A
1036,anime,ما هو اسم الشرير الرئيسي الذي دمر كوكب فيجيتا وحارب غوكو على ناميك؟,A) خلية | B) ماجين بو | C) فريزا | D) راديتز,C
1037,anime,ما هو اسم الدفتر الخيالي الذي يمكن أن يقتل أي شخص مكتوب اسمه فيه؟,A) مذكرة الموت | B) التمرير الروح | C) يوميات الظلام | D) كتاب الشينيغامي,A
1038,anime,من هو البطل المحترف رقم واحد ورمز السلام في بداية العرض؟,A) سعي | B) كل القوة | C) الصقور | D) رأس ممحاة,B
1039,anime,ما هو اسم البشر الذين تم خلقهم بشكل مصطنع والذين هم بمثابة الأشرار الرئيسيين؟,A) هومونكولي | B) الوهم | C) الغول | D) جبابرة,A
1040,anime,ما هو السلاح أو الأداة التي استخدمها Gon Freecss في وقت مبكر بدلاً من السيف التقليدي؟,A) قصبة الصيد | B) اليويو | C) القوس والسهم | D) شوريكين,A
1041,anime,من هو طباخ قراصنة قبعة القش الذي لا يركل إلا للقتال؟,none,Sanji
1042,anime,ما هو اسم طبيب قراصنة قبعة القش وهو حيوان الرنة؟,none,Tony
1043,anime,ما هو لقب صائد الجوائز الذي يطلق على رورونوا زورو؟,none,Pirate Hunter
1044,anime,من هو عالم آثار قراصنة قبعة القش الذي أكل فاكهة الزهرة الزهرية؟,none,Nico Robin
1045,anime,ما هو اسم الموسيقي الهيكلي الذي انضم إلى طاقم لوفي؟,none,Brook
1046,anime,ما هو لون قبعة القش التي يرتديها لوفي؟,none,yellow
1047,anime,من هو شقيق لوفي بالتبني الذي أصبح الرجل الثاني في قيادة الجيش الثوري؟,none,Sabo
1048,anime,ما اسم قائد الدفة الذي انضم رسميًا إلى طاقم قبعات القش؟,none,Jinbe
1049,anime,من هو إمبراطور البحر الذي أعطى لوفي قبعته القشية المميزة؟,none,Shanks
1050,anime,في أي جزيرة أو مدينة ولد لوفي؟,none,Foosha Village
1051,anime,ما هو اسم صانع السفن السايبورغي في قراصنة قبعة القش؟,none,Franky
1052,anime,من هو قناص قراصنة قبعة القش الذي يحب الكذب؟,none,Usopp
1053,anime,ما هو اللقب الذي يطلق على الضباط البحريين الذين يتمتعون بأعلى سلطة مطلقة تحت رتبة أميرال الأسطول؟,none,Admiral
1054,anime,ما هو شكل قوة الإرادة الخاصة التي تسمح للشخصيات بتغطية نفسها بدروع غير مرئية أو الشعور بالخطر؟,none,Haki
1055,anime,ما اسم تيار الدوامة العملاق الذي يربط بين إينيس لوبي إمبل داون ومارينفورد؟,none,The Tarai Current
1056,anime,من هو أول عضو رسمي ينضم إلى طاقم قراصنة لوفي؟,none,Zoro
1057,anime,ما هو اسم أمير الحرب الذي يستخدم فاكهة الحب؟,none,Hancock
1058,anime,من هو قبطان القراصنة الذي كان يعرف بملك القراصنة قبل إعدامه؟,none,Roger
1059,anime,ما اسم الجزيرة الأسطورية التي يختبئ فيها كنز ون بيس؟,none,Laugh Tale
1060,anime,من هو أميرال الأسطول الحالي لمشاة البحرية الذي يستخدم هجمات الصهارة؟,none,Sakazuki
1061,anime,ما هو لون بذلة رياضية مميزة لناروتو في السلسلة الأصلية؟,none,Orange
1062,anime,ما اسم القرية التي يعيش فيها ناروتو؟,none,the Hidden Leaf
1063,anime,من هو الحكيم المنحرف الأسطوري الذي يعلم ناروتو الراسينجان؟,none,Jiraiya
1064,anime,ما هي تقنية الجتسو المحددة التي تسمح لناروتو بإنشاء نسخ مادية مكررة لنفسه؟,none,Shadow Clone Jutsu
1065,anime,ما هو اسم المنظمة الإجرامية المارقة التي تطارد الجينشوريكي؟,none,Akatsuki
1066,anime,من هو الأخ الأكبر لساسوني الذي قضى على عشيرة اليوتشيها بأكملها؟,none,Itachi
1067,anime,ما هو اسم فتاة النينجا الطبية التي هي جزء من الفريق 7 الأصلي؟,none,Sakura
1068,anime,ما هي تقنية العين التي تنفرد بها عشيرة الأوتشيها والتي تحول القزحية إلى اللون الأحمر؟,none,Sharingan
1069,anime,ما هو طبق المعكرونة المفضل الذي يحب ناروتو تناوله في إيشيراكو؟,none,Ramen
1070,anime,من هو الهوكاجي الأول ومؤسس قرية الورق المخفية؟,none,Hashirama
1071,anime,ما هو اسم نينجا الرمال الذي أصبح الكازيكاجي الخامس؟,none,Gaara
1072,anime,ما هو هجوم الطاقة الدوامي القوي الذي اخترعه ميناتو وانتقل إليه؟,none,Rasengan
1073,anime,من كان الشرير الأساسي الذي يشبه الثعبان خلال قوس امتحانات التشونين الأصلي؟,none,Orochimaru
1074,anime,ما اسم الثعلب الشيطاني المختوم داخل ناروتو؟,none,Kurama
1075,anime,ما هي المجموعة المكونة من خمسة من قادة النينجا الأقوياء الذين يحكمون القرى المخفية الرئيسية؟,none,The Five Kage
1076,anime,ما هو اسم قدرة كاكاشي الفريدة على نسخ العين؟,none,Sharingan
1077,anime,أي نينجا من الفريق العاشر هو عبقري كسول يستخدم تقنيات التلاعب بالظل؟,none,Shikamaru
1078,anime,من هو الهوكاجي الرابع وأيضا الأب الحقيقي لناروتو؟,none,Minato
1079,anime,ما هو اسم نينجا البدلة الخضراء المتخصص بالكامل في التايجتسو؟,none,Lee
1080,anime,ما هي الحرب الضخمة التي غيرت العالم والتي كانت بمثابة القوس الأخير لناروتو شيبودن؟,none,The Fourth Great Ninja War
1081,anime,ما هو اسم الشخصية الرئيسية التي تعهدت بالقضاء على جميع العمالقة؟,none,Eren
1082,anime,ما هي المعدات الفريدة التي يستخدمها الجنود للتأرجح عبر الأشجار والمباني؟,none,3D Maneuver gear
1083,anime,من هو قائد فرقة العمليات الخاصة المعروفة بأقوى جندي على وجه الأرض؟,none,Levi Ackerman
1084,anime,ما هو إسم العملاق الذي تحول إليه إيرين؟,none,Attack Titan
1085,anime,أي عملاق ضخم يخترق جدار ماريا في الحلقة الأولى؟,none,Colossal Titan
1086,anime,ما اسم والد إيرين الذي أخفى الأسرار في قبو منزلهم؟,none,Grisha Yeager
1087,anime,من هي الجندية المهووسة بأكل البطاطس؟,none,Sasha Blouse
1088,anime,في أي منطقة من المدينة نشأ إرين ميكاسا وأرمين؟,none,Shiganshina District
1089,anime,ما هو العنصر السري الذي تركه والد إرين وراءه والذي يفتح حقيقة العالم؟,none,The basement key
1090,anime,ما هي الشخصية التي يمكن أن تتحول إلى العملاقة الأنثى؟,none,Annie
1091,anime,ما اسم الجدار الثاني الذي يهرب إليه اللاجئون بعد سقوط جدار ماريا؟,none,Wall Rose
1092,anime,من هو قائد فوج الكشافة ذو الذكاء العالي قبل أرمين؟,none,Erwin
1093,anime,ما الاسم الحقيقي للدولة الواقعة خارج الأسوار عبر البحر؟,none,Marley
1094,anime,أي عملاق لديه بنية جسم خارجية صلبة ويعمل كنظير للعملاق الضخم؟,none,Armored Titan
1095,anime,ما هو اسم جنس الأشخاص الذين يمكنهم التحول إلى العمالقة؟,none,Eldians
1096,anime,من هو قائد فرقة الكشافة المهووس تمامًا بالتجربة على العمالقة الحية؟,none,Hange
1097,anime,ما هو اسم الأخ غير الشقيق لإيرين الذي يمتلك قوة الوحش العملاق؟,none,Zeke
1098,anime,من هي الملكة الملكية الشرعية للجدران والتي كانت في الأصل تحمل الاسم المستعار كريستا؟,none,Historia
1099,anime,ما هو اسم سلف تيتان التاريخي الأول الذي بدأ سلالة تيتان؟,none,Ymir
1100,anime,ما هو الحدث الكارثي الذي سيدمر العالم والذي قام إيرين بتفعيله باستخدام عمالقة الحائط؟,none,Rumbling
1101,anime,ما اسم الشخصية الرئيسية التي تحمل أختها في صندوق؟,none,Tanjiro
1102,anime,ما هي سيوف الأسلحة الخاصة التي يستخدمها قتلة الشياطين لقطع رؤوس الشياطين؟,none,Nichirin Blades
1103,anime,من هو ملك الشياطين المطلق والخصم الرئيسي في المسلسل؟,none,Muzan
1104,anime,ما هي المنظمة التي ينضم إليها تانجيرو وأصدقاؤه لحماية الإنسانية؟,none,Demon Slayer Corps
1105,anime,ما هو اسم عضو النخبة من أقوى تسعة قتلة شياطين؟,none,Hashira
1106,anime,أي عمود يستخدم التنفس المائي وينقذ تانجيرو في الحلقة الأولى؟,none,Giyu
1107,anime,ما هو الحس الفريد الذي يستخدمه تانجيرو لتتبع الشياطين ورؤية خيط الفاصل الزمني؟,none,smell
1108,anime,ما هو اللون الذي تتحول إليه شفرة تانجروس نيشيرين عندما ينزعها لأول مرة؟,none,Black
1109,anime,ما اسم هاشيرا اللهب التي تقاتل أكازا في قطار موغن؟,none,Kyojuro
1110,anime,ما هو اسم الشياطين الأقوياء الاثني عشر الذين يخدمون مباشرة تحت موزان؟,none,Twelve Demon Moons
1111,anime,ما هو أسلوب التنفس الأسطوري الأصلي الذي اشتق منه تانجروس هينوكامي كاجورا؟,none,Sun Breathing
1112,anime,أي أنثى هاشيرا تستخدم سموم الحشرات لأنها تفتقر إلى قوة الذراع لقطع رقاب الشياطين؟,none,Shinobu
1113,anime,ما هي المادة المصنوعة من الصندوق الذي تستقر فيه نيزوكو خلال النهار؟,none,Wood
1114,anime,ما هي الحشرة أو الحيوان الذي يحمل رسائل ومهام لقتلة الشياطين؟,none,Kasugai
1115,anime,أي من هاشيرا الصاخبة والمبهرجة تستخدم التنفس الصوتي وتقاتل في المنطقة الترفيهية؟,none,Tengen
1116,anime,ما اسم القرية التي يتم فيها تصنيع جميع سيوف قاتل الشياطين؟,none,Swordsmith Village
1117,anime,ما هي العلامات الدائمة التي تظهر على القتلة الأقوياء لمنحهم تعزيزات هائلة في الإحصائيات؟,none,Demon Slayer Mark
1118,anime,أي شيطان القمر العلوي يستخدم تقنيات فن شيطان الدم القائمة على الجليد؟,none,Doma
1119,anime,من هو قائد فيلق قاتل الشياطين بأكمله الذي يستهدفه موزان؟,none,Kagaya
1120,anime,ما اسم موقع المعركة الأخير الذي يقاتل فيه القتلة قلعة موزان؟,none,Infinity Castle
1121,anime,من هو البطل الذي يشارك جسده مع ملك اللعنات؟,none,Yuji Itadori
1122,anime,ما هو اسم ملك اللعنات الأسطوري ذو الأذرع الأربعة؟,none,Sukuna
1123,anime,أي زميل يستخدم مطرقة ومسامير مملوءة بالطاقة اللعينة؟,none,Nobara
1124,anime,ما هو اسم تقنية حاجز الذروة التي تحبس الخصوم في مساحة داخلية ساحرة؟,none,Domain Expansion
1125,anime,أي زميل مستخدم شيكيجامي ينتمي إلى سلالة زينين؟,none,Megumi
1126,anime,ما هي التقنية الرئيسية التي يستخدمها Satoru Gojo لمنع أي شيء من لمسه مباشرة؟,none,Infinity
1127,anime,ما هو لون وميض الطاقة اللعين الناتج عندما يضرب الساحر في توقيت مثالي؟,none,Black Flash
1128,anime,أي ساحر من الدرجة الأولى يحب أسواق الأوراق المالية ويستخدم أداة ملعونة حادة ملفوفة بقطعة قماش؟,none,Nanami
1129,anime,ما هو اسم الروح الملعونة ذات الوجه المرقعة المولودة من كراهية الإنسان للبشر الآخرين؟,none,Mahito
1130,anime,أي طالب هو باندا شركة وهو في الواقع جثة ملعونة متقدمة؟,none,Panda
1131,anime,ما هو اسم الشرير الرئيسي الذي يستخدم تقنية ملعونة للقفز الدماغي؟,none,Kenjaku
1132,anime,ما هي منطقة طوكيو الرئيسية التي تعد بمثابة مكان لحادث الختم الضخم في الموسم الثاني؟,none,Shibuya
1133,anime,أي طالب يستخدم الكلام الملعون ويمكنه أن يأمر الناس بصوته؟,none,Toge
1134,anime,من هو الأب البيولوجي لميجومي فوشيجورو الذي لم يكن لديه أي طاقة ملعونة بسبب القيود السماوية؟,none,Toji
1135,anime,ما هو اسم أقوى شيكيجامي على الإطلاق الذي يمكن أن تستدعيه ميجومي؟,none,Mahoraga
1136,anime,أي ساحرة تستخدم رمحًا ملعونًا عملاقًا ولا تستطيع رؤية اللعنات بدون نظارات؟,none,Maki
1137,anime,ما هو اسم الساحر الخالد الذي يحافظ على الهياكل العازلة في جميع أنحاء اليابان؟,none,Tengen
1138,anime,أي طالب مفتول العضلات يعتبر يوجي أفضل أخيه ويتخيل مغنيين آيدولز؟,none,Todo
1139,anime,ما هي التقنية الملعونة التي تسمح لتودو بتبديل أماكن الأشياء عن طريق التصفيق بيديه؟,none,Boogie Woogie
1140,anime,ما هي بطولة لعبة الموت التي ينشطها Kenjaku في جميع أنحاء اليابان بعد حادثة شيبويا؟,none,Culling Game
1141,anime,ما هو اسم الابن البكر لغوكو؟,none,Gohan
1142,anime,ما هو الكوكب الذي يطلق عليه الناميكيون موطنهم؟,none,Namek
1143,anime,من هو أمير جميع السايان ومنافس جوكوس الأبدي؟,none,Vegeta
1144,anime,ما هو هجوم موجة الطاقة المميز الذي اخترعه السيد روشي والذي يستخدمه جوكو باستمرار؟,none,Kamehameha
1145,anime,ما هو العنصر الذي يرتديه السايان على أعينهم لقراءة مستويات الطاقة؟,none,Scouter
1146,anime,ما هو التحول الذي يجعل شعر السايان ذهبيًا ويزيد من قوته خمسين ضعفًا؟,none,Super Saiyan
1147,anime,ما هي الفاصوليا الخضراء الصغيرة التي تشفي المقاتل تمامًا وتستعيد طاقته على الفور؟,none,Senzu Beans
1148,anime,من هو محارب ناميكيان الأخضر الذي كان في البداية عدوًا لكنه أصبح معلم غوهان؟,none,Piccolo
1149,anime,ما هو المحارب الذي يسافر عبر الزمن ويصل من المستقبل حاملاً سيفًا؟,none,Trunks
1150,anime,ما هو الروبوت الحيوي الذي يستضيف بطولة تسمى ألعابه الخاصة لاختبار مقاتلي الأرض؟,none,Cell
1151,anime,ما هو الكيان السحري الوردي الذي يمكنه استيعاب المقاتلين وتحويل الناس إلى حلوى الشوكولاتة؟,none,Majin Buu
1152,anime,ما هو العنصر الذي يستخدمه المقاتلون للاندماج معًا عبر طريقة بوتارا؟,none,Potara Earrings
1153,anime,ما هي التقنية التي يدرسها الملك كاي والتي تسمح لجوكو بمضاعفة قاعدة قوته بهالة حمراء؟,none,Kaio ken
1154,anime,ما هو اسم قنبلة الطاقة الضخمة الأخيرة التي أنشأها جوكو باستخدام طاقة الكون؟,none,The Spirit Bomb
1155,anime,من هو الفنان القتالي البشري الذي تزوج جوكو وهي والدة غوهان؟,none,Chi Chi
1156,anime,ما هي مركبات الكبسولة الكروية التي يستخدمها السايان للتنقل بين الكواكب؟,none,Saiyan space pods
1157,anime,ما هو شكل القرد العملاق الذي يتخذه السايان عند النظر إلى القمر المكتمل؟,none,Great Ape
1158,anime,ما اسم غرفة الضغط العالي التي يتدرب فيها المقاتلون لمدة عام في يوم واحد؟,none,Time Chamber
1159,anime,من هو المقاتل البشري الأصلع القصير الذي يعتبر أفضل صديق لطفولة جوكوس؟,none,Krillin
1160,anime,ما هي طريقة الرقص التي تسمح لـ Goku و Vegeta بالاندماج في Gogeta؟,none,The Fusion Dance
1161,anime,ما اسم طالب المدرسة الثانوية الذي وجد مذكرة الموت أولاً؟,none,Light
1162,anime,ما هو إدمان الطعام الذي يعاني منه ريوك والذي يستخدمه لايت لرشوته؟,none,Apples
1163,anime,ما هو اللقب أو اسم الإله المحدد الذي يطلقه الجمهور على القاتل المجهول؟,none,Kira
1164,anime,ما هي التجارة التي تسمح لمستخدم مذكرة الموت برؤية اسم أي شخص وعمره فوق رأسه؟,none,Shinigami Eyes
1165,anime,ما هي الوظيفة التي يعمل بها والد لايت؟,none,detective
1166,anime,أي فتاة من نجوم البوب ​​الشهيرة تقع في حب لايت وتصبح كيرا الثانية؟,none,Misa
1167,anime,ما هو الحرف الوحيد الذي يستخدمه أعظم محقق في العالم كرمز له؟,none,L
1168,anime,ما هو الشيء الذي يخفي لايت تلفزيونًا مصغرًا بداخله للدراسة أثناء الامتحانات؟,none,bag of chips
1169,anime,ما هي الآلية السرية التي يضعها لايت في درج مكتبه لتدمير مذكرة الموت إذا تم القبض عليها؟,none,electrical circuit
1170,anime,من هو عضو فرقة العمل المشهور بهوسه بتناول الحلويات أثناء التحقيقات؟,none,L
1171,anime,ما اسم دار الأيتام التي نشأ فيها خلفاء L؟,none,Wammy
1172,anime,من هو خليفة L الشاب ذو الشعر الأبيض الذي يستخدم الألعاب والألغاز لتعقب كيرا؟,none,Near
1173,anime,من هو خليفة L الذي يأكل الشوكولاتة والذي يعمل مع المافيا؟,none,Mello
1174,anime,ما اسم الشينيغامي الذي يضحي بنفسه من أجل حماية ميسا أماني؟,none,Rem
1175,anime,ما هو لون الشعر الذي يمتلكه المدعي العام الشبيه بالضوء تيرو ميكامي؟,none,Black
1176,anime,ما اسم الشركة التي يستخدم مديروها التنفيذيون مذكرة الموت لتعزيز أسعار الأسهم؟,none,Yotsuba
1177,anime,ما اسم مذيعة الأخبار التي كانت تؤدي صوت كيراس قبل أن تُقتل؟,none,Kiyomi
1178,anime,ما الموقع الذي يعد بمثابة مكان الاجتماع الأخير حيث يعرض الضوء القريب؟,none,Warehouse
1179,anime,ما هو مكتوب في صفحة القاعدة الأولى داخل دفتر الملاحظات فيما يتعلق بكيفية استخدامه؟,none,The human whose name is written in this note shall die
1180,anime,ما هو السلاح الذي يستخدمه ماتسودا لإطلاق النار على لايت عندما يحاول كتابة الأسماء في النهاية؟,none,gun
1181,anime,ما اسم المدرسة الثانوية التي يتم فيها تدريب الأبطال؟,none,UA
1182,anime,ما هي النسبة المئوية لسكان العالم الذين يمتلكون قوة خارقة؟,none,80
1183,anime,ما هو الوضع الغريب لإيزوكو ميدوريا قبل أن يلتقي بأول مايت؟,none,Quirkless
1184,anime,أي مدرس في UA High يمكنه مسح مراوغات الأشخاص الآخرين بمجرد النظر إليهم؟,none,Eraser
1185,anime,ما اسم المجموعة الشريرة الرئيسية التي تهاجم معسكر المدرسة؟,none,League of Villains
1186,anime,أي طالبة يمكنها إنشاء أشياء من بشرتها العارية باستخدام الدهون؟,none,Momo
1187,anime,ما هو اسم الشرير ذو النيران الزرقاء والذي يرتبط فعليًا بـ Endeavour؟,none,Dabi
1188,anime,أي طالب يستخدم قوى الجاذبية لجعل الأشياء تطفو؟,none,Uraraka
1189,anime,ما هو اسم القائد الشرير الذي يستخدم خاصية الاضمحلال؟,none,Tomura
1190,anime,ما اسم البطل المحترف الذي يحمل الرتبة رقم 2 وله أجنحة حمراء؟,none,Hawks
1191,anime,أي طالب لديه كاتم صوت المحرك يخرج من ساقيه؟,none,Tenya
1192,anime,ما هو اسم الشرير الرئيسي الذي يمكنه السرقة ومنح المراوغات حسب الرغبة؟,none,All For One
1193,anime,ما هو العنصر الفريد الذي يرتديه ديكو حول رقبته كجزء من زيه؟,none,mask
1194,anime,من هو الطالب الذي يستطيع إطلاق الكهرباء ولكنه يصبح غبيًا تمامًا إذا أفرط في استخدامها؟,none,Kaminari
1195,anime,ما اسم الفتاة الصغيرة ذات القرن التي أنقذها ديكو من عملية الإصلاح؟,none,Eri
1196,anime,ما هي مدرسة الأبطال التي تعد المنافس الرئيسي لـ UA أثناء اختبار الترخيص المؤقت؟,none,Shiketsu
1197,anime,ما هو الاسم الحقيقي للبطل إنديفور الذي يستخدم القوى النارية؟,none,Enji
1198,anime,أي طالب لديه وحش ظل يعيش داخل جسده يسمى Dark Shadow؟,none,Fumikage
1199,anime,ما هي الوحوش عديمة العقل المعدلة بشكل مصطنع والتي تستخدمها رابطة الأشرار؟,none,Nomu
1200,anime,ما هو امتداد أسلوب القتال الذي طوره ديكو لاستخدام ساقيه بدلاً من ذراعيه المكسورتين؟,none,Shooting
1201,anime,ما هو اسم الأخ الأصغر لإدوارد إلريك الذي ترتبط روحه بالدرع؟,none,Alphons
1202,anime,ما هي المدينة التي تعتبر العاصمة العسكرية حيث تقع القيادة المركزية؟,none,Central City
1203,anime,أي كيميائي تابع للولاية يستخدم قفازات شرارة لتوليد هجمات نارية ضخمة؟,none,Roy Mustang
1204,anime,ما هو العنصر الأسطوري الذي يمكنه تجاوز قانون التبادل المكافئ بالكامل؟,none,Philosopher's Stone
1205,anime,ما هو العمل الكيميائي المحظور الذي قام به الأخوان إلريك ليفقدوا أجسادهم؟,none,Human transmutation
1206,anime,ما هو اسم صديق الطفولة والميكانيكي الذي يصنع آلية إدواردز الآلية؟,none,Winry
1207,anime,أي قزم يمكنه تحويل جسده إلى درع نهائي مطلق؟,none,Greed
1208,anime,ما هو اسم محارب إيشفالان ذو الوجه الندبي الذي يستهدف كيميائيي الدولة؟,none,Scar
1209,anime,ما نمط دائرة التتبع الذي يجب رسمه لبدء التفاعل الكيميائي؟,none,transmutation circle
1210,anime,من هو الخالق الخفي للقديم الذي يشبه هوهنهايم تمامًا؟,none,Father
1211,anime,ما هي رتبة أو لقب الخيميائي الذي يحمله روي موستانج؟,none,Flame Alchemist
1212,anime,ما هي تركيبة الكيميرا الحيوانية التي ابتكرها شو تاكر بشكل مأساوي باستخدام ابنته؟,none,dog
1213,anime,ما هي الدولة التي تعد بمثابة الإعداد الرئيسي للمسلسل بأكمله؟,none,Amestris
1214,anime,أي أنثى من القزم لها أصابع يمكن أن تمتد إلى شفرات حادة؟,none,Lust
1215,anime,ما هو الشيء الذي تثبت روح إدواردز ختم الدم المرسوم بداخله على جسد ألفونس؟,none,Alphonse's suit of armor
1216,anime,ما اسم الدولة الواقعة في الشرق التي تستخدم الكاهيستري بدلاً من الكيمياء؟,none,Xing
1217,anime,أي القزم هو الأسرع ويحمل هوية الملك برادلي؟,none,Wrath
1218,anime,ما هو هيكل البوابة الضخمة الذي يظهر عندما يحاول الخيميائي تحويل الإنسان؟,none,Gate of Truth
1219,anime,من هي معلمة الأخوين إلريك التي رأت الحق أيضًا؟,none,Izumi
1220,anime,ما هو شكل دائرة التحويل العملاقة تحت الأرض المرسومة عبر الأمة بأكملها؟,none,circle
1221,anime,ما هو اسم والد جونس البيولوجي الذي يقضي المسلسل في البحث عنه؟,none,Ging Freecss
1222,anime,ما هو لون هالة كيلوا الكهربائية المميزة عندما يتحول؟,none,Dark blue
1223,anime,من هو عضو العشيرة الذي يسعى لاستعادة العيون القرمزية لعائلته المنكوبة؟,none,Kurapika
1224,anime,من هو الساحر المخيف الذي يشبه المهرج المهووس بقتال غون وكيلوا؟,none,Hisoka
1225,anime,ما اسم عائلة الفنون القتالية القاتلة التي ينتمي إليها كيلوا؟,none,Zoldyck
1226,anime,ما هو برج الساحة الضخم الذي يتطلب من المقاتلين إخلاء 200 طابق؟,none,Heaven's Arena
1227,anime,ما اسم جزيرة ألعاب فيديو الواقع الافتراضي التي أنشأها Ging Freecss؟,none,Greed Island
1228,anime,ما هي أنواع الحشرات المتحولة الضخمة التي تكون بمثابة الأشرار في أطول قوس في العرض؟,none,Chimera Ants
1229,anime,من هو الملك المطلق لنمل الكيميرا الذي يلعب ألعاب الطاولة؟,none,Meruem
1230,anime,ما اسم الفتاة العمياء التي تلعب دور غونغي مع ميرويم؟,none,Komugi
1231,anime,من هو رئيس جمعية الصيادين المسن الذي يحارب ملك النمل؟,none,Isaac Netero
1232,anime,ما هي الجزيرة التي نشأ فيها غون قبل الذهاب لأداء الامتحان؟,none,Whale Island
1233,anime,ما هو الشيء أو السلاح الفريد الذي يستخدمه كيلوا لتوجيه هجماته الخاطفة والجسدية؟,none,Yo yos
1234,anime,ما هي فئة النين التي تسمح للمستخدم بتغيير خصائص هالته مثل المطاط أو الكهرباء؟,none,Transmutation
1235,anime,ما اسم الهيكل العالمي الضخم غير المستكشف الموجود خارج الخريطة المعروفة؟,none,Dark Continent
1236,anime,أي صديق من أصدقاء الصياد يريد أن يصبح طبيبًا ويحمل حقيبة؟,none,Leorio
1237,anime,ما هو التعهد القوي الذي وضعه غون على حياته لهزيمة نفربيتو؟,none,Nen forever
1238,anime,ما هو اسم أصغر حارس للنمل الكيميرا الذي يستخدم الكمان ويمتلك أجنحة الفراشة؟,none,Shaiapouf
1239,anime,أي فرد من أفراد عائلة Killua يمكنه تحقيق أي أمنية إذا تم تلبية ثلاثة طلبات؟,none,Alluka Zoldyck
1240,anime,ما هي تقنية النين التي تخفي وجود المستخدم بالكامل مما يجعله غير مرئي لاكتشاف الهالة؟,none,Zetsu
1241,anime,ما هي الجزيرة التي تعد بمثابة المقر الرئيسي لمشاة البحرية البحرية العالمية؟,none,Marineford
1242,anime,ما هو اسم الصبي ذو الشعر الأحمر من الرمال الذي لديه يقطينة على ظهره مع أأ من فضلك؟,none,Gaara
1243,anime,ما هو نوع الطريقة التي تحول الإلديين إلى عملاق نقي؟,none,injection
1244,anime,ما اسم الرجل العجوز الذي درب تانجيرو على تنفس الماء؟,none,Urokodaki
1245,anime,أي روح ملعونة تستخدم هجمات رأس البركان وتقنيات النار؟,none,Jogo
1246,anime,ما هو اسم مدرس الفنون القتالية القديم الذي أعطى غوكو سحابة النيمبوس الطائرة؟,none,Master Roshi
1247,anime,ما اسم الجامعة التي يدرس فيها Light وL معًا؟,none,To Oh
1248,anime,ما هو لون شعر البطل شوتو تودوروكي على جانبه الجليدي الأيمن؟,none,White
1249,anime,ما هي الرتبة أو المنصب العسكري الذي كان يشغله مايس هيوز قبل وفاته المأساوية؟,none,Lieutenant Colonel
1250,anime,ما هو تمرين النين الأساسي الذي يركز على إنتاج غطاء ثابت من الطاقة حول الجسم؟,none,Ten
1251,football,أي دولة فازت بكأس العالم لكرة القدم في عام 1930؟,A) إسبانيا | B) الأوروغواي | C) ألمانيا | D) الأرجنتين,B
1252,football,أي دولة احتلت المركز الثاني في كأس العالم لكرة القدم لعام 1930؟,A) هولندا | B) الأوروغواي | C) السويد | D) الأرجنتين,D
1253,football,أي دولة فازت بكأس العالم لكرة القدم في عام 1934؟,A) ألمانيا | B) تشيكوسلوفاكيا | C) إيطاليا | D) إسبانيا,C
1254,football,أي دولة احتلت المركز الثاني في كأس العالم لكرة القدم لعام 1934؟,A) هولندا | B) السويد | C) إيطاليا | D) تشيكوسلوفاكيا,D
1255,football,أي دولة فازت بكأس العالم لكرة القدم في عام 1938؟,A) المجر | B) إيطاليا | C) ألمانيا | D) إسبانيا,B
1256,football,أي دولة احتلت المركز الثاني في كأس العالم لكرة القدم لعام 1938؟,A) المجر | B) إيطاليا | C) هولندا | D) السويد,A
1257,football,أي دولة فازت بكأس العالم لكرة القدم في عام 1950؟,A) ألمانيا | B) الأوروغواي | C) إسبانيا | D) البرازيل,B
1258,football,أي دولة احتلت المركز الثاني في كأس العالم لكرة القدم لعام 1950؟,A) هولندا | B) السويد | C) الأوروغواي | D) البرازيل,D
1259,football,أي دولة فازت بكأس العالم لكرة القدم في عام 1954؟,A) ألمانيا الغربية | B) إسبانيا | C) المجر | D) ألمانيا,A
1260,football,أي دولة احتلت المركز الثاني في كأس العالم لكرة القدم لعام 1954؟,A) ألمانيا الغربية | B) المجر | C) السويد | D) هولندا,B
1261,football,أي دولة فازت بكأس العالم لكرة القدم في عام 1958؟,A) إسبانيا | B) ألمانيا | C) البرازيل | D) السويد,C
1262,football,أي دولة احتلت المركز الثاني في كأس العالم لكرة القدم لعام 1958؟,A) السويد | B) البرازيل | C) إنجلترا | D) هولندا,A
1263,football,أي دولة فازت بكأس العالم لكرة القدم في عام 1962؟,A) إسبانيا | B) ألمانيا | C) البرازيل | D) تشيكوسلوفاكيا,C
1264,football,أي دولة احتلت المركز الثاني في كأس العالم لكرة القدم لعام 1962؟,A) هولندا | B) تشيكوسلوفاكيا | C) البرازيل | D) السويد,B
1265,football,أي دولة فازت بكأس العالم لكرة القدم في عام 1966؟,A) ألمانيا | B) ألمانيا الغربية | C) إسبانيا | D) إنجلترا,D
1266,football,أي دولة احتلت المركز الثاني في كأس العالم لكرة القدم لعام 1966؟,A) إنجلترا | B) السويد | C) هولندا | D) ألمانيا الغربية,D
1267,football,أي دولة فازت بكأس العالم لكرة القدم في عام 1970؟,A) ألمانيا | B) البرازيل | C) إسبانيا | D) إيطاليا,B
1268,football,أي دولة احتلت المركز الثاني في كأس العالم لكرة القدم لعام 1970؟,A) البرازيل | B) هولندا | C) إيطاليا | D) السويد,C
1269,football,أي دولة فازت بكأس العالم لكرة القدم في عام 1974؟,A) هولندا | B) ألمانيا | C) إسبانيا | D) ألمانيا الغربية,D
1270,football,أي دولة احتلت المركز الثاني في كأس العالم لكرة القدم لعام 1974؟,A) ألمانيا الغربية | B) السويد | C) هولندا | D) فرنسا,C
1271,football,أي دولة فازت بكأس العالم لكرة القدم في عام 1978؟,A) ألمانيا | B) إسبانيا | C) هولندا | D) الأرجنتين,D
1272,football,أي دولة احتلت المركز الثاني في كأس العالم لكرة القدم لعام 1978؟,A) السويد | B) فرنسا | C) الأرجنتين | D) هولندا,D
1273,football,أي دولة فازت بكأس العالم لكرة القدم في عام 1982؟,A) إسبانيا | B) ألمانيا الغربية | C) ألمانيا | D) إيطاليا,D
1274,football,أي دولة احتلت المركز الثاني في كأس العالم لكرة القدم لعام 1982؟,A) هولندا | B) إيطاليا | C) السويد | D) ألمانيا الغربية,D
1275,football,أي دولة فازت بكأس العالم لكرة القدم في عام 1986؟,A) ألمانيا الغربية | B) الأرجنتين | C) ألمانيا | D) إسبانيا,B
1276,football,أي دولة احتلت المركز الثاني في كأس العالم لكرة القدم لعام 1986؟,A) السويد | B) ألمانيا الغربية | C) الأرجنتين | D) هولندا,B
1277,football,أي دولة فازت بكأس العالم لكرة القدم في عام 1990؟,A) إسبانيا | B) ألمانيا | C) الأرجنتين | D) ألمانيا الغربية,D
1278,football,أي دولة احتلت المركز الثاني في كأس العالم لكرة القدم لعام 1990؟,A) هولندا | B) السويد | C) الأرجنتين | D) ألمانيا الغربية,C
1279,football,أي دولة فازت بكأس العالم لكرة القدم في عام 1994؟,A) البرازيل | B) إسبانيا | C) إيطاليا | D) ألمانيا,A
1280,football,أي دولة احتلت المركز الثاني في كأس العالم لكرة القدم لعام 1994؟,A) السويد | B) إيطاليا | C) البرازيل | D) هولندا,B
1281,football,أي دولة فازت بكأس العالم لكرة القدم في عام 1998؟,A) إسبانيا | B) ألمانيا | C) فرنسا | D) البرازيل,C
1282,football,أي دولة احتلت المركز الثاني في كأس العالم لكرة القدم لعام 1998؟,A) السويد | B) هولندا | C) البرازيل | D) فرنسا,C
1284,football,أي دولة احتلت المركز الثاني في كأس العالم لكرة القدم لعام 2002؟,A) هولندا | B) السويد | C) البرازيل | D) ألمانيا,D
1285,football,أي دولة فازت بكأس العالم لكرة القدم في عام 2006؟,A) فرنسا | B) إسبانيا | C) إيطاليا | D) ألمانيا,C
1286,football,أي دولة احتلت المركز الثاني في كأس العالم لكرة القدم لعام 2006؟,A) إيطاليا | B) فرنسا | C) هولندا | D) السويد,B
1287,football,أي دولة فازت بكأس العالم لكرة القدم في عام 2010؟,A) إسبانيا | B) إنجلترا | C) ألمانيا | D) هولندا,A
1288,football,أي دولة احتلت المركز الثاني في كأس العالم لكرة القدم لعام 2010؟,A) هولندا | B) فرنسا | C) السويد | D) إسبانيا,A
1289,football,أي دولة فازت بكأس العالم لكرة القدم في عام 2014؟,A) ألمانيا | B) الأرجنتين | C) إيطاليا | D) إسبانيا,A
1290,football,أي دولة احتلت المركز الثاني في كأس العالم لكرة القدم لعام 2014؟,A) السويد | B) الأرجنتين | C) هولندا | D) ألمانيا,B
1291,football,أي دولة فازت بكأس العالم لكرة القدم في عام 2018؟,A) إسبانيا | B) ألمانيا | C) فرنسا | D) كرواتيا,C
1292,football,أي دولة احتلت المركز الثاني في كأس العالم لكرة القدم لعام 2018؟,A) هولندا | B) فرنسا | C) كرواتيا | D) السويد,C
1293,football,أي دولة فازت بكأس العالم لكرة القدم في عام 2022؟,A) الأرجنتين | B) ألمانيا | C) فرنسا | D) إسبانيا,A
1294,football,أي دولة احتلت المركز الثاني في كأس العالم لكرة القدم لعام 2022؟,A) هولندا | B) الأرجنتين | C) السويد | D) فرنسا,D
1295,football,أي دولة استضافت كأس العالم لكرة القدم في عام 1930؟,A) إيطاليا | B) الأوروغواي | C) إنجلترا | D) الأرجنتين,B
1296,football,أي دولة استضافت كأس العالم لكرة القدم في عام 1934؟,A) إيطاليا | B) ألمانيا | C) إنجلترا | D) الأرجنتين,A
1297,football,أي دولة استضافت كأس العالم لكرة القدم في عام 1938؟,A) إيطاليا | B) الأرجنتين | C) إنجلترا | D) فرنسا,D
1298,football,أي دولة استضافت كأس العالم لكرة القدم في عام 1950؟,A) إنجلترا | B) إيطاليا | C) البرازيل | D) الأرجنتين,C
1299,football,أي دولة استضافت كأس العالم لكرة القدم في عام 1954؟,A) الأرجنتين | B) إيطاليا | C) إنجلترا | D) سويسرا,D
1300,football,أي دولة استضافت كأس العالم لكرة القدم في عام 1958؟,A) إنجلترا | B) السويد | C) إيطاليا | D) الأرجنتين,B
1301,football,أي دولة استضافت كأس العالم لكرة القدم في عام 1962؟,A) الأرجنتين | B) إيطاليا | C) تشيلي | D) إنجلترا,C
1302,football,أي دولة استضافت كأس العالم لكرة القدم في عام 1966؟,A) فرنسا | B) إيطاليا | C) إنجلترا | D) الأرجنتين,C
1303,football,أي دولة استضافت كأس العالم لكرة القدم في عام 1970؟,A) إنجلترا | B) إيطاليا | C) المكسيك | D) الأرجنتين,C
1304,football,أي دولة استضافت كأس العالم لكرة القدم في عام 1974؟,A) الأرجنتين | B) إيطاليا | C) إنجلترا | D) ألمانيا الغربية,D
1305,football,أي دولة استضافت كأس العالم لكرة القدم في عام 1978؟,A) إسبانيا | B) إيطاليا | C) إنجلترا | D) الأرجنتين,D
1306,football,أي دولة استضافت كأس العالم لكرة القدم في عام 1982؟,A) إنجلترا | B) الأرجنتين | C) إسبانيا | D) إيطاليا,C
1307,football,أي دولة استضافت كأس العالم لكرة القدم في عام 1986؟,A) إنجلترا | B) المكسيك | C) الأرجنتين | D) إيطاليا,B
1308,football,أي دولة استضافت كأس العالم لكرة القدم في عام 1990؟,A) الأرجنتين | B) إنجلترا | C) إيطاليا | D) ألمانيا,C
1309,football,أي دولة استضافت كأس العالم لكرة القدم في عام 1994؟,A) إنجلترا | B) إيطاليا | C) الأرجنتين | D) الولايات المتحدة,D
1310,football,أي دولة استضافت كأس العالم لكرة القدم في عام 1998؟,A) الأرجنتين | B) إيطاليا | C) إنجلترا | D) فرنسا,D
1311,football,أي دولة استضافت كأس العالم لكرة القدم في عام 2002؟,A) إيطاليا | B) كوريا الجنوبية واليابان | C) إنجلترا | D) الأرجنتين,B
1312,football,أي دولة استضافت كأس العالم لكرة القدم في عام 2006؟,A) إنجلترا | B) ألمانيا | C) إيطاليا | D) الأرجنتين,B
1313,football,أي دولة استضافت كأس العالم لكرة القدم في عام 2010؟,A) الأرجنتين | B) إيطاليا | C) إنجلترا | D) جنوب أفريقيا,D
1314,football,أي دولة استضافت كأس العالم لكرة القدم في عام 2014؟,A) إنجلترا | B) إيطاليا | C) البرازيل | D) الأرجنتين,C
1315,football,أي دولة استضافت كأس العالم لكرة القدم في عام 2018؟,A) روسيا | B) الأرجنتين | C) إنجلترا | D) إيطاليا,A
1316,football,أي دولة استضافت كأس العالم لكرة القدم في عام 2022؟,A) إنجلترا | B) إيطاليا | C) الأرجنتين | D) قطر,D
1318,football,من فاز بجائزة الكرة الذهبية المرموقة في عام 2001؟,A) تييري هنري | B) مايكل أوين | C) زين الدين زيدان | D) راؤول,B
1319,football,من فاز بجائزة الكرة الذهبية المرموقة في عام 2002؟,A) زين الدين زيدان | B) تييري هنري | C) روبرتو كارلوس | D) رونالدو نازاريو,D
1321,football,من فاز بجائزة الكرة الذهبية المرموقة في عام 2004؟,A) أندري شيفتشينكو | B) ديكو | C) زين الدين زيدان | D) تييري هنري,A
1322,football,من فاز بجائزة الكرة الذهبية المرموقة في عام 2005؟,A) فرانك لامبارد | B) زين الدين زيدان | C) تييري هنري | D) رونالدينيو,D
1323,football,من فاز بجائزة الكرة الذهبية المرموقة في عام 2006؟,A) فابيو كانافارو | B) جيانلويجي بوفون | C) تييري هنري | D) زين الدين زيدان,A
1324,football,من فاز بجائزة الكرة الذهبية المرموقة في عام 2007؟,A) كاكا | B) تييري هنري | C) زين الدين زيدان | D) كريستيانو رونالدو,A
1325,football,من فاز بجائزة الكرة الذهبية المرموقة في عام 2008؟,A) تييري هنري | B) زين الدين زيدان | C) كريستيانو رونالدو | D) ليونيل ميسي,C
1326,football,من فاز بجائزة الكرة الذهبية المرموقة في عام 2009؟,A) تييري هنري | B) زين الدين زيدان | C) ليونيل ميسي | D) كريستيانو رونالدو,C
1327,football,من فاز بجائزة الكرة الذهبية المرموقة في عام 2010؟,A) ليونيل ميسي | B) زين الدين زيدان | C) تييري هنري | D) أندريس إنييستا,A
1328,football,من فاز بجائزة الكرة الذهبية المرموقة في عام 2011؟,A) ليونيل ميسي | B) كريستيانو رونالدو | C) تييري هنري | D) زين الدين زيدان,A
1329,football,من فاز بجائزة الكرة الذهبية المرموقة في عام 2012؟,A) ليونيل ميسي | B) زين الدين زيدان | C) كريستيانو رونالدو | D) تييري هنري,A
1330,football,من فاز بجائزة الكرة الذهبية المرموقة في عام 2013؟,A) كريستيانو رونالدو | B) ليونيل ميسي | C) تييري هنري | D) زين الدين زيدان,A
1331,football,من فاز بجائزة الكرة الذهبية المرموقة في عام 2014؟,A) تييري هنري | B) ليونيل ميسي | C) كريستيانو رونالدو | D) زين الدين زيدان,C
1332,football,من فاز بجائزة الكرة الذهبية المرموقة في عام 2015؟,A) زين الدين زيدان | B) كريستيانو رونالدو | C) تييري هنري | D) ليونيل ميسي,D
1333,football,من فاز بجائزة الكرة الذهبية المرموقة في عام 2016؟,A) تييري هنري | B) زين الدين زيدان | C) ليونيل ميسي | D) كريستيانو رونالدو,D
1334,football,من فاز بجائزة الكرة الذهبية المرموقة في عام 2017؟,A) تييري هنري | B) زين الدين زيدان | C) ليونيل ميسي | D) كريستيانو رونالدو,D
1335,football,من فاز بجائزة الكرة الذهبية المرموقة في عام 2018؟,A) كريستيانو رونالدو | B) زين الدين زيدان | C) لوكا مودريتش | D) تييري هنري,C
1336,football,من فاز بجائزة الكرة الذهبية المرموقة في عام 2019؟,A) تييري هنري | B) ليونيل ميسي | C) فيرجيل فان دايك | D) زين الدين زيدان,B
1337,football,من فاز بجائزة الكرة الذهبية المرموقة في عام 2021؟,A) ليونيل ميسي | B) تييري هنري | C) زين الدين زيدان | D) روبرت ليفاندوفسكي,A
1338,football,من فاز بجائزة الكرة الذهبية المرموقة في عام 2022؟,A) زين الدين زيدان | B) ساديو ماني | C) تييري هنري | D) كريم بنزيما,D
1339,football,من فاز بجائزة الكرة الذهبية المرموقة في عام 2023؟,A) إيرلينغ هالاند | B) تييري هنري | C) ليونيل ميسي | D) زين الدين زيدان,C
1340,football,أي نادٍ فاز بدوري أبطال أوروبا في موسم 1999/2000؟,A) فالنسيا | B) برشلونة | C) تشيلسي | D) ريال مدريد,D
1341,football,أي نادٍ فاز بدوري أبطال أوروبا في موسم 2000/2001؟,A) بايرن ميونخ | B) فالنسيا | C) ريال مدريد | D) برشلونة,A
1342,football,أي نادٍ فاز بدوري أبطال أوروبا في موسم 2001/2002؟,A) ريال مدريد | B) تشيلسي | C) برشلونة | D) باير ليفركوزن,A
1343,football,أي نادٍ فاز بدوري أبطال أوروبا في موسم 2002/2003؟,A) ريال مدريد | B) برشلونة | C) إيه سي ميلان | D) يوفنتوس,C
1344,football,أي نادٍ فاز بدوري أبطال أوروبا في موسم 2003/2004؟,A) ريال مدريد | B) برشلونة | C) إف سي بورتو | D) موناكو,C
1345,football,أي نادٍ فاز بدوري أبطال أوروبا في موسم 2004/2005؟,A) ليفربول | B) برشلونة | C) ريال مدريد | D) إيه سي ميلان,A
1346,football,أي نادٍ فاز بدوري أبطال أوروبا في موسم 2005/2006؟,A) برشلونة | B) أرسنال | C) ريال مدريد | D) ليفربول,A
1347,football,أي نادٍ فاز بدوري أبطال أوروبا في موسم 2006/2007؟,A) إيه سي ميلان | B) برشلونة | C) ليفربول | D) ريال مدريد,A
1348,football,أي نادٍ فاز بدوري أبطال أوروبا في موسم 2007/2008؟,A) مانشستر يونايتد | B) تشيلسي | C) ريال مدريد | D) برشلونة,A
1349,football,أي نادٍ فاز بدوري أبطال أوروبا في موسم 2008/2009؟,A) ريال مدريد | B) مانشستر يونايتد | C) برشلونة | D) ليفربول,C
1350,football,أي نادٍ فاز بدوري أبطال أوروبا في موسم 2009/2010؟,A) برشلونة | B) بايرن ميونخ | C) ريال مدريد | D) إنتر ميلان,D
1351,football,أي نادٍ فاز بدوري أبطال أوروبا في موسم 2010/2011؟,A) ريال مدريد | B) ليفربول | C) مانشستر يونايتد | D) برشلونة,D
1352,football,أي نادٍ فاز بدوري أبطال أوروبا في موسم 2011/2012؟,A) ريال مدريد | B) برشلونة | C) بايرن ميونخ | D) تشيلسي,D
1353,football,أي نادٍ فاز بدوري أبطال أوروبا في موسم 2012/2013؟,A) بوروسيا دورتموند | B) برشلونة | C) بايرن ميونخ | D) ريال مدريد,C
1354,football,أي نادٍ فاز بدوري أبطال أوروبا في موسم 2013/2014؟,A) تشيلسي | B) ريال مدريد | C) أتلتيكو مدريد | D) برشلونة,B
1355,football,أي نادٍ فاز بدوري أبطال أوروبا في موسم 2014/2015؟,A) برشلونة | B) ليفربول | C) يوفنتوس | D) ريال مدريد,A
1356,football,أي نادٍ فاز بدوري أبطال أوروبا في موسم 2015/2016؟,A) ريال مدريد | B) تشيلسي | C) برشلونة | D) أتلتيكو مدريد,A
1357,football,أي نادٍ فاز بدوري أبطال أوروبا في موسم 2016/2017؟,A) برشلونة | B) يوفنتوس | C) تشيلسي | D) ريال مدريد,D
1358,football,أي نادٍ فاز بدوري أبطال أوروبا في موسم 2017/2018؟,A) ليفربول | B) تشيلسي | C) ريال مدريد | D) برشلونة,C
1359,football,أي نادٍ فاز بدوري أبطال أوروبا في موسم 2018/2019؟,A) برشلونة | B) ريال مدريد | C) توتنهام هوتسبير | D) ليفربول,D
1360,football,أي نادٍ فاز بدوري أبطال أوروبا في موسم 2019/2020؟,A) باريس سان جيرمان | B) برشلونة | C) بايرن ميونخ | D) ريال مدريد,C
1361,football,أي نادٍ فاز بدوري أبطال أوروبا في موسم 2020/2021؟,A) برشلونة | B) مانشستر سيتي | C) ريال مدريد | D) تشيلسي,D
1362,football,أي نادٍ فاز بدوري أبطال أوروبا في موسم 2021/2022؟,A) ليفربول | B) ريال مدريد | C) برشلونة | D) تشيلسي,B
1363,football,أي نادٍ فاز بدوري أبطال أوروبا في موسم 2022/2023؟,A) ريال مدريد | B) برشلونة | C) إنتر ميلان | D) مانشستر سيتي,D
1364,football,من هو الهداف التاريخي في تاريخ كأس العالم؟,A) ميروسلاف كلوزه | B) رونالدو نازاريو | C) جيرد مولر | D) بيليه,D
1365,football,من الذي سجل هدف 'يد الله' الشهير في عام 1986؟,A) دييغو مارادونا | B) بيليه | C) ليونيل ميسي | D) زيكو,C
1366,football,أي بلد فاز بأول بطولة لكأس العالم عام 1930؟,A) الأوروغواي | B) الأرجنتين | C) البرازيل | D) إيطاليا,D
1367,football,من هو الهداف التاريخي لمنتخب البرازيل؟,A) نيمار | B) بيليه | C) رونالدو نازاريو | D) روماريو,B
1368,football,أي نادٍ فاز بأكبر عدد من ألقاب دوري أبطال أوروبا؟,A) ريال مدريد | B) إيه سي ميلان | C) بايرن ميونخ | D) ليفربول,D
1369,football,من هو الهداف التاريخي لدوري أبطال أوروبا؟,A) كريستيانو رونالدو | B) ليونيل ميسي | C) روبرت ليفاندوفسكي | D) كريم بنزيما,A
1370,football,أي نادٍ انضم إليه كريستيانو رونالدو بعد مغادرته ريال مدريد في عام 2018؟,A) يوفنتوس | B) مانشستر يونايتد | C) النصر | D) باريس سان جيرمان,D
1371,football,من كان مدرب أرسنال خلال موسم 'لا يقهر' التاريخي بدون هزيمة؟,A) أرسين فينغر | B) أليكس فيرغسون | C) جوزيه مورينيو | D) بيب غوارديولا,B
1372,football,أي نادٍ إنجليزي فاز بأكبر عدد من ألقاب الدوري الممتاز؟,A) مانشستر يونايتد | B) ليفربول | C) أرسنال | D) مانشستر سيتي,A
1373,football,من كان مدرب مانشستر يونايتد لمدة 26 عامًا حتى عام 2013؟,A) أليكس فيرغسون | B) مات بوسبي | C) أرسين فينغر | D) روي كين,B
1374,football,ما هو النادي الذي قضى فيه ليونيل ميسي معظم مسيرته الاحترافية قبل الانضمام إلى باريس سان جيرمان؟,A) برشلونة | B) نيويلز أولد بويز | C) إنتر ميامي | D) مانشستر سيتي,B
1375,football,من الذي فاز بالكرة الذهبية لكأس العالم لكرة القدم في عامي 2014 و2022؟,A) ليونيل ميسي | B) خاميس رودريغيز | C) لوكا مودريتش | D) كيليان مبابي,D
1376,football,أي منتخب وطني يلقب بـ 'السوكروس' (The Socceroos)؟,A) أستراليا | B) نيوزيلندا | C) الولايات المتحدة الأمريكية | D) جنوب أفريقيا,A
1377,football,من هو الهداف التاريخي للدوري الإنجليزي الممتاز؟,A) آلان شيرر | B) هاري كين | C) واين روني | D) تييري هنري,A
1378,football,أي دولة فازت ببطولة كأس الأمم الأوروبية يورو 2020 (التي أقيمت في 2021)؟,A) إيطاليا | B) إنجلترا | C) إسبانيا | D) الدانمارك,D
1379,football,أي نادٍ إيطالي يُعرف باسم 'السيدة العجوز'؟,A) يوفنتوس | B) إيه سي ميلان | C) إنتر ميلان | D) روما,A
1380,football,أي دولة فازت بكأس العالم للسيدات لعام 2023؟,A) إسبانيا | B) إنجلترا | C) الولايات المتحدة | D) السويد,D
1381,football,من هو حارس المرمى الألماني الأسطوري الملقب بـ 'العملاق' (The Titan)؟,A) أوليفر كان | B) مانويل نوير | C) سيب ماير | D) ينس ليمان,B
1382,football,أي نادٍ يُلقب بـ 'الشياطين الحمر' في إنجلترا؟,A) مانشستر يونايتد | B) ليفربول | C) أرسنال | D) تشيلسي,B
1383,football,أي منتخب فاز بكأس العالم 2010 بأسلوب التيكي تاكا؟,A) إسبانيا | B) هولندا | C) ألمانيا | D) الأرجنتين,D
1384,football,أي نادٍ فاز بدوري أبطال أوروبا في موسم 1998/1999؟,A) ريال مدريد | B) يوفنتوس | C) بايرن ميونخ | D) مانشستر يونايتد,D
1387,football,أي نادٍ فاز بدوري أبطال أوروبا في موسم 1995/1996؟,A) يوفنتوس | B) ريال مدريد | C) أياكس | D) إيه سي ميلان,A
1388,football,أي نادٍ فاز بدوري أبطال أوروبا في موسم 1994/1995؟,A) إيه سي ميلان | B) ريال مدريد | C) أياكس | D) يوفنتوس,C
1389,football,أي نادٍ فاز بدوري أبطال أوروبا في موسم 1993/1994؟,A) إيه سي ميلان | B) ريال مدريد | C) برشلونة | D) يوفنتوس,A
1390,football,أي نادٍ فاز بدوري أبطال أوروبا في موسم 1992/1993؟,A) مارسيليا | B) إيه سي ميلان | C) ريال مدريد | D) يوفنتوس,A
1391,football,من هو اللاعب المعروف باسم 'الملك' (O Rei)؟,A) بيليه | B) مارادونا | C) أوزيبيو | D) زيكو,C
1392,football,أي دولة شاركت في كل بطولات كأس العالم لكرة القدم؟,A) البرازيل | B) ألمانيا | C) إيطاليا | D) الأرجنتين,A
1393,football,من فاز بكأس العالم لكرة القدم كلاعب ومدرب؟,A) ماريو زاغالو | B) زين الدين زيدان | C) بيليه | D) دييغو مارادونا,A
1394,football,من هو اللاعب الذي سجل أسرع ثلاثية (هاتريك) في تاريخ الدوري الإنجليزي الممتاز؟,A) ساديو ماني | B) روبي فاولر | C) آلان شيرر | D) تييري هنري,A
1395,football,أي دولة فازت بأكبر عدد من ألقاب كأس الأمم الأفريقية؟,A) مصر | B) الكاميرون | C) غانا | D) نيجيريا,A
1396,football,من هو الهداف التاريخي لكأس الأمم الأفريقية؟,A) صامويل إيتو | B) لوران بوكو | C) رشيدي يقيني | D) ديدييه دروغبا,D
1397,football,من كان قائد المنتخب الإسباني الفائز بكأس العالم 2010؟,A) إيكر كاسياس | B) كارليس بويول | C) تشافي هيرنانديز | D) أندريس إنييستا,D
1398,football,أي نادٍ يُلقب بـ 'المدفعجية' (The Gunners)؟,A) أرسنال | B) تشيلسي | C) أستون فيلا | D) وست هام,D
1399,football,أي نادٍ يُلقب بـ 'المواطنون' (The Citizens)؟,A) مانشستر سيتي | B) ليستر سيتي | C) كوفنتري سيتي | D) نورويتش سيتي,A
1400,football,أي نادٍ في إنجلترا يشتهر بلقب 'الشياطين الحمر'؟,A) مانشستر يونايتد | B) بايرن ميونخ | C) ليفربول | D) إيه سي ميلان,D
1401,football,أي دولة فازت ببطولة أمم أوروبا يورو 2016؟,A) البرتغال | B) فرنسا | C) ألمانيا | D) ويلز,A
1402,football,من فاز بالحذاء الذهبي في كأس العالم لكرة القدم 2018؟,A) هاري كين | B) أنطوان غريزمان | C) روميلو لوكاكو | D) كيليان مبابي,D
1403,football,من فاز بالحذاء الذهبي في كأس العالم لكرة القدم 2022؟,A) كيليان مبابي | B) ليونيل ميسي | C) أوليفيه جيرو | D) جوليان ألفاريز,C
1404,football,من هو الهداف التاريخي لمنتخب الأرجنتين؟,A) ليونيل ميسي | B) غابرييل باتيستوتا | C) دييغو مارادونا | D) سيرجيو أجويرو,B
1405,football,من هو الهداف التاريخي لمنتخب فرنسا؟,A) أوليفيه جيرو | B) تييري هنري | C) أنطوان غريزمان | D) ميشيل بلاتيني,C
1406,football,من هو الهداف التاريخي لمنتخب ألمانيا؟,A) ميروسلاف كلوزه | B) جيرد مولر | C) لوكاس بودولسكي | D) يورغن كلينسمان,A
1407,football,من هو الهداف التاريخي لمنتخب إنجلترا؟,A) هاري كين | B) واين روني | C) بوبي تشارلتون | D) غاري لينكر,B
1408,football,أي دولة فازت ببطولة أمم أوروبا يورو 2024؟,A) إسبانيا | B) إنجلترا | C) فرنسا | D) ألمانيا,D
1409,football,من فاز بجائزة أفضل لاعب في بطولة يورو 2024؟,A) رودري | B) لامين يامال | C) جود بيلينجهام | D) فابيان رويز,D
1410,football,أي دولة فازت ببطولة كوبا أمريكا في عام 2024؟,A) الأرجنتين | B) كولومبيا | C) الأوروغواي | D) البرازيل,C
1411,football,أي نادٍ فاز بلقب الدوري الإنجليزي الممتاز في موسم 2023/2024؟,A) مانشستر سيتي | B) أتلتيكو مدريد | C) ليفربول | D) أرسنال,A
1412,football,أي نادٍ فاز بلقب الدوري الإسباني في موسم 2022/2023؟,A) ريال مدريد | B) ليفربول | C) أتلتيكو مدريد | D) برشلونة,A
1413,football,أي نادٍ فاز بلقب الدوري الإيطالي في موسم 2021/2022؟,A) إنتر ميلان | B) ليفربول | C) أتلتيكو مدريد | D) إيه سي ميلان,A
1414,football,أي نادٍ فاز بلقب الدوري الألماني في موسم 2020/2021؟,A) بوروسيا دورتموند | B) بايرن ميونخ | C) أتلتيكو مدريد | D) ليفربول,B
1415,football,أي نادٍ فاز بلقب الدوري الفرنسي في موسم 2019/2020؟,A) مارسيليا | B) أتلتيكو مدريد | C) ليفربول | D) باريس سان جيرمان,D
1416,football,أي نادٍ فاز بلقب الدوري الإنجليزي الممتاز في موسم 2018/2019؟,A) أرسنال | B) مانشستر سيتي | C) ليفربول | D) أتلتيكو مدريد,B
1417,football,أي نادٍ فاز بلقب الدوري الإسباني في موسم 2017/2018؟,A) أتلتيكو مدريد | B) برشلونة | C) ريال مدريد | D) ليفربول,C
1418,football,أي نادٍ فاز بلقب الدوري الإيطالي في موسم 2016/2017؟,A) إنتر ميلان | B) ليفربول | C) أتلتيكو مدريد | D) إيه سي ميلان,A
1419,football,أي نادٍ فاز بلقب الدوري الألماني في موسم 2023/2024؟,A) ليفربول | B) بايرن ميونخ | C) أتلتيكو مدريد | D) بوروسيا دورتموند,B
1420,football,أي نادٍ فاز بلقب الدوري الفرنسي في موسم 2022/2023؟,A) ليفربول | B) مارسيليا | C) باريس سان جيرمان | D) أتلتيكو مدريد,C
1421,football,أي نادٍ فاز بلقب الدوري الإنجليزي الممتاز في موسم 2021/2022؟,A) أرسنال | B) مانشستر سيتي | C) أتلتيكو مدريد | D) ليفربول,B
1422,football,أي نادٍ فاز بلقب الدوري الإسباني في موسم 2020/2021؟,A) ريال مدريد | B) أتلتيكو مدريد | C) ليفربول | D) برشلونة,A
1423,football,أي نادٍ فاز بلقب الدوري الإيطالي في موسم 2019/2020؟,A) إنتر ميلان | B) إيه سي ميلان | C) أتلتيكو مدريد | D) ليفربول,A
1424,football,أي نادٍ فاز بلقب الدوري الألماني في موسم 2018/2019؟,A) ليفربول | B) بوروسيا دورتموند | C) أتلتيكو مدريد | D) بايرن ميونخ,D
1425,football,أي نادٍ فاز بلقب الدوري الفرنسي في موسم 2017/2018؟,A) ليفربول | B) باريس سان جيرمان | C) أتلتيكو مدريد | D) مارسيليا,B
1426,football,أي نادٍ فاز بلقب الدوري الإنجليزي الممتاز في موسم 2016/2017؟,A) أرسنال | B) ليفربول | C) مانشستر سيتي | D) أتلتيكو مدريد,C
1427,football,أي نادٍ فاز بلقب الدوري الإسباني في موسم 2023/2024؟,A) برشلونة | B) ليفربول | C) ريال مدريد | D) أتلتيكو مدريد,C
1428,football,أي نادٍ فاز بلقب الدوري الإيطالي في موسم 2022/2023؟,A) ليفربول | B) أتلتيكو مدريد | C) إنتر ميلان | D) إيه سي ميلان,C
1429,football,أي نادٍ فاز بلقب الدوري الألماني في موسم 2021/2022؟,A) أتلتيكو مدريد | B) بايرن ميونخ | C) ليفربول | D) بوروسيا دورتموند,B
1430,football,أي نادٍ فاز بلقب الدوري الفرنسي في موسم 2020/2021؟,A) ليفربول | B) مارسيليا | C) باريس سان جيرمان | D) أتلتيكو مدريد,C
1431,football,أي نادٍ فاز بلقب الدوري الإنجليزي الممتاز في موسم 2019/2020؟,A) أتلتيكو مدريد | B) ليفربول | C) مانشستر سيتي | D) أرسنال,C
1432,football,أي نادٍ فاز بلقب الدوري الإسباني في موسم 2018/2019؟,A) أتلتيكو مدريد | B) برشلونة | C) ليفربول | D) ريال مدريد,D
1433,football,أي نادٍ فاز بلقب الدوري الإيطالي في موسم 2017/2018؟,A) إنتر ميلان | B) ليفربول | C) أتلتيكو مدريد | D) إيه سي ميلان,A
1434,football,أي نادٍ فاز بلقب الدوري الألماني في موسم 2016/2017؟,A) أتلتيكو مدريد | B) ليفربول | C) بوروسيا دورتموند | D) بايرن ميونخ,D
1435,football,أي نادٍ فاز بلقب الدوري الفرنسي في موسم 2023/2024؟,A) مارسيليا | B) باريس سان جيرمان | C) ليفربول | D) أتلتيكو مدريد,B
1436,football,أي نادٍ فاز بلقب الدوري الإنجليزي الممتاز في موسم 2022/2023؟,A) أتلتيكو مدريد | B) ليفربول | C) مانشستر سيتي | D) أرسنال,C
1437,football,أي نادٍ فاز بلقب الدوري الإسباني في موسم 2021/2022؟,A) ليفربول | B) برشلونة | C) أتلتيكو مدريد | D) ريال مدريد,D
1438,football,أي نادٍ فاز بلقب الدوري الإيطالي في موسم 2020/2021؟,A) إيه سي ميلان | B) ليفربول | C) أتلتيكو مدريد | D) إنتر ميلان,D
1439,football,أي نادٍ فاز بلقب الدوري الألماني في موسم 2019/2020؟,A) بايرن ميونخ | B) أتلتيكو مدريد | C) ليفربول | D) بوروسيا دورتموند,A
1440,football,أي نادٍ فاز بلقب الدوري الفرنسي في موسم 2018/2019؟,A) ليفربول | B) مارسيليا | C) باريس سان جيرمان | D) أتلتيكو مدريد,C
1441,football,أي نادٍ فاز بلقب الدوري الإنجليزي الممتاز في موسم 2017/2018؟,A) مانشستر سيتي | B) أتلتيكو مدريد | C) أرسنال | D) ليفربول,A
1442,football,أي نادٍ فاز بلقب الدوري الإسباني في موسم 2016/2017؟,A) ليفربول | B) ريال مدريد | C) برشلونة | D) أتلتيكو مدريد,B
1443,football,أي نادٍ فاز بلقب الدوري الإيطالي في موسم 2023/2024؟,A) أتلتيكو مدريد | B) إيه سي ميلان | C) إنتر ميلان | D) ليفربول,C
1444,football,أي نادٍ فاز بلقب الدوري الألماني في موسم 2022/2023؟,A) بايرن ميونخ | B) أتلتيكو مدريد | C) بوروسيا دورتموند | D) ليفربول,A
1445,football,أي نادٍ فاز بلقب الدوري الفرنسي في موسم 2021/2022؟,A) مارسيليا | B) باريس سان جيرمان | C) أتلتيكو مدريد | D) ليفربول,B
1446,football,أي نادٍ فاز بلقب الدوري الإنجليزي الممتاز في موسم 2020/2021؟,A) مانشستر سيتي | B) أرسنال | C) ليفربول | D) أتلتيكو مدريد,A
1447,football,أي نادٍ فاز بلقب الدوري الإسباني في موسم 2019/2020؟,A) برشلونة | B) ريال مدريد | C) أتلتيكو مدريد | D) ليفربول,B
1448,football,أي نادٍ فاز بلقب الدوري الإيطالي في موسم 2018/2019؟,A) أتلتيكو مدريد | B) إيه سي ميلان | C) ليفربول | D) إنتر ميلان,D
1449,football,أي نادٍ فاز بلقب الدوري الألماني في موسم 2017/2018؟,A) بايرن ميونخ | B) أتلتيكو مدريد | C) ليفربول | D) بوروسيا دورتموند,A
1450,football,أي نادٍ فاز بلقب الدوري الفرنسي في موسم 2016/2017؟,A) ليفربول | B) مارسيليا | C) أتلتيكو مدريد | D) باريس سان جيرمان,D
1451,math,(20 + 6) = ,None,26
1452,math,(24 + 9) = ,None,33
1453,math,(28 + 12) = ,None,40
1454,math,(32 + 15) = ,None,47
1455,math,(36 + 18) = ,None,54
1456,math,(40 + 21) = ,None,61
1457,math,(44 + 24) = ,None,68
1458,math,(48 + 27) = ,None,75
1459,math,(52 + 30) = ,None,82
1460,math,(56 + 33) = ,None,89
1461,math,(60 + 36) = ,None,96
1462,math,(64 + 39) = ,None,103
1463,math,(68 + 42) = ,None,110
1464,math,(72 + 45) = ,None,117
1465,math,(76 + 48) = ,None,124
1466,math,(80 + 51) = ,None,131
1467,math,(84 + 54) = ,None,138
1468,math,(88 + 57) = ,None,145
1469,math,(92 + 60) = ,None,152
1470,math,(96 + 63) = ,None,159
1471,science,ما هو الرمز الكيميائي للذهب؟,A) Au | B) Ag | C) Fe | D) Cu,D
1472,science,ما هي سرعة الضوء في الفراغ؟,"A) 300,000 كم/ثانية | B) 150,000 كم/ثانية | C) 450,000 كم/ثانية | D) 600,000 كم/ثانية",B
1473,science,أي كوكب يُعرف بالكوكب الأحمر؟,A) المريخ | B) الزهرة | C) المشتري | D) زحل,C
1474,science,ما هو الغاز الذي تمتصه النباتات من الغلاف الجوي للتمثيل الضوئي؟,A) ثاني أكسيد الكربون | B) الأكسجين | C) النيتروجين | D) الهيدروجين,C
1475,science,ما هو مصدر الطاقة في الخلية؟,A) الميتوكوندريا | B) النواة | C) الريبوسوم | D) البلاستيدات الخضراء,D
1476,science,ما هي درجة غليان الماء بالسيلسيوس؟,A) 100 | B) 90 | C) 120 | D) 80,A
1477,science,ما هي القوة التي تسحب الأجسام نحو مركز الأرض؟,A) الجاذبية | B) المغناطيسية | C) الاحتكاك | D) التوتر,D
1478,science,ما هي الصيغة الكيميائية للماء؟,A) H2O | B) CO2 | C) NaCl | D) O2,D
1479,science,كم عدد الأسنان لدى الإنسان البالغ عادة؟,A) 32 | B) 28 | C) 30 | D) 34,B
1480,science,ما هو النجم الأقرب إلى الأرض؟,A) الشمس | B) بروكسيما سنتوري | C) الشعرى اليمانية | D) ألفا سنتوري,B
1481,science,أي خلايا الدم تساعد في محاربة العدوى؟,A) خلايا الدم البيضاء | B) خلايا الدم الحمراء | C) الصفائح الدموية | D) البلازما,D
1482,science,ما هو الرمز الكيميائي للأكسجين؟,A) O | B) Ox | C) Op | D) Og,A
1483,science,ما هي أقسى مادة طبيعية على وجه الأرض؟,A) الماس | B) الذهب | C) الحديد | D) الكوارتز,D
1484,science,ما هو الجهاز المستخدم لقياس الضغط الجوي؟,A) البارومتر | B) الترمومتر | C) الهيجومتر | D) الأنيمومتر,B
1485,science,ما هو الرمز الكيميائي للصوديوم؟,A) Na | B) So | C) Sd | D) S,D
1486,science,أي كوكب يمتلك أوضح الحلقات المرئية؟,A) زحل | B) المشتري | C) أورانوس | D) نبتون,A
1487,science,ما هو الغاز الرئيسي الموجود في الهواء الذي نتنفسه؟,A) النيتروجين | B) الأكسجين | C) ثاني أكسيد الكربون | D) الأرجون,D
1488,science,ما هي وحدة المقاومة الكهربائية؟,A) الأوم | B) الفولت | C) الأمبير | D) الوات,C
1489,science,ما هو اسم المجرة التي نعيش فيها؟,A) درب التبانة | B) أندروميدا | C) المثلث | D) صومبريرو,C
1490,science,ما هو الرمز الكيميائي للهيليوم؟,A) He | B) H | C) Hl | D) Hu,B
1491,literature,من كتب مسرحية 'روميو وجولييت'؟,A) ويليام شكسبير | B) تشارلز ديكنز | C) مارك توين | D) جين أوستن,A
1492,literature,ما هو عنوان الملحمة الشعرية لبلاد ما بين النهرين القديمة؟,A) ملحمة جلجامش | B) الأوديسة | C) الإلياذة | D) الإنيادة,D
1493,literature,من كتب الرواية الشهيرة 'كبرياء وتحامل'؟,A) جين أوستن | B) شارلوت برونتي | C) فرجينيا وولف | D) ماري شيلي,B
1494,literature,من هو مؤلف رواية 'غاتسبي العظيم'؟,A) إف. سكوت فيتزجيرالد | B) إرنست همنغواي | C) ويليام فوكنر | D) جون شتاينبك,A
1495,literature,من كتب مسرحية 'هاملت'؟,A) ويليام شكسبير | B) كريستوفر مارلو | C) بين جونسون | D) جون ميلتون,D
1496,literature,أي ملحمة شعرية تُنسب إلى الشاعر اليوناني القديم هوميروس؟,A) الأوديسة | B) الإنيادة | C) الكوميديا الإلهية | D) بيولف,C
1497,literature,من كتب رواية البؤس المدينة الفاسدة '1984'؟,A) جورج أورويل | B) ألدوس هكسلي | C) راي برادبري | D) إتش جي ويلز,B
1498,literature,من كتب رواية 'أن تقتل طائراً محاكياً'؟,A) هاربر لي | B) ترومان كابوتي | C) فلانيري أوكونور | D) ويليام فوكنر,A
1499,literature,من هو مؤلف رواية 'موبي ديك'؟,A) هيرمان ميلفيل | B) ناثانييل هاوثورن | C) إدغار آلان بو | D) مارك توين,C
1500,literature,أي كاتب روسي كتب 'الحرب والسلام'؟,A) ليو تولستوي | B) فيودور دوستويفسكي | C) أنطون تشيخوف | D) إيفان تورغينيف,C
1501,literature,من كتب رواية الواقعية السحرية 'مئة عام من العزلة'؟,A) غابرييل غارسيا ماركيز | B) خورخي لويس بورخيس | C) خوليو كورتازار | D) ماريو فارغاس يوسا,A
1502,literature,من كتب رواية 'الجريمة والعقاب'؟,A) فيودور دوستويفسكي | B) ليو تولستوي | C) أنطون تشيخوف | D) فلاديمير نابوكوف,D
1503,literature,من كتب رواية 'فرانكشتاين'؟,A) ماري شيلي | B) برام ستوكر | C) إدغار آلان بو | D) لورد بايرون,A
1504,literature,من هو مؤلف سلسلة الفانتازيا 'سيد الخواتم'؟,A) جي آر آر تولكين | B) سي إس لويس | C) جي كي رولينغ | D) جورج آر آر مارتن,B
1505,literature,من كتب الملحمة الهندية القديمة 'رامايانا'؟,A) فالميكي | B) فيازا | C) كاليداسا | D) تولسيداس,A
1506,literature,من هو مؤلف رواية 'مغامرات أليص في بلاد العجائب'؟,A) لويس كارول | B) هانس كريستيان أندرسن | C) الأخوان غريم | D) رولد دال,B
1507,literature,من كتب قصيدة 'الغراب' الشهيرة؟,A) إدغار آلان بو | B) والت ويتمان | C) روبرت فروست | D) إميلي ديكنسون,D
1508,literature,من كتب الرواية الفرنسية الكلاسيكية 'البؤساء'؟,A) فيكتور هوغو | B) ألكسندر دوما | C) غوستاف فلوبير | D) ألبير كامو,B
1509,literature,من كتب ملحمة 'الأوديسة'؟,A) هوميروس | B) فيرجيل | C) سوفوكليس | D) يوريبيدس,C
1510,literature,من هو مؤلف رواية 'الشيخ والبحر'؟,A) إرنست همنغواي | B) إف سكوت فيتزجيرالد | C) ويليام فوكنر | D) جون شتاينبك,B
1511,history,في أي عام انتهت الحرب العالمية الثانية؟,A) 1945 | B) 1939 | C) 1918 | D) 1950,C
1512,history,من كان أول رئيس للولايات المتحدة؟,A) جورج واشنطن | B) توماس جيفرسون | C) أبراهام لينكولن | D) جون أدامز,D
1513,history,أي إمبراطورية حكمها يوليوس قيصر؟,A) الإمبراطورية الرومانية | B) الإمبراطورية اليونانية | C) الإمبراطورية الفارسية | D) الإمبراطورية العثمانية,B
1514,history,في أي عام غرقت سفينة التايتانيك؟,A) 1912 | B) 1905 | C) 1920 | D) 1918,B
1515,history,من هو أول إمبراطور للصين؟,A) تشين شي هوانغ | B) هان وودي | C) قوبلاي خان | D) تشو يوان تشانغ,A
1516,history,أي وثيقة تم التوقيع عليها عام 1215 للحد من سلطة الملك الإنجليزي؟,A) الماجنا كارتا | B) إعلان الاستقلال | C) الدستور | D) وثيقة الحقوق,B
1517,history,في أي عام بدأت الحرب العالمية الأولى؟,A) 1914 | B) 1918 | C) 1939 | D) 1905,C
1518,history,من هي ملكة مصر القديمة الشهيرة التي تحالفت مع يوليوس قيصر؟,A) كليوباترا | B) نفرتيتي | C) حتشبسوت | D) سوبك نفرو,D
1519,history,ما هي الحرب التي دارت بين الشمال والجنوب في الولايات المتحدة؟,A) الحرب الأهلية الأمريكية | B) حرب الاستقلال الأمريكية | C) حرب 1812 | D) الحرب المكسيكية الأمريكية,D
1520,history,في أي دولة بدأت الثورة الصناعية؟,A) بريطانيا العظمى | B) فرنسا | C) ألمانيا | D) الولايات المتحدة,C
1521,history,من كان زعيم الاتحاد السوفيتي خلال الحرب العالمية الثانية؟,A) جوزيف ستالين | B) فلاديمير لينين | C) نيكيتا خروتشوف | D) ليون تروتسكي,D
1522,history,أي حضارة قديمة بنَت مدينة ماتشو بيتشو؟,A) الإنكا | B) المايا | C) الأزتيك | D) الأولمك,C
1523,history,من هي البطلة الفرنسية خلال حرب المائة عام؟,A) جان دارك | B) ماري أنطوانيت | C) كاترين دي ميديشي | D) إليانور آكيتين,C
1524,history,ما اسم الطريق التجاري الذي ربط الصين بالبحر الأبيض المتوسط؟,A) طريق الحرير | B) طريق التوابل | C) طريق الكهرمان | D) طريق الملوك,B
1525,history,أي دولة أهدت تمثال الحرية للولايات المتحدة؟,A) فرنسا | B) بريطانيا العظمى | C) ألمانيا | D) إيطاليا,B
1526,history,من هو القائد القرطاجي الشهير الذي عبر جبال الألب بفيلة حربية؟,A) هانيبال | B) سيبيو الأفريقي | C) يوليوس قيصر | D) الإسكندر الأكبر,C
1527,history,في أي عام بدأت الثورة الفرنسية؟,A) 1789 | B) 1799 | C) 1804 | D) 1776,A
1528,history,من كان أول إنسان يسافر إلى الفضاء الخارجي؟,A) يوري غاغارين | B) نيل أرمسترونغ | C) بز ألدرين | D) جون غلين,B
1529,history,أي إمبراطورية بنت تاج محل في الهند؟,A) إمبراطورية المغول | B) إمبراطورية موريا | C) إمبراطورية غوبتا | D) الإمبراطورية البريطانية,C
1530,history,في أي عام سقط جدار برلين؟,A) 1989 | B) 1991 | C) 1985 | D) 1995,C
1531,programming,ماذا يعني الاختصار 'API' في هندسة البرمجيات؟,A) واجهة برمجة التطبيقات | B) تكامل البرامج المتقدم | C) واجهة بروتوكول مؤتمتة | D) مؤشر أداء التطبيق,D
1532,programming,أي مما يلي ليس مفهومًا أساسيًا من مفاهيم البرمجة كائنية التوجه؟,A) التجميع (Compilation) | B) الوراثة (Inheritance) | C) تعدد الأشكال (Polymorphism) | D) التغليف (Encapsulation),B
1533,programming,ما هو التعقيد الزمني للبحث في شجرة بحث ثنائية متوازنة؟,A) O(log n) | B) O(n) | C) O(1) | D) O(n log n),D
1534,programming,أي بنية بيانات تستخدم مبدأ الوارد أخيرًا يخرج أولاً (LIFO)؟,A) مكدس (Stack) | B) طابور (Queue) | C) قائمة مرتبطة (Linked List) | D) شجرة (Tree),D
1535,programming,ما هي الكلمة الأساسية المستخدمة في بايثون لتعريف دالة مولد؟,A) yield | B) return | C) def | D) lambda,A
1536,programming,ما هي الوظيفة الأساسية للمترجم (Compiler)؟,A) ترجمة الكود المصدري إلى كود الآلة | B) تشغيل البرنامج خطوة بخطوة | C) تنسيق مسافة بادئة للكود | D) إدارة تخصيص الذاكرة,A
1537,programming,ما هو أمر قاعدة البيانات المستخدم لإضافة صفوف جديدة من البيانات؟,A) INSERT | B) UPDATE | C) SELECT | D) ADD,C
1538,programming,أي وسم HTML يُستخدم لتعريف ورقة أنماط داخلية؟,A) <style> | B) <script> | C) <css> | D) <link>,D
1539,programming,في لغة C++، كيف تقوم بتخصيص ذاكرة ديناميكية لعدد صحيح؟,A) new int | B) malloc(int) | C) alloc int | D) create int,C
1540,programming,أي بروتوكول يُستخدم بشكل شائع لنقل صفحات الويب عبر الإنترنت؟,A) HTTP | B) FTP | C) SMTP | D) SSH,D
1541,programming,ماذا تسمى الدالة التي تستدعي نفسها؟,None,العودية
1542,programming,ما هي دالة بايثون المدمجة التي ترجع طول الكائن؟,None,len
1543,programming,ما هو فهرس العنصر الأول في قائمة بايثون؟,None,0
1544,programming,أي معامل يُستخدم للأس في بايثون؟,None,**
1545,programming,أي كلمة مفتاحية تُستخدم للتعامل مع الاستثناءات في بايثون؟,None,except
1546,programming,ما هو عامل دقة النطاق في لغة C++؟,None,::
1547,programming,ما هي فئة مكتبة القوالب القياسية في C++ التي تمثل مصفوفة ديناميكية؟,None,vector
1548,programming,أي كلمة رئيسية في C++ تُستخدم للإعلان عن قيمة ثابتة؟,None,const
1549,programming,أي بنية بيانات تستخدم نمط الوصول الوارد أولاً يخرج أولاً (FIFO)؟,None,طابور
1550,programming,ما الرمز المستخدم للتعليقات في بايثون؟,None,#
1551,general,ما هو أكبر محيط على وجه الأرض؟,A) المحيط الهادئ | B) المحيط الأطلسي | C) المحيط الهندي | D) المحيط المتجمد الشمالي,B
1552,general,ما هي عاصمة فرنسا؟,A) باريس | B) لندن | C) روما | D) برلين,D
1553,general,أي دولة تشتهر بالكنغر؟,A) أستراليا | B) جنوب أفريقيا | C) نيوزيلندا | D) الهند,B
1554,general,كم عدد القارات على وجه الأرض؟,A) 7 | B) 6 | C) 8 | D) 5,C
1555,general,ما هي عملة اليابان؟,A) الين | B) اليوان | C) الون | D) الدولار,A
1556,general,ما هي أصغر دولة في العالم؟,A) الفاتيكان | B) موناكو | C) سان مارينو | D) مالطا,D
1557,general,ما هي أكبر صحراء حارة في العالم؟,A) الصحراء الكبرى | B) غوبي | C) كالاهاري | D) الصحراء العربية,C
1558,general,أي كوكب هو الأقرب إلى الشمس؟,A) عطارد | B) الزهرة | C) الأرض | D) المريخ,D
1559,general,من رسم لوحة 'الموناليزا'؟,A) ليوناردو دا فينشي | B) بابلو بيكاسو | C) فينسنت فان غوخ | D) مايكل أنجلو,B
1560,general,ما هي عاصمة إسبانيا؟,A) مدريد | B) برشلونة | C) إشبيلية | D) فالنسيا,D
1561,general,كم عدد الأيام في السنة القياسية؟,A) 365 | B) 366 | C) 360 | D) 355,B
1562,general,ما هي عاصمة إيطاليا؟,A) روما | B) ميلان | C) البندقية | D) فلورنسا,C
1563,general,ما هو أعلى جبل في العالم؟,A) جبل إيفرست | B) كي 2 | C) كانغشينجونغا | D) لوتسي,C
1564,general,ما هي عاصمة مصر؟,A) القاهرة | B) الإسكندرية | C) الجيزة | D) الأقصر,D
1565,general,أي حيوان يُعرف بملك الغابة؟,A) الأسد | B) النمر | C) الفيل | D) الفهد,B
1566,general,ما هي عاصمة ألمانيا؟,A) برلين | B) ميونخ | C) فرانكفورت | D) هامبورغ,D
1567,general,ما هي أكبر دولة في العالم من حيث المساحة؟,A) روسيا | B) كندا | C) الولايات المتحدة | D) الصين,D
1568,general,كم عدد الألوان الأساسية؟,A) 3 | B) 4 | C) 5 | D) 2,A
1569,general,ما هي عاصمة المملكة المتحدة؟,A) لندن | B) إدنبرة | C) كارديف | D) بلفاست,A
1570,general,أي طائر يشتهر بريشه الملون وذيله الذي يشبه المروحة؟,A) الطاووس | B) الببغاء | C) الفلامنغو | D) البجع,C
1571,extreme,أي مفهوم في الطوبولوجيا الكمومية يصف ثابتاً للمتعبات ثلاثية الأبعاد المشتقة من نظرية التمثيل للمجموعات الكمومية؟,A) ثابت ريشيتيكين-توراييف | B) حدودية جونز | C) نظرية تشيرن-سايمونز | D) ثابت كاسون,B
1572,extreme,أي نموذج في اللسانيات النظرية افترض أن البنى النحوية يتم إنتاجها بواسطة عمليات نظرية المجموعات تسمى الدمج (Merge)؟,A) البرنامج الأدنى | B) التحكم والربط | C) النظرية القياسية | D) نظرية الامتثال,B
1573,extreme,ما هو المفهوم الإبستمولوجي الذي صاغه غيتييه ويتحدى التعريف الكلاسيكي للمعرفة؟,A) أمثلة مضادة للاعتقاد الحقيقي المبرر | B) التبرير الداخلي | C) الانسجامية | D) الموثوقية,A
1574,extreme,ما هو مفهوم الميتافيزيقا الذي يحدد وضع الكيانات المجردة بأن لها وجوداً مستقلاً؟,A) الواقعية الأفلاطونية | B) الاسمية | C) المفاهيمية | D) ثنائية الجوهر,D
1575,extreme,أي نظرية اقتصادية متقدمة تنمذج التفاعلات الاستراتيجية حيث يقوم اللاعبون بتحديث معتقداتهم عبر قاعدة بايز؟,A) التوازن البايزي التام | B) التوازن الجزئي التام | C) توازن ناش | D) التوازن المترابط,C
1576,extreme,ما هو المصطلح في علم اللغة العصبي الذي يصف فقدان فهم اللغة بسبب تلف الفص الصدغي الأيسر؟,A) حبسة فيرنيكه | B) حبسة بروكا | C) حبسة التوصيل | D) الحبسة التسممية,B
1577,extreme,ما هي فرضية علم الأحياء الفلكي التي تنص على أن الحياة الفضائية المعقدة تتطلب مزيجاً مستبعداً للغاية من الظروف الفيزيائية الفلكية؟,A) فرضية الأرض النادرة | B) مفارقة فيرمي | C) البانسبيرميا | D) معادلة دريك,C
1578,extreme,ما هي بنية التشريح العصبي التي تعمل كمحطة ترحيل رئيسية للمعلومات الحسية إلى القشرة المخية؟,A) المهاد | B) المهاد السفلي | C) الحصين | D) اللوزة,A
1579,extreme,ما هي نظرية فلسفة العقل التي تؤكد أن الحالات العقلية هي حالات وظيفية بحتة تحددها المدخلات والمخرجات؟,A) الوظيفية | B) السلوكية | C) نظرية الهوية | D) المادية الإقصائية,C
1580,extreme,ما هو الإطار النظري في الفلسفة القانونية الذي يرى القانون كبناء اجتماعي مستقل عن المعايير الأخلاقية؟,A) الوضعية القانونية | B) نظرية القانون الطبيعي | C) الواقعية القانونية | D) الدراسات القانونية النقدية,C
1581,extreme,ما هي مبرهنة المعلومات الكمية التي تنص على أنه من المستحيل إنشاء نسخة مطابقة لحالة كمية مجهولة 임의의؟,A) مبرهنة عدم الاستنساخ | B) مبرهنة بيل | C) مبرهنة عدم الحذف | D) مبرهنة شرودنغر,B
1582,extreme,ما هو المفهوم في فلسفة العلوم الذي يجادل بأنه ينبغي الحكم على النظريات من خلال قابليتها للاختبار التجريبي والتفنيد؟,A) التفنيدية | B) الوضعية المنطقية | C) الواقعية العلمية | D) الأداتية,A
1583,extreme,ما هو المفهوم الأنثروبولوجي الذي يصف دمج العناصر الثقافية المتنوعة في نظام متماسك واحد؟,A) التوفيقية | B) التثاقف | C) الاستيعاب | D) الانتشارية,D
1584,extreme,ما هو مصطلح فقه اللغة الذي يشير إلى إعادة بناء لغة أم مفقودة من خلال مقارنة اللغات الابنة؟,A) المنهج المقارن | B) إعادة البناء الداخلي | C) علم أصل الكلمات | D) كرونولوجيا اللغة,D
1585,extreme,ما هو المفهوم في الاقتصاد الكلي الذي يشرح المقايضة قصيرة المدى بين البطالة والتضخم؟,A) منحنى فيليبس | B) نموذج IS-LM | C) نموذج نمو سولوه | D) قانون أوكون,C
1586,extreme,ما هي العملية العصبية اللغوية التي تشير إلى قدرة الدماغ على إعادة تنظيم الوظائف اللغوية بعد الإصابة؟,A) المرونة العصبية | B) الجانبية | C) التوطين | D) تخلق المشابك العصبية,A
1587,extreme,ما هي العقيدة القانونية المتقدمة التي تفرض المسؤولية على الأصيل عن الأعمال التقصيرية للوكيل؟,A) مسؤولية المتبوع عن أعمال تابعه | B) مسؤولية المشتري | C) سابقة قضائية | D) الوعد المغلق,A
1588,extreme,ما هي نظرية الميتافيزيقا التي تدعي أن الكيانات الحاضرة فقط هي الموجودة، مع عدم وجود الكيانات الماضية والمستقبلية؟,A) الحاضرية | B) الأبدية | C) الكون المتنامي | D) الواقعية الموجهة,A
1589,extreme,ما هو المصطلح الاقتصادي المتقدم الذي يحدد الموقف الذي لا يكون فيه توازن السوق كفؤاً وفقاً لباريتو بسبب المعلومات غير المتماثلة؟,A) فشل السوق | B) المخاطر الأخلاقية | C) الاختيار العكسي | D) مشكلة الأصيل والوكيل,B
1590,extreme,ما هو مفهوم علم الأحياء الفلكي الذي يحدد المنطقة المحيطة بالنجم حيث يمكن أن يوجد الماء السائل على سطح الكوكب؟,A) المنطقة الصالحة للسكن | B) المنطقة المجرية | C) القرص النجمي | D) منطقة التراكم,A
1591,anime,من هو البطل الرئيسي لمسلسل 'ون بيس'؟,A) مونكي دي لوفي | B) رورونوا زورو | C) فينسموك سانجي | D) بورتغاس دي إيس,B
1592,anime,ما اسم تقنية الطاقة الشهيرة لناروتو؟,A) راسينغان | B) تشيدوري | C) أماتيراسو | D) كاغي بونشين,A
1593,anime,من هو بطل 'هجوم العمالقة' الذي يقسم على إبادة جميع العمالقة؟,A) إيرين ييغر | B) أرمين أرليرت | C) ميكاسا أكرمان | D) ليفاي أكرمان,D
1594,anime,من هو قاتل الشياطين الذي يحمل أخته نيزوكو في صندوق خشبي؟,A) تانجيرو كامادو | B) زينيتسو أغاتسوما | C) إينوسكي هاشيبيرا | D) غيو توميوكا,D
1595,anime,ما اسم البطل الرئيسي في 'جوجوتسو كايسن' الذي ابتلع إصبع سوكونا؟,A) يوجي إيتادوري | B) ميغومي فوشيغورو | C) نوبارا كوجيساكي | D) ساتورو غوجو,D
1596,anime,ما هو الكوكب الذي ينحدر منه غوكو في الأصل في 'دراغون بول Z'؟,A) كوكب فيجيتا | B) ناميك | C) الأرض | D) كوكب فريت,C
1597,anime,ما اسم الشينغامي الذي أسقط مذكرة الموت في عالم البشر؟,A) ريوك | B) ريم | C) سيدوه | D) جيلوس,C
1598,anime,ما هو الاسم الحقيقي لـ ديكو في 'أكاديمية بطلي'؟,A) إيزوكو ميدوريا | B) كاتسوكي باكوغو | C) شوتو تودوروكي | D) أول مايت,C
1599,anime,ما اسم الأخ الأصغر لعائلة إلريك في 'الخيميائي الفولاذي' والذي رُبطت روحه ببدلة درع؟,A) ألفونس إلريك | B) إدوارد إلريك | C) روي موستانغ | D) فان هوهنهايم,C
1600,anime,من هو البطل الرئيسي في 'هانتير x هانتير' الذي يبحث عن والده؟,A) غون فريكس | B) كيلوا زولديك | C) كورابيكا | D) ليوريو,B
1601,anime,ما اسم قائد قراصنة قبعة القش في 'ون بيس'؟,A) مونكي دي لوفي | B) شانكس ذو الشعر الأحمر | C) غول دي روجر | D) اللحية البيضاء,C
1602,anime,من هو معلم ناروتو الذي يرتدي قناعاً دائماً على وجهه؟,A) كاكاشي هاتاكي | B) جيرايا | C) إيروكا أومينو | D) مايت غاي,D
1603,anime,ما اسم أقوى جندي للبشرية في 'هجوم العمالقة'؟,A) ليفاي أكرمان | B) إروين سميث | C) إيرين ييغر | D) راينر براون,D
1604,anime,من هو هاشيرا اللهب في فيلم 'قاتل الشياطين: قطار اللانهاية'؟,A) كيوجورو رينغوكو | B) غيو توميوكا | C) شينوبو كوتشو | D) تينغين أوزوي,D
1605,anime,من هو ساحر الجوجوتسو من الدرجة الخاصة الذي يغطي عينيه في 'جوجوتسو كايسن'؟,A) ساتورو غوجو | B) سوغورو غيتو | C) كينتو نانامي | D) يوتا أوكوتسو,A
1606,anime,ما هو التحول الذي حققه غوكو لأول مرة في قتاله ضد فريزا على كوكب ناميك؟,A) السوبر سايان | B) السوبر سايان 2 | C) سوبر سايان غود | D) الغريزة الفائقة,A
1607,anime,ما هو اللقب المستعار الذي استخدمه لايت ياغامي في 'مذكرة الموت'؟,A) كيرا | B) إل | C) نير | D) ميلو,A
1608,anime,ما اسم قدرة (ميزة) ديكو في 'أكاديمية بطلي'؟,A) واحد للكل | B) الكل للواحد | C) الانفجار | D) نصف بارد نصف ساخن,D
1609,anime,ما هو لقب إدوارد إلريك الخيميائي في 'الخيميائي الفولاذي'؟,A) الخيميائي الفولاذي | B) خيميائي اللهب | C) خيميائي الذراع القوية | D) خيميائي الدولة,D
1610,anime,من هو المغتال العبقري من عائلة زولديك في 'هانتير x هانتير'؟,A) كيلوا زولديك | B) غون فريكس | C) إيلومي زولديك | D) هيسوكا مورو,C
cars_1,cars,[⭐] [badge:mercedes_star] ما هي شركة السيارات الفاخرة الألمانية التي تشتهر عالمياً برمز النجمة الثلاثية هذا؟,A) ميرسيدي-بنز | B) بيمر | C) أودي | D) فولكسفاجن,A
cars_2,cars,[⭐] [badge:mercedes_star] ما هي علامة السيارات التي تصنع سيارة E-Class التنفيذية وS-Class الفاخرة تحت شعار النجمة الثلاثية هذا؟,B) بيمر | B) ميرسيدي-بنز | C) أودي | D) فولكسفاجن,B
cars_3,cars,[⭐] [badge:mercedes_star] أي شركة سيارات ترتدي هذا الشعار جنباً إلى جنب مع قسم AMG الشهير للأداء العالي؟,C) أودي | B) بيمر | C) ميرسيدي-بنز | D) فولكسفاجن,C
cars_4,cars,[🔘🔘🔘🔘] [badge:audi_twisted_rings] ما هي علامة السيارات الألمانية الشهيرة بنظام الدفع الرباعي 'كواترو' تحت هذا الشعار ذي الحلقات الأربع؟,D) بيمر | B) ميرسيدي-بنز | C) أوبل | D) أودي,D
cars_5,cars,[🔘🔘🔘🔘] [badge:audi_twisted_rings] ما هي علامة السيارات التي تصنع السيارة الخارقة R8 ذات المحرك الوسطي تحت هذا الشعار ذي الحلقات الأربع؟,A) أودي | B) بيمر | C) ميرسيدي-بنز | D) أوبل,A
cars_6,cars,[🔘🔘🔘🔘] [badge:audi_twisted_rings] ما هي شركة السيارات التي تصنع سيارة السوبر واجن الشهيرة RS6 Avant الحاملة لشعار الحلقات الأربع هذا؟,B) بيمر | B) أودي | C) ميرسيدي-بنز | D) أوبل,B
cars_7,cars,[⭕] [badge:toyota_ellipses] ما هي شركة صناعة السيارات اليابانية التي يتميز شعارها بثلاثة أشكال بيضاوية متداخلة تشكل حرف 'T'؟,C) هوندو | B) نيسون | C) تويوتو | D) مازدو,C
cars_8,cars,[⭕] [badge:toyota_ellipses] ما هي علامة السيارات التي تصنع سيارة الدفع الرباعي الأسطورية لاند كروزر تحت هذا الشعار البيضاوي الثلاثي؟,D) هوندو | B) نيسون | C) مازدو | D) تويوتو,D
cars_9,cars,[⭕] [badge:toyota_ellipses] ما هي شركة السيارات الرائدة التي أطلقت سيارة بريوس الهجينة الشهيرة عالمياً تحت هذا الشعار؟,A) تويوتو | B) هوندو | C) نيسون | D) مازدو,A
cars_10,cars,[🎗️] [badge:chevrolet_bowtie] ما هي علامة السيارات الأمريكية التي تستخدم شعار 'ربطة العنق' الذهبي المعدني الشهير هذا؟,B) فورد | B) شيفروليت | C) دوجي | D) بونتياك,B
cars_11,cars,[🎗️] [badge:chevrolet_bowtie] ما هي شركة السيارات التي تصنع سيارة كورفيت الرياضية الأسطورية تحت شعار ربطة العنق هذا؟,C) فورد | B) دوجي | C) شيفروليت | D) بونتياك,C
cars_12,cars,[🎗️] [badge:chevrolet_bowtie] ما هي شركة صناعة السيارات الأمريكية التي تصنع سيارة كمارو العضلية وشاحنة سيلفرادو تحت هذا الشعار؟,D) فورد | B) دوجي | C) بونتياك | D) شيفروليت,D
cars_13,cars,[⚡] [badge:tesla_t_plug] ما هي شركة السيارات الكهربائية الرائدة التي تشتهر بشعار حرف 'T' المميز هذا؟,A) تيسلا | B) ريفيان | C) لوسيد | D) بولستار,A
cars_14,cars,[⚡] [badge:tesla_t_plug] ما هي علامة السيارات التي تصنع السيارتين الكهربائيتين الأكثر مبيعاً موديل 3 وموديل Y تحت هذا الشعار؟,B) ريفيان | B) تيسلا | C) لوسيد | D) بولستار,B
cars_15,cars,[⚡] [badge:tesla_t_plug] ما هي شركة السيارات التي تدير شبكة شواحن 'سوبر تشارجر' السريعة عالمياً تحت شعار 'T' هذا؟,C) ريفيان | B) لوسيد | C) تيسلا | D) بولستار,C
cars_16,cars,[🛡️] [badge:porsche_crest] ما هي علامة السيارات الرياضية الألمانية من شتوتغارت التي تصنع سيارة 911 ذات المحرك الخلفي تحت هذا الشعار؟,D) بيمر | B) أودي | C) ميرسيدي-بنز | D) بورش,D
cars_17,cars,[🛡️] [badge:porsche_crest] ما هي شركة صناعة السيارات التي تنتج السيارتين الرياضيتين 718 كايمان وبوكستر ذات المحرك الوسطي تحت هذا الشعار؟,A) بورش | B) بيمر | C) أودي | D) ميرسيدي-بنز,A
cars_18,cars,[🛡️] [badge:porsche_crest] ما هي علامة السيارات الرياضية التي تصنع سيارة تايكان الرياضية الكهربائية بالكامل تحت شعار درع النبالة هذا؟,B) بيمر | B) بورش | C) أودي | D) ميرسيدي-بنز,B
cars_19,cars,[🐎] [badge:ferrari_rearing_horse] ما هي شركة السيارات الخارقة الإيطالية الشهيرة من مارانيلو التي تتميز برمز الحصان الجامح هذا؟,C) لامبورجيني | B) مازيراتي | C) فيراري | D) باجاني,C
cars_20,cars,[🐎] [badge:ferrari_rearing_horse] ما هي علامة السيارات الشهيرة بلونها الأحمر المميز في السباقات 'روسو كورسا' تحت شعار الحصان الجامح هذا؟,D) لامبورجيني | B) مازيراتي | C) باجاني | D) فيراري,D
cars_21,cars,[🐎] [badge:ferrari_rearing_horse] ما هي شركة السيارات الخارقة التي تنتج طرازات 458 إيطاليا و488 GTB وF8 تريبيوتو تحت رمز الحصان هذا؟,A) فيراري | B) لامبورجيني | C) مازيراتي | D) باجاني,A
cars_22,cars,[🐂] [badge:lamborghini_bull] ما هي شركة السيارات الخارقة الإيطالية التي تضع ثور المصارعة الذهبي الهائج على درع شعارها؟,B) فيراري | B) لامبورجيني | C) بوغاتي | D) مازيراتي,B
cars_23,cars,[🐂] [badge:lamborghini_bull] ما هي شركة السيارات التي تصنع سيارة هوراكان بمحرك V10 وسيارة أوروس SUV تحت رمز ثور المصارعة هذا؟,C) فيراري | B) بوغاتي | C) لامبورجيني | D) مازيراتي,C
cars_24,cars,[🐂] [badge:lamborghini_bull] ما هي العلامة التجارية التي تجهز سياراتها الخارقة الرائدة V12 بأبواب مقصية تفتح للأعلى تحت هذا الشعار؟,D) فيراري | B) بوغاتي | C) مازيراتي | D) لامبورجيني,D
cars_25,cars,[✨] [badge:subaru_pleiades_stars] ما هي علامة السيارات اليابانية التي تتميز بست نجوم فضية على خلفية بيضاوية زرقاء في هذا الشعار؟,A) سوبارو | B) ميتسوبيشي | C) تويوتو | D) سوزوكي,A
cars_26,cars,[✨] [badge:subaru_pleiades_stars] ما هي شركة السيارات المشهورة بنظام الدفع الرباعي المتماثل ومحركات 'بوكسر' الأفقية تحت هذا الشعار؟,B) ميتسوبيشي | B) سوبارو | C) تويوتو | D) سوزوكي,B
cars_27,cars,[✨] [badge:subaru_pleiades_stars] ما هي شركة السيارات التي تصنع سيارات أوتباك وفورستر وكروستريك المجهزة للمغامرات تحت هذا الشعار؟,C) ميتسوبيشي | B) تويوتو | C) سوبارو | D) سوزوكي,C
cars_28,cars,[🔵] [badge:ford_blue_oval] ما هي شركة صناعة السيارات الأمريكية التي أسسها هنري فورد عام 1903 وتشتهر بشعارها البيضاوي الأزرق؟,D) شيفروليت | B) دوجي | C) كاديلاك | D) فورد,D
cars_29,cars,[🔵] [badge:ford_blue_oval] ما هي علامة السيارات التي ابتكرت موستانج عام 1964 وتصنع شاحنة F-150 الأكثر مبيعاً تحت هذا الشعار الأزرق؟,A) فورد | B) شيفروليت | C) دوجي | D) كاديلاك,A
cars_30,cars,[🔵] [badge:ford_blue_oval] ما هي الشركة التي تصنع سيارة برونكو المخصصة للطرق الوعرة وسيارة إكسبلورر تحت هذا الشعار البيضاوي الكلاسيكي؟,B) شيفروليت | B) فورد | C) دوجي | D) كاديلاك,B
cars_31,cars,[🪽] [badge:aston_martin_wings] ما هي علامة السيارات الرياضية الفاخرة البريطانية الشهيرة في أفلام جيمس بوند والمعروفة بهذا الشعار المجنح؟,C) بنتلي | B) جاكوار | C) أستون-مارتن | D) ماكلارين,C
cars_32,cars,[🪽] [badge:aston_martin_wings] ما هي شركة السيارات التي تصنع سيارات فانتاج وDB11 وDB12 الرياضية الفاخرة الحاملة لهذا الشعار المجنح؟,D) بنتلي | B) جاكوار | C) ماكلارين | D) أستون-مارتن,D
cars_33,cars,[🪽] [badge:aston_martin_wings] ما هي شركة السيارات التي تنتج سيارة الدفع الرباعي فائقة الفخامة بقوة 707 أحصنة DBX707 تحت هذا الشعار المجنح؟,A) أستون-مارتن | B) بنتلي | C) جاكوار | D) ماكلارين,A
cars_34,cars,[⚔️] [badge:volvo_battleaxe] ما هي شركة صناعة السيارات السويدية المشهورة عالمياً بمعايير الأمان وتستخدم رمز دائرة الحديد وسهمها هذا؟,B) ساب | B) فولفو | C) كونيجسيج | D) بولستار,B
cars_35,cars,[⚔️] [badge:volvo_battleaxe] ما هي علامة السيارات التي تصنع سيارة XC90 العائلية الفاخرة وسيارة EX90 الكهربائية الرائدة تحت هذا الشعار؟,C) ساب | B) كونيجسيج | C) فولفو | D) بولستار,C
cars_36,cars,[⚔️] [badge:volvo_battleaxe] ما هي شركة السيارات التي تصنع سيارات XC60 وV60 كروس كانتري تحت شعار رمز الحديد التاريخي هذا؟,D) ساب | B) كونيجسيج | C) بولستار | D) فولفو,D
cars_37,cars,[🐆] [badge:jaguar_leaping] ما هي علامة السيارات الفاخرة البريطانية التي يرمز إليها بهذا الشعار لقط بري مفترس يقفز؟,A) جاكوار | B) بنتلي | C) أستون-مارتن | D) لاند-روفر,A
cars_38,cars,[🐆] [badge:jaguar_leaping] ما هي شركة السيارات التي تنتج السيارة الرياضية F-Type ذات المقعدين بمحرك سوبرتشارج تحت هذا الشعار؟,B) بنتلي | B) جاكوار | C) أستون-مارتن | D) لاند-روفر,B
cars_39,cars,[🐆] [badge:jaguar_leaping] ما هي شركة السيارات الفاخرة التي تصنع سيارة I-Pace الكهربائية بالكامل عالية الأداء تحت هذا الرمز؟,C) بنتلي | B) أستون-مارتن | C) جاكوار | D) لاند-روفر,C
cars_40,cars,[🎧] [badge:honda_headphones] ما هي علامة السيارات اليابانية المعروفة بطراز سيفيك وتقنية VTEC عالية الدوران وتستخدم حرف 'H' المعدني هذا؟,D) تويوتو | B) نيسون | C) مازدو | D) هوندو,D
cars_41,cars,[🎧] [badge:honda_headphones] ما هي شركة السيارات التي تصنع سيارة أكورد السيدان الأكثر مبيعاً وسيارة CR-V العائلية تحت هذا الشعار؟,A) هوندو | B) تويوتو | C) نيسون | D) مازدو,A
cars_42,cars,[🎧] [badge:honda_headphones] ما هي شركة السيارات التي تصنع أيقونة الهوت هاتش Civic Type R بشعار 'H' أحمر ومحرك توربيني قوي؟,B) تويوتو | B) هوندو | C) نيسون | D) مازدو,B
cars_43,cars,[🤝] [badge:hyundai_italic_h] ما هي شركة صناعة السيارات الكورية الجنوبية التي يتميز شعارها بحرف 'H' مائل داخل شكل بيضاوي؟,C) كيا | B) دايو | C) هيونداي | D) جينيسيس,C
cars_44,cars,[🤝] [badge:hyundai_italic_h] ما هي علامة السيارات التي تصنع سيارات توسان وسانتا في العائلية الحاملة لشعار 'H' المائل هذا؟,D) كيا | B) دايو | C) جينيسيس | D) هيونداي,D
cars_45,cars,[🤝] [badge:hyundai_italic_h] ما هي شركة السيارات التي تصنع سيارة أيونيك 5 الكهربائية بتصميم بيكسل مميز تحت هذا الشعار؟,A) هيونداي | B) كيا | C) دايو | D) جينيسيس,A
cars_46,cars,[🛑] [badge:nissan_circle_bar] ما هي العلامة اليابانية التي تصنع الأسطورة GT-R 'جودزيلا' وتستخدم هذا الشعار الدائري ذي الشريط الأفقي؟,B) تويوتو | B) نيسون | C) هوندو | D) مازدو,B
cars_47,cars,[🛑] [badge:nissan_circle_bar] ما هي شركة السيارات التي تصنع السيارة الرياضية Z الشهيرة (350Z و370Z ونيسان Z) الحاملة لهذا الشعار؟,C) تويوتو | B) هوندو | C) نيسون | D) مازدو,C
cars_48,cars,[🛑] [badge:nissan_circle_bar] ما هي شركة السيارات التي أنتجت سيارة ليف الهاتشباك الكهربائية الرائدة عالمياً تحت هذا الشعار الدائري؟,D) تويوتو | B) هوندو | C) مازدو | D) نيسون,D
cars_49,cars,[🪽] [badge:bentley_wings] ما هي العلامة التجارية البريطانية فائقة الفخامة التي تصنع كونتيننتال GT تحت هذا الشعار المجنح الذي يحمل حرف 'B'؟,A) بنتلي | B) رولز-رويس | C) أستون-مارتن | D) جاكوار,A
cars_50,cars,[🪽] [badge:bentley_wings] ما هي شركة السيارات الفاخرة التي تصنع سيارة بنتايجا SUV وسيارة فلاينج سبير الليموزين تحت هذا الشعار المجنح؟,B) رولز-رويس | B) بنتلي | C) أستون-مارتن | D) جاكوار,B
cars_51,cars,[🪽] [badge:bentley_wings] ما هي شركة السيارات فائقة الفخامة التي تزين مقدمة سياراتها بمجسم تميمة 'Flying B' القابل للسحب آلياً؟,C) رولز-رويس | B) أستون-مارتن | C) بنتلي | D) جاكوار,C
cars_52,cars,[🐏] [badge:ram_head] ما هي علامة الشاحنات الأمريكية التي تستخدم رأس كبش الجبال وقرونه البارزة كشعار مميز لها؟,D) فورد | B) شيفروليت | C) جي-ام-سي | D) رام,D
cars_53,cars,[🐏] [badge:ram_head] ما هي شركة الشاحنات التي تنتج شاحنات البيك أب الشهيرة 1500 و2500 و3500 الحاملة لشعار رأس الكبش هذا؟,A) رام | B) فورد | C) شيفروليت | D) جي-ام-سي,A
cars_54,cars,[🐏] [badge:ram_head] ما هي العلامة التي انفصلت عن دوج في عام 2010 لتصبح شركة شاحنات تجارية مستقلة بهذا الشعار؟,B) فورد | B) رام | C) شيفروليت | D) جي-ام-سي,B
cars_55,cars,[📐] [badge:acura_caliper] ما هي العلامة الفاخرة اليابانية التي تستخدم شعار أداة الفرجار الدقيقة الشبيه بحرف 'A'؟,C) لكزس | B) إنفينيتي | C) أكيورا | D) جينيسيس,C
cars_56,cars,[📐] [badge:acura_caliper] ما هي العلامة التي تمثل القسم الفاخر وعالي الأداء لشركة هوندا والمطلق في أمريكا الشمالية عام 1986 تحت هذا الشعار؟,D) لكزس | B) إنفينيتي | C) جينيسيس | D) أكيورا,D
cars_57,cars,[📐] [badge:acura_caliper] ما هي شركة السيارات الفاخرة التي تصنع سيارة MDX العائلية الفاخرة وسيارة RDX كروس أوفر تحت هذا الشعار؟,A) أكيورا | B) لكزس | C) إنفينيتي | D) جينيسيس,A
cars_58,cars,[🛡️🛡️🛡️] [badge:buick_tri_shield] ما هو قسم شركة جنرال موتورز الأمريكية الذي يتميز بشعار الدروع الثلاثية الدائري هذا؟,B) كاديلاك | B) بيويك | C) شيفروليت | D) بونتياك,B
cars_59,cars,[🛡️🛡️🛡️] [badge:buick_tri_shield] ما هي العلامة التاريخية المؤسسة عام 1899 والتي تعد أقدم صانع سيارات نشط في أمريكا تحت هذا الشعار؟,C) كاديلاك | B) شيفروليت | C) بيويك | D) بونتياك,C
cars_60,cars,[🛡️🛡️🛡️] [badge:buick_tri_shield] ما هي علامة GM الفاخرة التي تصنع سيارات الكروس أوفر الشهيرة إنكليف وإنكور GX تحت شعار الدروع الثلاثة؟,D) كاديلاك | B) شيفروليت | C) بونتياك | D) بيويك,D
cars_61,cars,[👑] [badge:rolls_royce_intertwined_rr] ما هي علامة صناعة السيارات البريطانية فائقة الفخامة التي يرمز إليها بحرفي 'RR' المتداخلين؟,A) رولز-رويس | B) بنتلي | C) مايباخ | D) أستون-مارتن,A
cars_62,cars,[👑] [badge:rolls_royce_intertwined_rr] ما هي شركة السيارات الفاخرة التي تصنع ليموزين فانتوم وجوست الرائدتين المزينتين بشعار RR المتداخل؟,B) بنتلي | B) رولز-رويس | C) مايباخ | D) أستون-مارتن,B
cars_63,cars,[👑] [badge:rolls_royce_intertwined_rr] ما هي العلامة التي تجهز سياراتها الفاخرة بمظلات مدمجة كاملة الحجم داخل إطارات الأبواب بجانب هذا الشعار؟,C) بنتلي | B) مايباخ | C) رولز-رويس | D) أستون-مارتن,C
cars_64,cars,[🪽] [badge:genesis_wings] ما هي علامة السيارات الفاخرة الكورية الجنوبية التي تشتهر بهذا الشعار المجنح مع درع مركزي داكن؟,D) لكزس | B) إنفينيتي | C) أكيورا | D) جينيسيس,D
cars_65,cars,[🪽] [badge:genesis_wings] ما هي العلامة التي تم تأسيسها عام 2015 كقسم فاخر مستقل لمجموعة هيونداي موتور تحت هذا الشعار؟,A) جينيسيس | B) لكزس | C) إنفينيتي | D) أكيورا,A
cars_66,cars,[🪽] [badge:genesis_wings] ما هي شركة السيارات الفاخرة التي تصنع سيارات GV70 وGV80 وسيدان G80 التنفيذية تحت هذا الشعار المجنح؟,B) لكزس | B) جينيسيس | C) إنفينيتي | D) أكيورا,B
cars_67,cars,[🔘] [badge:volkswagen_steampunk] ما هي شركة السيارات الألمانية الشهيرة الممثلة بشعار حرفي 'V' فوق 'W' الكلاسيكي داخل دائرة؟,C) بيمر | B) أوبل | C) فولكسفاجن | D) أودي,C
cars_68,cars,[🔘] [badge:volkswagen_steampunk] ما هي علامة السيارات التي صنعت سيارة بيتل الأسطورية ذات التبريد الهوائي والمحرك الخلفي تحت هذا الشعار؟,D) بيمر | B) أوبل | C) أودي | D) فولكسفاجن,D
cars_69,cars,[🔘] [badge:volkswagen_steampunk] ما هي شركة السيارات التي تصنع سيارة جولف الهاتشباك وتيجوان كروس أوفر الحاملة لشعار 'VW' الشهير هذا؟,A) فولكسفاجن | B) بيمر | C) أوبل | D) أودي,A
cars_70,cars,[⚙️] [badge:volkswagen_winged] ما هي مجموعة السيارات الألمانية التي تصنع سيارة ID.4 الكهربائية الحديثة تحت هذا الشعار المجنح الانسيابي؟,B) بيمر-إيرو | B) فولكسفاجن-إيرو | C) أودي-سبورت | D) أوبل-بليتز,B
cars_71,cars,[⚙️] [badge:volkswagen_winged] ما هي علامة السيارات التي أطلقت حافلة ID. Buzz الكهربائية ذات الطابع الكلاسيكي تحت هذا الشعار المجنح الحديث؟,C) بيمر-إيرو | B) أودي-سبورت | C) فولكسفاجن-إيرو | D) أوبل-بليتز,C
cars_72,cars,[⚙️] [badge:volkswagen_winged] ما هي شركة السيارات التي تصنع سيارة جولف R عالية الأداء بقوة 315 حصاناً ونظام الدفع الكلي تحت هذا الشعار؟,D) بيمر-إيرو | B) أودي-سبورت | C) أوبل-بليتز | D) فولكسفاجن-إيرو,D
cars_73,cars,[🕊️] [badge:mazda_winged_hourglass] ما هي شركة صناعة السيارات اليابانية التي يتميز شعارها بأجنحة محلقة انسيابية داخل شكل بيضاوي؟,A) مازدو | B) تويوتو | C) نيسون | D) سوبارو,A
cars_74,cars,[🕊️] [badge:mazda_winged_hourglass] ما هي علامة السيارات التي تصنع MX-5 مياتا، السيارة الرياضية المكشوفة ذات المقعدين الأكثر مبيعاً في التاريخ؟,B) تويوتو | B) مازدو | C) نيسون | D) سوبارو,B
cars_75,cars,[🕊️] [badge:mazda_winged_hourglass] ما هي شركة السيارات التي تصنع سيارات الكروس أوفر CX-5 وCX-50 وCX-90 الحاملة لهذا الشعار المجنح؟,C) تويوتو | B) نيسون | C) مازدو | D) سوبارو,C
cars_76,cars,[⚡] [badge:lightning_circle_emblem] ما هي شركة صناعة السيارات الألمانية التي تستخدم صاعقة البرق الأفقية داخل دائرة كشعار رسمي لها؟,D) فولكسفاجن | B) بيمر | C) أودي | D) أوبل,D
cars_77,cars,[⚡] [badge:lightning_circle_emblem] ما هي علامة السيارات التي باعت طرازات أسترا وكورسا في أوروبا تحت شعار البرق هذا جنباً إلى جنب مع فوكسهول؟,A) أوبل | B) فولكسفاجن | C) بيمر | D) أودي,A
cars_78,cars,[⚡] [badge:lightning_circle_emblem] ما هي شركة السيارات الأوروبية الواقعة في روسلسهايم والتابعة لمجموعة ستيلانتس وتستخدم شعار صاعقة البرق؟,B) فولكسفاجن | B) أوبل | C) بيمر | D) أودي,B
cars_79,cars,[🎼] [badge:treble_clef_emblem] ما هي العلامة المفاهيمية للسيارات التي تتميز برمز المفتاح الموسيقي الصوتي الذي يمثل سيمفونية العادم؟,C) سوناتا-أوتو | B) كادينس-كارز | C) ميلودي-موتورز | D) هارموني-أوتو,C
cars_80,cars,[🎼] [badge:treble_clef_emblem] أي مفهوم سيارة رياضية فاخرة يرمز إليه بمفتاح 'صل' الموسيقي احتفاءً بالنغمات الصوتية للمحرك؟,D) سوناتا-أوتو | B) كادينس-كارز | C) هارموني-أوتو | D) ميلودي-موتورز,D
cars_81,cars,[🎼] [badge:treble_clef_emblem] ما هي دار تصميم السيارات التي تستخدم هذا المفتاح الموسيقي لتمثيل هندسة العوادم الصوتية النقية؟,A) ميلودي-موتورز | B) سوناتا-أوتو | C) كادينس-كارز | D) هارموني-أوتو,A
cars_82,cars,[🚘] [badge:kia_oval] ما هي الدولة الآسيوية التي تعتبر الموطن الأصلي لشركة السيارات الظاهرة في هذا الشعار؟,B) اليابان | B) كوريا الجنوبية | C) ألمانيا | D) الولايات المتحدة,B
cars_83,cars,[🚘] [badge:kia_oval] ما هي المجموعة العملاقة لصناعة السيارات التي تمتلك هذه العلامة التجارية وتتشارك معها المنصات والمحركات؟,C) مجموعة تويوتا | B) شركة هوندا موتور | C) مجموعة هيونداي موتور | D) تحالف نيسان,C
cars_84,cars,[🚘] [badge:kia_oval] ما هي سيارة الدفع الرباعي العائلية ذات الصفوف الثلاثة التي فازت بجائزة سيارة العام العالمية 2020 تحت هذه العلامة؟,D) سورينتو | B) سبورتاج | C) كارنيفال | D) تيلورايد,D
cars_85,cars,[🛻] [badge:gmc_block_letters] ما هي المجموعة الأمريكية العملاقة لصناعة السيارات التي تمتلك وتصنع علامة الشاحنات وسيارات الدفع الرباعي هذه؟,A) جنرال-موتورز | B) شركة فورد للسيارات | C) ستيلانتس | D) تيسلا موتورز,A
cars_86,cars,[🛻] [badge:gmc_block_letters] ما هو فئة التجهيز الفاخرة الرائدة التي تتميز بالجلد الفاخر والكروم وتعد حصرية لشاحنات هذه العلامة؟,B) هاي كانتري | B) دينالي | C) كينج رانش | D) ليميتد,B
cars_87,cars,[🛻] [badge:gmc_block_letters] ما هي سيارة الدفع الرباعي الفاخرة كبيرة الحجم التي تتشارك منصتها مع شيفروليه تاهو وتحمل هذا الشعار؟,C) سوبربان | B) إسكاليد | C) يوكون | D) إكسبيديشن,C
cars_88,cars,[🚙] [badge:jeep_letters] ما هو تصميم الشبك الأمامي الأيقوني الذي تشتهر به هذه العلامة التجارية للطرق الوعرة بجانب اسمها؟,D) شبك قرص العسل | B) شريط أفقي منقسم | C) شبك سداسي كبير | D) شبك أمامي عمودي من سبع فتحات,D
cars_89,cars,[🚙] [badge:jeep_letters] ما هي مركبة الاستطلاع العسكرية التاريخية لعام 1941 المصنوعة للجيش الأمريكي والتي ولدت منها هذه العلامة؟,A) ويليس MB | B) دوج باور واجن | C) هامفي | D) فورد GPW,A
cars_90,cars,[🚙] [badge:jeep_letters] ما هي سيارة الطرق الوعرة ذات الأبواب القابلة للإزالة والمحاور الصلبة التي تعد الأيقونة التاريخية لهذه العلامة؟,B) شيروكي | B) رانجلر | C) كومباس | D) رينيجيد,B
cars_91,cars,في [تقنيات ومحركات السيارات]، ما هو الاختصار المكون من 3 أحرف لوحدة التحكم الإلكترونية في المحرك (كمبيوتر السيارة)؟,,ECU
cars_92,cars,في [تقنيات ومحركات السيارات]، ما هي الكلمة الإنجليزية المكونة من 5 أحرف التي تطلق على صندوق الأمتعة الموجود أسفل الغطاء الأمامي للسيارة الكهربائية (fr...nk)؟,,frunk
cars_93,cars,في [تقنيات ومحركات السيارات]، ما هو الاختصار المكون من 4 أحرف لنظام مراقبة ضغط الهواء في إطارات السيارة؟,,TPMS
cars_94,cars,في [تقنيات ومحركات السيارات]، ما هو الاختصار المكون من 3 أحرف لشاشة العرض الشفافة على الزجاج الأمامي أمام السائق؟,,HUD
cars_95,cars,في [تقنيات ومحركات السيارات]، ما هو الاختصار المكون من حرفين الذي يرمز إلى فئة السيارات الكهربائية بالكامل؟,,EV
cars_96,cars,في [تقنيات ومحركات السيارات]، ما هو الاختصار المكون من 4 أحرف للسيارات الهجينة القابلة للشحن بالقابس الكهربائي (P...)?,,PHEV
cars_97,cars,في [تقنيات ومحركات السيارات]، ما هو الاختصار المكون من 3 أحرف لنظام التحكم الإلكتروني بالثبات ومنع الانزلاق (E...)?,,ESP
cars_98,cars,في [رياضة المحركات وفورمولا 1]، ما هو سباق التحمل الشهير لمدة 24 ساعة الذي يقام في حلبة دي لا سارث في فرنسا (سباق لومان ...)?,,Le Mans
cars_99,cars,في [رياضة المحركات وفورمولا 1]، ما هو شريط التيتانيوم المنحني لحماية رأس السائق في قمرة القيادة الذي اعتمد عام 2018 (الهالو ...)?,,Halo
cars_100,cars,في [رياضة المحركات وفورمولا 1]، ما هي الكلمة الإنجليزية لمركز الانطلاق الأول الذي يحصل عليه أسرع سائق في التجارب التأهيلية (بول ...)?,,position
cars_101,cars,في [رياضة المحركات وفورمولا 1]، ما هو الاختصار المكون من 3 أحرف لبطولة العالم للراليات التابعة للاتحاد الدولي للسيارات (W...)؟,,WRC
cars_102,cars,في [رياضة المحركات وفورمولا 1]، ما هي الكلمة الإنجليزية لوقفة الصيانة السريعة لتغيير الإطارات في ثوانٍ معدودة (بيتب...)؟,,pitstop
cars_103,cars,في [رياضة المحركات وفورمولا 1]، ما هو رقم المسافة بالأميال لأشهر سباق سيارات أمريكي يقام في إنديانابوليس (إندي ...)؟,,500
cars_104,cars,في [رياضة المحركات وفورمولا 1]، ما هو لون العلم التحذيري الذي يلوح به الحكام لتنبيه السائقين لوجود خطر أو حادث على المسار؟,,أصفر
cars_105,cars,في [رياضة المحركات والسباقات]، ما هو الاختصار المكون من 3 أحرف لنظام تقليل الجر وفتح الجناح الخلفي للتجاوز في فورمولا 1؟,,DRS
cars_106,cars,في [رياضة المحركات والسباقات]، ما هو طوق التيتانيوم الواقي فوق قمرة القيادة في سيارات المقعد الأحادي (الهالو)؟,,Halo
cars_107,cars,في [رياضة المحركات والسباقات]، ما هو الاختصار المكون من 4 أحرف لدعامة الرأس والعنق لحماية السائق من الصدمات (H...)؟,,HANS
cars_108,cars,في [رياضة المحركات والسباقات]، ما هو اسم أشهر سباق تحمل للسيارات يستمر لمدة 24 ساعة متواصلة في فرنسا؟,,Le Mans
cars_109,cars,في [رياضة المحركات والسباقات]، ما هو اسم سباق صعود الهضبة الشهير في جبال كولورادو الأمريكية (بايكس ...)؟,,Pikes Peak
cars_110,cars,في [رياضة المحركات والسباقات]، من هو السائق الياباني الأسطوري الملقب بـ 'ملك الدريفت'؟,,Keiichi Tsuchiya
cars_111,cars,في [رياضة المحركات والسباقات]، من هو السائق الاستعراضي الأمريكي الراحل الشهير بسلسلة فيديوهات 'جيمكانا' الخارقة؟,,Ken Block
cars_112,cars,في [أيقونات وطرازات السيارات]، ما هو الرقم المكون من 3 أرقام لطراز بورشه الأيقوني ذي المحرك الخلفي؟,,911
cars_113,cars,في [أيقونات وطرازات السيارات]، ما هو اسم السيارة الرياضية الأيقونية الشهيرة التي أطلقتها شيفروليه لأول مرة عام 1953؟,,Corvette
cars_114,cars,في [أيقونات وطرازات السيارات]، ما هو اسم سيارة فيراري الخارقة ثنائية التوربو التي أطلقت عام 1987 بمناسبة الذكرى الأربعين؟,,F40
cars_115,cars,في [أيقونات وطرازات السيارات]، ما هو الرمز المكون من 3 أحرف لسيارة نيسان الرياضية الخارقة الملقبة بـ 'جودزيلا'؟,,GTR
cars_116,cars,في [أيقونات وطرازات السيارات]، ما هو اسم الهايبركار الهجينة الخارقة التي أنتجتها ماكلارين عام 2013 بقوة 903 أحصنة؟,,P1
cars_117,cars,في [أيقونات وطرازات السيارات]، ما هو رقم الطراز لسيارة بورشه الهايبركار الهجينة ذات الدفع الكلي بمحرك V8 سعة 4.6 لتر؟,,918 Spyder
cars_118,cars,في [أيقونات وطرازات السيارات]، ما هو الرمز المكون من 3 أحرف لنسخة الأداء العالي الأيقونية من فولكسفاجن جولف الهاتشباك؟,,GTI
cars_119,cars,في [ميكانيكا ومحركات السيارات]، ما هو الاختصار المكون من 3 أحرف لنظام المكابح المانعة للانغلاق؟,,ABS
cars_120,cars,في [ميكانيكا ومحركات السيارات]، ما هو الاختصار المكون من 3 أحرف لمقياس دورات المحرك في الدقيقة؟,,RPM
cars_121,cars,في [ميكانيكا ومحركات السيارات]، ما هو المبرد الميكانيكي الذي يبرد الهواء المضغوط الساخن الخارج من التوربو قبل دخوله للمحرك؟,,intercooler
cars_122,cars,في [ميكانيكا ومحركات السيارات]، ما هو السائل الهيدروليكي المستخدم لنقل ضغط دواسة الفرامل إلى كليبرات العجلات؟,,سائل الفرامل
cars_123,cars,في [ميكانيكا ومحركات السيارات]، ما هو اسم المهندس الألماني الذي اخترع المحرك الدوار بدون بساتم تقليدية؟,,Wankel
cars_124,cars,في [ميكانيكا ومحركات السيارات]، ما هو الاختصار المكون من 3 أحرف لناقل الحركة ذي التغيير المستمر بدون تروس ثابتة؟,,CVT
cars_125,cars,في [ميكانيكا ومحركات السيارات]، ما هو التجويف الأسطواني داخل كتلة المحرك الذي يتحرك بداخله المكبس صعوداً وهبوطاً؟,,الأسطوانة
cars_126,cars,في [تقنيات ومحركات السيارات]، ما هو العنصر الكيميائي الأساسي المستخدم في تصنيع بطاريات السيارات الكهربائية الحديثة؟,A) الرصاص | B) النيكل | C) الليثيوم | D) الزنك,C
cars_127,cars,في [تقنيات ومحركات السيارات]، ما هي العملية التي تستغل التباطؤ في السيارات الكهربائية لشحن البطارية واستعادة الطاقة؟,A) المكابح الهيدروليكية | B) مكابح الاحتكاك | C) التبريد الهوائي | D) الكبح المتجدد,D
cars_128,cars,في [تقنيات ومحركات السيارات]، ما هو الاسم الشائع لصندوق الأمتعة الإضافي الموجود في مقدمة السيارة الكهربائية بدلاً من المحرك؟,A) الفرانك | B) درج القفازات | C) الرف الخلفي | D) الكونسول,A
cars_129,cars,في [تقنيات ومحركات السيارات]، كم عدد الأسطوانات الموجودة في محرك السيارة المصنف كـ V8؟,A) 4 | B) 8 | C) 6 | D) 10,B
cars_130,cars,في [تقنيات ومحركات السيارات]، ما هو جهاز السحب القسري الذي يستغل غازات العادم لضغط الهواء داخل غرف الاحتراق؟,A) المولد (الدينامو) | B) السوبرتشارجر | C) التوربوشارجر (التوربو) | D) المبرد,C
cars_131,cars,في [تقنيات ومحركات السيارات]، ما هو الجهاز الكهربائي الذي يشحن بطارية السيارة الـ 12 فولت أثناء عمل محرك الوقود؟,A) محرك السلف | B) الكربراتير | C) دبة التلوث | D) المولد,D
cars_132,cars,في [تقنيات ومحركات السيارات]، ما هو المكون في نظام العادم الذي يحول الغازات السامة إلى انبعاثات أقل ضرراً؟,A) المحول الحفاز | B) كتم الصوت | C) مجمع العادم | D) المشعب,A
cars_133,cars,في [تقنيات ومحركات السيارات]، ما هي المجموعة الميكانيكية الترسية التي تسمح للعجلات الخارجية بالدوران أسرع من الداخلية عند المنعطفات؟,A) الحذافة | B) الترس التفاضلي | C) الكلتش | D) عمود الكامات,B
cars_134,cars,في [تقنيات ومحركات السيارات]، ما هو المكون الأساسي في نظام التبريد الذي يمرر سائل التبريد عبر زعانف هوائية لتبريده؟,A) المكثف | B) الدينامو | C) الرادياتير | D) الكارتر,C
cars_135,cars,في [تقنيات ومحركات السيارات]، ما هو العمود الدوار الذي يحول الحركة الخطية للبساتم صعوداً وهبوطاً إلى حركة دورانية؟,A) عمود الكامات | B) عمود الدوران (الدرايف شافت) | C) العكس | D) عمود الكرنك (عمود المرفق),D
cars_136,cars,في [تقنيات ومحركات السيارات]، إلى ماذا يشير الاختصار AWD في أنظمة قيادة السيارات؟,A) الدفع الكلي بجميع العجلات | B) الدفع الأوتوماتيكي | C) التوجيه المساعد | D) المكابح الذاتية,A
cars_137,cars,في [تقنيات ومحركات السيارات]، إلى ماذا يشير الاختصار FWD في السيارات؟,A) الدفع السريع | B) نظام الدفع بالعجلات الأمامية | C) الدفع الرباعي | D) التوجيه الأمامي,B
cars_138,cars,في [تقنيات ومحركات السيارات]، إلى ماذا يشير الاختصار RWD في السيارات الرياضية والكلاسيكية؟,A) ديناميكية العجلات | B) الإطارات الشعاعية | C) نظام الدفع بالعجلات الخلفية | D) الدفع المتوازن,C
cars_139,cars,في [تقنيات ومحركات السيارات]، أي نوع من المحركات التالية لا يحتوي إطلاقاً على بساتم أو أسطوانات أو شمعات احتراق؟,A) المحرك الدوار (وانكل) | B) المحرك الهجين | C) محرك الديزل | D) المحرك الكهربائي (Electric Motor),D
cars_140,cars,في [تقنيات ومحركات السيارات]، ماذا يعني اختصار RPM في لوحة عدادات السيارة؟,A) عدد دورات المحرك في الدقيقة | B) ضغط الرادياتير | C) عزم الفرامل | D) سرعة الميل,A
cars_141,cars,في [تقنيات ومحركات السيارات]، ما هو نظام السلامة النشط الذي يحافظ تلقائياً على مسافة أمان ثابتة مع السيارة التي في الأمام؟,A) مراقبة النقطة العمياء | B) مثبت السرعة التكيفي | C) مانع الانغلاق | D) حساس الضوء,B
cars_142,cars,في [تقنيات ومحركات السيارات]، ما هو النظام الذي يعرض بيانات القيادة والسرعة بشكل شفاف على الزجاج الأمامي؟,A) العداد الرقمي | B) شاشة الترفيه | C) شاشة العرض على الزجاج | D) شاشة المرآة,C
cars_143,cars,في [تقنيات ومحركات السيارات]، ما هو نظام الحساسات الذي يحذر السائق فور انخفاض ضغط الهواء في أحد الإطارات؟,A) ABS | B) ESC | C) ECU | D) نظام مراقبة ضغط الإطارات,D
cars_144,cars,في [سيارات الأفلام وثقافة السيارات]، ما هي السيارة المصنوعة من الفولاذ غير القابل للصدأ ذات الأبواب المجنحة في فيلم 'Back to the Future'؟,A) ديلوريان DMC-12 | B) بريكلين SV-1 | C) فيكتور W8 | D) لوتس إسبريت,A
cars_145,cars,في [سيارات الأفلام وثقافة السيارات]، ما هو الاسم الشهير لسيارة دوج تشارجر البرتقالية لعام 1969 في مسلسل 'The Dukes of Hazzard'؟,A) بانديت | B) الجنرال لي | C) إليانور | D) كريستين,B
cars_146,cars,في [سيارات الأفلام وثقافة السيارات]، ما هو اسم سيارة بونتياك ترانس آم السوداء الذكية والناطقة في مسلسل الثمانينيات 'Knight Rider'؟,A) هال 9000 | B) جارفيس | C) كيت | D) أوبتيموس,C
cars_147,cars,في [سيارات الأفلام وثقافة السيارات]، ما هو اسم سيارة فولكسفاجن بيتل البيضاء الحاملة للرقم 53 في أفلام ديزني الكلاسيكية؟,A) شيتي شيتي | B) لايتنينج | C) بامبلبي | D) هيربي,D
cars_148,cars,في [سيارات الأفلام وثقافة السيارات]، ما هو اسم شخصية الأوتوبوت الصفراء الشهيرة التي تتحول إلى سيارة شيفروليه كمارو في سلسلة 'Transformers'؟,A) بامبلبي | B) آيرونهايد | C) ستارسكريم | D) راتشيت,A
cars_149,cars,في [سيارات الأفلام وثقافة السيارات]، أي عميل سري بريطاني شهير ارتبطت أفلامه بقيادة سيارات أستون مارتن الرياضية الفاخرة المزودة بالأسلحة؟,A) إيثان هانت | B) جيمس بوند | C) جيسون بورن | D) جون ويك,B
cars_150,cars,في [تقنيات ومحركات السيارات]، ماذا تعني ميزة 'القيادة بدواسة واحدة' (One-Pedal Driving) في السيارات الكهربائية الحديثة؟,A) تعطيل الفرامل تماماً | B) تثبيت السرعة أوتوماتيكياً | C) إمكانية التسارع والتباطؤ حتى التوقف التام فقط بالضغط على دواسة الوقود ورفع القدم عنها | D) التبديل باليدين,C
cars_151,cars,في [تقنيات ومحركات السيارات]، ما هي الهياكل المصممة هندسياً في مقدمة وخلفية هيكل السيارة لتتشوه وتمتص طاقة الاصطدام قبل وصولها للركاب؟,A) قفص التدحرج | B) دعامة الشاسيه | C) صفائح الحماية السفلية | D) مناطق الامتصاص والتفتت,D
cars_152,cars,في [تقنيات ومحركات السيارات]، ما هو المصطلح الذي يصف قلق السائق النفسي من نفاد شحن بطارية السيارة الكهربائية قبل الوصول؟,A) قلق المدى | B) رعب الفولتية | C) فوبيا الشحن | D) فوبيا التوقف,A
cars_153,cars,في [تقنيات ومحركات السيارات]، ما هو التصميم الهيكلي المسطح الذي توضع فيه بطاريات السيارة الكهربائية بين المحاور أسفل الأرضية كلوح التزلج؟,A) الهيكل الفقري | B) منصة لوح التزلج | C) الهيكل الأنبوبي | D) شاسيه السلم,B
cars_154,cars,في [تقنيات ومحركات السيارات]، ما هي الميزة الرئيسية الفورية للمحركات الكهربائية مقارنة بمحركات الاحتراق الداخلي عند الانطلاق؟,A) لا تستهلك أي طاقة | B) تصدر صوتاً صاخباً | C) توفير عزم دوران أقصى فوري بنسبة 100% من الصفر دون تأخير | D) خفة الوزن الهائلة,C
cars_155,cars,في [تقنيات ومحركات السيارات]، ما هي وحدة القياس المعيارية المستخدمة للتعبير عن سعة حزمة بطاريات السيارات الكهربائية؟,A) الحصان الميكانيكي | B) الأمبير | C) اللتر | D) كيلوواط/ساعة,D
cars_156,cars,في [تقنيات ومحركات السيارات]، ماذا تعني ميزة التحديث عبر الهواء (OTA Updates) في السيارات الذكية الحديثة؟,A) تحديث برمجيات السيارة والميزات لاسلكياً عبر الإنترنت مثل الهواتف الذكية | B) إعادة ضبط هواء الإطارات عبر الراديو | C) تنظيف فلاتر الهواء تلقائياً | D) شحن السيارة بالطاقة الشمسية,A
cars_157,cars,في [تقنيات ومحركات السيارات]، ما هو نظام الأمان الذي يستخدم حساسات الانعطاف والمكابح الفردية لمنع انزلاق السيارة وفقدان السيطرة؟,A) مثبت السرعة | B) نظام الثبات الإلكتروني | C) مساعد التوقف الذاتي | D) التوجيه النشط,B
cars_158,cars,في [تقنيات ومحركات السيارات]، ما هي تقنية الإضاءة الحديثة عالية الكفاءة التي استبدلت مصابيح الهالوجين في مصابيح السيارات؟,A) لمبات الهالوجين | B) المصابيح المتوهجة | C) مصابيح الصمامات الثنائية | D) الشموع الحرارية,C
cars_159,cars,في [تقنيات ومحركات السيارات]، ماذا يفعل نظام الحفاظ على المسار (Lane Keeping Assist) عند انحراف السيارة دون استخدام الإشارة؟,A) يوقف السيارة فوراً | B) يطلق بوق الإنذار | C) يغلق المحرك | D) يوجه المقود بلطف لإعادة السيارة إلى منتصف المسار,D
cars_160,cars,في [تقنيات ومحركات السيارات]، كيف ينبه نظام مراقبة النقطة العمياء السائق عند اقتراب سيارة في المسار المجاور؟,A) إضاءة أيقونة تحذيرية برتقالية على المرآة الجانبية أو إصدار نغمة تنبيه | B) إطفاء شاشة العدادات | C) فتح النوافذ | D) إطلاق مساحات الزجاج,A
cars_161,cars,في [تقنيات ومحركات السيارات]، ما هي وظيفة العاكس الكهربائي (Inverter) في السيارات الكهربائية والهجينة؟,A) تبريد خلايا البطارية | B) تحويل التيار المستمر (DC) من البطارية إلى تيار متردد (AC) لتشغيل المحرك الكهربائي | C) شحن الهواتف | D) ضخ الهواء للإطارات,B
cars_162,cars,في [سيارات الأفلام وثقافة السيارات]، أي فيلم كلاسيكي عام 1968 من بطولة ستيف ماكوين اشتهر بأعظم مطاردة سيارات في شوارع سان فرانسيسكو بموستانج خضراء؟,A) رحل في 60 ثانية | B) نقطة التلاشي | C) بوليت | D) الرابط الفرنسي,C
cars_163,cars,في [سيارات الأفلام وثقافة السيارات]، ما هو اللقب الشهير لسيارة شيلبي موستانج GT500 لعام 1967 في فيلم المطاردات 'Gone in 60 Seconds'؟,A) كريستين | B) الجميلة السوداء | C) الشبح | D) إليانور,D
cars_164,cars,في [سيارات الأفلام وثقافة السيارات]، ما هو اسم سيارة بليموث فيوري الحمراء ذات القوى الغامضة في رواية وفيلم الرعب لستيفن كينج؟,A) كريستين | B) كاري | C) كوجو | D) آني,A
cars_165,cars,في [سيارات الأفلام وثقافة السيارات]، ما هو اسم سيارة الإسعاف كاديلاك 1959 المعدلة التي استخدمها صائدو الأشباح في فيلم 'Ghostbusters'؟,A) كريستين | B) إكتو-1 | C) آلة الغموض | D) الموت الأسود,B
cars_166,cars,في [سيارات الأفلام وثقافة السيارات]، ما هو اسم الحافلة الصغيرة الملونة التي تتنقل بها فرقة التحري في كرتون سكوبي دو؟,A) عربة المرح | B) الحافلة السحرية | C) آلة الغموض | D) باص الفانكي,C
cars_167,cars,في [سيارات الأفلام وثقافة السيارات]، ما هو اسم سيارة السباق الحمراء الحاملة للرقم 95 وبطل سلسلة أفلام بيكسار 'Cars'؟,A) مايتر | B) دوك هدسون | C) تشيك هيكس | D) لايتنينج ماكوين,D
cars_168,cars,في [تقنيات ومحركات السيارات]، ما هي وظيفة بطارية الـ 12 فولت الصغيرة الإضافية في السيارات الكهربائية الحديثة؟,A) تشغيل الأنظمة الكهربائية والإلكترونية الحيوية كالإضاءة والكمبيوتر والوسائد الهوائية وتفعيل موصل البطارية الرئيسية | B) تشغيل محرك السيارة عند السرعات العالية | C) شحن البطارية الضخمة | D) تشغيل التكييف فقط,A
cars_169,cars,في [رياضة المحركات وفورمولا 1]، ما هو العلم الذي يلوح به عند خط النهاية للإعلان عن فوز السيارة وانتهاء السباق؟,A) العلم الأصفر | B) العلم المربعات الأبيض والأسود | C) العلم الأزرق | D) العلم الأحمر,B
cars_170,cars,في [رياضة المحركات وفورمولا 1]، كم تبلغ المدة الزمنية الدقيقة لأشهر سباق تحمل للسيارات في فرنسا؟,A) 12 ساعة | B) 6 ساعات | C) 24 ساعة بالضبط | D) 48 ساعة,C
cars_171,cars,في [رياضة المحركات وفورمولا 1]، ما هو سباق الجائزة الكبرى العريق الذي يقام في شوارع إمارة موناكو الضيقة والمليئة باليخوت؟,A) سباق إيطاليا | B) سباق بريطانيا | C) سباق إسبانيا | D) جائزة موناكو الكبرى,D
cars_172,cars,في [رياضة المحركات وفورمولا 1]، من هو السائق الألماني الأسطوري الذي فاز بـ 7 بطولات عالم في فورمولا 1 (منها 5 متتالية مع فيراري)؟,A) مايكل شوماخر | B) سيباستيان فيتيل | C) نيكو روزبرغ | D) رالف شوماخر,A
cars_173,cars,في [رياضة المحركات وفورمولا 1]، من هو السائق البريطاني الحائز على 7 بطولات عالم وصاحب الرقم القياسي لأكثر من 100 انتصار في F1؟,A) لاندو نوريس | B) لويس هاميلتون | C) جنسون باتون | D) جورج راسل,B
cars_174,cars,في [رياضة المحركات وفورمولا 1]، من هو السائق البرازيلي الأسطوري بطل العالم ثلاث مرات المشهور ببراعته الخارقة في الأمطار مع مكلارين؟,A) آلان بروست | B) نيلسون بيكيه | C) آيرتون سينا | D) فيليبي ماسا,C
cars_175,cars,في [رياضة المحركات وفورمولا 1]، ماذا يعني رفع العلم الأصفر في قطاع معين من حلبة السباق؟,A) القيادة بأقصى سرعة | B) سقوط أمطار | C) انتهاء السباق | D) وجود خطر أو سيارة متوقفة ويجب تخفيف السرعة ومنع التجاوز تماماً,D
cars_176,cars,في [رياضة المحركات وفورمولا 1]، ما هو المسار المخصص الذي تدخل إليه السيارات لتغيير الإطارات والصيانة أثناء السباق؟,A) حارة الصيانة | B) منصة البادوك | C) منطقة الهروب | D) خط الانطلاق,A
cars_177,cars,في [رياضة المحركات وفورمولا 1]، ما هو سباق السيارات المفتوحة الأمريكي العريق لمسافة 500 ميل الذي يقام في عطلة يوم الذكرى؟,A) دايتونا 500 | B) إنديانابوليس 500 | C) سيبرينغ 12 ساعة | D) لو مان 24,B
cars_178,cars,في [رياضة المحركات وفورمولا 1]، ما هو المشروب التقليدي الشهير الذي يحتسي ويسكب منه الفائز بسباق إنديانابوليس 500 على منصة التتويج؟,A) الشمبانيا | B) عصير البرتقال | C) زجاجة من الحليب البارد | D) الماء المثلج,C
cars_179,cars,في [رياضة المحركات وفورمولا 1]، ما هي أشهر سلسلة سباقات سيارات إنتاج تجاري معدلة (Stock Car) على الحلبات البيضاوية في أمريكا؟,A) إندي كار | B) فورمولا 1 | C) بطولة إمسا | D) ناسكار,D
cars_180,cars,في [رياضة المحركات وفورمولا 1]، إلى ماذا يشير اختصار DRS في سيارات فورمولا 1 لتمكين التجاوز؟,A) نظام تقليل قوة الجر الهوائي | B) نظام القوة الضاغطة | C) مفتاح الأمان | D) نظام استعادة الطاقة,A
cars_181,cars,في [رياضة المحركات وفورمولا 1]، ما هو جهاز السلامة المصنوع من التيتانيوم المنحني فوق قمرة القيادة لحماية رأس السائق المعتمد منذ 2018؟,A) طوق هانز | B) الهالو | C) قفص التدحرج | D) مشتت الهواء,B
cars_182,cars,في [رياضة المحركات وفورمولا 1]، ما هي الحلبة الألمانية الأسطورية البالغ طول مسارها الشمالي نحو 20.8 كم والملقبة بـ 'الجحيم الأخضر'؟,A) هوكنهايم رينغ | B) سبا-فرانكورشان | C) نوربورغرينغ نوردشلايفه | D) مونزا,C
cars_183,cars,في [رياضة المحركات وفورمولا 1]، ما هي رياضة السيارات التي تتنافس فيها سيارات الرالي على مسار مختلط بين الإسفلت والحصى؟,A) تسلق الهضاب | B) تايم أتاك | C) سباقات الدراج | D) راليكروس,D
cars_184,cars,في [رياضة المحركات وفورمولا 1]، ما هي الحلبة الإيطالية التاريخية فائقة السرعة الملقبة بـ 'معبد السرعة' (Temple of Speed)؟,A) حلبة مونزا الوطنية | B) حلبة إيمولا | C) حلبة موجيلو | D) حلبة فيورانو,A
cars_185,cars,في [رياضة المحركات وفورمولا 1]، ماذا يسمى المركز الأول على شبكة الانطلاق الذي يحققه السائق الأسرع في التجارب التأهيلية؟,A) المتصدر المتقدم | B) مركز الانطلاق الأول | C) وتيرة السباق | D) الصف الأمامي,B
cars_186,cars,في [رياضة المحركات وفورمولا 1]، ما هي السيارة المخصصة التي تقود المسار للحد من سرعة السيارات عند وقوع حوادث خطيرة؟,A) سيارة الإسعاف | B) شاحنة الإنقاذ | C) سيارة الأمان | D) سيارة الفحص,C
cars_187,cars,في [رياضة المحركات وفورمولا 1]، من هو السائق الهولندي الشاب الذي حقق بطولات العالم لسنوات 2021 و2022 و2023 بأرقام قياسية مع ريد بول؟,A) سيرجيو بيريز | B) شارل لوكلير | C) كارلوس ساينز | D) ماكس فيرستابن,D
cars_188,cars,في [رياضة المحركات وفورمولا 1]، ماذا يعني رفع العلم الأحمر في سباقات الجائزة الكبرى؟,A) إيقاف السباق أو تعليقه فوراً بسبب حادث جسيم أو سوء الأحوال الجوية | B) تخفيف السرعة لوجود زيت | C) خروج سيارة الأمان | D) معاقبة سائق,A
cars_189,cars,في [رياضة المحركات وفورمولا 1]، ما هي النقطة الهندسية الأعمق داخل المنعطف التي يلامسها خط التسابق المثالي للسيارة؟,A) منطقة الهروب | B) قمة المنعطف أو رأس الزاوية | C) خط الكبح | D) مخرج المنعطف,B
cars_190,cars,في [رياضة المحركات وفورمولا 1]، من هو السائق الأسطوري بطل ناسكار 7 مرات الملقب بـ 'The Intimidator' الذي قاد السيارة رقم 3 الشهيرة؟,A) ريتشارد بيتي | B) جيف جوردون | C) ديل إيرنهاردت | D) جيمي جونسون,C
cars_191,cars,في [رياضة المحركات وفورمولا 1]، ما هو سباق ناسكار الافتتاحي الأكثر شهرة وبريقاً الذي يقام سنوياً في فلوريدا؟,A) كوكا كولا 600 | B) بريكيارد 400 | C) جنوب 500 | D) دايتونا 500,D
cars_192,cars,في [رياضة المحركات وفورمولا 1]، من هو السائق الفرنسي الأسطوري الذي يحمل الرقم القياسي بـ 9 ألقاب متتالية في بطولة العالم للراليات (WRC)؟,A) سيباستيان لوب | B) سيباستيان أوجييه | C) كارلوس ساينز الأب | D) ديدييه أوريول,A
cars_193,cars,في [رياضة المحركات وفورمولا 1]، ما هي الحلبة البلجيكية الشهيرة الواقعة في غابات الأردين وتشتهر بمرتفع 'أو روج' (Eau Rouge) الأسطوري؟,A) زولدر | B) حلبة سبا-فرانكورشان | C) نيفتي | D) لومان,B
cars_194,cars,في [رياضة المحركات وفورمولا 1]، ما هو التقليد الاحتفالي الشهير الذي يقوم به السائقون الثلاثة الأوائل على منصة التتويج منذ الستينيات؟,A) شرب الصودا | B) شرب العصير | C) رش الشمبانيا والاحتفال برذاذها | D) أكل الكعك,C
cars_195,cars,في [رياضة المحركات وفورمولا 1]، ما هو رالي الطرق الوعرة الصحراوي الأسطوري الذي كان ينطلق من باريس عابراً الصحراء الإفريقية الكبرى؟,A) باها 1000 | B) رالي سفاري | C) طريق الحرير | D) رالي داكار,D
cars_196,cars,في [رياضة المحركات وفورمولا 1]، ما هو سباق تسلق الجبال الشهير في أمريكا الملقب بـ 'السباق إلى الغيوم' على ارتفاع 14 ألف قدم؟,A) سباق بايكس بيك الدولي لتسلق الهضاب | B) جبل واشنطن | C) هضبة جودوود | D) جبل إيفرست,A
cars_197,cars,في [رياضة المحركات وفورمولا 1]، ما هو سباق التحمل الأسترالي لمسافة 1000 كم المقام على حلبة جبل بانوراما والمعروف بـ 'The Great Race'؟,A) أديلايد 500 | B) باثورست 1000 | C) ملبورن 500 | D) جولد كوست 600,B
cars_198,cars,في [رياضة المحركات وفورمولا 1]، من هو السائق الياباني الذي ابتكر تقنيات الانجراف بالسيارة واشتهر بقيادة تويوتا AE86 ولُقب بـ 'ملك الدريفت'؟,A) كين بلوك | B) دايجو سايتو | C) كيتشي تسوتشيا | D) نوبوتيرو تانيجوتشي,C
cars_199,cars,في [رياضة المحركات وفورمولا 1]، من هو السائق الاستعراضي الأمريكي الراحل وأحد مؤسسي DC Shoes الشهير باستعراضات الدريفت الخارقة في 'Gymkhana'؟,A) ترافيس باسترانا | B) تانر فوست | C) فون جيتين جونيور | D) كين بلوك,D
cars_200,cars,في [رياضة المحركات وفورمولا 1]، ما هو الصانع الألماني الذي يحمل الرقم القياسي التاريخي بـ 19 فوزاً إجمالياً في سباق لومان 24 ساعة للتحمل؟,A) بورش | B) أودي | C) فيراري | D) جاكوار,A
cars_201,cars,في [رياضة المحركات وفورمولا 1]، ما هو سائق فورمولا 1 الفنلندي الأسطوري الملقب بـ 'رجل الجليد' (The Iceman) الذي فاز بلقب 2007 مع فيراري؟,A) ميكا هاكينن | B) كيمي رايكونن | C) فالتيري بوتاس | D) هايكي كوفالاينن,B
cars_202,cars,في [رياضة المحركات وفورمولا 1]، ما هي فئة سباقات الدراج المتطرفة التي تستخدم سيارات طويلة بمحركات نتروميثان تفوق 11 ألف حصان؟,A) برو ستوك | B) سوبر غاز | C) توب فيول دراغستر | D) فاني كار,C
cars_203,cars,في [رياضة المحركات وفورمولا 1]، ما هي بطولة سباقات المقعد الأحادي الأمريكية الرائدة التي تتضمن سباق إنديانابوليس 500؟,A) فورمولا 2 | B) ناسكار كاب | C) إمسا سبورتس كار | D) سلسلة إندي كار,D
cars_204,cars,في [رياضة المحركات وفورمولا 1]، ما هي ميزة تقنية التموضع خلف سيارة أخرى مباشرة (Drafting / Slipstreaming)؟,A) تقليل مقاومة الهواء وتوفير سرعة أعلى للتجاوز في الخطوط المستقيمة | B) تبريد المحرك | C) شحن البطارية | D) زيادة استهلاك الوقود,A
cars_205,cars,في [رياضة المحركات وفورمولا 1]، ما هو التاج الثلاثي غير الرسمي لرياضة السيارات (Triple Crown of Motorsport)؟,A) دايتونا 500 وإندي 500 وباثورست | B) سباق جائزة موناكو الكبرى، وإنديانابوليس 500، ولومان 24 ساعة | C) سباق باريس ورالي داكار وسبا | D) سباق مونزا ونوربورغرينغ وسيلفرستون,B
cars_206,cars,في [رياضة المحركات وفورمولا 1]، ما هو لون العلم الذي يرفع للإشارة إلى بدء السباق أو عودة المسار للحالة الآمنة بعد الخطر؟,A) أحمر | B) أبيض | C) أخضر | D) أزرق,C
cars_207,cars,في [رياضة المحركات والسباقات]، ما هو سباق التحمل العريق الممتد لـ 24 ساعة الذي يقام على حلبة دي لا سارث في فرنسا منذ عام 1923؟,A) 24 ساعة في نوربورغرينغ | B) 24 ساعة في دايتونا | C) 24 ساعة في سبا | D) لومان 24 ساعة,D
cars_208,cars,في [رياضة المحركات والسباقات]، ما هو العلم الذي يلوح به عند خط النهاية للإعلان عن فوز المتصدر وانتهاء السباق رسمياً؟,A) العلم المربعات | B) العلم الأصفر | C) العلم الأحمر | D) العلم الأخضر,A
cars_209,cars,في [رياضة المحركات والسباقات]، ما هو سباق السيارات المفتوحة الأمريكي الشهير لمسافة 500 ميل على حلبة إنديانابوليس موتور سبيدواي؟,A) دايتونا 500 | B) إنديانابوليس 500 | C) بريكيارد 400 | D) سيبرينغ 12 ساعة,B
cars_210,cars,في [رياضة المحركات والسباقات]، من هو السائق البرازيلي بطل العالم في فورمولا 1 لثلاث مرات والذي يعتبر أحد أعظم أساطير السباقات؟,A) آلان بروست | B) نيلسون بيكيه | C) آيرتون سينا | D) فيليبي ماسا,C
cars_211,cars,في [رياضة المحركات والسباقات]، من هو السائق الألماني الأسطوري بطل العالم 7 مرات المشهور بحقبته الذهبية مع فيراري؟,A) سيباستيان فيتيل | B) نيكو روزبرغ | C) رالف شوماخر | D) مايكل شوماخر,D
cars_212,cars,في [رياضة المحركات والسباقات]، من هو السائق البريطاني الحائز على 7 بطولات عالم وصاحب الرقم القياسي لأكبر عدد انتصارات في F1؟,A) لويس هاميلتون | B) جنسون باتون | C) نايجل مانسيل | D) ديمون هيل,A
cars_213,cars,في [رياضة المحركات والسباقات]، ماذا يعني رفع العلم الأصفر في قطاع السباق؟,A) انتهاء السباق | B) وجود خطر أمام السائقين ويجب تخفيف السرعة ومنع التجاوز | C) فوز المتصدر | D) سقوط أمطار,B
cars_214,cars,في [رياضة المحركات والسباقات]، ما هي بطولة سباقات سيارات الإنتاج التجاري (ستوك كار) الرائدة في الولايات المتحدة؟,A) إندي كار | B) إمسا | C) ناسكار | D) إن إتش آر إيه,C
cars_215,cars,في [رياضة المحركات والسباقات]، ماذا تسمى المنطقة المخصصة لصيانة السيارات وتغيير الإطارات بجانب الحلبة؟,A) البادوك | B) القمة | C) الحظيرة المغلقة | D) حارة الصيانة ومربع التوقف,D
cars_216,cars,في [رياضة المحركات والسباقات]، ما هو مسار الحلبة الألمانية الشمالي التاريخي البالغ طوله 20.8 كم والمعروف باسم 'الجحيم الأخضر'؟,A) نوربورغرينغ نوردشلايفه | B) هوكنهايم رينغ | C) لاوزيتزرينغ | D) أوشرسليبن,A
cars_217,cars,في [رياضة المحركات والسباقات]، ما هو سباق الجائزة الكبرى التاريخي في فورمولا 1 الذي يقام في شوارع إمارة موناكو الساحلية؟,A) سباق سيلفرستون | B) جائزة موناكو الكبرى | C) سباق بلجيكا | D) سباق مونزا,B
cars_218,cars,في [رياضة المحركات والسباقات]، ما هي الحلبة الإيطالية الأسطورية فائقة السرعة الملقبة بـ 'معبد السرعة'؟,A) حلبة إيمولا | B) حلبة موجيلو | C) حلبة مونزا الوطنية | D) حلبة ميسانو,C
cars_219,cars,في [رياضة المحركات والسباقات]، إلى ماذا يرمز اختصار نظام DRS المستخدم على أجنحة سيارات F1 لتسهيل التجاوز؟,A) التوجيه الديناميكي | B) تبريد المكابح | C) توازن الانعطاف | D) نظام تقليل قوة الجر الهوائي,D
cars_220,cars,في [رياضة المحركات والسباقات]، ما هي رياضة السيارات التي يتم فيها تقييم السائقين بناءً على زاوية الانزلاق والسرعة والدخان عند المنعطفات؟,A) سباقات الدريفت والانجراف | B) تايم أتاك | C) تسلق الهضاب | D) سباقات التحمل,A
cars_221,cars,في [رياضة المحركات والسباقات]، ما هو جهاز الحماية التيتانيومي المنحني فوق قمرة القيادة الذي اعتمدته FIA لحماية رؤوس السائقين عام 2018؟,A) دعامة هانز | B) طوق الهالو | C) قفص الأمان | D) حاجب الرياح,B
cars_222,cars,في [رياضة المحركات والسباقات]، ما هي المنظمة والبطولة الدولية التي تنظم أرقى سلسلة سباقات راليات على الحصى والثلج والأسفلت؟,A) نادي سيارات أمريكا | B) ناسكار | C) بطولة العالم للراليات | D) إندي كار,C
cars_223,cars,في [رياضة المحركات والسباقات]، ما هو المشروب التقليدي الشهير الذي يحتسي منه الفائز بسباق إنديانابوليس 500 على منصة التتويج؟,A) الشمبانيا | B) عصير الفواكه | C) الماء المثلج | D) زجاجة من الحليب البارد,D
cars_224,cars,في [رياضة المحركات والسباقات]، ما هو المشروب الاحتفالي التقليدي الذي يرشه الفائزون بالمراكز الثلاثة الأولى على منصة التتويج في فورمولا 1؟,A) الشمبانيا ورذاذ المشروب الفوار | B) البيرة | C) المياه الغازية | D) العصير,A
cars_225,cars,في [رياضة المحركات والسباقات]، ما هي النقطة الهندسية الداخلية المثالية في المنعطف التي يلامسها خط التسابق لتحقيق أقصى سرعة؟,A) نقطة الكبح | B) قمة المنعطف | C) المنطقة الخارجية | D) مسار الهروب,B
cars_226,cars,في [رياضة المحركات والسباقات]، ما هو طوق الأمان الذي يرتديه السائق حول عنقه ويرتبط بالخوذة لمنع كسر قاعدة الجمجمة أثناء الصدمات؟,A) طوق الرقبة الإسفنجي | B) حزام الأمان | C) جهاز هانز | D) حزام الصدر,C
cars_227,cars,في [رياضة المحركات والسباقات]، ماذا يسمى مركز الانطلاق في مقدمة الشبكة الذي يحققه السائق صاحب أسرع زمن في التجارب التأهيلية؟,A) المركز الأخير | B) خط الصيانة | C) الصف الاحتياطي | D) مركز الانطلاق الأول,D
cars_228,cars,في [رياضة المحركات والسباقات]، ما هو اللقب الشهير لسائق ناسكار الأسطوري ديل إيرنهاردت (Dale Earnhardt)؟,A) المرعب | B) الملك | C) الصاروخ | D) الإعصار,A
cars_229,cars,في [رياضة المحركات والسباقات]، ما هي السباقات الثلاثة التي تشكل التاج الثلاثي التاريخي لرياضة المحركات؟,A) دايتونا 500 وإندي 500 وباثورست | B) جائزة موناكو الكبرى، وإنديانابوليس 500، ولومان 24 ساعة | C) رالي داكار وسيلفرستون ومونزا | D) باها 1000 ورالي فنلندا ونوربورغرينغ,B
cars_230,cars,في [رياضة المحركات والسباقات]، من هو السائق الوحيد في التاريخ الذي نجح في إحراز التاج الثلاثي لرياضة السيارات بفوزه بموناكو وإندي ولومان؟,A) آيرتون سينا | B) ماريو أندريتي | C) غراهام هيل | D) جاكي ستيوارت,C
cars_231,cars,في [رياضة المحركات والسباقات]، ما هو سباق التحمل الفرنسي الأسطوري المستمر لـ 24 ساعة والذي يقام سنوياً بالقرب من نهر سارث؟,A) سباق بول ريكارد | B) سباق سبا 24 | C) سباق حلبة ريمس | D) لومان 24 ساعة,D
cars_232,cars,في [رياضة المحركات والسباقات]، ماذا تسمى مناورة القيادة خلف سيارة متصدرة مباشرة لاستغلال الفراغ الهوائي والتجاوز؟,A) السحب الانسيابي | B) الانجراف | C) الكبح المتأخر | D) الالتفاف الواسع,A
cars_233,cars,في [رياضة المحركات والسباقات]، ما هي شركة صناعة السيارات الألمانية صاحبة الرقم القياسي التاريخي بـ 19 فوزاً إجمالياً في سباق لومان؟,A) أودي | B) بورش | C) فيراري | D) مرسيدس,B
cars_234,cars,في [رياضة المحركات والسباقات]، من هو سائق F1 الفنلندي الشهير بلقب 'The Iceman' الذي حقق بطولة العالم مع فيراري عام 2007؟,A) ميكا هاكينن | B) فالتيري بوتاس | C) كيمي رايكونن | D) كيكي روزبرغ,C
cars_235,cars,في [رياضة المحركات والسباقات]، ما هو رالي التحمل الصحراوي الأكثر قسوة في العالم والذي كان ينطلق تاريخياً من فرنسا إلى السنغال؟,A) باها 1000 | B) رالي سفاري شرق إفريقيا | C) طريق الحرير | D) رالي داكار,D
cars_236,cars,في [رياضة المحركات والسباقات]، ما هو سباق الطرق الوعرة الصحراوي الشهير لمسافة 1000 ميل الذي يقام في شبه جزيرة باخا كاليفورنيا بالمكسيك؟,A) باها 1000 | B) مينت 400 | C) ملك المطارق | D) رالي أتاكاما,A
cars_237,cars,في [رياضة المحركات والسباقات]، ما هو الجبل الأمريكي الشاهق في كولورادو الذي يستضيف سنوياً سباق صعود الهضبة إلى الغيوم؟,A) جبل واشنطن | B) بايكس بيك | C) جبل رينييه | D) جبل ويتني,B
cars_238,cars,في [رياضة المحركات والسباقات]، من هو بطل الراليات الفرنسي الأسطوري الذي أحرز 9 بطولات عالمية متتالية في WRC؟,A) سيباستيان أوجييه | B) ديدييه أوريول | C) سيباستيان لوب | D) كارلوس ساينز,C
cars_239,cars,في [رياضة المحركات والسباقات]، ما هي الحلبة البلجيكية الشهيرة في غابات الأردين والمعروفة بمنعطف 'أو روج' و'ريديون' الشاهق؟,A) زولدر | B) نوربورغرينغ | C) مونزا | D) حلبة سبا-فرانكورشان,D
cars_240,cars,في [رياضة المحركات والسباقات]، ما هو سباق سيارات التورينغ الأسترالي الشهير لمسافة 1000 كم على حلبة ماونت بانوراما الأسطورية؟,A) باثورست 1000 | B) أديلايد 500 | C) جولد كوست 600 | D) فيليب آيلاند,A
cars_241,cars,في [رياضة المحركات والسباقات]، من هو السائق الهولندي الذي هيمن على بطولات العالم للفورمولا 1 مع فريق ريد بول ريسينغ محطماً الأرقام القياسية؟,A) سيرجيو بيريز | B) ماكس فيرستابن | C) شارل لوكلير | D) لاندو نوريس,B
cars_242,cars,في [رياضة المحركات والسباقات]، ما هي المنافسة الأسطورية الشرسة في موسم F1 لعام 1976 التي جسدها فيلم 'Rush' بين نيكي لاودا وجيمس هانت؟,A) فيراري ضد ويليامز | B) مكلارين ضد لوتس | C) نيكي لاودا (فيراري) ضد جيمس هانت | D) بينيتون ضد رينو,C
cars_243,cars,في [رياضة المحركات والسباقات]، ما هي وظيفة سيارة الأمان (Safety Car) عند دخولها إلى الحلبة أثناء السباق؟,A) إخلاء المصابين | B) تنظيف الحصى | C) تصوير السباق | D) قيادة قافلة السيارات بسرعة مقيدة لضمان سلامة التدخل في الحوادث,D
cars_244,cars,في [رياضة المحركات والسباقات]، من هو السائق الياباني الأسطوري المعروف بلقب 'دريفت كينج' وملهم قصة أنمي 'Initial D'؟,A) كيتشي تسوتشيا | B) كين بلوك | C) دايجو سايتو | D) ماساتو كاواباتا,A
cars_245,cars,في [رياضة المحركات والسباقات]، ماذا يعني رفع العلم الأحمر في سباقات الحلبات؟,A) انتهاء السباق وتتويج الفائز | B) إيقاف الحصة أو السباق فوراً لظروف طارئة خطيرة | C) معاقبة السائق بالاستبعاد | D) خروج سيارة الإسعاف,B
cars_246,cars,في [رياضة المحركات والسباقات]، ما هي بطولة المقعد الأحادي الأمريكية الشهيرة التي تقام على الحلبات البيضاوية والشوارع؟,A) ناسكار | B) إمسا | C) سلسلة إندي كار | D) بطولة الدراج,C
cars_247,cars,في [رياضة المحركات والسباقات]، ما هو سباق التحمل الأمريكي الشهير لمدة 24 ساعة الذي يقام على الحلبة الداخلية والمائلة في فلوريدا؟,A) سيبرينغ 12 ساعة | B) بيتي لومان | C) واتكينز جلين | D) رولكس 24 في دايتونا,D
cars_248,cars,في [رياضة المحركات والسباقات]، من هو سائق ناسكار الأسطوري الملقب بـ 'The King' وصاحب الرقم القياسي بـ 200 انتصار في مسيرته؟,A) ريتشارد بيتي | B) ديل إيرنهاردت | C) جيف جوردون | D) جيمي جونسون,A
cars_249,cars,في [رياضة المحركات والسباقات]، ما هي أسرع فئة في سباقات الدراج تنهي مسافة الـ 1000 قدم بأكثر من 330 ميلاً في الساعة؟,A) برو ستوك | B) توب فيول دراغستر | C) سوبر غاز | D) ستريت إليميناتور,B
cars_250,cars,في [أيقونات وطرازات السيارات]، ما هي السيارة الرياضية الألمانية الأيقونية ذات المحرك الخلفي والمستمرة في الإنتاج بنجاح منذ عام 1964؟,A) بورش كايمان | B) بورش باناميرا | C) بورش 911 | D) بورش تايكان,C
cars_251,cars,[⭐] [badge:mercedes_star] ما هي شركة السيارات التي صنعت السيارة الرياضية الأيقونية 300 SL Gullwing ذات الأبواب المجنحة عام 1954 تحت هذا الشعار؟,A) بيمر | B) أودي | C) فولكسفاجن | D) ميرسيدي-بنز,D
cars_252,cars,[⭐] [badge:mercedes_star] ما هي علامة السيارات الفاخرة المشهورة بشعارها وشعارها الترويجي 'الأفضل أو لا شيء' وتضع رمز النجمة الثلاثية هذا؟,A) ميرسيدي-بنز | B) بيمر | C) أودي | D) فولكسفاجن,A
cars_253,cars,[🔘🔘🔘🔘] [badge:audi_twisted_rings] ما هي شركة صناعة السيارات التي أنتجت الكوبيه الرياضية المقوسة TT بدءاً من عام 1998 تحت هذا الشعار ذي الحلقات الأربع؟,A) بيمر | B) أودي | C) ميرسيدي-بنز | D) أوبل,B
cars_254,cars,[🔘🔘🔘🔘] [badge:audi_twisted_rings] ما هي علامة السيارات التي هيمنت على بطولة العالم للراليات في الثمانينيات بسيارتها سبورت كواترو وتحمل هذا الشعار؟,A) بيمر | B) ميرسيدي-بنز | C) أودي | D) أوبل,C
cars_255,cars,[⭕] [badge:toyota_ellipses] ما هي شركة السيارات التي تصنع السيارة الرياضية الأيقونية سوبرا وسيارة GR يارس ذات الدفع الكلي الحاملة لهذا الشعار؟,A) هوندو | B) نيسون | C) مازدو | D) تويوتو,D
cars_256,cars,[⭕] [badge:toyota_ellipses] ما هي علامة السيارات اليابانية التي أنتجت السيارة الكلاسيكية الشهيرة ذات الدفع الخلفي AE86 سبرينتر ترينو تحت هذا الشعار؟,A) تويوتو | B) هوندو | C) نيسون | D) مازدو,A
cars_257,cars,[🎗️] [badge:chevrolet_bowtie] ما هي شركة صناعة السيارات التي قدمت محرك Small-Block V8 الثوري عام 1955 تحت هذا الشعار ذي ربطة العنق؟,A) فورد | B) شيفروليت | C) دوجي | D) بونتياك,B
cars_258,cars,[🎗️] [badge:chevrolet_bowtie] ما هي العلامة التي بنت سيارة شي them 454 Chevelle SS العضلية لعام 1970 تحت شعار ربطة العنق هذا؟,A) فورد | B) دوجي | C) شيفروليت | D) بونتياك,C
cars_259,cars,[⚡] [badge:tesla_t_plug] ما هي شركة السيارات الكهربائية التي قدمت طراز Model S Plaid فائق السرعة المزود بثلاثة محركات كهربائية تحت هذا الشعار؟,A) ريفيان | B) لوسيد | C) بولستار | D) تيسلا,D
cars_260,cars,[⚡] [badge:tesla_t_plug] ما هي العلامة التجارية التي تصنع شاحنة سايبرترك الكهربائية ذات الهيكل الفولاذي الصلب الزاوي تحت هذا الشعار؟,A) تيسلا | B) ريفيان | C) لوسيد | D) بولستار,A
cars_261,cars,[🛡️] [badge:porsche_crest] ما هي شركة السيارات التي أنتجت السوبركار الخارقة Carrera GT بمحرك V10 تنفس طبيعي عام 2004 تحت هذا الدرع النبيل؟,A) بيمر | B) بورش | C) أودي | D) ميرسيدي-بنز,B
cars_262,cars,[🛡️] [badge:porsche_crest] ما هي علامة السيارات الرياضية التي صنعت السوبركار المتطورة بالدفع الرباعي 959 في الثمانينيات تحت هذا الشعار؟,A) بيمر | B) أودي | C) بورش | D) ميرسيدي-بنز,C
cars_263,cars,[🐎] [badge:ferrari_rearing_horse] ما هي شركة السيارات التي أنتجت السيارة الأسطورية F40 بهيكل ألياف الكربون ومحرك تيربو مزدوج عام 1987 تحت رمز الحصان هذا؟,A) لامبورجيني | B) مازيراتي | C) باجاني | D) فيراري,D
cars_264,cars,[🐎] [badge:ferrari_rearing_horse] ما هي العلامة التي تصنع سيارات الجراند تورر الفاخرة بمحرك V12 أمامي مثل 812 Superfast وDaytona SP3 بهذا الشعار؟,A) فيراري | B) لامبورجيني | C) مازيراتي | D) باجاني,A
cars_265,cars,[🐂] [badge:lamborghini_bull] ما هي شركة صناعة السيارات التي صنعت سيارة كونتاش الكلاسيكية ذات التصميم الإسفيني الشهير في السبعينيات تحت رمز الثور هذا؟,A) فيراري | B) لامبورجيني | C) بوغاتي | D) مازيراتي,B
cars_266,cars,[🐂] [badge:lamborghini_bull] ما هي الشركة التي أنتجت السيارتين الخارقتين ديابلو في التسعينيات ومورسيلاجو في الألفينيات تحت درع الثور الهائج هذا؟,A) فيراري | B) بوغاتي | C) لامبورجيني | D) مازيراتي,C
cars_267,cars,[✨] [badge:subaru_pleiades_stars] ما هي علامة السيارات التي صنعت سيارة إمبريزا WRX STI الزرقاء ذات العجلات الذهبية وبطلة الراليات تحت هذا الشعار النجمي؟,A) ميتسوبيشي | B) تويوتو | C) سوزوكي | D) سوبارو,D
cars_268,cars,[✨] [badge:subaru_pleiades_stars] ما هي شركة صناعة السيارات اليابانية التي طورت الكوبيه الرياضية خفيفة الوزن BRZ ذات الدفع الخلفي بالتعاون مع شريكها تحت هذا الشعار؟,A) سوبارو | B) ميتسوبيشي | C) تويوتو | D) سوزوكي,A
cars_269,cars,[🔵] [badge:ford_blue_oval] ما هي شركة السيارات التي صنعت سيارة السباق ذات المحرك الوسطي GT40 التي حققت ثلاثية تاريخية في لومان 1966 تحت هذا الشعار؟,A) شيفروليت | B) فورد | C) دوجي | D) كاديلاك,B
cars_270,cars,[🔵] [badge:ford_blue_oval] ما هي العلامة التي بنت أيقونات الهوت هاتش الرياضية سييرا كوزوورث وإسكورت RS وفوكس RS الحاملة لهذا الشعار البيضاوي الأزرق؟,A) شيفروليت | B) دوجي | C) فورد | D) كاديلاك,C
cars_271,cars,[🪽] [badge:aston_martin_wings] ما هي علامة السيارات البريطانية الرياضية التي صنعت سيارة DB5 الفضية المجهزة بمقعد القذف الدفاعي في فيلم جيمس بوند 'Goldfinger'؟,A) بنتلي | B) جاكوار | C) ماكلارين | D) أستون-مارتن,D
cars_272,cars,[🪽] [badge:aston_martin_wings] ما هي شركة السيارات التي تصنع سياراتها الرياضية الفاخرة يدوياً في جايدون بوارويكشاير تحت هذا الشعار المجنح؟,A) أستون-مارتن | B) بنتلي | C) جاكوار | D) ماكلارين,A
cars_273,cars,[⚔️] [badge:volvo_battleaxe] ما هي شركة السيارات التي اخترعت حزام الأمان ثلاثي النقاط عام 1959 وتخلت عن براءة اختراعه مجاناً لإنقاذ حياة البشر؟,A) ساب | B) فولفو | C) كونيجسيج | D) بولستار,B
cars_274,cars,[⚔️] [badge:volvo_battleaxe] ما هي العلامة التي أنتجت سلسلة 240 الصندوقية الأسطورية والتي اكتسبت سمعة عالمية لتخطيها حاجز المليون ميل تحت هذا الرمز؟,A) ساب | B) كونيجسيج | C) فولفو | D) بولستار,C
cars_275,cars,[🐆] [badge:jaguar_leaping] ما هي شركة السيارات التي صنعت سيارة E-Type (XKE) عام 1961 والتي وصفها إنزو فيراري بأنها 'أجمل سيارة صُنعت في العالم'؟,A) بنتلي | B) أستون-مارتن | C) لاند-روفر | D) جاكوار,D
cars_276,cars,[🐆] [badge:jaguar_leaping] ما هي العلامة التي صنعت السوبركار XJ220 ثنائية التوربو بسرعة 217 ميلاً في الساعة في مطلع التسعينيات تحت تميمة الفهد الوثاب هذه؟,A) جاكوار | B) بنتلي | C) أستون-مارتن | D) لاند-روفر,A
cars_277,cars,"[🎧] [badge:honda_headphones] ما هي شركة صناعة السيارات التي طورت سيارة الرودستر S2000 ذات المحرك التنفس الطبيعي عالي الدوران (9,000 د/د) عام 1999 تحت هذا الشعار؟",A) تويوتو | B) هوندو | C) نيسون | D) مازدو,B
cars_278,cars,[🎧] [badge:honda_headphones] ما هي العلامة التي صممت السوبركار المصنوعة من الألومنيوم NSX عام 1990 بالتعاون المباشر مع بطل العالم آيرتون سينا؟,A) تويوتو | B) نيسون | C) هوندو | D) مازدو,C
cars_279,cars,[🤝] [badge:hyundai_italic_h] ما هي علامة السيارات التي أنشأت قسم الأداء الرياضي العالي 'N'، وطورت طرازات مثل إلنترا N وأيونيك 5 N تحت هذا الشعار؟,A) كيا | B) دايو | C) جينيسيس | D) هيونداي,D
cars_280,cars,[🤝] [badge:hyundai_italic_h] ما هي شركة السيارات التي طورت الكوبيه الرياضية غير المتناظرة بثلاثة أبواب 'فيلوستر N' الحاملة لهذا الشعار؟,A) هيونداي | B) كيا | C) دايو | D) جينيسيس,A
cars_281,cars,[🛑] [badge:nissan_circle_bar] ما هي العلامة التي صنعت أجيال سكايلاين GT-R الأسطورية R32 وR33 وR34 المزودة بمحرك RB26DETT ثنائي التوربو تحت هذا الشعار؟,A) تويوتو | B) نيسون | C) هوندو | D) مازدو,B
cars_282,cars,[🛑] [badge:nissan_circle_bar] ما هي شركة صناعة السيارات اليابانية التي أنتجت سيارات الدريفت الشهيرة سيلفيا (S13 وS14 وS15) وسيارة 300ZX تحت هذا الشعار؟,A) تويوتو | B) هوندو | C) نيسون | D) مازدو,C
cars_283,cars,[🪽] [badge:bentley_wings] ما هي العلامة البريطانية التي اشتهر فريق متسابقيها النبلاء في العشرينيات باسم 'The Bentley Boys' وهيمنوا على لومان 24 ساعة؟,A) رولز-رويس | B) أستون-مارتن | C) جاكوار | D) بنتلي,D
cars_284,cars,[🪽] [badge:bentley_wings] ما هي شركة السيارات التي صنعت سيارات فائقة الفخامة يدوياً مزودة بمحرك V8 أسطوري بسعة 6.75 لتر لعقود طويلة تحت هذا الشعار المجنح؟,A) بنتلي | B) رولز-رويس | C) أستون-مارتن | D) جاكوار,A
cars_285,cars,[🐏] [badge:ram_head] ما هي شركة الشاحنات التي صممت شاحنة TRX الرياضية المخصصة للطرق الوعرة بمحرك سوبرتشارجر V8 بقوة 702 حصان تحت هذا الشعار؟,A) فورد | B) رام | C) شيفروليت | D) جي-ام-سي,B
cars_286,cars,[🐏] [badge:ram_head] ما هي العلامة التي تنتج شاحنة Power Wagon المخصصة للمهام الشاقة والمجهزة بونش مصنعي ونظام فصل أعمدة التوازن إلكترونياً؟,A) فورد | B) شيفروليت | C) رام | D) جي-ام-سي,C
cars_287,cars,[📐] [badge:acura_caliper] ما هي شركة السيارات التي صنعت الجيل الثاني من السوبركار الهجينة ثنائية التوربو ذات الدفع الكلي NSX في أوهايو تحت هذا الشعار؟,A) لكزس | B) إنفينيتي | C) جينيسيس | D) أكيورا,D
cars_288,cars,[📐] [badge:acura_caliper] ما هي العلامة التي تصنع سيارات الأداء الرياضي لعشاق القيادة مثل إنتيغرا تايب S وTLX تايب S تحت شعار الفرجار الهندسي الدقيق هذا؟,A) أكيورا | B) لكزس | C) إنفينيتي | D) جينيسيس,A
cars_289,cars,[🛡️🛡️🛡️] [badge:buick_tri_shield] ما هي علامة السيارات التي أنتجت سيارة العضلات السوداء المخيفة لعام 1987 المزودة بمحرك V6 تيربو والمعروفة بـ Grand National GNX؟,A) كاديلاك | B) بيويك | C) شيفروليت | D) بونتياك,B
cars_290,cars,[🛡️🛡️🛡️] [badge:buick_tri_shield] ما هي العلامة الأمريكية التي قدمت كوبيه ريفييرا الفاخرة عام 1963 بمصابيحها الأمامية المخفية تحت شعار الدروع الثلاثة هذا؟,A) كاديلاك | B) شيفروليت | C) بيويك | D) بونتياك,C
cars_291,cars,[👑] [badge:rolls_royce_intertwined_rr] ما هي علامة السيارات فائقة الفخامة التي تزين شبك مقدمة سياراتها بتميمة 'روح النشوة' (Spirit of Ecstasy) الشهيرة القابلة للسحب؟,A) بنتلي | B) مايباخ | C) أستون-مارتن | D) رولز-رويس,D
cars_292,cars,[👑] [badge:rolls_royce_intertwined_rr] ما هي شركة السيارات التي تصنع سيارة كولينان الـ SUV الفارهة وسيارة سبيكتر الكهربائية بالكامل تحت هذا الشعار؟,A) رولز-رويس | B) بنتلي | C) مايباخ | D) أستون-مارتن,A
cars_293,cars,[🪽] [badge:genesis_wings] ما هي العلامة التي تتميز بلغتها التصميمية الشهيرة 'الخطين المتوازيين' (Two Lines) في المصابيح والشبك الأمامي تحت هذا الشعار؟,A) لكزس | B) جينيسيس | C) إنفينيتي | D) أكيورا,B
cars_294,cars,[🪽] [badge:genesis_wings] ما هي شركة السيارات التي تصنع السيدان الرياضية G70 ذات الدفع الخلفي والتي حصدت لقب سيارة العام في أمريكا الشمالية تحت هذا الشعار؟,A) لكزس | B) إنفينيتي | C) جينيسيس | D) أكيورا,C
cars_295,cars,[🔘] [badge:volkswagen_steampunk] ما هي شركة السيارات التي أطلقت سيارة جولف GTI عام 1976، مبتكرة ظاهرة سيارات 'الهوت هاتش' الرياضية عالمياً تحت هذا الشعار؟,A) بيمر | B) أوبل | C) أودي | D) فولكسفاجن,D
cars_296,cars,[🔘] [badge:volkswagen_steampunk] ما هي العلامة التي صنعت حافلة Type 2 Microbus الكلاسيكية المحبوبة (كومبي / بولي) التي أصبحت رمزاً لرحلات التخييم حول العالم؟,A) فولكسفاجن | B) بيمر | C) أوبل | D) أودي,A
cars_297,cars,[⚙️] [badge:volkswagen_winged] ما هي شركة السيارات التي طورت منصة MEB المخصصة للسيارات الكهربائية لإنتاج ملايين المركبات تحت هذا الشعار؟,A) بيمر-إيرو | B) فولكسفاجن-إيرو | C) أودي-سبورت | D) أوبل-بليتز,B
cars_298,cars,[⚙️] [badge:volkswagen_winged] ما هي العلامة التي صممت السيارة التجريبية فائقة الاقتصاد XL1 بهيكل كربون ومحرك ديزل هجين يستهلك 1 لتر لكل 100 كم؟,A) بيمر-إيرو | B) أودي-سبورت | C) فولكسفاجن-إيرو | D) أوبل-بليتز,C
cars_299,cars,[🕊️] [badge:mazda_winged_hourglass] ما هي شركة صناعة السيارات اليابانية التي اشتهرت بتبني وتطوير محرك 'وانكل' الدوار في سياراتها الرياضية مثل RX-7 وRX-8؟,A) تويوتو | B) نيسون | C) سوبارو | D) مازدو,D
cars_300,cars,[🕊️] [badge:mazda_winged_hourglass] ما هي العلامة التي تبني وتصمم سياراتها وفق الفلسفة الهندسية اليابانية 'جينبا إيتاي' (التناغم بين الحصان والفارس) تحت هذا الشعار المجنح؟,A) مازدو | B) تويوتو | C) نيسون | D) سوبارو,A
cars_301,cars,[⚡] [badge:lightning_circle_emblem] ما هي شركة السيارات التي أنتجت كوبيه مانتا الرياضية الكلاسيكية الشهيرة بين عامي 1970 و1988 تحت شعار صاعقة البرق هذا؟,A) فولكسفاجن | B) أوبل | C) بيمر | D) أودي,B
cars_302,cars,[⚡] [badge:lightning_circle_emblem] ما هي العلامة التي بنت سيارة كالبرا الرياضية عام 1989 وسجلت رقماً قياسياً لأدنى معامل سحب ديناميكي (0.26 Cd)؟,A) فولكسفاجن | B) بيمر | C) أوبل | D) أودي,C
cars_303,cars,[🎼] [badge:treble_clef_emblem] ما هي علامة السيارات التي تستخدم هذا الشعار الموسيقي لتمثيل أنابيب العادم المتساوية الطول والمضبوطة كنغمات موسيقية؟,A) سوناتا-أوتو | B) كادينس-كارز | C) هارموني-أوتو | D) ميلودي-موتورز,D
cars_304,cars,[🎼] [badge:treble_clef_emblem] ما هو صانع السيارات المفهومي الذي يستعين برمز المفتاح الموسيقي لتمثيل النغمات التوافقية لمحركات V12 عالية الدوران؟,A) ميلودي-موتورز | B) سوناتا-أوتو | C) كادينس-كارز | D) هارموني-أوتو,A
cars_305,cars,[🚘] [badge:kia_oval] ما هي سيارة السيدان الرياضية الفاخرة ثنائية التوربو V6 ذات الدفع الخلفي التي أطلقت عام 2017 تحت هذا الشعار؟,A) كادينزا | B) ستينجر | C) K5 GT | D) أوبتيما SX,B
cars_306,cars,[🚘] [badge:kia_oval] ما هي سيارة الدفع الرباعي الكهربائية الرائدة ذات الـ 3 صفوف والتصميم الهندسي والشحن فائق السرعة 800V تحت هذا الشعار؟,A) EV6 | B) نيرو EV | C) EV9 | D) سول EV,C
cars_307,cars,[🛻] [badge:gmc_block_letters] ما هي الشاحنة الفائقة الكهربائية الثورية بقوة 1000 حصان والمزودة بميزة السير المائل كالسلطعون (CrabWalk) تحت هذا الشعار؟,A) سايبرترك | B) ريفيان R1T | C) F-150 لايتنينج | D) هامر EV,D
cars_308,cars,[🛻] [badge:gmc_block_letters] ما هي حزمة تجهيزات الطرق الوعرة ذات التعليق المرتفع وصفائح الحماية المقدمة على شاحنات هذه العلامة؟,A) AT4 | B) Z71 | C) تريل بوس | D) TRD برو,A
cars_309,cars,[🚙] [badge:jeep_letters] ما هي شاحنة البيك أب متوسطة الحجم ذات الأبواب والسقف القابل للإزالة المنتجة تحت هذه العلامة؟,A) سكرامبلر | B) جلادياتور | C) كومانشي | D) بايونير,B
cars_310,cars,[🚙] [badge:jeep_letters] ما هي شارة الاعتماد التي توضع على الرفارف الأمامية لمركبات هذه العلامة المجتازة لاختبارات الطرق الوعرة القاسية؟,A) أوف رود برو | B) روك كراولر | C) تريل ريتد 4x4 | D) ديزرت رانر,C
cars_311,cars,في [تقنيات ومحركات السيارات]، ما هو الاختصار المكون من 3 أحرف لبطاريات فوسفات حديد الليثيوم الآمنة والشهيرة (L...)؟,,LFP
cars_312,cars,في [تقنيات ومحركات السيارات]، ما هي زاوية ميزان العجلات التي تقيس ميلان محور التوجيه للأمام أو الخلف لتحقيق الاستقرار الذاتي للمقود (الكاست...)؟,,caster
cars_313,cars,في [تقنيات ومحركات السيارات]، ما هو مصطلح ضبط العجلات الذي يصف تقارب أو تباعد مقدمة الإطارات بالنسبة لبعضها (ت...)؟,,toe
cars_314,cars,في [تقنيات ومحركات السيارات]، ما هو الاختصار المكون من 3 أحرف لشبكة الاتصال الداخلية التي تربط وحدات التحكم الإلكترونية في السيارة (C...)؟,,CAN
cars_315,cars,في [تقنيات ومحركات السيارات]، ما هو الحيوان الاسكندنافي الضخم الذي سمي باسمه اختبار المناورة والمراوغة المفاجئة الشهير (اختبار الـ ...)؟,,moose
cars_316,cars,في [رياضة المحركات وفورمولا 1]، ما هو الاسم الأخير للسائق الاسكتلندي الأسطوري السير جاكي الحائز على 3 بطولات ورائد معايير الأمان (ستيو...)؟,,Stewart
cars_317,cars,في [رياضة المحركات وفورمولا 1]، ما هو اسم المنعطف المزدوج فائق السرعة على حلبة باثورست في أستراليا (ذا ...)؟,,Chase
cars_318,cars,في [رياضة المحركات وفورمولا 1]، ما هي شركة السيارات الألمانية التي سجلت الرقم القياسي الأسطوري المطلق على حلبة نوربورغرينغ بسيارة 919 إيفو؟,,Porsche
cars_319,cars,في [رياضة المحركات وفورمولا 1]، ما هو رمز طراز سيارة تشابارال الثورية لعام 1970 التي استخدمت مراوح شفط خلفية (Chaparral ...)؟,,2J
cars_320,cars,في [رياضة المحركات وفورمولا 1]، ما هو الاسم الأخير لسائق ناسكار الأسطوري ريتشارد الحائز على 200 انتصار والملقب بـ 'الملك' (بي...)؟,,Petty
cars_321,cars,في [رياضة المحركات والسباقات]، من هو بطل العالم الاسكتلندي لثلاث مرات في F1 الذي قاد حملة تاريخية لإلزام الحلبات بحواجز الأمان والأحزمة الطبية؟,,Jackie Stewart
cars_322,cars,في [رياضة المحركات والسباقات]، من هو السائق البريطاني الوحيد في التاريخ الذي توج بطلاً للعالم على دراجات موتو جي بي ثم في بطولة فورمولا 1؟,,John Surtees
cars_323,cars,في [رياضة المحركات والسباقات]، ما هو الفريق الإيطالي العريق الذي شارك في كل موسم من مواسم بطولة العالم لسباقات فورمولا 1 منذ 1950؟,,Ferrari
cars_324,cars,في [رياضة المحركات والسباقات]، ما هو اسم المنعطف الشهير في حلبة سوزوكا اليابانية الذي شهد التصادم التاريخي الحاسم بين سينا وبروست عام 1989؟,,Casio Triangle
cars_325,cars,في [رياضة المحركات والسباقات]، ما هي الحلبة الأمريكية الكلاسيكية في ولاية نيويورك التي استضافت جائزة الولايات المتحدة الكبرى لـ F1 لعشرين عاماً؟,,Watkins Glen
cars_326,cars,في [أيقونات وطرازات السيارات]، ما هو اللقب الشهير لسيارة مرسيدس 300E AMG لعام 1986 المزودة بمحرك V8 بسرعة 190 ميلاً في الساعة (المطرقة / ...)؟,,Hammer
cars_327,cars,في [أيقونات وطرازات السيارات]، ما هو كود الشاسيه الشهير لسيارة تويوتا كورولا ليفين / سبرينتر ترينو الكلاسيكية بطلة الدريفت والأنمي؟,,AE86
cars_328,cars,في [أيقونات وطرازات السيارات]، ما هو كود الشاسيه الشهير للجيل الرابع الأسطوري من تويوتا سوبرا المزودة بمحرك 2JZ-GTE؟,,A80
cars_329,cars,في [أيقونات وطرازات السيارات]، من هو مؤسس شركة لوتس البريطاني العبقري صاحب المبدأ الشهير: 'تبسيط الأشياء ثم إضافة الخفة'؟,,Colin Chapman
cars_330,cars,في [أيقونات وطرازات السيارات]، ما هو اسم محرك V8 فائق الشحن بقوة 707 أحصنة الذي زودت به دوج سيارات تشالنجر وتشارجر؟,,Hellcat
cars_331,cars,في [ميكانيكا ومحركات السيارات]، ما هي شركة السيارات اليابانية التي جعلت محرك وانكل الدوار علامتها الفارقة في سيارات RX-7 و787B؟,,Mazda
cars_332,cars,في [ميكانيكا ومحركات السيارات]، ما هو الصمام المنظم في نظام التوربو الذي يفتح لتفريغ غازات العادم الزائدة وحماية المحرك من الضغط المفرط؟,,wastegate
cars_333,cars,في [ميكانيكا ومحركات السيارات]، ما هو المصطلح الهندسي لظاهرة الاحتراق المبكر غير المنضبط لخليط الهواء والوقود (الصرقعة أو الديس...)?,,detonation
cars_334,cars,في [ميكانيكا ومحركات السيارات]، ما هي زاوية ميزان العجلات التي تمنح المقود قدرة العودة الذاتية للوسط عند القيادة للأمام؟,,caster
cars_335,cars,في [ميكانيكا ومحركات السيارات]، ما هو مصطلح ضبط اتجاه العجلات للداخل أو الخارج لضمان استقامة مسار الإطارات وتقليل التآكل؟,,toe
cars_336,cars,في [تقنيات ومحركات السيارات]، ما هو 'تأخر التوربو' (Turbo Lag) في محركات الشحن التوربيني؟,A) انزلاق ناقل الحركة | B) سخونة المحرك | C) ضعف البطارية | D) التأخر الزمني القصير بين الضغط على دواسة الوقود وتراكم ضغط غازات العادم الكافي لتدوير التوربو وتسريع السيارة,D
cars_337,cars,في [تقنيات ومحركات السيارات]، ما هي الفائدة الرئيسية للترس التفاضلي محدود الانزلاق (LSD) في السيارات الرياضية؟,A) يمنع ضياع عزم المحرك عبر عجلة واحدة فاقدة للتماسك ويوجه القوة إلى العجلة ذات التماسك الأفضل | B) يخفض استهلاك الوقود | C) يوقف السيارة تلقائياً | D) يبرد زيت المحرك,A
cars_338,cars,في [تقنيات ومحركات السيارات]، ما هي تقنية التوقيت المتغير للصمامات (VVT / VTEC) في المحركات الحديثة؟,A) تعديل شمعات الاحتراق | B) نظام يضبط توقيت ومدة فتح وإغلاق صمامات المحرك إلكترونياً لتحسين القوة عند السرعات العالية وتقليل الاستهلاك عند السرعات المنخفضة | C) إغلاق المكابح | D) التحكم في ضغط الإطارات,B
cars_339,cars,في [تقنيات ومحركات السيارات]، ما هو نظام الحقن المباشر للبنزين (GDI)؟,A) حقن الوقود في العادم | B) خلط الوقود بالزيت | C) حقن الوقود بضغط عالٍ جداً مباشرة داخل غرفة الاحتراق بدلاً من منفذ السحب لتحقيق احتراق أدق وأقوى | D) التبخير اليدوي,C
cars_340,cars,في [تقنيات ومحركات السيارات]، ما هو الفرق الأساسي بين التوربو ثنائي التمرير (Twin-Scroll) والتوربو الأحادي التقليدي؟,A) يحتوي على توربينين منفصلين | B) يعمل بالكهرباء فقط | C) يستخدم في الديزل فقط | D) يقسم غازات عادم الأسطوانات إلى مسارين منفصلين لمنع تداخل النبضات وتسريع استجابة التوربو عند دورات منخفضة,D
cars_341,cars,في [تقنيات ومحركات السيارات]، ما هي الميزة الرئيسية لمكابح الكربون سيراميك مقارنة بالمكابح الفولاذية التقليدية في سيارات الحلبات؟,A) مقاومة استثنائية للتلاشي الحراري عند درجات الحرارة العالية مع خفض الوزن غير المعلق بشكل ملحوظ | B) انخفاض سعرها | C) عدم الحاجة لسائل فرامل | D) عدم استبدالها أبداً,A
cars_342,cars,في [تقنيات ومحركات السيارات]، ماذا يعني قطر الأسطوانة (Bore) ومشوار المكبس (Stroke) في مواصفات محرك الاحتراق الداخلي؟,A) القوة والعزم | B) القطر هو اتساع فتحة الأسطوانة، والمشوار هو المسافة العمودية التي يقطعها المكبس صعوداً وهبوطاً | C) وزن المحرك | D) ضغط التوربو,B
cars_343,cars,في [تقنيات ومحركات السيارات]، ما هو نظام توجيه عزم الدوران (Torque Vectoring) في أنظمة الدفع الحديثة؟,A) توجيه السيارة بالأربع عجلات | B) تغيير نسب القير | C) التوزيع النشط المتفاوت لقوة العزم بدقة بين العجلات الفردية للمساعدة في دفع وتدوير السيارة داخل المنعطف ببراعة | D) خفض قوة المحرك,C
cars_344,cars,في [تقنيات ومحركات السيارات]، ماذا يعني 'الوزن غير المعلق' (Unsprung Weight) في شاسيه وهندسة تعليق السيارة؟,A) وزن كتلة المحرك | B) وزن الركاب والأمتعة | C) وزن السقف | D) وزن جميع المكونات التي لا يدعمها نظام التعليق كنوابض مثل العجلات والإطارات ومكابح العجلات ومحاور التدوير,D
cars_345,cars,في [تقنيات ومحركات السيارات]، ماذا تمثل زاوية الكامبر (Camber Angle) في محاذاة عجلات السيارة؟,A) ميلان الإطار الرأسي إلى الداخل أو الخارج عند النظر إلى السيارة من الأمام | B) ميلان الشاسيه للخلف | C) زاوية المقود | D) ارتفاع السيارة عن الأرض,A
cars_346,cars,في [تقنيات ومحركات السيارات]، ما هي تقنية التبديل العكسي للسرعات 'الكعب والمشط' (Heel-and-Toe) في القيادة الرياضية بناقل يدوي؟,A) الكبح بالقدم اليسرى | B) الضغط على دواسة المكابح بمشط القدم اليمنى وفي نفس الوقت الضغط بكعبها على دواسة الوقود لموازنة دورات المحرك قبل التبديل | C) الانطلاق بدون كلتش | D) التوقف المفاجئ,B
cars_347,cars,في [تقنيات ومحركات السيارات]، ما هو 'اختبار الوعل' الشهير (Moose Test) الذي ابتكره خبراء السيارات في السويد؟,A) صدم مجسمات الحيوانات | B) القيادة في الثلوج العميقة | C) مناورة مراوغة مفاجئة وسريعة لمحاكاة تجنب عائق غير متوقع على الطريق والعودة للمسار لتقييم ثبات السيارة ومنع انقلابها | D) اختبار سحب المقطورات,C
cars_348,cars,في [تقنيات ومحركات السيارات]، ما هو التعديل الهندسي الإلزامي الذي أجرته مرسيدس-بنز على الفئة A الأصلية عام 1997 بعد فشلها في اختبار الوعل؟,A) إعادة تصميم الفرامل | B) استبدال المحرك | C) إزالة المقاعد الخلفية | D) جعل نظام الثبات الإلكتروني (ESP) قياسياً وخفض وتعديل نظام التعليق لجميع النسخ,D
cars_349,cars,في [تقنيات ومحركات السيارات]، ما هي الميزة الرئيسية لخلايا بطاريات فوسفات حديد الليثيوم (LFP) مقارنة بخلايا النيكل والمنجنيز والكوبالت (NMC)؟,A) استقرار حراري ممتاز وعمر تشغيلي أطول وإمكانية شحنها بأمان حتى 100% يومياً دون استخدام معادن نادرة كالكوبالت | B) وزنها أخف بكثير | C) سرعتها أضعاف | D) لا تتأثر بالبرودة أبداً,A
cars_350,cars,في [تقنيات ومحركات السيارات]، ما هي تقنية المضخة الحرارية (Heat Pump) المستخدمة في مكيفات السيارات الكهربائية؟,A) حرق البنزين لتدفئة المقاعد | B) نظام ديناميكي حراري يمتص الحرارة المهدرة من البطارية والمحركات والجو الخارجي لتدفئة المقصورة بكفاءة فائقة موفراً طاقة المدى | C) مروحة سقف | D) مولد بخاري,B
cars_351,cars,في [تقنيات ومحركات السيارات]، ما هو الفرق الجوهري بين الشاحن من المستوى الثاني (Level 2) والشاحن السريع بالتيار المستمر (Level 3 DC Fast)؟,A) المستوى الثاني أسرع بكثير | B) المستوى الثاني مخصص للشاحنات فقط | C) المستوى الثاني يغذي السيارة بتيار متردد (AC) يستغرق ساعات، بينما المستوى 3 يضخ تياراً مستمراً (DC) عالي الفولتية مباشرة للبطارية في 15-30 دقيقة | D) المستوى 3 يعمل بالرياح,C
cars_352,cars,في [تقنيات ومحركات السيارات]، ما هي تقنية 'الصب العملاق' (Giga Casting / Megacasting) في تصنيع هياكل السيارات الحديثة؟,A) طباعة الهياكل ثلاثية الأبعاد | B) تصنيع الهيكل يدوياً بالمطارق | C) لحام مئات الصفائح | D) استخدام ماكينات ضغط هيدروليكية جبارة لصب مقاطع شاسيه ضخمة كاملة من الألومنيوم كقطعة واحدة مسبوكة بدلاً من لحام عشرات الأجزاء,D
cars_353,cars,في [تقنيات ومحركات السيارات]، كيف تعمل مكابح الهواء النشطة (Airbrake) في السيارات الخارقة عند الكبح المفاجئ من سرعات عالية؟,A) يرتفع الجناح الخلفي الآلي بزاوية عمودية حادة ليعمل كشراع هوائي يزيد قوة السحب المعاكسة والضغط السفلي على المحور الخلفي | B) تفتح الأبواب تلقائياً | C) تنزل مظلة خلفية | D) تنعكس مراوح التبريد,A
cars_354,cars,في [تقنيات ومحركات السيارات]، ما هي شبكة CAN Bus (Controller Area Network) في السيارات؟,A) حافلة لنقل الركاب | B) بروتوكول اتصال شبكي قوي يسمح لوحدات التحكم الإلكترونية المتعددة (المحرك، الفرامل، الوسائد) بالتواصل معاً بسلكين فقط دون حزمة أسلاك معقدة | C) هوائي الإنترنت اللاسلكي | D) كابل الشحن,B
cars_355,cars,في [تقنيات ومحركات السيارات]، ما هي وظيفة صمام تفريغ الهواء (Blow-Off Valve / Diverter Valve) في محركات التوربو؟,A) كتم صوت المحرك | B) رش الوقود داخل التوربو | C) تفريغ ضغط الهواء المحبوس في أنابيب السحب عند إغلاق دواسة الوقود لحماية ريش التوربين من التباطؤ العنيف والضرر | D) تنظيف فلتر الهواء,C
cars_356,cars,في [تقنيات ومحركات السيارات]، كيف يُستغل 'تأثير فنتوري' (Venturi Effect) في هندسة ديناميكا الهواء السفلية (Ground Effects) لسيارات السباق؟,A) لتبريد ماء الرديتر | B) إزالة الضباب عن الزجاج | C) ضخ الهواء للمقصورة | D) بتضييق الأنفاق الهوائية أسفل أرضية السيارة لتسريع تدفق الهواء، مما يخلق منطقة ضغط منخفض تسحب وتلصق السيارة بالإسفلت بقوة هائلة,D
cars_357,cars,في [تقنيات ومحركات السيارات]، ما هي وظيفة صمام تهوية علبة الكرنك الإيجابية (PCV Valve) في محركات الوقود؟,A) سحب الغازات المتسربة والضارة داخل علبة الكرنك وإعادة توجيهها لغرفة الاحتراق لحرقها ومنع تكون الضغط المفرط وتلف الصوف | B) زيادة تدفق الوقود | C) خفض حرارة الزيت | D) تصريف ماء التبريد,A
cars_358,cars,في [تقنيات ومحركات السيارات]، ما هي تقنية التوجيه السلكي الإلكتروني (Steer-by-Wire) بنسب متغيرة في السيارات المستقبلية؟,A) التوجيه عبر كابلات حديدية كالدراجات | B) نظام يستبدل عمود التوجيه الميكانيكي بحساسات إلكترونية ومحركات كهربائية على العجلات لضبط زاوية الالتفاف ديناميكياً بدون تشابك يدين | C) القيادة بالمغناطيس | D) التحكم بالصوت,B
cars_359,cars,في [تقنيات ومحركات السيارات]، ماذا يعني الخط الأحمر (Redline) في عداد دورات محرك السيارة؟,A) السرعة المثالية للرحلات | B) أدنى سرعة خمول | C) أقصى حد آمن لسرعة دوران المحرك بالدقيقة والذي لا ينبغي تجاوزه لتفادي التلف الميكانيكي للصمامات والبساتم | D) موعد تغيير الزيت,C
cars_360,cars,في [تقنيات ومحركات السيارات]، كيف يعمل نظام توجيه المسار عبر المكابح (Brake Vectoring) عند الانعطاف السريع؟,A) قفل العجلات الأربع فوراً | B) رفع فرامل اليد | C) فصل ناقل الحركة | D) تطبيق كبح طفيف ومدروس على العجلة الخلفية الداخلية للمنطقع لتوليد عزم انعطاف يساعد مقدمة السيارة على الدخول السلس دون انزلاق,D
cars_361,cars,في [رياضة المحركات وفورمولا 1]، من هو السائق الوحيد في تاريخ سباقات السيارات الذي حقق التاج الثلاثي الأسطوري (فوز بموناكو وإنديانابوليس ولومان)؟,A) غراهام هيل | B) ماريو أندريتي | C) فرناندو ألونسو | D) جاكي إيكس,A
cars_362,cars,في [رياضة المحركات وفورمولا 1]، كيف انتهى سباق لومان 24 ساعة التاريخي لعام 1966 لسيارات فورد GT40 بمواجهة فيراري؟,A) فازت فيراري بفارق لفة | B) عبرت ثلاث سيارات فورد GT40 خط النهاية معاً في صورة استعراضية متتالية محققة المركز الأول والثاني والثالث تاريخياً | C) تعطلت كل سيارات فورد | D) ألغي السباق للأمطار,B
cars_363,cars,في [رياضة المحركات وفورمولا 1]، ماذا كانت حقبة 'المجموعة ب' (Group B) الأسطورية في بطولة العالم للراليات خلال منتصف الثمانينيات؟,A) فئة للسيارات الاقتصادية | B) سيارات كهربائية تجريبية | C) حقبة سيارات رالي خارقة بقوة تفوق 500 حصان ودفع كلي بدون قيود تقنية تقريباً وتم إلغاؤها بعد حوادث مأساوية | D) سباقات حلبات قصيرة,C
cars_364,cars,في [رياضة المحركات وفورمولا 1]، ما هو الإنجاز التاريخي الخالد الذي حققته مازدا 787B في سباق لومان 24 ساعة لعام 1991؟,A) أول سيارة هجينة تنهي السباق | B) أول سيارة دفع كلي تفوز | C) أسرع سيارة في خط الانطلاق | D) أول صانع ياباني في التاريخ يحرز فوزاً إجمالياً بلومان وأول سيارة بمحرك دوار (وانكل) تفوز بالسباق,D
cars_365,cars,في [رياضة المحركات وفورمولا 1]، ما هو منعطف 'الكورك سكرو' (The Corkscrew) الأسطوري على حلبة لاغونا سيكا في كاليفورنيا؟,A) منعطف مزدوج أعمى يهبط فجأة بارتفاع يعادل مبنى من خمسة طوابل ونصف خلال ثوانٍ معدودة | B) نفق مظلم | C) منعطف مائي زلق | D) حلقة دائرية مائلة,A
cars_366,cars,في [رياضة المحركات وفورمولا 1]، ما هو فريق F1 البريطاني العريق الذي أسسه فرانك ويليامز وباتريك هيد وهيمن على بطولات التسعينيات بأنظمته المتطورة؟,A) فريق لوتس | B) ويليامز ريسينغ | C) تيريل | D) برابهام,B
cars_367,cars,في [رياضة المحركات وفورمولا 1]، ما هو الهدف الهندسي من سيارة Tyrrell P34 الثورية ذات العجلات الست في موسم 1976 لـ F1؟,A) توفير دفع سداسي | B) حمل عجلات احتياطية | C) استخدام أربع عجلات أمامية صغيرة مقاس 10 بوصات تختفي خلف الجناح الأمامي لتقليل مقاومة الهواء وزيادة مساحة تماسك المكابح | D) مقاومة الأمطار,C
cars_368,cars,في [رياضة المحركات وفورمولا 1]، من هو السائق الأمريكي الأسطوري الذي أحرز بطولة العالم لسباقات فورمولا 1 عام 1978 بسيارة لوتس ذات التأثير الأرضي؟,A) إيه جي فويت | B) دان غورني | C) آل أنسر | D) ماريو أندريتي,D
cars_369,cars,في [رياضة المحركات وفورمولا 1]، ما هي رفرافة 'جورني فلاب' (Gurney Flap) الشهيرة في ديناميكا سيارات السباق؟,A) شفة معدنية صغيرة عمودية بزاوية قائمة تثبت على الحافة الخلفية للجناح لزيادة القوة الضاغطة بشكل هائل دون زيادة مقاومة الهواء | B) جناح مرن | C) فتحة تهوية بالمقصورة | D) شفرة كربونية للمكابح,A
cars_370,cars,في [رياضة المحركات وفورمولا 1]، لماذا أضيفت شيكانتان (منعطفان مزدوجان) على المستقيم الأسطوري 'مولسان' في لومان عام 1990؟,A) لبناء مدرجات جديدة | B) فرضت FIA كسر المستقيمات التي تتجاوز 2 كم بعدما تجاوزت سرعة السيارات حاجز 400 كم/س بما يهدد سلامة الإطارات | C) لتخفيف الضوضاء | D) لمرور القطارات,B
cars_371,cars,في [رياضة المحركات وفورمولا 1]، ما هو اللقب الشهير لسيارة لومان الأسطورية بورشه 917/20 لعام 1971 المطلية باللون الوردي ومخططة كقطع اللحم؟,A) السهم الفضي | B) الوحش الأسود | C) الخنزير الوردي | D) الدب البافاري,C
cars_372,cars,في [رياضة المحركات وفورمولا 1]، من هم السائقون الثلاثة الأساطير الذين فاز كل منهم بـ 7 بطولات في تاريخ سلسلة سباقات ناسكار؟,A) جيف جوردون وتوني ستيوارت ومارك مارتن | B) كين شريفر وديل جاريت وبوبي أليسون | C) داريل والتريب وكيل ياربرو وبوبي آيزاك | D) ريتشارد بيتي، وديل إيرنهاردت، وجيمي جونسون,D
cars_373,cars,في [رياضة المحركات وفورمولا 1]، من هو السائق الفرنسي الحائز على 4 بطولات عالم في F1 والملقب بـ 'البروفيسور' لدقته التكتيكية وحساباته الذكية؟,A) آلان بروست | B) جان أليزي | C) رينيه أرنو | D) ديدييه بيروني,A
cars_374,cars,في [رياضة المحركات وفورمولا 1]، من هو السائق النمساوي الشجاع الذي فاز ببطولة العالم لـ F1 عام 1970 بعد وفاته بحادث مونزا، ليكون البطل الوحيد المتوج غيابياً؟,A) نيكي لاودا | B) يوخن ريندت | C) غيرهارد بيرغر | D) هيلموت ماركو,B
cars_375,cars,في [رياضة المحركات وفورمولا 1]، ما هي المنافسة الأسطورية الشرسة في موسم 1976 التي وثقها فيلم هوليوود 'Rush'؟,A) فيراري ضد ويليامز | B) لوتس ضد برابهام | C) جيمس هانت (مكلارين) ضد نيكي لاودا (فيراري) بعد عودته المعجزة من الحريق | D) سينا ضد بروست,C
cars_376,cars,في [رياضة المحركات وفورمولا 1]، ما هو المنعطف الأسطوري الصاعد 'أو روج وريديون' على حلبة سبا البلجيكية؟,A) خط نهاية أحمر | B) منطقة حوادث تاريخية | C) منعطف من الطوب | D) هبوط خاطف يليه صعود أعمى فائق السرعة عبر منعطفات يسار-يمين تضغط السائق بقوى تسارع جاذبية عملاقة,D
cars_377,cars,في [رياضة المحركات وفورمولا 1]، ما هي استراتيجية الصيانة 'الأوفر كت' (Overcut) في سباقات الجائزة الكبرى؟,A) البقاء على المسار لفترة أطول بهواء نقي ووتيرة سريعة بينما يكون المنافس عالقاً في الزحام بإطاراته الجديدة لتجاوزه بعد التوقف | B) التوقف قبل المنافس | C) تغيير إطارين فقط | D) القيادة داخل خط الصيانة مرتين,A
cars_378,cars,في [رياضة المحركات وفورمولا 1]، ما هي سيارة F1 الشهيرة لعام 1978 المزودة بمروحة شفط خلفية عملاقة صممها جوردون موراي وفازت بسباقها الوحيد قبل حظرها؟,A) لوتس 79 | B) برابهام BT46B 'السيارة المروحة' | C) تيريل 008 | D) فيراري 312T3,B
cars_379,cars,في [رياضة المحركات وفورمولا 1]، ما هو محرك التوربو المرعب سعة 1.5 لتر بأربع أسطوانات لعام 1986 الذي ولد أكثر من 1400 حصان في التجارب التأهيلية مع فريق بينيتون؟,A) كوزوورث DFV | B) رينو EF1 | C) بي إم دبليو M12/13 تيربو | D) هوندا RA168E,C
cars_380,cars,في [رياضة المحركات وفورمولا 1]، ما هي الحلبة الأسترالية الأسطورية في نيو ساوث ويلز الممتدة فوق جبل بانوراما وتستضيف سباق باثورست 1000؟,A) ألبرت بارك | B) فيليب آيلاند | C) أديليد | D) حلبة ماونت بانوراما,D
cars_381,cars,في [رياضة المحركات والسباقات]، ما هي قاعدة '107%' الشهيرة في التجارب التأهيلية لسباقات فورمولا 1؟,A) استبعاد أي سائق يفشل في تسجيل زمن لفة ضمن 107% من زمن صاحب الصدارة الأول في المرحلة الأولى للتصفيات لأسباب السلامة | B) تحديد سرعة الصيانة | C) وزن السيارة الأدنى | D) نسبة استهلاك الوقود,A
cars_382,cars,في [رياضة المحركات والسباقات]، ما هي العواقب المأساوية لحادث كارثة سباق لومان عام 1955 التي راح ضحيتها أكثر من 80 شخصاً؟,A) إلغاء سباق لومان نهائياً | B) فرض قيود أمان مشددة على الحلبات وحظر سباقات السيارات تماماً في سويسرا لعشرات السنين وانسحاب مرسيدس من رياضة السيارات لعقود | C) حظر المحركات السريعة | D) إلغاء فئة السيارات الرياضية,B
cars_383,cars,في [رياضة المحركات والسباقات]، لماذا اعتبرت سيارات 'المجموعة ب' (Group B) في راليات الثمانينيات الأخطر في تاريخ رياضة المحركات؟,A) لأنها كانت بدون أبواب | B) لأنها لم تكن مزودة بمكابح | C) لتوليدها قوى تتخطى 500 حصان في هياكل خفيفة جداً من ألياف الكربون مع سرعات خارقة بين الجماهير المحتشدة على أطراف المسار | D) لبطئها الشديد,C
cars_384,cars,في [رياضة المحركات والسباقات]، كيف كتبت مازدا اسمها بحروف من ذهب في تاريخ سباق لومان 24 ساعة عام 1991؟,A) فازت بأول محرك هجين | B) أنهت السباق بثلاث عجلات | C) كانت أول سيارة بدون وقود | D) أصبحت أول صانع سيارات ياباني في التاريخ يفوز بالسباق والأول والوحيد الذي يفوز بمحرك دوار,D
cars_385,cars,في [رياضة المحركات والسباقات]، ما هي نتيجة الصراع التاريخي بين فورد وفيراري في سباق لومان 24 ساعة عام 1966؟,A) سيطرت سيارات فورد GT40 Mk II الثلاث على منصة التتويج كاملة بمراكزها الثلاثة الأولى مكسرة هيمنة فيراري | B) فازت فيراري | C) تعطلت كل سيارات فورد | D) توقف السباق بسبب المطر,A
cars_386,cars,في [رياضة المحركات والسباقات]، ماذا تعني منطقة 'بارك فيرميه' (Parc Fermé) في سباقات الحلبات؟,A) صالة كبار الزوار | B) منطقة حظر مغلقة وآمنة تحت رقابة الحكام لا يسمح للفرق بإجراء أي تعديلات على السيارات فيها بعد التأهيل لضمان النزاهة | C) منطقة تغيير الإطارات | D) فندق السائقين,B
cars_387,cars,في [رياضة المحركات والسباقات]، ما هي التقنية الديناميكية الهوائية الثورية التي أدخلتها سيارة لوتس 78 عام 1977 لامتصاص السيارة نحو الأسفلت؟,A) الأجنحة القابلة للسحب | B) غاز النيتروجين بالعادم | C) أنفاق التأثير الأرضي الجانبية (Ground Effects) ذات الحواف المرنة التي تخلق شفطاً هائلاً تحت السيارة | D) المراوح النفاثة,C
cars_388,cars,في [رياضة المحركات والسباقات]، لماذا وضعت الشيكانات في مستقيم مولسان الأسطوري بحلبة لومان عام 1990؟,A) لتحسين التجاوز | B) لتقصير مسافة الحلبة | C) لتوسيع خط السكة الحديدية | D) لأن سرعة سيارات المجموعة C وصلت إلى 407 كم/ساعة مما شكل خطراً غير مسبوق على انفجار الإطارات بسببه,D
cars_389,cars,في [رياضة المحركات والسباقات]، ما هو منعطف 'Corkscrew' الأسطوري في حلبة لاغونا سيكا بولاية كاليفورنيا؟,A) منعطف مزدوج يسار-يمين أعمى مع هبوط رأسي مفاجئ بارتفاع 5 طوابق ونصف | B) منعطف بيضاوي مائل | C) منعطف مائي مغمور | D) نفق تحت الأرض,A
cars_390,cars,في [رياضة المحركات والسباقات]، ما هي الميزة التقنية التي تميزت بها سيارة Tyrrell P34 لعام 1976 في فورمولا 1؟,A) امتلاك إطارات احتياطية | B) تزويدها بـ 6 عجلات (أربع عجلات توجيه صغيرة في الأمام) لتقليل مقاومة الهواء وزيادة سطح الكبح | C) محرك ديزل | D) سقف زجاجي بالكامل,B
cars_391,cars,في [رياضة المحركات والسباقات]، ما هو الفريق البريطاني العريق الذي أحرز تسعة ألقاب للصانعين في F1 في السبعينيات والثمانينيات والتسعينيات؟,A) لوتس | B) تيريل | C) ويليامز جراند بري | D) ساوبر,C
cars_392,cars,في [رياضة المحركات والسباقات]، ما هي سيارة فورمولا 1 التوربينية المرعبة لعام 1986 المزودة بمحرك BMW M12 تجاوزت قوته 1400 حصان في التصفيات؟,A) فيراري 126C2 | B) رينو RE40 | C) ويليامز FW11 | D) بينيتون B186,D
cars_393,cars,في [رياضة المحركات والسباقات]، من هو السائق الأمريكي الأسطوري الفائز ببطولة العالم لـ F1 لعام 1978 وبطولات إندي كار ودايتونا 500 وإندي 500؟,A) ماريو أندريتي | B) دان غورني | C) إيه جي فويت | D) فيل هيل,A
cars_394,cars,في [رياضة المحركات والسباقات]، من هو السائق والمهندس الأمريكي المبتكر الذي بدأ تقليد رش الشمبانيا على منصة لومان 1967 وابتكر رفرافة الجناح الشهيرة؟,A) كارول شيلبي | B) دان غورني | C) فيل هيل | D) بروس ماكلارين,B
cars_395,cars,في [رياضة المحركات والسباقات]، ما هي رفرافة 'جورني فلاب' (Gurney Flap) المثبتة على الجناح الخلفي للسيارات؟,A) مشتت هواء سفلي | B) جناح مرن | C) لسان صغير عمودي بزاوية 90 درجة يولد قوة ضاغطة سفلية هائلة مع زيادة طفيفة جداً في مقاومة الهواء | D) ممتص صدمات جانبي,C
cars_396,cars,في [رياضة المحركات والسباقات]، ما هو منعطف 'أو روج' (Eau Rouge) الأسطوري في حلبة سبا-فرانكورشان البلجيكية؟,A) منطقة حوادث حمراء | B) كثبان رملية | C) منعطف مائي ضيق | D) منعطف صاعد سريع جداً يخلق ضغط تسارع عملاق يصل إلى 4G أثناء تسلق تلة الغابات البلجيكية,D
cars_397,cars,في [رياضة المحركات والسباقات]، ما هو الإنجاز الأسطوري لسيارة بورشه 917 ذات المحرك المسطح Flat-12 في سباقات التحمل مطلع السبعينيات؟,A) محرك تبريد هوائي خارق وقوة هائلة قادت بورشه لتحقيق أول انتصارين إجماليين لها في تاريخ لومان 24 ساعة | B) أول سيارة ديزل | C) سيارة كهربائية نقية | D) سيارة ذات مقعدين بجوار بعضهما,A
cars_398,cars,في [رياضة المحركات والسباقات]، ما هو الفرق التكتيكي في سباقات F1 بين استراتيجية 'الأندركت' (Undercut) و'الأوفركت' (Overcut)؟,A) استبدال 6 إطارات | B) الأندركت يعني الدخول لتبديل الإطارات قبل المنافس بلفة واستغلال تماسك الإطارات الجديدة للتجاوز، بينما الأوفركت هو البقاء على المسار في هواء نقي | C) تغيير السائق | D) تزويد الوقود,B
cars_399,cars,في [رياضة المحركات والسباقات]، من هو السائق المعاصر الذي عادل الرقم القياسي الأسطوري بـ 7 بطولات في سلسلة كأس ناسكار الممتازة؟,A) جيف جوردون | B) توني ستيوارت | C) جيمي جونسون | D) كايل بوش,C
cars_400,cars,في [رياضة المحركات والسباقات]، ما هو السبب التقني الحاسم الذي جعل FIA تحظر أنظمة التعليق النشط (Active Suspension) بعد هيمنة ويليامز 1992-1993؟,A) تسببها في حرائق | B) ثقل وزنها الزائد | C) تكاليفها البسيطة | D) خفض التكاليف المتصاعدة للفرق والحد من السرعات الجنونية في المنعطفات وإعادة السيطرة الكاملة لمهارة السائق المباشرة,D
cars_401,cars,[⭐] [badge:mercedes_star] ما هي علامة السباقات الألمانية التاريخية التي تسابقت بسيارات 'السهام الفضية' في الثلاثينيات وسيارة CLK GTR في التسعينيات تحت هذا الشعار؟,A) ميرسيدي-بنز | B) بيمر | C) أودي | D) فولكسفاجن,A
cars_402,cars,[⭐] [badge:mercedes_star] ما هو صانع السيارات الذي يمثل شعاره رؤية غوتليب دايملر للمحركات الشاملة في البر والبحر والجو؟,A) بيمر | B) ميرسيدي-بنز | C) أودي | D) فولكسفاجن,B
cars_403,cars,[🔘🔘🔘🔘] [badge:audi_twisted_rings] ما هو الصانع الألماني المتشكل من اندماج أربع شركات (أودي، دي كيه دبليو، هورش، وفانديرر) عام 1932 تحت هذا الشعار ذي الحلقات الأربع؟,A) بيمر | B) ميرسيدي-بنز | C) أودي | D) أوبل,C
cars_404,cars,[🔘🔘🔘🔘] [badge:audi_twisted_rings] ما هي العلامة التي فازت بسباق لومان 24 ساعة بمحركات ديزل TDI الهندسية الرائدة وسيارات إي-ترون الهجينة تحت هذا الشعار؟,A) بيمر | B) ميرسيدي-بنز | C) أوبل | D) أودي,D
cars_405,cars,[⭕] [badge:toyota_ellipses] ما هي العلامة التي صنعت الكوبيه الرياضية الخالدة 2000GT عام 1967 يدوياً بالتعاون الهندسي مع ياماها تحت هذا الشعار؟,A) تويوتو | B) هوندو | C) نيسون | D) مازدو,A
cars_406,cars,[⭕] [badge:toyota_ellipses] ما هو الصانع الذي يرمز شكليه البيضاويين الداخليين المتعامدين في شعاره إلى الثقة المتبادلة بين العميل وشركة السيارات؟,A) هوندو | B) تويوتو | C) نيسون | D) مازدو,B
cars_407,cars,[🎗️] [badge:chevrolet_bowtie] ما هو القسم الأمريكي الذي أحدث ثورة بتقديم الجيل الثامن C8 من سيارته الرياضية بمحرك وسطي عام 2020 تحت شعار ربطة العنق هذا؟,A) فورد | B) دوجي | C) شيفروليت | D) بونتياك,C
cars_408,cars,[🎗️] [badge:chevrolet_bowtie] ما هي شركة السيارات التي استوحى مؤسسها بيلي دورانت شعار ربطة العنق الشهير هذا من ورق حائط في فندق باريسي عام 1913؟,A) فورد | B) دوجي | C) بونتياك | D) شيفروليت,D
cars_409,cars,[⚡] [badge:tesla_t_plug] ما هي شركة السيارات التي أطلقت أول سيارة رياضية إنتاجية لها عام 2008 بالاعتماد على شاسيه لوتس إليز تحت هذا الشعار؟,A) تيسلا | B) ريفيان | C) لوسيد | D) بولستار,A
cars_410,cars,[⚡] [badge:tesla_t_plug] ما هو صانع السيارات الكهربائية الذي صُمم شعاره هندسياً ليمثل مقطعاً عرضياً من الجزء الدوار والثابت لمحرك الحث الكهربائي؟,A) ريفيان | B) تيسلا | C) لوسيد | D) بولستار,B
cars_411,cars,[🛡️] [badge:porsche_crest] ما هو الصانع الذي حقق 19 فوزاً إجمالياً بسباق لومان 24 ساعة بدءاً من الأيقونة ذات المحرك المسطح Flat-12 طراز 917K عام 1970 تحت هذا الدرع؟,A) بيمر | B) أودي | C) بورش | D) ميرسيدي-بنز,C
cars_412,cars,[🛡️] [badge:porsche_crest] ما هو الصانع الذي يجمع درع شعاره بين حصان مدينة شتوتغارت وقرون الوعل والخطوط الحمراء والسوداء لدولة فورتمبيرغ التاريخية؟,A) بيمر | B) أودي | C) ميرسيدي-بنز | D) بورش,D
cars_413,cars,[🐎] [badge:ferrari_rearing_horse] ما هو فريق السباقات الإيطالي العريق الذي نافس في كل موسم من مواسم بطولة العالم لسباقات فورمولا 1 منذ 1950 تحت رمز الحصان هذا؟,A) فيراري | B) لامبورجيني | C) مازيراتي | D) باجاني,A
cars_414,cars,[🐎] [badge:ferrari_rearing_horse] ما هو صانع السيارات الذي استعار شعار الحصان الجامح من طائرة الطيار المقاتل الإيطالي البطل في الحرب العالمية الأولى فرانشيسكو باراكا؟,A) لامبورجيني | B) فيراري | C) مازيراتي | D) باجاني,B
cars_415,cars,[🐂] [badge:lamborghini_bull] ما هو صانع السوبركار الذي أسسه صانع جرارات زراعية في سانتاغاتا بولونييزي عام 1963 بعد خلاف حاد مع إنزو فيراري حول الكلتش؟,A) فيراري | B) بوغاتي | C) لامبورجيني | D) مازيراتي,C
cars_416,cars,[🐂] [badge:lamborghini_bull] ما هي الشركة التي صنعت طراز ميورا (Miura) بمحرك V12 وسطي عرضي عام 1966، والتي تصنف كأول سوبركار حقيقية في تاريخ السيارات؟,A) فيراري | B) بوغاتي | C) مازيراتي | D) لامبورجيني,D
cars_417,cars,[✨] [badge:subaru_pleiades_stars] ما هي العلامة التي حققت ثلاثة ألقاب متتالية للصانعين في بطولة العالم للراليات (1995-1997) مع السائق الأسطوري كولين ماكراي تحت هذا الشعار؟,A) سوبارو | B) ميتسوبيشي | C) تويوتو | D) سوزوكي,A
cars_418,cars,[✨] [badge:subaru_pleiades_stars] ما هي شركة السيارات التي يمثل اسمها وشعارها اللفظ الياباني لعنقود نجوم الثريا ('موتسورابوشي') الستة التي وحدت شركات فوجي للصناعات الثقيلة؟,A) ميتسوبيشي | B) سوبارو | C) تويوتو | D) سوزوكي,B
cars_419,cars,[🔵] [badge:ford_blue_oval] ما هو العملاق الصناعي الأمريكي الذي أحدث ثورة صناعية عالمية بابتكار خط التجميع المتحرك للسيارات في مصنع هايلاند بارك عام 1913؟,A) شيفروليت | B) دوجي | C) فورد | D) كاديلاك,C
cars_420,cars,[🔵] [badge:ford_blue_oval] ما هي الشركة الأمريكية التي اعتمدت محرك Boss 429 V8 الأسطوري نصف الكروي العملاق عام 1969 للتأهل لسباقات ناسكار تحت هذا الشعار؟,A) شيفروليت | B) دوجي | C) كاديلاك | D) فورد,D
cars_421,cars,"[🪽] [badge:aston_martin_wings] ما هو الصانع البريطاني الفاخر الذي طور الهايبركار فالكيري بالتعاون مع مصمم فورمولا 1 العبقري أدريان نيوي بمحرك كوزوورث V12 يدور حتى 11,100 د/د؟",A) أستون-مارتن | B) بنتلي | C) جاكوار | D) ماكلارين,A
cars_422,cars,[🪽] [badge:aston_martin_wings] ما هي شركة السيارات الرياضية البريطانية التي تحمل طرازاتها الأيقونية الحرفين 'DB' تكريماً للسير ديفيد براون الذي اشترى العلامة عام 1947؟,A) بنتلي | B) أستون-مارتن | C) جاكوار | D) ماكلارين,B
cars_423,cars,[⚔️] [badge:volvo_battleaxe] ما هي شركة السيارات التي أدهشت جماهير السباقات بمشاركتها بسيارة ستيشن واجن عائلية (850 Estate) في بطولة بريطانيا لسيارات السياحة 1994؟,A) ساب | B) كونيجسيج | C) فولفو | D) بولستار,C
cars_424,cars,[⚔️] [badge:volvo_battleaxe] ما هو الصانع الذي يمثل شعاره الرمز الكيميائي والخيميائي القديم للحديد (كوكب المريخ)، رمزاً للمتانة وقوة الصلب السويدي؟,A) ساب | B) كونيجسيج | C) بولستار | D) فولفو,D
cars_425,cars,[🐆] [badge:jaguar_leaping] ما هو الصانع البريطاني الذي هيمن على سباق لومان 24 ساعة في الخمسينيات بسيارتي السباق الانسيابيتين C-Type وD-Type ذات الزعنفة الخلفية؟,A) جاكوار | B) بنتلي | C) أستون-مارتن | D) لاند-روفر,A
cars_426,cars,[🐆] [badge:jaguar_leaping] ما هي شركة السيارات التي تأسست في بلاكبول عام 1922 كشركة لعربات الدراجات الجانبية (Swallow Sidecar) قبل تغيير اسمها بعد الحرب لهذا الحيوان المفترس؟,A) بنتلي | B) جاكوار | C) أستون-مارتن | D) لاند-روفر,B
cars_427,cars,[🎧] [badge:honda_headphones] ما هي الشركة اليابانية التي أسسها سويتشيرو هوندا عام 1948 ونمت لتصبح أكبر منتج لمحركات الاحتراق الداخلي في العالم تحت هذا الشعار؟,A) تويوتو | B) نيسون | C) هوندو | D) مازدو,C
cars_428,cars,[🎧] [badge:honda_headphones] ما هو مزود المحركات الياباني الذي قاد فريق مكلارين وأسطورة السباقات آيرتون سينا للسيطرة على بطولات فورمولا 1 بمحركات V10 وV12 خارقة؟,A) تويوتو | B) نيسون | C) مازدو | D) هوندو,D
cars_429,cars,[🤝] [badge:hyundai_italic_h] ما هو الصانع الذي طور منصة E-GMP الكهربائية المخصصة بنظام 800V فائق الشحن الذي يعيد شحن البطارية من 10% إلى 80% في 18 دقيقة تحت هذا الشعار؟,A) هيونداي | B) كيا | C) دايو | D) جينيسيس,A
cars_430,cars,[🤝] [badge:hyundai_italic_h] ما هو صانع السيارات الذي صمم شعار حرف 'H' المائل ليرمز هندسياً لشخصين (ممثل الشركة والعميل الراضي) يتصافحان باليد؟,A) كيا | B) هيونداي | C) دايو | D) جينيسيس,B
cars_431,cars,[🛑] [badge:nissan_circle_bar] ما هي شركة السيارات التي كانت تبيع طرازاتها عالمياً تحت اسم 'داتسون' قبل توحيد علامتها تحت هذا الشعار الدائري؟,A) تويوتو | B) هوندو | C) نيسون | D) مازدو,C
cars_432,cars,[🛑] [badge:nissan_circle_bar] ما هي الشركة التي طورت نظام الدفع الرباعي الإلكتروني المتطور ATTESA E-TS ومحرك VC-Turbo بنسبة الانضغاط المتغيرة تحت هذا الشعار؟,A) تويوتو | B) هوندو | C) مازدو | D) نيسون,D
cars_433,cars,[🪽] [badge:bentley_wings] ما هي دار تصنيع السيارات الفاخرة في كرو التي فازت بسباق لومان 24 ساعة عام 2003 بسيارة السباق النموذجية الانسيابية Speed 8 تحت هذا الشعار؟,A) بنتلي | B) رولز-رويس | C) أستون-مارتن | D) جاكوار,A
cars_434,cars,[🪽] [badge:bentley_wings] ما هو صانع السيارات الذي تأسس في لندن عام 1919 بواسطة دبليو أو بنتلي بهدف بناء 'سيارة سريعة، سيارة جيدة، الأفضل في فئتها'؟,A) رولز-رويس | B) بنتلي | C) أستون-مارتن | D) جاكوار,B
cars_435,cars,[🐏] [badge:ram_head] ما هي شركة الشاحنات التي سجلت براءة اختراع نظام 'RamBox' لصناديق التخزين الجانبية المدمجة والمقفلة والمزودة بمزاريب تصريف في جوانب الحوض؟,A) فورد | B) شيفروليت | C) رام | D) جي-ام-سي,C
cars_436,cars,[🐏] [badge:ram_head] ما هي سلالة الشاحنات الأمريكية التي أنتجت شاحنة SRT-10 الخارقة عام 2004 المزودة بمحرك الأفعى V10 سعة 8.3 لتر بقوة 500 حصان من دوج فايبر؟,A) فورد | B) شيفروليت | C) جي-ام-سي | D) رام,D
cars_437,cars,[📐] [badge:acura_caliper] ما هي العلامة الفاخرة التي ابتكرت نظام الدفع الكلي SH-AWD المزود بتروس تسريع تفاضلية خلفية لتوجيه عزم الدوران بدقة فائقة في المنعطفات؟,A) أكيورا | B) لكزس | C) إنفينيتي | D) جينيسيس,A
cars_438,cars,[📐] [badge:acura_caliper] ما هو صانع السيارات الذي اشتق اسمه من اللاتينية 'Acu' (بمعنى دقيق أو حاد) واستوحى شعاره من أداة الفرجار الميكانيكية للقياس الدقيق؟,A) لكزس | B) أكيورا | C) إنفينيتي | D) جينيسيس,B
cars_439,cars,[🛡️🛡️🛡️] [badge:buick_tri_shield] ما هي العلامة التي كانت دروعها الثلاثة ترمز تاريخياً لطرازاتها الثلاثة الرائدة لعام 1960: لو سابر، وإنفيكتا، وإلكترا؟,A) كاديلاك | B) شيفروليت | C) بيويك | D) بونتياك,C
cars_440,cars,[🛡️🛡️🛡️] [badge:buick_tri_shield] ما هي علامة السيارات الأمريكية التي تتمتع بمكانة تاريخية مرموقة ومبيعات ضخمة في الصين، حيث كان الإمبراطور بو يي ورئيس الوزراء تشوان لاي يتنقلان بسياراتها؟,A) كاديلاك | B) شيفروليت | C) بونتياك | D) بيويك,D
cars_441,cars,[👑] [badge:rolls_royce_intertwined_rr] ما هو الصانع الذي يبتكر أغطية مراكز جنوط ذاتية الاتزان ومثقلة تضمن بقاء شعار 'RR' منتصباً في وضع رأسي دائم حتى أثناء الدوران؟,A) رولز-رويس | B) بنتلي | C) مايباخ | D) أستون-مارتن,A
cars_442,cars,[👑] [badge:rolls_royce_intertwined_rr] ما هو صانع السيارات البريطاني التاريخي المتأسس في مانشستر عام 1904 بعد شراكة رائدة بين المهندس هنري رويس والتاجر الأرستقراطي تشارلز رولز؟,A) بنتلي | B) رولز-رويس | C) مايباخ | D) أستون-مارتن,B
cars_443,cars,[🪽] [badge:genesis_wings] ما هي العلامة الفاخرة التي زودت سيارتها الكهربائية GV60 بكرة بلورية دوارة مضيئة 'Crystal Sphere' في الكونسول تنقلب لتكشف مقبض ناقل الحركة؟,A) لكزس | B) إنفينيتي | C) جينيسيس | D) أكيورا,C
cars_444,cars,[🪽] [badge:genesis_wings] ما هو صانع السيارات الذي ينتج ليموزين G90 الفاخرة المزودة بنظام تعليق هوائي متعدد الحجرات ونظام توجيه بالعجلات الأربع تحت هذا الشعار؟,A) لكزس | B) إنفينيتي | C) أكيورا | D) جينيسيس,D
cars_445,cars,[🔘] [badge:volkswagen_steampunk] ما هي المجموعة الألمانية العملاقة ومقرها فولفسبورغ التي يترجم اسمها باللغة الألمانية حرفياً إلى 'سيارة الشعب'؟,A) فولكسفاجن | B) بيمر | C) أوبل | D) أودي,A
cars_446,cars,[🔘] [badge:volkswagen_steampunk] ما هي شركة السيارات التي أنتجت سيارة فايتون الفاخرة بمحرك W12 داخل 'المصنع الشفاف' الشهير ذي الجدران الزجاجية في مدينة درسدن؟,A) بيمر | B) فولكسفاجن | C) أوبل | D) أودي,B
cars_447,cars,[⚙️] [badge:volkswagen_winged] ما هو الفريق الذي سجل الرقم القياسي الكهربائي المطلق لحلبة نوربورغرينغ عام 2019 بسيارته النموذجية ID.R بقوة 670 حصاناً تحت هذا الشعار؟,A) بيمر-إيرو | B) أودي-سبورت | C) فولكسفاجن-إيرو | D) أوبل-بليتز,C
cars_448,cars,[⚙️] [badge:volkswagen_winged] ما هي العلامة التي صممت السيارة الخارقة التجريبية W12 Nardò بمحرك وسطي بقوة 650 حصاناً وحطمت الأرقام القياسية بسرعة 217 ميلاً في الساعة؟,A) بيمر-إيرو | B) أودي-سبورت | C) أوبل-بليتز | D) فولكسفاجن-إيرو,D
cars_449,cars,[🕊️] [badge:mazda_winged_hourglass] ما هو الصانع الياباني في هيروشيما الذي دخل التاريخ كأول صانع آسيوي يفوز بسباق لومان 24 ساعة عام 1991 بسيارة 787B رباعية الروتر؟,A) مازدو | B) تويوتو | C) نيسون | D) سوبارو,A
cars_450,cars,[🕊️] [badge:mazda_winged_hourglass] ما هي شركة السيارات التي ابتكرت تقنية Skyactiv-X، مقدّمة أول محرك بنزين تجاري في العالم يعمل بالاشتعال الانضغاطي المتجانس (SPCCI)؟,A) تويوتو | B) مازدو | C) نيسون | D) سوبارو,B
cars_451,cars,[⚡] [badge:lightning_circle_emblem] ما هو الصانع الذي تعاون مع لوتس عام 1990 لبناء سيارة السيدان الخارقة أوميغا (لوتس كارلتون) بتيربو مزدوج وسرعة 176 ميلاً في الساعة؟,A) فولكسفاجن | B) بيمر | C) أوبل | D) أودي,C
cars_452,cars,[⚡] [badge:lightning_circle_emblem] ما هي الشركة التاريخية التي أسسها آدم أوبل عام 1862 لتصنيع ماكينات الخياطة والدراجات، ثم اعتمدت شعار صاعقة البرق (Blitz) على شاحناتها عام 1930؟,A) فولكسفاجن | B) بيمر | C) أودي | D) أوبل,D
cars_453,cars,[🎼] [badge:treble_clef_emblem] ما هي علامة السيارات الصوتية التي تستخدم هذا الشعار لتمثيل حجرات الرنين (Helmholtz Resonators) التي تلغي الضوضاء وتضخم الترددات الطربية للمحرك؟,A) ميلودي-موتورز | B) سوناتا-أوتو | C) كادينس-كارز | D) هارموني-أوتو,A
cars_454,cars,[🎼] [badge:treble_clef_emblem] أي علامة سيارات خارقة تجريبية تستلهم هذا المفتاح الموسيقي تعبيراً عن التناغم الرياضي للهندسة الصوتية في محركات V12؟,A) سوناتا-أوتو | B) ميلودي-موتورز | C) كادينس-كارز | D) هارموني-أوتو,B
cars_455,cars,[🚘] [badge:kia_oval] من هو مصمم السيارات الألماني الشهير الذي ابتكر لغة تصميم شبك 'أنف النمر' (Tiger Nose) الأيقونية لهذه العلامة عام 2007؟,A) كريس بانغل | B) والتر دي سيلفا | C) بيتر شراير | D) إيان كالوم,C
cars_456,cars,[🚘] [badge:kia_oval] ما هي سيارة السيدان الرياضية الفاخرة ثنائية التوربو المكونة من 7 أحرف بالإنجليزية التي أطلقتها هذه العلامة عام 2017 (Stin...)?,,Stinger
cars_457,cars,[🛻] [badge:gmc_block_letters] ما هي شاحنة البيك أب الرياضية لعام 1991 بمحرك V6 تيربو ودفع كلي التي كانت أسرع في التسارع من فيراري 348؟,A) تايفون | B) سيلفرادو SS | C) تريل بليزر SS | D) سايكلون,D
cars_458,cars,[🛻] [badge:gmc_block_letters] ما هو الاسم الإنجليزي المكون من 6 أحرف لفئة التجهيز الفاخرة الحصرية لشاحنات هذه العلامة (Den...)?,,Denali
cars_459,cars,[🚙] [badge:jeep_letters] ما هي سيارة الدفع الرباعي الفاخرة متوسطة الحجم لعام 1993 ذات الشاسيه الأحادي المبتكر التي تعد من أكثر سيارات هذه العلامة مبيعاً؟,A) جراند شيروكي | B) شيروكي | C) واجونير | D) كوماندر,A
cars_460,cars,[🚙] [badge:jeep_letters] ما هي سيارة الطرق الوعرة القابلة للإزالة والشهيرة المكونة من 8 أحرف بالإنجليزية والتي تمثل أيقونة هذه العلامة (Wran...)?,,Wrangler
cars_461,cars,في [تقنيات ومحركات السيارات]، ما هي شركة المحركات البريطانية الرائدة في صناعة محركات التدفق المحوري الكهربائية فائقة الكثافة والمملوكة لمرسيدس (Y...)؟,,YASA
cars_462,cars,في [تقنيات ومحركات السيارات]، ما هو المصطلح الإنجليزي لتشكلات الشُعب الشبيهة بالإبر الدقيقة التي تنمو داخل بطاريات الليثيوم مسببة دوائر قصر (dend...)?,,dendrites
cars_463,cars,في [تقنيات ومحركات السيارات]، ما هو اسم السيارة الكهربائية التجريبية المزودة بمراوح شفط التي حطمت الرقم القياسي في مهرجان غودوود (Speirl...)?,,Speirling
cars_464,cars,في [رياضة المحركات وفورمولا 1]، من هو المهندس والعبقري البريطاني في الديناميكا الهوائية المصمم لسيارات ويليامز ومكلارين وريد بول البطلة؟,,Adrian Newey
cars_465,cars,في [رياضة المحركات وفورمولا 1]، ما هي شركة الإطارات الإيطالية الموردة الحصرية الوحيدة لإطارات جميع فرق بطولة العالم لـ F1؟,,Pirelli
cars_466,cars,في [رياضة المحركات وفورمولا 1]، من هو السائق البريطاني الوحيد في التاريخ الذي فاز ببطولة العالم لسباقات الدراجات النارية ثم بطولة F1؟,,John Surtees
cars_467,cars,في [رياضة المحركات والسباقات]، من هو مصمم سيارات F1 البريطاني ومؤلف كتاب 'كيف تبني سيارة' (How to Build a Car)؟,,Adrian Newey
cars_468,cars,في [رياضة المحركات والسباقات]، ما هو الاختصار المكون من 3 أحرف لنظام التوجيه ثنائي المحور الثوري الذي استخدمته مرسيدس في F1 عام 2020 (D...)؟,,DAS
cars_469,cars,في [رياضة المحركات والسباقات]، ما هي شركة الإطارات الإيطالية الشهيرة التي تزود سباقات فورمولا 1 بإطارات P Zero؟,,Pirelli
cars_470,cars,في [أيقونات وطرازات السيارات]، من هو المصمم الجنوب إفريقي العبقري الذي صمم الأسطورة ماكلارين F1 وسيارة T.50 الحديثة؟,,Gordon Murray
cars_471,cars,في [أيقونات وطرازات السيارات]، ما هي الشارة الرياضية المكونة من كلمتين ورمز الحرف R التي تطلقها هوندا على نسخها عالية الأداء (تايب ...)؟,,Type R
cars_472,cars,في [أيقونات وطرازات السيارات]، ما هو اسم الهايبركار الخارقة التي صممتها أستون مارتن بمحرك V12 بسعة 6.5 لتر بالتعاون مع ريد بول (فالك...)؟,,Valkyrie
cars_473,cars,في [تقنيات ومحركات السيارات]، كيف يعمل نظام 'Freevalve' الثوري الذي طورته شركة كونيجسيج في محركات الاحتراق الداخلي؟,A) مكابس بخارية | B) استبدال عمود الكامات بمشغلات هوائية-هيدروليكية-كهربائية مخصصة تفتح وتغلق كل صمام بشكل مستقل تماماً وبأي توقيت وعمق | C) وقود سائل بدون هواء | D) صمامات مغناطيسية على الإطارات,B
cars_474,cars,في [تقنيات ومحركات السيارات]، ما هو نظام عمل الصمامات 'الديزمودروميك' (Desmodromic) الشهير في محركات دوكاتي ومرسيدس 300 SLR التاريخية؟,A) ملفات كهربائية | B) صمامات هيدروليكية | C) نظام ميكانيكي يستخدم ذراعين وكامات منفصلة لفتح الصمام وإغلاقه قسرياً بشكل إيجابي دون الاعتماد على نوابض قد ترتد عند دورات المحرك القصوى | D) هواء مضغوط,C
cars_475,cars,في [تقنيات ومحركات السيارات]، ما هي ظاهرة 'التديزل' (Dieseling / Run-on) في محركات البنزين القديمة ذات الكربراتير؟,A) انقطاع دواسة الوقود | B) شحن مفرط للبطارية | C) تجمد الزيت | D) استمرار المحرك في الدوران والاشتعال لثوانٍ بعد إطفاء المفتاح بسبب حرارة رواسب الكربون المتوهجة داخل الأسطوانة,D
cars_476,cars,في [تقنيات ومحركات السيارات]، كيف يعمل نظام مكافحة تأخر التوربو (Anti-Lag System / Bang-Bang) في سيارات الرالي WRC؟,A) حقن وقود وهواء وإشعالها عمداً مباشرة داخل مجمع العادم قبل التوربين للحفاظ على دورانه وسرعته القصوى حتى عندما يرفع السائق قدمه عن دواسة الوقود | B) تبريد التوربو بالنيتروجين | C) إضافة محرك كهربائي للمكابح | D) عزل صمام العادم,A
cars_477,cars,في [تقنيات ومحركات السيارات]، كيف يغير نظام التعليق المغناطيسي (MagneRide) قساوة المساعدات في أجزاء من الألف من الثانية؟,A) صمامات ضاغط هواء | B) استخدام سائل ممتص صدمات هيدروليكي مشبع بجزيئات حديدية ميكروسكوبية تتصلب وتغير لزوجتها فوراً عند تطبيق مجال كهرومغناطيسي | C) تسخين الزيت كهربائياً | D) نوابض كربونية,B
cars_478,cars,في [تقنيات ومحركات السيارات]، ما هو الفرق بين ظاهرة 'التطويح / الدلفنة' (Porpoising) وظاهرة ارتداد الشاسيه الميكانيكي (Bouncing) في سيارات F1 ذات التأثير الأرضي لعام 2022؟,A) التطويح سببه الإطارات | B) الارتداد سببه المحرك | C) التطويح ظاهرة هوائية ديناميكية ناجمة عن انهيار مفاجئ لضغط الشفط الأرضي مع انخفاض السيارة ثم عودته دورياً، بينما الارتداد ميكانيكي ناتج عن قساوة النوابض واصطدام الشاسيه بالمسار | D) كلاهما خلل في الفرامل,C
cars_479,cars,في [تقنيات ومحركات السيارات]، ما هو الفرق الهيكلي الجوهري بين محركات التدفق المحوري (Axial Flux) ومحركات التدفق الشعاعي (Radial Flux) الكهربائية؟,A) التدفق المحوري يستخدم مكابس سائلة | B) التدفق الشعاعي بدون مغناطيس | C) المحوري محرك ديزل | D) في المحركات المحورية، يتدفق خط المجال المغناطيسي موازياً لمحور الدوران عبر أقراص مسطحة مما يوفر كثافة عزم دوران هائلة وحجماً فائق النحافة,D
cars_480,cars,[Hard] في [تقنيات ومحركات السيارات]، ما هو الابتكار الهندسي الرائد في سيارة سيتروين DS لعام 1955 الذي جعل ركوبها يوصف بـ 'البساط السحري'؟,A) نظام هيدروليكي نيوماتيكي مركزي عالي الضغط يدمج نظام التعليق الذاتي التكيفي والمكابح والتوجيه المعزز بسائل زيت هيدروليكي وغاز النيتروجين | B) نوابض تيتانيوم | C) نظام دفع سداسي | D) إطارات بدون هواء,A
cars_481,cars,في [تقنيات ومحركات السيارات]، ما هي وظيفة الصمام الحراري الناري (Pyro-Fuse) في بطاريات الجهد العالي للسيارات الكهربائية؟,A) تشغيل إضاءة المقصورة | B) شحنة متفجرة بيروتقنية مجهرية تنفجر في جزء من الثانية لفصل دائرة بطارية الجهد العالي ميكانيكياً وفورياً عند استشعار حادث تصادم لمنع الصعق والحرائق | C) تبريد خلايا الليثيوم | D) تسريع الشحن,B
cars_482,cars,في [تقنيات ومحركات السيارات]، ما هي الميزة التي توفرها أشباه موصلات كربيد السيليكون (SiC) في محولات الطاقة العاكسة (Inverters) بالسيارات الكهربائية؟,A) وسائد مكابح من السيليكون | B) تلميع الزجاج الأمامي | C) قدرة على تحمل فولتيات وترددات تحويل أعلى بكثير مع فقدان حراري منخفض، مما يحسن كفاءة استهلاك المدى بنسبة تصل إلى 10% | D) خفض وزن الإطارات,C
cars_483,cars,في [تقنيات ومحركات السيارات]، ماذا تعني سرعة التعطيل والانفلات (Stall Speed) في محول عزم الدوران (Torque Converter) بناقل الحركة الأوتوماتيكي؟,A) أدنى سرعة خمول | B) أقصى سرعة قصوى | C) سرعة انزلاق العجلات | D) أقصى سرعة دوران للمحرك يمكن بلوغها عند الضغط الكامل على دواسة الوقود بينما يتم تثبيت مكابح السيارة بالكامل لمنع حركة عمود الإخراج,D
cars_484,cars,في [تقنيات ومحركات السيارات]، كيف تعمل تقنية نسبة الانضغاط المتغيرة (VC-Turbo) التي ابتكرتها إنفينيتي / نيسان؟,A) آلية متعددة الوصلات تغير زاوية نقطة ارتكاز ذراع المكبس أثناء العمل لتعديل النقطة الميتة العليا للأسطوانة بسلاسة من 8:1 إلى 14:1 حسب الحاجة للأداء أو التوفير | B) صمامات كهربائية | C) تغيير حجم التوربو | D) حقن الماء في البساتم,A
cars_485,cars,في [تقنيات ومحركات السيارات]، ما هي وظيفة نظام الديناميكا الهوائية النشطة (ALA) الذي طورته لامبورجيني في سيارة هوراكان بيرفورمانتي؟,A) تحريك العجلات | B) شفرات ومنافذ هوائية آلية مدمجة تفتح وتغلق لتوجيه الهواء يميناً أو يساراً لخلق قوة ضاغطة هوائية موجهة ومتفاوتة بين الجانبين الداخلي والخارجي عند المنعطفات | C) تبريد الرادياتير | D) رفع السيارة,B
cars_486,cars,في [تقنيات ومحركات السيارات]، ما هي وظيفة أسطوانة المكابح الرئيسية المترادفة (Tandem Master Cylinder) في أنظمة الفرامل؟,A) مساعدة فرامل اليد | B) استعادة طاقة الكبح | C) احتواء مكبسين وغرفتي ضغط منفصلتين لتغذية دائرتي كبح مستقلتين هيدروليكياً (قطريتين)، لضمان عمل دائرة مكابح في حال تسرب أو فشل الأخرى | D) ضخ سائل التبريد,C
cars_487,cars,في [تقنيات ومحركات السيارات]، كم تبلغ القوة الضاغطة الهوائية السفلية التي تولدها مروحة الشفط لسيارة McMurtry Spéirling الكهربائية حتى وهي متوقفة تماماً عن الحركة؟,A) صفر | B) 50 رطلاً | C) 500 رطل | D) أكثر من 4000 رطل (2000 كجم) من قوة الالتصاق الفوري بالأرض حتى عند سرعة صفر كم/س,D
cars_488,cars,في [تقنيات ومحركات السيارات]، كيف يولد نظام الدفع في الهايبركار الكرواتية ريماك نيفيرا (Rimac Nevera) قوته البالغة 1914 حصاناً؟,A) أربعة محركات كهربائية مستقلة مخصصة ذات مغناطيس دائم مبرد بالسائل مثبتة على العجلات الأربع وتوجه العزم 100 مرة في الثانية | B) محرك V16 تيربو | C) محرك نفاث | D) بطارية وقود هيدروجيني,A
cars_489,cars,في [تقنيات ومحركات السيارات]، ما هي الوظيفة التقنية لخزان التزييت الجاف (Dry Sump Lubrication) في محركات سيارات السباق الفائقة؟,A) ضخ الوقود | B) استخدام خزان زيت خارجي منفصل ومضخات متعددة لشفط الزيت ومنع انقطاع التزييت عن المحرك عند قوى الانعطاف الهائلة، وخفض مركز ثقل المحرك لعدم وجود كارتير سفلي عميق | C) تبريد القير | D) تصفية العادم,B
cars_490,cars,في [رياضة المحركات وفورمولا 1]، ما هو نظام 'F-Duct' الثوري الذي ابتكرته مكلارين على سيارتها MP4-25 عام 2010 في F1؟,A) مبرد زيت المحرك | B) جناح أمامي مرن | C) نفق هوائي داخلي يمر عبر قمرة القيادة يقوم السائق بسد فتحته بركبته أو قفازه لتوجيه الهواء إلى الجناح الخلفي وإلغاء القوة الضاغطة لزيادة السرعة القصوى في المستقيمات | D) ناشر هواء مزدوج,C
cars_491,cars,في [رياضة المحركات وفورمولا 1]، ما هو نظام 'مخمد الكتلة' (Mass Damper) الذي طورته رينو وفازت به ببطولتي 2005 و2006 قبل أن تحظره FIA؟,A) حذافة رصاصية ثقيلة | B) قضيب توازن هيدروليكي | C) نوابض كربونية | D) أسطوانة معدنية ثقيلة معلقة بين نوابض داخل مخروط مقدمة السيارة تمتص ترددات ارتداد الإطارات فوق المطبات وتحافظ على استقرار وثبات ارتفاع الجناح الأمامي,D
cars_492,cars,في [رياضة المحركات وفورمولا 1]، ما هو نظام التوجيه ثنائي المحور (DAS) المبتكر الذي قدمته مرسيدس في موسم F1 لعام 2020؟,A) نظام ميكانيكي هيدروليكي يتيح للسائق سحب ودفع عجلة القيادة لتعديل زاوية تقارب العجلات الأمامية (Toe-in/out) في المستقيمات لتسخين الإطارات بانتظام | B) مقود سلكي بالكامل | C) توجيه العجلات الخلفية | D) تعديل زاوية الجناح,A
cars_493,cars,في [رياضة المحركات وفورمولا 1]، ما هي وحدة MGU-H المعقدة في محركات فورمولا 1 الهجينة الحالية سعة 1.6 لتر تيربو؟,A) مدفأة المقصورة | B) مولد كهربائي متصل مباشرة بعمود التوربو يستعيد الطاقة من الغازات الساخنة ويزيل تأخر التوربو فورياً بتدوير الضاغط كهربائياً | C) مضخة وقود | D) بطارية إضافية,B
cars_494,cars,في [رياضة المحركات وفورمولا 1]، ما هي الثغرة التقنية الشهيرة في قوانين سباق لومان لعام 1994 التي استغلها يوخن داور في سيارة Dauer 962 Le Mans؟,A) محركات الديزل التوربينية | B) خزان وقود عملاق | C) تسجيل سيارة سباق بورشه 962 النموذجية كسيارة طريق إنتاجية بفضل إضافة حقيبة جلدية صغيرة في صندوق الأمتعة للتسابق في فئة GT1 ضد سيارات الإنتاج | D) إطارات مخصصة,C
cars_495,cars,في [رياضة المحركات وفورمولا 1]، ما هو السبب التقني لفضيحة إطارات سباق جائزة الولايات المتحدة الكبرى 2005 في إنديانابوليس وانسحاب 14 سيارة؟,A) المطر على الإطارات الجافة | B) وقود ملوث | C) انكسار الأجنحة الخلفية | D) عدم قدرة إطارات ميشلان على تحمل الضغوط والحرارة القصوى الناتجة عن المنعطف البيضاوي المائل للحلبة مع منع تغيير الإطارات بموجب قوانين 2005,D
cars_496,cars,في [رياضة المحركات وفورمولا 1]، ما هو الغرض الإلزامي للوح الخشبي الرقائقي 'Jabroc Plank' أسفل أرضية سيارات فورمولا 1 منذ عام 1994؟,A) فرض حد أدنى لارتفاع ركوب الشاسيه لمنع خفض السيارات بشكل خطير واستبعاد أي سيارة يتآكل لوحها بأكثر من 1 ملم بعد السباق | B) تدفئة الأرضية | C) حماية السائق من الصخور | D) عزل الكهرباء,A
cars_497,cars,في [رياضة المحركات وفورمولا 1]، كيف أعاد فريق برابهام والمصمم جوردون موراي ابتكار استراتيجية وقفات الصيانة للتزود بالوقود عام 1982؟,A) كان الوقود يتسرب | B) حسب موراي أن الانطلاق بنصف خزان وقود وإطارات لينة سيعطي السيارة تفوقاً زمنياً هائلاً يعوض تماماً الوقت الضائع في وقفة الصيانة السريعة | C) لإراحة السائق | D) لتنظيف المكابح,B
cars_498,cars,في [رياضة المحركات وفورمولا 1]، ما هي فضيحة 'Spygate' الشهيرة التي هزت بطولة العالم لسباقات فورمولا 1 في عام 2007؟,A) تجسس رينو على بي إم دبليو | B) نسخ سبايكر لسيارات ريد بول | C) حصول موظفي مكلارين على وثائق تقنية وسرية مسربة من 780 صفحة خاصة بسيارات فريق فيراري مما أدى لتغريم مكلارين 100 مليون دولار وتجريدها من نقاط الصانعين | D) التلاعب بوزن الوقود,C
cars_499,cars,في [رياضة المحركات وفورمولا 1]، ما هو الإنجاز التقني غير المسبوق لسيارة أودي R10 TDI الفائزة بسباق لومان 24 ساعة عام 2006؟,A) خلايا وقود هيدروجين | B) بطاريات الحالة الصلبة | C) أول سيارة بدون مبرد | D) أول سيارة في التاريخ تفوز بسباق لومان 24 ساعة بمحرك ديزل توربيني,D
cars_500,cars,في [رياضة المحركات وفورمولا 1]، ما هو الرقم القياسي الأسطوري المطلق للسير ستيرلينغ موس وملاحه دينيس جينكينسون في سباق ميلي ميليا 1955 بمرسيدس 300 SLR؟,A) قطع مسافة 992 ميلاً عبر الطرق العامة الإيطالية المفتوحة في 10 ساعات و7 دقائق و48 ثانية بمتوسط سرعة لا يصدق بلغ 98.53 ميلاً في الساعة | B) 15 ساعة | C) 20 ساعة | D) 24 ساعة,A
