number,subject,question,multiple choices,answer
2,math,(12 *3)+ (8*4) =,A) 70 | B) 58 | C) 45 | D)68,D
3,math,(15 -12)+( 9 -8)=,A) 2 | B) 4 | C) 6 | D) 8,B
4,math,25 /5+ 15/3 =,A) 11 | B) 20 | C) 10 | D)9,C
5,math,33  +  7 + 1 + 1 + 1 + 1 + 1 + 1 + 1 =,A) 42 | B) 37 | C) 45 | D)47,D
6,math,(50 + 25)/3 =,A) 30 | B) 20 | C) 25 | D) 22,C
7,math,68 + 6 =,A) 72 | B) 67 | C) 75 | D) 74,D
8,math,45 + 12 =,A) 57 | B) 59 | C) 54 | D) 62,A
9,math,88 + 11 =,A) 101 | B) 96 | C) 104 | D) 99,D
10,math,if x=13*2 so  99 + x =,A)130 | B) 120| C) 115 | D)125,D
11,math,5-2*2 - 5 =,A) 4 | B) 1 | C)-4 | D) 6,C
12,math,20 - 7*2*2 =,A) 8 | B) -16 | C) 52 | D) -8,D
13,math,35*10 - 100 =,A) -250 | B) 225 | C) 350 | D) 250,D
14,math,42 - 8*4 =,A) 36 | B) 12| C) 18 | D) 10,D
15,math,506 - 40 =,A) 470| B) 456 | C) 465| D) 466,D
16,math,705 - 15 =,A) 690 | B) 695 | C) 685 | D) 590,A
17,math,81 - 9 =,A) 74 | B) 69 | C) 77 | D) 72,D
18,math,93 - 3^3 =,A) 92 | B) 87 | C) 84 | D) 66,D
19,math,100 - (22/11)*21 =,A) 55 | B) 58 | C) 68 | D) 70 ,B
20,math,150 - 75 =,A) 70 | B) 65 | C) 105 | D) 75,D
21,math,21 + 19 =,A) 37 | B) 45 | C) 40 | D) 42,C
22,math,38 + 12 =,A) 52 | B) 47 | C) 50 | D) 55,C
23,math,55 + 45 =,A) 100 | B) 97 | C) 105 | D) 102,A
24,math,76 + 14 =,A) 92 | B) 87 | C) 95 | D) 90,D
25,math,91 + 9 =,A) 102 | B) 97 | C) 105 | D) 100,D
26,math,4 x 3*3 =,A) 14 | B) 36 | C) 17 | D) 12,B
27,math,5 x 5 =,A) 27 | B) 25 | C) 30 | D) 22,B
28,math,6 x 7 =,A) 44 | B) 39 | C) 47 | D) 42,D
29,math,8^2 x 4 =,A) 256 | B) 128 | C) 120 | D) 192,A
30,math,9 x 6 =,A) 56 | B) 51 | C) 59 | D) 54,D
31,math,7 x 7 =,A) 51 | B) 46 | C) 49 | D) 54,C
32,math,10 x 3-9*2 =,A) 30 | B) 18| C) 12 | D) 15,C
33,math,11 x 5 =,A) 55 | B) 52 | C) 60 | D) 65,A
34,math,12 x 4 =,A) 50 | B) 45 | C) 48 | D) 43,C
35,math,9 x 9 =,A) 83 | B) 78 | C) 86 | D) 81,D
36,math,1180 / 2 =,A) 580 | B) 600 | C) 590 | D) 480,C
37,math,35 / 5 =,A) 9 | B) 4 | C) 12 | D) 7,D
38,math,48 / 6 =,A) 18| B) 5 | C) 13 | D) 10,A
39,math,64 / 8 =,A) 10 | B) 8 | C) 13 | D) 6,B
40,math,81 / 9 =,A) 11 | B) 6 | C) 9 | D) 8,C
41,math,0.5 + 0.5 =,,1
42,math,1.2 + 1.8 =,,3
43,math,3.4 + 2.1 =,,5.5
44,math,7.5 + 2.5 =,,10
45,math,(9.9 + 0.1)/0.1 =,,100
46,math,1.555 - 0.5 =,,1.055
47,math,5.6 - 2.1 =,,3.5
48,math,10.0 - 4.5 =,,5.5
49,math,8.2 - 3.2 =,,5
50,math,15.5 - 5.5-0.1 =,,9.9
51,math,What is half of 10*2*2*2?,,40
52,math,What is half of C   C  = k *  2  k  =  j * 2  j  = 2?,,4
53,math,What is 1/16 of 20?,,1.25
54,math,What is 1/6 of 15?,,2.5
55,math,What is 3/4 of 100?,,75
56,math,1/2 + 1/2 +1/8 *8 =,,2
57,math,1/4 + 1/4 =,,1/2
58,math,2/3 + 1/3 =,,1
59,math,5/8 - 1/8 =,,2.1
60,math,3/10 + 4/10 =,,10.7
61,math,0.2 x 3 =,,0.6
62,math,0.4 x 5 =,,2
63,math,1.5 x 2 =,,3
64,math,4.0 / 2 =,,2
65,math,9.3 / 3 =,,3.1
66,math,What is 10% of 100?,,10
67,math,What is 20% of 50?,,10
68,math,What is 50% of 80?,,40
69,math,What is 25% of 40?,,10
70,math,What is 5% of 200?,,10
71,math,Convert 50% to a fraction.,,2.1
72,math,Convert 25% to a fraction.,,4.1
73,math,Convert 75% to a fraction.,,4.1
74,math,Convert 10% to a decimal.,,0.1
75,math,Convert 40% to a decimal.,,0.4
76,math,Express the ratio 2:4 in its simplest form.,,1:02
77,math,Express the ratio 6:9 in its simplest form.,,2:03
78,math,Express the ratio 10:15 in its simplest form.,,2:03
79,math,If a recipe uses 3 cups of flour for every 1 cup of sugar how many cups of flour for 3 cups of sugar?,,9
80,math,If a car travels 60 miles in 1 hour what is its speed in miles after 5 hours?,,60
81,math,What is 15% of 200?,,30
82,math,What is 20% of 45?,,9
83,math,Convert 0.2 to a percentage.,,20%
84,math,Convert 0.85 to a percentage.,,85%
85,math,If 12 out of 20 students passed what is the pass rate percentage?,,60%
86,math,If x + 5 = 12 what is x?,,7
87,math,If y - 3 = 10*(1\10) what is y?,,4
88,math,If 4a = 15+b*c given that b=c and c =1/4*28 what is a?,,16
89,math,If b/4 = 6 what is b?,,24
90,math,If 2x + 1 = 9 what is x?,,4
91,math,What is the next number in the sequence: 2  4  8  16 ...?,,32
92,math,What is the next number in the sequence: 5 15 45 135...?,,405
93,math,What is the next number in the sequence: 729 81  9...?,,3
94,math,What is the next number in the sequence: 10 20 30 40...?,,50
95,math,What is the next number in the sequence: 1 2 2 4 8...?,,32
96,math,What is y if y = 4 x 3 - 2?,,10
97,math,What is z if z = (5 + 5) / 2?,,5
98,math,Simplify: 3x + 2x+15x-2-2x =,,20x
99,math,Simplify: 5y - 2y =,,3y
100,math,If x = 2 and y = 3 what is x/4 + y/9?,,6.5
101,math,What is the next number in the sequence: 1000 200 40    ...?,,8
102,math,What is the next number in the sequence: 2 3 5 7 (prime numbers)?,,11
103,math,If a = 10 what is a x 5?,,50
104,math,If c - 7--5 = 14 what is c?,,26
105,math,If 5m = 35 what is m x 9?,,63
106,math,How many centimeters are in 1 meter?,,100
107,math,How many millimeters are in 1 centimeter?,,10
108,math,How many grams are in 1 kilogram?,,1000
109,math,How many minutes are in 2 days ?,,2880
110,math,How many hours are in 1 month?,,720
111,math,What is the area of a square with a side length of 4 cm (just the value)?,,16
112,math,What is the perimeter of a square with a side length of 5 cm (just the value)?,,20
113,math,What is the area of a rectangle with length 6 cm and width 3 cm (just the value)?,,18
114,math,What is the perimeter of a rectangle with length 6 cm and width 3 cm (just the value)?,,18
115,math,How many sides does a triangle have?,,3
116,math,How many sides does a pentagon have?,,5
117,math,How many sides does an octagon have?,,8
118,math,What is the sum of angles in a triangle (just the value)?,,180
119,math,What is the sum of angles in a rectangle (just the value)?,,360
120,math,How many degrees are in a straight line (just the value)?,,180
121,math,How many degrees are in a full circle (just the value)?,,360
122,math,What is the radius of a circle if its diameter is 10 cm (just the value)?,,5
123,math,What is the diameter of a circle if its radius is 6 cm (just the value)?,,12
124,math,Which shape has 4 equal sides and 4 right angles?,,Square
125,math,How many faces does a cube have?,,6
126,math,If a movie starts at 3 PM and lasts for 32/8 hours what time does it end and PM OR AM ?,,7 PM
127,math,How many inches are in 1 foot?,,12
128,math,How many feet are in 1 yard?,,3
129,math,If it is 11 AM now what time will it be in 0.01*400 hours AND PM OR AM?,,3 PM
130,math,How many weeks are in 1 year?,,52
131,math,What is the volume of a cube with a side length of 3 cm (just the value)?,,27
132,math,How many milliliters are in 1 liter?,,1000
133,math,How many sides does a hexagon have?,,6
134,math,How many hours are in 2 days?,,48
135,math,What shape has 8 sides?,,Octagon
136,math,How many degrees is a right angle(value only)?,,90
137,math,If an angle is 45 degrees what type of angle is it?,,Acute
138,math,If an angle is 100 degrees what type of angle is it?,,Obtuse
139,math,What is the shape of a standard basketball?,,Sphere
140,math,How many days are in a standard year?,,365
141,math,6 x 8 =,,48
142,math,7 x 5 =,,35
143,math,9 x 4 =,,36
144,math,12 x 6 =,,72
145,math,15 x 2 =,,30
146,math,What is y if y = 4 x 3 - 2?,,10
147,math,What is z if z = (5 + 5) / 2?,,5
148,math,Simplify: 3x + 2x =,,5x
149,math,Simplify: 5y - 2y =,,3y
150,math,If x = 2 and y = 3 what is x + y=,,5
151,programming,Which keyword is used to define a function in Python?,A) func | B) define | C) def | D) function,C
152,programming,What is the correct file extension for Python files?,A) .pyt | B) .py | C) .python | D) .pt,B
153,programming,How do you start a single-line comment in Python?,A) // | B) /* | C) # | D) --,C
154,programming,Which data type is used to store True or False values?,A) String | B) Integer | C) Float | D) Boolean,D
155,programming,What does print(type(5)) output?,A) <class 'float'> | B) <class 'int'> | C) <class 'str'> | D) <class 'bool'>,B
156,programming,How do you create a variable named x with the value 5?,A) int x = 5 | B) x := 5 | C) x = 5 | D) variable x = 5,C
157,programming,Which built-in function returns the length of a list?,A) size() | B) len() | C) count() | D) length(),B
158,programming,What is the output of print(2 ** 3)?,A) 6 | B) 8 | C) 9 | D) 5,B
159,programming,Which statement is used to stop a loop prematurely?,A) stop | B) exit | C) break | D) return,C
160,programming,How do you add an element to the end of a list?,A) .add() | B) .insert() | C) .append() | D) .push(),C
161,programming,Which header file must be included to use cout and cin?,A) <stdio.h> | B) <conio.h> | C) <iostream> | D) <string>,C
162,programming,How do you end a standard statement line in C++?,"A) Period (.) | B) Colon (:) | C) Semicolon (;) | D) Comma (,)",C
163,programming,What is the starting point of execution for every C++ program?,A) main() function | B) start() function | C) init() function | D) #include,A
164,programming,How do you create a single-line comment in C++?,A) # | B) // | C) /* | D) --,B
165,programming,Which data type is best suited for storing a single letter like 'A'?,A) string | B) char | C) int | D) float,B
166,programming,What is the purpose of the 'std::endl' command?,A) End the program | B) Clear the screen | C) Insert a new line | D) Exit a loop,C
167,programming,Which operator is used for console output in C++?,A) >> | B) << | C) == | D) ++,B
168,programming,How do you declare an integer variable named age in C++?,A) age = int; | B) integer age; | C) int age; | D) var age;,C
169,programming,What value represents true in a standard C++ boolean context?,A) 0 | B) -1 | C) 1 | D) null,C
170,programming,Which loop guarantees that the block of code executes at least once?,A) for loop | B) while loop | C) do-while loop | D) foreach loop,C
171,programming,What is a step-by-step set of instructions for solving a problem called?,A) Variable | B) Compiler | C) Algorithm | D) Function,C
172,programming,Which data structure works on a First-In First-Out (FIFO) basis?,A) Stack | B) Queue | C) Tree | D) Graph,B
173,programming,Which search algorithm checks every element sequentially until it finds the target?,A) Binary Search | B) Quick Search | C) Linear Search | D) Bubble Search,C
174,programming,What is it called when a function calls itself?,A) Iteration | B) Recursion | C) Looping | D) Inheritance,B
175,programming,Which sorting algorithm repeatedly swaps adjacent elements if they are in the wrong order?,A) Bubble Sort | B) Merge Sort | C) Quick Sort | D) Insertion Sort,A
176,programming,What is the index of the very first element in an array or list?,A) 1 | B) -1 | C) 0 | D) Any number,C
177,programming,What data structure uses a Last-In First-Out (LIFO) approach?,A) Queue | B) Stack | C) Array | D) Linked List,B
178,programming,What is the primary benefit of Binary Search over Linear Search?,A) It is easier to code | B) It is faster for sorted data | C) It uses less memory | D) It works on unsorted data,B
179,programming,What is a specific condition that stops a recursive function from running forever?,A) Loop condition | B) Break point | C) Base case | D) Return statement,C
180,programming,Which structure is best for checking if an element exists instantly without searching a list?,A) Array | B) Linked List | C) Hash Table / Set | D) Binary Tree,C
181,programming,What converts high-level programming code into machine-readable code all at once?,A) Interpreter | B) Linker | C) Compiler | D) Text Editor,C
182,programming,What is a mistake or error in a program commonly called?,A) Virus | B) Bug | C) Glitch | D) Script,B
183,programming,Which operator is used to check if two values are equal in most languages?,A) = | B) == | C) != | D) =>,B
184,programming,What type of error occurs when a program runs but produces the wrong output?,A) Syntax Error | B) Logic Error | C) Runtime Error | D) Compilation Error,B
185,programming,What does RAM stand for in computer hardware?,A) Read Access Memory | B) Random Access Memory | C) Run Active Media | D) Rapid Allocation Machine,B
186,programming,Which symbol is standard for the assignment operator?,A) == | B) : | C) = | D) ->,C
187,programming,What is a block of reusable code designed to perform a single specific action?,A) Loop | B) Variable | C) Function | D) Condition,C
188,programming,Which phase involves fixing bugs inside your source code?,A) Designing | B) Compiling | C) Debugging | D) Deploying,C
189,programming,What text formatting character usually represents a tab space?,A) \n | B) \t | C) \s | D) \b,B
190,programming,What type of expression evaluates to either True or False?,A) Arithmetic Expression | B) String Expression | C) Boolean Expression | D) Assignment Expression,C
191,programming,What keyword is used to add an alternative conditional branch if the initial 'if' fails?,,elif
192,programming,How do you write a string that spans multiple lines?,,Triple quotes
193,programming,What built-in function converts an item into an integer?,,int
194,programming,What symbol do you use to perform a floor division operation?,,//
195,programming,What index number targets the last element of a list using negative indexing?,,-1
196,programming,Which keyword is used to import an external module into your script?,,import
197,programming,What built-in function creates a sequence of numbers often used inside loops?,,range
198,programming,What data type uses curly braces and stores values in key-value pairs?,,Dictionary
199,programming,What structural symbol is strictly used to separate code blocks instead of curly braces?,,Indentation
200,programming,What immutable sequence type is defined using parentheses instead of square brackets?,,Tuple
201,programming,What is the default return value of a function that does not contain a return statement?,,None
202,programming,Which operator calculates the remainder of a division?,,%
203,programming,What function converts user input from the console into a string?,,input
204,programming,What happens if you try to change an item inside a tuple after creating it?,,It raises a TypeError
205,programming,Which keyword checks if an item exists inside a collection like a list or string?,,in
206,programming,What string method changes all characters in a string to lower case?,,lower
207,programming,What is the output of print('Hello' + 'World')?,,HelloWorld
208,programming,What keyword is used to create a loop that iterates over a sequence?,,for
209,programming,What exception is raised when you try to divide a number by zero?,,ZeroDivisionError
210,programming,What function converts a number or boolean value into a string text?,,str
211,programming,What symbol is used to indicate a pointer variable selection or variable address lookup aside from &?,,*
212,programming,Which keyword is used to create a constant variable that cannot be changed?,,const
213,programming,What command is used to accept input from the user via the console stream?,,cin
214,programming,Which loop structure evaluates its condition loop at the very top before execution?,,while loop
215,programming,What keyword defines a function that does not return any data value?,,void
216,programming,What index is used to access the third element inside a standard array?,,2
217,programming,What is the string literal boundary symbol used for regular text strings?,,Double quotes
218,programming,What structural block handles alternative paths when an 'if' statement is false?,,else
219,programming,Which operator adds 1 to an integer variable?,,++
220,programming,What is the escape sequence used to print a new line character?,,\n
221,programming,Which keyword allows a user to group variables of different data types under one name?,,struct
222,programming,What storage classification does a variable have if it is declared outside all functions?,,Global variable
223,programming,Which conditional statement evaluates a single variable against multiple matching case values?,,switch
224,programming,What expression is used to clear heap memory allocated with the keyword 'new'?,,delete
225,programming,What header must be imported to work with standard text string objects?,,<string>
226,programming,What special function shares the exact same name as its class and runs during object creation?,,Constructor
227,programming,What character is used to access members of a structure or class object directly?,,.
228,programming,What numeric value represents a false condition inside an integer expression?,,0
229,programming,Which keyword is used to return a value back from a function call?,,return
230,programming,What basic data type stores numbers containing fractions or decimals?,,float
231,programming,What is a graphical representation of an algorithm using geometric shapes called?,,Flowchart
232,programming,What algorithmic design pattern breaks a problem into smaller identical sub-problems?,,Divide and Conquer
233,programming,What term describes the efficiency or runtime performance scale of an algorithm?,,Time Complexity
234,programming,What notation is universally used to describe the worst-case runtime of an algorithm?,,Big O Notation
235,programming,What type of algorithm makes the local optimal choice at each stage hoping to find a global optimum?,,Greedy Algorithm
236,programming,What condition occurs when a queue or stack is completely full and you try to add an item?,,Overflow
237,programming,What is the process of arranging random items in a specific order called?,,Sorting
238,programming,What searching method divides a sorted collection in half with each comparison?,,Binary Search
239,programming,What abstract condition occurs when you attempt to pop an item from an empty stack?,,Underflow
240,programming,What terminal condition must be explicitly defined so recursion does not trigger a crash?,,Base Case
241,programming,What linear structure links individual node elements using pointer memory addresses?,,Linked List
242,programming,What algorithm category checks every potential solution path systematically until a match is found?,,Brute Force
243,programming,What name is given to an element sequence where each item points to the next node container?,,Linked List
244,programming,What is it called when two keys generate the same index location inside a hash table?,,Collision
245,programming,What simple sorting method works like sorting a deck of cards by building a sorted section one item at a time?,,Insertion Sort
246,programming,What node sits at the absolute top of a standard tree structure?,,Root
247,programming,What is a finite set of steps or instructions used to complete a specific calculation task called?,,Algorithm
248,programming,What index position corresponds to the median element in an array of size 7?,,3
249,programming,What non-linear structure maps connections using a framework of vertices and edges?,,Graph
250,programming,What strategy resolves hash table conflicts by placing colliding items into a linked list at that index?,,Chaining
251,programming,What is text file code written by a developer called before it gets compiled?,,Source Code
252,programming,What structural mechanism stops a loop from running endlessly?,,Loop Condition
253,programming,What errors are caught during text interpretation or compilation due to incorrect grammar formatting?,,Syntax Errors
254,programming,What does the acronym IDE stand for in development environments?,,Integrated Development Environment
255,programming,What punctuation symbol commonly bounds text parameters inside a function declaration?,,Parentheses
256,programming,What operator modifies a boolean expression to its exact opposite value?,,NOT
257,programming,What type of value does a conditional statement check for execution?,,Boolean
258,programming,What general term describes named computer memory locations used to hold data values?,,Variables
259,programming,What low-level system runs line-by-line translation instead of generating a full binary file?,,Interpreter
260,programming,What programming paradigm is centered around data objects rather than actions?,,OOP
261,programming,What basic mathematical operator is represented by the forward slash symbol?,,Division
262,programming,What structural container groups columns and rows of sequential characters?,,Array
263,programming,What term describes human-readable descriptions of an algorithm written in a pseudo-programming format?,,Pseudocode
264,programming,What storage area holds parameters and local variables during active function calls?,,Call Stack
265,programming,What is it called when a value switches from one data type to another?,,Type Casting
266,programming,What component translates assembly code into machine language binary?,,Assembler
267,programming,What specific condition occurs when a numeric variable exceeds its maximum storage limit?,,Overflow
268,programming,What structural pattern checks code blocks for exceptions or unexpected failures at runtime?,,Try Catch block
269,programming,What is the name of a character collection that stores names or phrases?,,String
270,programming,What punctuation symbol typically wraps array items during initialization in C++?,,{}
271,programming,What keyword creates an anonymous inline function block?,,lambda
272,programming,What method removes all trailing and leading whitespace from a string text?,,strip
273,programming,What happens when you run a script that calls a variable that has not been defined yet?,,raises a NameError
274,programming,Which keyword blocks execution or serves as an empty placeholder inside a loop body?,,pass
275,programming,What operator allows you to combine two separate string blocks together?,,+
276,programming,What operator checks if two variable references point to the exact same memory object?,,is
277,programming,What is the default index skip step size if it is omitted during a slice expression?,,1
278,programming,What method searches a list to return the index position of a specific element?,,index
279,programming,What function displays interactive help instructions directly inside the terminal console?,,help
280,programming,What keyword combination catches error types inside a standard try block structure?,,except
281,programming,What stream object prints error messages specifically to the standard error destination?,,cerr
282,programming,What classification scope hides class elements from access outside that class framework?,,private
283,programming,What numeric byte size is typically reserved for a standard standalone char type variable?,,1 byte
284,programming,What indicator tracks the target location of a reference variable?,,Pointer
285,programming,What is the direct index of the last element in an array configured for 10 entries?,,9
286,programming,What keyword instantiates a copy of a class structure into system heap memory?,,new
287,programming,What specific operator symbol handles memory pointer address resolution tasks?,,*
288,programming,What framework keyword allows access to multiple library tools without structural namespace prefixes?,,using namespace
289,programming,What character sequences are evaluated to specify code comments spanning multiple lines?,,/**/
290,programming,What structural sign joins text variables together when using standard cout expressions?,,<<
291,programming,What structural shape represents decisions inside standard flowchart designs?,,Diamond
292,programming,What linear tracking model limits adding and removing items exclusively to one end?,,Stack
293,programming,What tree implementation restricts every parent node to a maximum of two child branches?,,Binary Tree
294,programming,What algorithmic term describes a loop processing structure that never completes?,,Infinite Loop
295,programming,What search framework is most reliable when dealing with completely randomized collections?,,Linear Search
296,programming,What node path properties define leaf nodes inside data tree models?,,They have no children
297,programming,What is the maximum comparison count needed to locate an item in a list of 8 items using Linear Search?,,8
298,programming,What algorithm sorting framework works by repeatedly splitting a collection into individual elements and combining them?,,Merge Sort
299,programming,What algorithmic method focuses on storing past calculation results to optimize future execution lookups?,,Dynamic Programming
300,programming,What unique sequence of data values helps quickly verify data items within a dictionary structure?,,Keys
301,history,Which famous river was the life source of Ancient Egypt?,A) Nile | B) Amazon | C) Mississippi | D) Danube,A
302,history,What ancient structures were built in Egypt as tombs for Pharaohs?,A) Castles | B) Pyramids | C) Temples | D) Towers,B
303,history,Which ancient civilization is credited with inventing democracy?,A) Rome | B) Greece | C) Persia | D) Egypt,B
304,history,Who was the famous ancient king who conquered Greece Egypt and Persia?,A) Julius Caesar | B) Alexander the Great | C) Genghis Khan | D) King Tut,B
305,history,What was the name of the specialized picture-writing used by Ancient Egyptians?,A) Latin | B) Hieroglyphics | C) Cuneiform | D) Greek,B
306,history,Which Greek city-state was famous for its powerful military and fierce warriors?,A) Athens | B) Sparta | C) Troy | D) Thebes,B
307,history,What massive amphitheater in Rome was used for gladiator fights?,A) Parthenon | B) Colosseum | C) Pantheon | D) Acropolis,B
308,history,Who was the last active queen of Ancient Egypt before it became a Roman province?,A) Nefertiti | B) Cleopatra | C) Hatshepsut | D) Athena,B
309,history,Which Greek philosopher was the famous teacher of Alexander the Great?,A) Socrates | B) Plato | C) Aristotle | D) Pythagoras,C
310,history,What famous sporting event started in ancient Greece to honor the god Zeus?,A) World Cup | B) Olympic Games | C) Super Bowl | D) Tour de France,B
311,history,Which country was invaded by Germany to spark the start of World War II?,A) France | B) Poland | C) Russia | D) Britain,B
312,history,In which year did World War I officially begin?,A) 1914 | B) 1918 | C) 1939 | D) 1945,A
313,history,Which US naval base was attacked by Japan in 1941 bringing the US into World War II?,A) Pearl Harbor | B) San Diego | C) Miami | D) Guantanamo,A
314,history,Who was the famous Prime Minister who led Great Britain during World War II?,A) Winston Churchill | B) Neville Chamberlain | C) Tony Blair | D) David Lloyd George,A
315,history,What was the name of the alliance between Germany Italy and Japan in World War II?,A) Allied Powers | B) Axis Powers | C) Central Powers | D) NATO,B
316,history,Which country dropped the atomic bomb on Hiroshima to end World War II?,A) Soviet Union | B) Great Britain | C) United States | D) Germany,C
317,history,What ocean liner sank in 1912 contributing to international tensions before World War I?,A) Lusitania | B) Titanic | C) Bismarck | D) Olympic,B
318,history,What defensive structure was built across Berlin during the Cold War following World War II?,A) Great Wall | B) Berlin Wall | C) Maginot Line | D) Iron Curtain,B
319,history,Which country was divided into North and South zones after World War II?,A) France | B) Germany | C) Italy | D) Japan,B
320,history,What global organization was formed directly after World War II to maintain world peace?,A) League of Nations | B) United Nations | C) European Union | D) Red Cross,B
321,history,Which war was fought between the American North and South from 1861 to 1865?,A) Revolutionary War | B) Civil War | C) War of 1812 | D) Vietnam War,B
322,history,Which French heroine led the French army to victories during the Hundred Years War?,A) Marie Antoinette | B) Joan of Arc | C) Catherine the Great | D) Queen Victoria,B
323,history,What country did Napoleon Bonaparte rule and lead into major European wars?,A) England | B) Germany | C) Spain | D) France,D
324,history,Which war was fought in the 1960s and 1970s involving the US and a Southeast Asian country?,A) Korean War | B) Vietnam War | C) Gulf War | D) Cold War,B
325,history,What empire fought against the Greeks in the famous Battle of Thermopylae?,A) Roman Empire | B) Persian Empire | C) Ottoman Empire | D) British Empire,B
326,history,Which country became the first to successfully land humans on the Moon?,A) Soviet Union | B) China | C) United States | D) United Kingdom,C
327,history,Which European nation was the first to sail around the southern tip of Africa to reach India?,A) Spain | B) Portugal | C) France | D) Netherlands,B
328,history,Which country built the Great Wall to protect its northern borders from invaders?,A) India | B) Japan | C) China | D) Mongolia,C
329,history,Which civilization is credited with creating the first paper compass and gunpowder?,A) Egypt | B) Rome | C) China | D) Greece,C
330,history,In which country did the Industrial Revolution begin in the 1700s?,A) United States | B) Great Britain | C) France | D) Germany,B
331,history,Who was the first President of the United States?,A) Thomas Jefferson | B) Abraham Lincoln | C) George Washington | D) John Adams,C
332,history,Which European explorer arrived in the Americas in 1492?,A) Marco Polo | B) Christopher Columbus | C) Vasco da Gama | D) Ferdinand Magellan,B
333,history,What system of government features a King or Queen as the head of state?,A) Democracy | B) Republic | C) Monarchy | D) Communism,C
334,history,Who was the famous leader of the Mongols who created the largest contiguous empire in history?,A) Attila the Hun | B) Genghis Khan | C) Alexander the Great | D) Julius Caesar,B
335,history,Which country gifted the Statue of Liberty to the United States?,A) United Kingdom | B) France | C) Germany | D) Italy,B
336,history,What period of European history means rebirth and saw a surge in art and science?,A) Middle Ages | B) Renaissance | C) Iron Age | D) Industrial Age,B
337,history,Who painted the famous masterpiece known as the Mona Lisa?,A) Vincent van Gogh | B) Leonardo da Vinci | C) Michelangelo | D) Pablo Picasso,B
338,history,Which empire fell in 476 AD marking the start of the Middle Ages in Europe?,A) British Empire | B) Western Roman Empire | C) Byzantine Empire | D) Persian Empire,B
339,history,What was the main trade route that connected Europe and Asia for centuries?,A) Silk Road | B) Spice Route | C) Trans-Saharan Route | D) Amber Road,A
340,history,Which famous document was signed in England in 1215 to limit the power of the King?,A) Declaration of Independence | B) Magna Carta | C) Constitution | D) Bill of Rights,B
341,history,What preserved bodies of the dead did Ancient Egyptians create through mummification?,None,Mummies
342,history,Which Greek goddess was the protector of the city of Athens?,None,Athena
343,history,What language did the ancient Romans speak?,None,Latin
344,history,What was the title given to the rulers of Ancient Egypt?,None,Pharaoh
345,history,Which famous temple sits on top of the Acropolis in Athens Greece?,None,Parthenon
346,history,What mythical creature with the body of a lion and head of a human guards the Egyptian pyramids?,None,Sphinx
347,history,Which ancient city was destroyed by a volcano named Mount Vesuvius in 79 AD?,None,Pompeii
348,history,What material made from reeds did Ancient Egyptians use to write on?,None,Papyrus
349,history,Who was the supreme king of the gods in Greek mythology?,None,Zeus
350,history,What giant wooden object did the Greeks use to sneak inside the city of Troy?,None,Trojan Horse
351,history,What was the name of the Roman general who was assassinated on the Ides of March?,None,Julius Caesar
352,history,Which ancient civilization built the famous city of Machu Picchu in Peru?,None,Inca
353,history,What code of law from ancient Babylon is famous for the phrase an eye for an eye?,None,Code of Hammurabi
354,history,Which ancient empire built a vast network of roads across Europe and the Mediterranean?,None,Roman Empire
355,history,What stone found in Egypt helped historians finally decode hieroglyphics?,None,Rosetta Stone
356,history,Which Greek mathematician discovered how to calculate the sides of a right triangle?,None,Pythagoras
357,history,What is the name of the Egyptian sun god?,None,Ra
358,history,What color of dye was highly prized and worn mostly by Roman emperors?,None,Purple
359,history,Which ancient civilization lived along the Indus River valley in Asia?,None,Indus Valley Civilization
360,history,What island was the center of the ancient Minoan civilization in Greece?,None,Crete
361,history,Which country left World War I early in 1917 due to a domestic revolution?,None,Russia
362,history,In which year did World War II officially end?,None,1945
363,history,What was the codename for the massive Allied invasion of Normandy on June 6 1944?,None,Operation Overlord
364,history,Which country was led by Joseph Stalin during World War II?,None,Soviet Union
365,history,What type of warfare involving deep ditches dug into the ground was standard in World War I?,None,Trench Warfare
366,history,Which US President made the decision to use atomic weapons to end World War II?,None,Harry
367,history,What nation signed a non-aggression pact with Germany right before World War II started?,None,Soviet Union
368,history,What city in Germany hosted the famous war crimes trials after World War II?,None,Nuremberg
369,history,Which European country remained neutral during both World War I and World War II?,None,Switzerland
370,history,What major international organization failed to prevent World War II and was replaced?,None,League of Nations
371,history,What military alliance was formed by Western nations in 1949 to counter the Soviet Union?,None,NATO
372,history,Which country was led by Adolf Hitler during World War II?,None,Germany
373,history,What Japanese city was hit by the second atomic bomb dropped during World War II?,None,Nagasaki
374,history,What English city survived a massive nightly bombing campaign known as the Blitz?,None,London
375,history,What was the main form of ocean stealth vessel used heavily by Germany in both World Wars?,None,U boat
376,history,Which country attacked the United States at Pearl Harbor?,None,Japan
377,history,Who was the fascist dictator who ruled Italy during World War II?,None,Benito Mussolini
378,history,What country did the Allied forces liberate after the D-Day landings?,None,France
379,history,What line of defense built by France was bypassed by the German army in 1940?,None,Maginot Line
380,history,What was the main name given to the alliance of Britain France and Russia in World War I?,None,Allied Powers
381,history,Which war resulted in the United States gaining independence from Great Britain?,None,American Revolutionary War
382,history,What military conflict between the US and Soviet Union featured no direct fighting?,None,Cold War
383,history,Which war was fought in the early 1950s and ended in a stalemate at the 38th parallel?,None,Korean War
384,history,What series of religious wars was launched by European Christians to capture Jerusalem?,None,Crusades
385,history,Which war was sparked by the assassination of Archduke Franz Ferdinand?,None,World War 1
386,history,What conflict in the 1850s saw Britain and France fight Russia on a peninsula in the Black Sea?,None,Crimean War
387,history,Which famous general marched elephants across the Alps to attack Rome?,None,Hannibal
388,history,What war was fought inside Spain during the 1930s before World War II began?,None,Spanish Civil War
389,history,Which country did the United States fight against in the War of 1812?,None,Great Britain
390,history,What conflict in the 1990s began after Iraq invaded the neighboring country of Kuwait?,None,Gulf War
391,history,Which English civil war was fought between the House of Lancaster and the House of York?,None,Wars of the Roses
392,history,What city-state fought against Rome in the three Punic Wars?,None,Carthage
393,history,Who was the military leader who united the tribes of France to fight Julius Caesar?,None,Vercingetorix
394,history,Which country fell into a bloody civil war in 1917 leading to the rise of communism?,None,Russia
395,history,What name is given to the sudden global scramble for African territory by European nations in the late 1800s?,None,Scramble for Africa
396,history,Which empire took over Constantinople in 1453 ending the Byzantine Empire?,None,Ottoman Empire
397,history,What weapon invented in China changed the nature of global warfare forever?,None,Gunpowder
398,history,Which country won the Battle of Waterloo in 1815 to permanently defeat Napoleon?,None,Great Britain
399,history,What was the name of the fleet of ships sent by Spain to invade England in 1588?,None,Spanish Armada
400,history,Which famous US general led the Allied forces in Europe during World War II?,None,Dwight
401,history,Which nation developed the first operational satellite named Sputnik?,None,Soviet Union
402,history,What historic transportation route across Russia was completed in 1916?,None,Trans Siberian Railway
403,history,Which country constructed the Panama Canal to connect the Atlantic and Pacific oceans?,None,United States
404,history,What massive structure did the Roman Empire build across the width of Britain?,None,Hadrian's Wall
405,history,Which country introduced the Gregorian calendar used globally today?,None,Italy
406,history,Which country developed the zero numeric concept and the decimal system?,None,India
407,history,What engineering marvel was built by Egypt in the 1960s to control the Nile floods?,None,Aswan High Dam
408,history,Which European nation established the largest global empire by land area in history?,None,British Empire
409,history,What country became the first to grant women the right to vote in 1893?,None,New Zealand
410,history,Which civilization built the ancient library of Alexandria?,None,Greeks
411,history,Which country developed the code of laws known as the Napoleonic Code?,None,France
412,history,What ancient structure in Rome features the largest unreinforced concrete dome in the world?,None,Pantheon
413,history,Which country built the Taj Mahal as a grand monument in the 1600s?,None,India
414,history,Which country developed the first printing press with movable type in Europe?,None,Germany
415,history,What vital shipping shortcut was opened by Egypt in 1869 to link the Mediterranean to the Red Sea?,None,Suez Canal
416,history,Which ancient people created the alphabet that became the basis for Greek and Latin letters?,None,Phoenicians
417,history,Which nation constructed the Eiffel Tower to celebrate the centennial of its revolution?,None,France
418,history,Which civilization built the complex palace of Knossos on the island of Crete?,None,Minoans
419,history,Which North American country hosted the first ever modern transcontinental railroad in 1869?,None,United States
420,history,Which empire constructed the ancient city of Persepolis in modern-day Iran?,None,Persian Empire
421,history,Who was the first woman to win a Nobel Prize and the only person to win in two different sciences?,None,Marie Curie
422,history,What deadly pandemic wiped out up to half of Europe's population in the 1340s?,None,Black Death
423,history,Which US President issued the Emancipation Proclamation to end slavery?,None,Abraham Lincoln
424,history,What country did the famous explorer Marco Polo travel from to reach China?,None,Italy
425,history,Who was the leader of the civil rights movement in the US who gave the I Have a Dream speech?,None,Martin Luther
426,history,What was the primary resource sought after by Spanish explorers in the Americas?,None,Gold
427,history,Which English scientist discovered the laws of gravity and motion?,None,Isaac Newton
428,history,Who was the long-serving Queen of Great Britain during the height of its 19th-century empire?,None,Queen Victoria
429,history,What country was ruled by the Czars before the 1917 revolution?,None,Russia
430,history,Which South African leader spent 27 years in prison before becoming President?,None,Nelson Mandela
431,history,What device invented by Johannes Gutenberg allowed for the mass production of books?,None,Printing Press
432,history,Who was the famous German physicist who developed the theory of relativity?,None,Albert Einstein
433,history,What name is given to the ancient trade route that crossed the Sahara Desert?,None,Trans Saharan Route
434,history,Which French military leader crowned himself Emperor of France in 1804?,None,Napoleon Bonaparte
435,history,What document signed in 1776 declared the American colonies free from British rule?,None,Declaration of Independence
436,history,Which country was divided by a wall into capitalist and communist halves until 1989?,None,Germany
437,history,What title was given to the absolute monarchs who ruled Russia until 1917?,None,Czar
438,history,Which city was the capital of the Byzantine Empire for over a thousand years?,None,Constantinople
439,history,Who was the famous nurse known as the Lady with the Lamp during the Crimena War?,None,Florence Nightingale
440,history,What ancient system of forced labor and social hierarchy was abolished in Russia in 1861?,None,Serfdom
441,history,What civilization built the ancient city of Babylon?,None,Babylonians
442,history,Which Greek city-state focused heavily on philosophy arts and theater?,None,Athens
443,history,Who was the Greek god of the sea who carried a trident?,None,Poseidon
444,history,What civilization lived in the Andes mountains and built the city of Cusco?,None,Inca
445,history,What is the name of the river that flows through the city of Rome?,None,Tiber
446,history,What was the immediate cause of the United States entering World War I?,None,Sinking of the Lusitania
447,history,What was the name of the German air force during World War II?,None,Luftwaffe
448,history,Which treaty signed in 1919 officially ended World War I?,None,Treaty of Versailles
449,history,What French city was the site of a massive evacuation of Allied soldiers in 1940?,None,Dunkirk
450,history,What name was given to the secret US project that developed the first atomic bomb?,None,Manhattan Project
451,general,What is the largest country in the world by land area?,A) Canada | B) China | C) United States | D) Russia,D
452,general,What is the smallest country in the world by land area?,A) Monaco | B) Malta | C) Vatican City | D) San Marino,C
453,general,Which country has the largest population in the world?,A) India | B) China | C) United States | D) Indonesia,A
454,general,How many players are on the field for one team in a standard football match?,A) 9 | B) 10 | C) 11 | D) 12,C
455,general,What is the fastest thing in the universe?,A) Sound | B) Light | C) Electricity | D) A Rocket,B
456,general,What is the tallest building in the world?,A) Shanghai Tower | B) Burj Khalifa | C) Empire State Building | D) Abraj Al Bait,B
457,general,Which planet is known as the Red Planet?,A) Venus | B) Mars | C) Jupiter | D) Saturn,B
458,general,What is the largest ocean on Earth?,A) Atlantic Ocean | B) Indian Ocean | C) Arctic Ocean | D) Pacific Ocean,D
459,general,Which country has won the most FIFA World Cup titles?,A) Germany | B) Italy | C) Brazil | D) Argentina,C
460,general,How many colors are there in a rainbow?,A) 5 | B) 6 | C) 7 | D) 8,C
461,general,What is the longest river in the world?,A) Amazon River | B) Nile River | C) Yangtze River | D) Mississippi River,B
462,general,What is the highest mountain peak on Earth?,A) K2 | B) Mount Kilimanjaro | C) Mount Everest | D) Mount Fuji,C
463,general,What is the hardest natural substance on Earth?,A) Gold | B) Iron | C) Diamond | D) Platinum,C
464,general,Which country is consistently ranked as the happiest country in the world?,A) Switzerland | B) Finland | C) Denmark | D) Canada,B
465,general,What is the largest mammal in the world?,A) African Elephant | B) Blue Whale | C) Giraffe | D) White Shark,B
466,general,What gas do humans need to breathe in to survive?,A) Carbon Dioxide | B) Nitrogen | C) Hydrogen | D) Oxygen,D
467,general,How many minutes is a standard professional football match excluding extra time?,A) 80 minutes | B) 90 minutes | C) 100 minutes | D) 60 minutes,B
468,general,What is the official currency of Japan?,A) Yuan | B) Won | C) Yen | D) Dollar,C
469,general,Which element makes up the diamond?,A) Gold | B) Carbon | C) Silicon | D) Silver,B
470,general,Which country is also a whole continent?,A) India | B) Canada | C) Australia | D) Brazil,C
471,general,How many bones does an adult human body typically have?,A) 106 | B) 206 | C) 306 | D) 406,B
472,general,Which player has won the most Ballon d Or awards in football history?,A) Cristiano Ronaldo | B) Lionel Messi | C) Pele | D) Diego Maradona,B
473,general,What is the largest internal organ in the human body?,A) Heart | B) Liver | C) Lungs | D) Brain,B
474,general,Which company created the iPhone?,A) Samsung | B) Google | C) Apple | D) Microsoft,C
475,general,Which ocean is the smallest and shallowest of the world five major oceans?,A) Indian Ocean | B) Arctic Ocean | C) Southern Ocean | D) Atlantic Ocean,B
476,general,What is the freezing point of water in degrees Celsius?,A) 0 degrees | B) 32 degrees | C) 100 degrees | D) -5 degrees,A
477,general,What is the fastest land animal in the world?,A) Lion | B) Cheetah | C) Leopard | D) Horse,B
478,general,In which ocean is the island of Madagascar located?,A) Atlantic Ocean | B) Pacific Ocean | C) Indian Ocean | D) Arctic Ocean,C
479,general,Which popular social media platform uses a camera icon as its primary logo?,A) Facebook | B) X | C) Instagram | D) LinkedIn,C
480,general,Every how many years is the FIFA World Cup held?,A) 2 years | B) 3 years | C) 4 years | D) 5 years,C
481,general,What is the standard color of a commercial school bus globally?,A) White | B) Yellow | C) Red | D) Blue,B
482,general,Which fruit is famous for having its seeds on the outside?,A) Blueberry | B) Strawberry | C) Raspberry | D) Grape,B
483,general,What is the center of an atom called?,A) Electron | B) Proton | C) Nucleus | D) Neutron,C
484,general,What is the maximum number of structural components in a standard game of tic-tac-toe?,A) 6 | B) 9 | C) 12 | D) 16,B
485,general,What is the capital city of France?,A) London | B) Berlin | C) Rome | D) Paris,D
486,general,What is the most consumed beverage in the world after water?,A) Coffee | B) Milk | C) Tea | D) Soda,C
487,general,How many legs does a standard spider have?,A) 6 | B) 8 | C) 10 | D) 12,B
488,general,What color do you get when you mix blue and yellow paint together?,A) Green | B) Purple | C) Orange | D) Brown,A
489,general,Which sport uses terms like home run and strikeout?,A) Cricket | B) Baseball | C) Basketball | D) Rugby,B
490,general,What type of heavenly body is the Sun?,A) Planet | B) Moon | C) Asteroid | D) Star,D
491,general,What is the capital city of Egypt?,None,Cairo
492,general,Which country hosted the 2022 FIFA World Cup?,None,Qatar
493,general,Which country is home to the Amazon Rainforest?,None,Brazil
494,general,What instrument is used to measure ambient temperature?,None,Thermometer
495,general,What is the only mammal capable of true sustained flight?,None,Bat
496,general,What is the primary language spoken in Brazil?,None,Portuguese
497,general,Which sea separates Europe from Africa?,None,Mediterranean Sea
498,general,What basic system pumps blood through the human body?,None,Circulatory System
499,general,How many days are in a leap year?,None,366
500,general,What color card does a football referee show to completely expel a player from a match?,None,Red Card
501,general,What is the capital city of the United Kingdom?,None,London
502,general,What force pulls objects toward the center of the Earth?,None,Gravity
503,general,How many continents are there on Earth?,None,7
504,general,What is the tallest living animal on land?,None,Giraffe
505,general,What tool do you use to navigate and find directions using a magnetic needle?,None,Compass
506,general,What is the largest desert in the world?,None,Sahara Desert
507,general,What is the process by which plants make their own food using sunlight?,None,Photosynthesis
508,general,In which sport would you use a racket to hit a shuttlecock over a net?,None,Badminton
509,general,What is the common name for the chemical compound H2O?,None,Water
510,general,What is the capital city of Saudi Arabia?,None,Riyadh
511,general,Which planet is closest to the Sun?,None,Mercury
512,general,What is a baby dog called?,None,Puppy
513,general,How many hours are in a full day?,None,24
514,general,Which country is the famous footballer Cristiano Ronaldo from?,None,Portugal
515,general,Which river flows through Paris?,None,Seine
516,general,What major gas makes up the majority of the Earth atmosphere?,None,Nitrogen
517,general,What is the largest component of a standard computer system used to display visual output?,None,Monitor
518,general,What is the smallest continent by land area?,None,Australia
519,general,What type of animal is a turtle?,None,Reptile
520,general,How many points is a standard basket worth in basketball if shot from inside the arc?,None,2 points
521,general,What numeric value is closest to the speed of light in a vacuum in kilometers per second(value only)?,None,300000
522,general,Which country contains the architectural marvel Petra?,None,Jordan
523,general,What is the most widely spoken language in the world by total number of speakers?,None,English
524,general,Which automobile race is known as the highest class of international racing for open-wheel cars?,None,Formula 1
525,general,What type of blood cells help the human body fight off infections?,None,White Blood Cells
526,general,Which country is famous for its windmills tulips and wooden shoes?,None,Netherlands
527,general,What is the largest reptile on Earth?,None,Saltwater Crocodile
528,general,What structural system inside a car generates power from fuel?,None,Engine
529,general,Which country is the legendary footballer Lionel Messi from?,None,Argentina
530,general,What is the capital city of Italy?,None,Rome
531,general,What is the name of the galaxy that contains our Solar System?,None,Milky Way
532,general,How many letters are in the standard English alphabet?,None,26
533,general,What animal is known as the Ship of the Desert?,None,Camel
534,general,Which country is the Taj Mahal located in?,None,India
535,general,In which sport do athletes perform routines on apparatuses like the balance beam and rings?,None,Gymnastics
536,general,What is the primary source of energy for the Earth water cycle?,None,Sun
537,general,Which standard internet browser features a multi-colored circular logo developed by Google?,None,Google Chrome
538,general,What is the capital city of Spain?,None,Madrid
539,general,What is the largest bird in the world?,None,Ostrich
540,general,What color jacket is awarded to the winner of the Masters Tournament in golf?,None,Green Jacket
541,general,What is the boiling point of water in degrees Celsius(value only)?,None,100
542,general,Which country is shaped like a boot on a map?,None,Italy
543,general,What type of food is mozzarella?,None,Cheese
544,general,How many rings are there on the official Olympic flag?,None,5
545,general,Which organ in the human body is responsible for processing memories and thoughts?,None,Brain
546,general,What is the largest island in the world?,None,Greenland
547,general,Which flightless bird is native to Antarctica?,None,Penguin
548,general,What do the initials URL stand for in web browsing?,None,Uniform Resource Locator
549,general,Which professional basketball league is located in North America?,None,NBA
550,general,What is the capital city of Japan?,None,Tokyo
551,general,What layer of the Earth atmosphere protects us from harmful ultraviolet radiation?,None,Ozone Layer
552,general,What type of instrument is a violin?,None,String Instrument
553,general,How many hearts does an octopus have?,None,3
554,general,Which country has the most natural lakes in the world?,None,Canada
555,general,What is the maximum number of sets a men match can last in a Grand Slam tennis tournament?,None,5
556,general,What is the name of the closest celestial body to Earth?,None,Moon
557,general,Which popular search engine was originally named BackRub?,None,Google
558,general,What is the capital city of Russia?,None,Moscow
559,general,What type of animal is a frog?,None,Amphibian
560,general,What unique item is passed between runners during a relay race?,None,Baton
561,general,What mineral is essential for building strong teeth and bones?,None,Calcium
562,general,Which country is known as the Land of the Rising Sun?,None,Japan
563,general,What notation format uses 1s and 0s to represent data inside a computer?,None,Binary Code
564,general,Which country won the 2022 FIFA World Cup?,None,argentina
565,general,What is the deepest known point in the world oceans?,None,Mariana Trench
566,general,What basic state of matter has a fixed volume but takes the shape of its container?,None,Liquid
567,general,What is the most popular video platform in the world for sharing user-generated content?,None,YouTube
568,general,What color is a polar bear skin under its white fur?,None,Black
569,general,Which canal connects the Mediterranean Sea to the Red Sea?,None,Suez Canal
570,general,Which sport features positions called quarterback and linebacker?,None,American Football
571,general,What standard element is represented by the chemical symbol O?,None,Oxygen
572,general,What is the capital city of Germany?,None,Berlin
573,general,How many megabytes are in one gigabyte?,None,1024
574,general,What classification of animals eat only plants?,None,Herbivores
575,general,What type of surface is the famous tennis tournament Wimbledon played on?,None,Grass
576,general,Which country has the longest coastline in the world?,None,Canada
577,general,What basic phenomenon causes an echo?,None,Sound Reflection
578,general,What is the name of the main operating system developed by Microsoft?,None,Windows
579,general,What insect produces honey?,None,Bee
580,general,What is the capital city of Canada?,None,Ottawa
581,general,In which sport do you use a heavy ball to knock down ten pins?,None,Bowling
582,general,Which planet in our solar system is famous for its large visible rings?,None,Saturn
583,general,What basic architectural structure do bees build to store honey and raise larvae?,None,Honeycomb
584,general,Which US state is entirely made up of islands?,None,Hawaii
585,general,What type of fish is Nemo in the movie Finding Nemo?,None,Clownfish
586,general,What is the term for a score of zero in a tennis match?,None,Love
587,general,What is the full name of the gas do plants absorb from the air to perform photosynthesis?,None,Carbon Dioxide
588,general,What is the largest country in South America?,None,Brazil
589,general,What is the name of the safety device that expands with air during a car crash?,None,Airbag
590,general,What is the only continent where kangaroos live in the wild?,None,Australia
591,general,What is the name of the prestigious annual cycling race held across France?,None,Tour de France
592,general,What color is human blood inside the body before it hits oxygen outside?,None,Red
593,general,What is the capital city of Australia?,None,Canberra
594,general,Which electronic device is used to process code calculations and surf the internet?,None,Computer
595,general,What classification of animals eat both plants and meat?,None,Omnivores
596,general,Which river flows through the Grand Canyon in the United States?,None,Colorado River
597,general,Which planet is known for having a giant red spot storm on its surface?,None,Jupiter
598,general,What type of clothing accessory is a fedora?,None,Hat
599,general,What is the length of a standard Olympic swimming pool in meters(value only)?,None,50
600,general,What is the smallest ocean in the world?,None,Arctic Ocean
601,science,What is the basic unit of electrical resistance?,A) Volt | B) Ampere | C) Ohm | D) Watt,C
602,science,What is the chemical symbol for the element Gold?,A) Ag | B) Au | C) Fe | D) Pb,B
603,science,Which organelle is known as the powerhouse of the cell?,A) Nucleus | B) Ribosome | C) Mitochondria | D) Golgi body,C
604,science,What physical quantity is defined as the mass of an object multiplied by its velocity?,A) Force | B) Acceleration | C) Kinetic Energy | D) Momentum,D
605,science,What condition must be met for an object to remain in static equilibrium?,A) Net force is maximum | B) Net force and net torque are zero | C) Velocity is constant | D) Mass is zero,B
606,science,Which planet in our solar system is closest in size to Earth?,A) Mars | B) Venus | C) Mercury | D) Neptune,B
607,science,What property of a wave determines its pitch or tone highness?,A) Amplitude | B) Speed | C) Frequency | D) Wavelength,C
608,science,What is the pH value of pure distilled water at room temperature?,A) 0 | B) 5 | C) 7 | D) 14,C
609,science,What pigment gives plant leaves their natural green color?,A) Carotene | B) Hemoglobin | C) Chlorophyll | D) Melanin,C
610,science,According to Newtons second law force equals mass multiplied by what?,A) Speed | B) Distance | C) Time | D) Acceleration,D
611,science,What is the single point where the entire weight of an object can be considered to act?,A) Center of gravity | B) Pivot point | C) Vertex | D) Axis of rotation,A
612,science,What is the largest planet in our solar system?,A) Saturn | B) Jupiter | C) Uranus | D) Neptune,B
613,science,What type of lens curves inward and causes light rays to spread out?,A) Convex lens | B) Concave lens | C) Plano lens | D) Bifocal lens,B
614,science,What basic particles are found rotating outside the nucleus of an atom?,A) Protons | B) Neutrons | C) Electrons | D) Positrons,C
615,science,Which component of human blood is responsible for carrying oxygen?,A) White blood cells | B) Red blood cells | C) Platelets | D) Plasma,B
616,science,What form of energy does an object possess due to its physical motion?,A) Potential energy | B) Kinetic energy | C) Thermal energy | D) Chemical energy,B
617,science,What scalar value measures a force tendency to rotate an object around a specific axis?,A) Torque | B) Momentum | C) Friction | D) Velocity,A
618,science,What is the name of the first human-made satellite launched into space?,A) Apollo | B) Hubble | C) Sputnik | D) Voyager,C
619,science,What temperature scale sets absolute zero at 0 degrees?,A) Celsius | B) Fahrenheit | C) Kelvin | D) Rankine,C
620,science,What type of chemical bond involves the sharing of electron pairs between atoms?,A) Ionic bond | B) Covalent bond | C) Metallic bond | D) Hydrogen bond,B
621,science,What type of organism can create its own food through photosynthesis?,A) Herbivore | B) Autotroph | C) Heterotroph | D) Decomposer,B
622,science,What is the rate of change of displacement with respect to time called?,A) Acceleration | B) Speed | C) Velocity | D) Momentum,C
623,science,What type of friction opposes the initial movement of a stationary object?,A) Kinetic friction | B) Static friction | C) Rolling friction | D) Fluid friction,B
624,science,Which star is closest to the Earth?,A) Proxima Centauri | B) Sirius | C) The Sun | D) Polaris,C
625,science,What fundamental force keeps the planets in orbit around the Sun?,A) Electromagnetic force | B) Strong nuclear force | C) Gravitational force | D) Weak nuclear force,C
626,science,Which element has the lowest atomic number on the periodic table?,A) Helium | B) Hydrogen | C) Lithium | D) Oxygen,B
627,science,How many pairs of chromosomes do standard human cells typically contain?,A) 23 pairs | B) 46 pairs | C) 12 pairs | D) 22 pairs,A
628,science,What property of matter causes an object to resist changes to its state of motion?,A) Weight | B) Density | C) Inertia | D) Volume,C
629,science,What basic machine is a rigid beam configured to turn around a fixed point called?,A) Pulley | B) Screw | C) Lever | D) Wedge,C
630,science,What name is given to a celestial body that orbits a planet?,A) Asteroid | B) Comet | C) Moon | D) Meteor,C
631,science,What basic device stores electrical charge inside an electric circuit?,A) Resistor | B) Capacitor | C) Diode | D) Transistor,B
632,science,What is the common chemical name for everyday table salt?,A) Sodium chloride | B) Calcium carbonate | C) Potassium bicarbonate | D) Magnesium sulfate,A
633,science,What macromolecule stores the genetic code instructions for living organisms?,A) RNA | B) Protein | C) Carbohydrate | D) DNA,D
634,science,What is the constant gravitational acceleration of a falling object near Earth surface?,A) 5.5 m/s2 | B) 9.8 m/s2 | C) 12.2 m/s2 | D) 3.1 m/s2,B
635,science,What type of quantity possesses both a numeric magnitude and a spatial direction?,A) Scalar | B) Vector | C) Matrix | D) Tensor,B
636,science,What is the boundary surrounding a black hole from which nothing can escape?,A) Singularity | B) Event horizon | C) Accretion disk | D) Core,B
637,science,What type of radiation has the shortest wavelength and highest energy?,A) Radio waves | B) X-rays | C) Gamma rays | D) Ultraviolet,C
638,science,What is the name of the vertical columns on the periodic table?,A) Periods | B) Groups | C) Rows | D) Series,B
639,science,What basic process describes cell division resulting in four daughter cells with half the genetics?,A) Mitosis | B) Meiosis | C) Binary fission | D) Cloning,B
640,science,What scientific law states that for every action there is an equal and opposite reaction?,A) Newtons First Law | B) Newtons Second Law | C) Newtons Third Law | D) Law of Gravity,C
641,science,What basic unit is used to measure electrical current?,None,Ampere
642,science,What is the structural term for the bending of light as it passes from one medium to another?,None,Refraction
643,science,What material standard lacks free electrons and does not easily allow electricity to flow?,None,Insulator
644,science,What fundamental value equals work done divided by the time taken to complete it?,None,Power
645,science,What type of mechanical wave requires a physical medium to travel through?,None,Mechanical wave
646,science,What unit measures the total loudness intensity of a sound wave?,None,Decibel
647,science,What is the name of the process where a solid turns directly into a gas?,None,Sublimation
648,science,What standard instrument is used to measure atmospheric pressure?,None,Barometer
649,science,What basic color is produced when you combine all colors of light visible to humans?,None,White light
650,science,What field of physics studies the behavior and attributes of light rays?,None,Optics
651,science,What atomic particle holds a positive electrical charge?,None,Proton
652,science,What is the chemical formula for the everyday molecule carbon dioxide?,None,CO2
653,science,What classification describes a substance made up of two or more different chemically bonded elements?,None,Compound
654,science,What are elements that are shiny good conductors and malleable classified as?,None,Metals
655,science,What state of matter has a definite volume but no definite shape?,None,Liquid
656,science,What row framework tracks horizontal lines across the periodic table structure?,None,Periods
657,science,What is a chemical reaction that releases thermal heat energy into its surroundings called?,None,Exothermic reaction
658,science,What device or substance increases the speed of a chemical reaction without being consumed?,None,Catalyst
659,science,What gas is generated when an acid reacts directly with a metal element?,None,Hydrogen gas
660,science,What chemical term defines a solution that can hold no more dissolved solute?,None,Saturated solution
661,science,What basic structural unit forms the foundation of all living organisms?,None,Cell
662,science,What organ system protects internal tissues and includes the human skin?,None,Integumentary system
663,science,What organic catalyst proteins speed up biochemical reactions in living systems?,None,Enzymes
664,science,What gas do plants release into the atmosphere as a byproduct of photosynthesis?,None,Oxygen
665,science,What classification describes animals that do not possess a backbone spine?,None,Invertebrates
666,science,What organ inside the human body cleans blood and produces bile digestive fluids?,None,Liver
667,science,What type of blood vessel carries blood away from the heart?,None,Artery
668,science,What is the scientific name for the structural nerve cells that transmit signals?,None,Neurons
669,science,What tissue transport system moves water upward from plant roots to leaves?,None,Xylem
670,science,What environmental condition describes a permanent change in the DNA sequence of a gene?,None,Mutation
671,science,What physical unit is universally used to measure mechanical force?,None,Newton
672,science,What value tracks the distance traveled divided by the total time taken?,None,Speed
673,science,What is the full name of the energy of a stretched spring or compressed object classified as?,None,potential energy
674,science,What friction force acts on an object moving through a fluid or air space?,None,Drag
675,science,What mechanical term defines a change in momentum over a short duration of time?,None,Impulse
676,science,What system framework states that energy cannot be created or destroyed only transformed?,None,Law of Conservation of Energy
677,science,What acceleration type is directed toward the center of a circular rotation path?,None,Centripetal acceleration
678,science,What product is calculated by multiplying an applied force by the displacement distance?,None,Work
679,science,What type of impact involves two colliding objects sticking together after contact?,None,Perfecty inelastic collision
680,science,What speed does an object need to completely break free from a planet gravity field?,None,Escape velocity
681,science,What basic property describes a force capacity to cause structural turning motion?,None,Torque
682,science,What scalar parameter represents a measure of the amount of matter in an object?,None,Mass
683,science,What standard tracking frame uses two concurrent forces to find a single diagonal resultant?,None,Parallelogram Law of Forces
684,science,What mechanical concept defines a pair of equal opposite and parallel forces acting on a body?,None,Couple
685,science,What point marks the location where the geometric distribution of a shape is centered?,None,Centroid
686,science,What support condition allows rotational movement but prevents horizontal and vertical translation?,None,Hinge support
687,science,What internal structural force pushes materials together or compresses them?,None,Compression
688,science,What material tracking property ratio relates internal stress to the resulting strain deform?,None,Modulus of Elasticity
689,science,What law states that the extension of a spring is directly proportional to the force applied?,None,Hooks Law
690,science,What vector component is perpendicular to the contact surface and pushes back against weight?,None,Normal force
691,science,What is the name of our home planetary tracking framework containing eight major planets?,None,Solar System
692,science,What instrument uses lenses or mirrors to view distant cosmic objects?,None,Telescope
693,science,What is the massive collection of stars gas and dust held together by gravity called?,None,Galaxy
694,science,What cosmic objects are made of ice and dust and develop tails near the Sun?,None,Comets
695,science,What is the name of the brightest planet visible in the night sky from Earth?,None,Venus
696,science,What term describes a complete solar or lunar blockage caused by alignment paths?,None,Eclipse
697,science,What distance measurement unit equals the path light travels in one standard year?,None,Light year
698,science,What cosmic explosion tracks the dramatic collapse and death of a massive star?,None,Supernova
699,science,What theoretical event marks the absolute starting origin of the universe?,None,Big Bang Theory
700,science,What name is given to the natural glowing light patterns produced by solar particles near Earth poles?,None,Aurora
701,science,What quantum particle represents the basic individual unit or packet of light energy?,None,Photon
702,science,What standard effect causes a change in wave frequency as a sound source moves closer?,None,Doppler Effect
703,science,What term defines the absolute minimum energy required to remove an electron from a metal surface?,None,Work Function
704,science,What unit measures the total magnetic flux passing through a loop area?,None,Weber
705,science,What phenomenon features light completely bouncing back inside a medium at a steep angle?,None,Total Internal Reflection
706,science,What law states that equal volumes of gases at the same temperature and pressure contain equal molecules?,None,Avogadros Law
707,science,What classification describes elements that share properties of both metals and nonmetals?,None,Metalloids
708,science,What basic equation principle balances reactants to match product mass totals?,None,Stoichiometry
709,science,What values represent the number of protons contained inside an element nucleus?,None,Atomic number
710,science,What term tracks atoms of the same element that contain different numbers of neutrons?,None,Isotopes
711,science,What biochemical cycle describes the cellular conversion of glucose into pyruvate components?,None,Glycolysis
712,science,What type of relationship features two species living together where both benefit?,None,Mutualism
713,science,What organic system framework regulates body activity through hormone secretions?,None,Endocrine system
714,science,What tiny pores on leaf surfaces handle gas exchange and water transpiration?,None,Stomata
715,science,What specialized blood vessels connect tiny arteries directly to microscopic veins?,None,Capillaries
716,science,What term tracks the rotational equivalent of mass that resists angular acceleration?,None,Moment of Inertia
717,science,What tracking value is calculated by dividing mass by its occupied volume?,None,Density
718,science,What mechanical term tracks the rate at which angular speed changes over time?,None,Angular acceleration
719,science,What coordinate frame maps acceleration paths using uniform components along a curved arc?,None,Normal tangential coordinates
720,science,What work product results when force vector directions are perpendicular to object motion paths?,None,Zero work
721,science,What structural method analyzes joint frames individually to solve for internal member forces?,None,Method of Joints
722,science,What mechanical value tracks the ratio of total friction force to normal force parameters?,None,Coefficient of friction
723,science,What static stability state returns an object back to its origin after a small tilt?,None,Stable equilibrium
724,science,What internal structural force stretches a cable or pulls material apart?,None,Tension
725,science,What system contains three or more non-parallel force paths meeting at one shared point?,None,Concurrent force system
726,science,What parameter tracks the apparent shifting location of a star used to calculate its distance?,None,Parallax
727,science,What type of galaxy features a flat disk shape with curving arm tracking patterns?,None,Spiral galaxy
728,science,What compact star type results after a medium star sheds its outer atmosphere?,None,White dwarf
729,science,What system tracks two stars orbiting around one shared center of mass?,None,Binary star system
730,science,What standard metric scale evaluates the true internal luminosity of a star?,None,Absolute magnitude
731,science,What physical property causes water to form drops and support light insects on its surface?,None,Surface tension
732,science,What law states that the current through a conductor is proportional to the voltage across it?,None,Ohms Law
733,science,What state of matter consists of highly ionized gas particles with free electrons?,None,Plasma
734,science,What atomic scale measures the tendency of an atom to attract shared electrons?,None,Electronegativity
735,science,What type of mixture features completely uniform composition throughout its layout?,None,Homogeneous mixture
736,science,What acid category turns standard blue litmus paper tracking indicator red?,None,Acid
737,science,What term describes the natural maintenance of a stable internal environment inside an organism?,None,Homeostasis
738,science,What organic system defends the human body from external pathogens and viruses?,None,Immune system
739,science,What basic structure acts as the selective barrier wrapping animal cell layers?,None,Cell membrane
740,science,What mechanical theorem states that net work done equals the change in kinetic energy?,None,Work Energy Theorem
741,science,What framework tracks forces using coordinate parameters based on radius and angle configurations?,None,Polar coordinates
742,science,What physical vector tracks the shortest straight line distance from an origin to a finish point?,None,Displacement
743,science,What structural frameworks use triangular configurations of lines to distribute heavy loads?,None,Trusses
744,science,What term describes a loading state that is distributed evenly across a specific line length?,None,Uniformly distributed load
745,science,What state features a system holding more structural constraints than needed for basic balance?,None,Statically indeterminate system
746,science,What planetary moon contains active liquid oceans under an external ice crust?,None,Europa
747,science,What law states that a planet tracking orbit area speed remains constant relative to the Sun?,None,Keplers Second Law
748,science,What main element forms the primary composition of gas giant planets like Jupiter?,None,Hydrogen
749,science,What basic scale measures the total amount of thermal heat vibration inside a material?,None,Temperature
750,science,What subatomic particle holds a completely neutral electrical charge value?,None,Neutron
751,literature,Who is the famous Egyptian author who won the Nobel Prize in Literature?,A) Taha Hussein | B) Naguib Mahfouz | C) Tawfiq Al-Hakim | D) Abbas Al-Akkad,B
752,literature,Which ancient Greek poet wrote the famous epic poems The Iliad and The Odyssey?,A) Sophocles | B) Plato | C) Homer | D) Aristotle,C
753,literature,Who wrote the famous adventure novel The Adventures of Tom Sawyer?,A) Ernest Hemingway | B) Mark Twain | C) Edgar Allan Poe | D) Jack London,B
754,literature,Which Japanese author wrote the internationally famous novel Norwegian Wood?,A) Haruki Murakami | B) Yukio Mishima | C) Osamu Dazai | D) Yasunari Kawabata,A
755,literature,What famous book collection features stories told by Scheherazade like Aladdin and Ali Baba?,A) The Prophet | B) One Thousand and One Nights | C) The Cairo Trilogy | D) Midaq Alley,B
756,literature,What is the nationality of the famous horror author Stephen King?,A) British | B) Canadian | C) American | D) Australian,C
757,literature,What kind of short stories with talking animals and moral lessons did Aesop write?,A) Novels | B) Plays | C) Fables | D) Epics,C
758,literature,What is the traditional Japanese poetic form that consists of only 17 syllables?,A) Sonnet | B) Haiku | C) Ode | D) Blank Verse,B
759,literature,Which famous novel by Naguib Mahfouz is named after a real street in old Cairo?,A) The Thief and the Dogs | B) Midaq Alley | C) The Mirage | D) Autumn Quail,B
760,literature,Who wrote the famous 1925 American novel The Great Gatsby?,A) F Scott Fitzgerald | B) Ernest Hemingway | C) William Faulkner | D) John Steinbeck,A
761,literature,Which ancient Greek philosopher wrote his philosophical ideas in the form of Dialogues?,A) Homer | B) Socrates | C) Plato | D) Herodotus,C
762,literature,What is the nationality of the author Haruki Murakami?,A) Chinese | B) Korean | C) Japanese | D) Vietnamese,C
763,literature,Who is known as the Dean of Arabic Literature in Egypt?,A) Taha Hussein | B) Naguib Mahfouz | C) Ahmed Shawqi | D) Youssef Idrees,A
764,literature,Which famous American writer wrote the dark gothic poem The Raven?,A) Walt Whitman | B) Edgar Allan Poe | C) Robert Frost | D) Mark Twain,B
765,literature,Which legendary city is the target of the war in Homers epic poem The Iliad?,A) Athens | B) Sparta | C) Troy | D) Rome,C
766,literature,Which ancient 11th-century Japanese book is often called the worlds first novel?,A) The Tale of Genji | B) Kokoro | C) No Longer Human | D) Rashomon,A
767,literature,What is the famous novel written by Taha Hussein about his own life and blindness?,A) The Days | B) The Prophet | C) Midaq Alley | D) The Prison,A
768,literature,Who wrote the famous novel about a giant white whale titled Moby-Dick?,A) Herman Melville | B) Mark Twain | C) Jack London | D) Ernest Hemingway,A
769,literature,What mythical wooden object was used by the Greeks to win the Trojan War in literature?,A) Trojan Ship | B) Trojan Horse | C) Trojan Shield | D) Trojan Sword,B
770,literature,Which Japanese writer won the Nobel Prize in Literature in 1994?,A) Kenzaburo Oe | B) Haruki Murakami | C) Osamu Dazai | D) Yukio Mishima,A
771,literature,Who is the famous Egyptian playwright who wrote the classic play El-Motawagezoon?,A) Ali Salem | B) Lenine El-Ramly | C) Bahgat Amar | D) Tawfiq Al-Hakim,D
772,literature,Who wrote the famous novel The Old Man and the Sea about an old fisherman?,A) Mark Twain | B) John Steinbeck | C) Ernest Hemingway | D) F Scott Fitzgerald,C
773,literature,Who was the ancient Greek god of theater and wine often celebrated in early plays?,A) Zeus | B) Apollo | C) Dionysus | D) Hermes,C
774,literature,Who wrote the famous dark Japanese novel No Longer Human?,A) Osamu Dazai | B) Yukio Mishima | C) Ryunosuke Akutagawa | D) Natsume Soseki,A
775,literature,What is the nationality of the famous historical writer Nawal El Saadawi?,A) Lebanese | B) Egyptian | C) Syrian | D) Moroccan,B
776,literature,Who wrote the famous American classic novel Little Women?,A) Louisa May Alcott | B) Emily Dickinson | C) Mary Shelley | D) Charlotte Bronte,A
777,literature,What city-state was the cultural center for drama and philosophy in ancient Greece?,A) Sparta | B) Thebes | C) Athens | D) Corinth,C
778,literature,Which short story by Ryunosuke Akutagawa became a famous movie about different points of view?,A) Kokoro | B) Rashomon | C) The Temple of the Golden Pavilion | D) Kitchen,B
779,literature,Who is the famous Egyptian poet known as the Prince of Poets?,A) Hafiz Ibrahim | B) Ahmed Shawqi | C) Khalil Gibran | D) Mahmoud Darwish,B
780,literature,Who wrote the famous American horror novel IT featuring a clown?,A) Stephen King | B) Dan Brown | C) George R R Martin | D) John Grisham,A
781,literature,Who wrote the ancient Greek tragedy play Oedipus Rex?,A) Euripides | B) Sophocles | C) Aeschylus | D) Aristophanes,B
782,literature,What is the title of Natsume Soseki famous novel that means heart in Japanese?,A) Kokoro | B) Botchan | C) I Am a Cat | D) Sanshiro,A
783,literature,Which famous Egyptian trilogy includes Palace Walk Palace of Desire and Sugar Street?,A) The Cairo Trilogy | B) The Alexandria Quartet | C) The Nile Trilogy | D) The Giza Trilogy,A
784,literature,What is the name of the white whale in Herman Melville famous book?,A) Shamu | B) Orca | C) Moby Dick | D) Willy,C
785,literature,Who is the ancient Greek goddess of wisdom who appears often in Greek epics?,A) Aphrodite | B) Hera | C) Athena | D) Artemis,C
786,literature,Which famous Japanese book by Natsume Soseki is told from the perspective of an animal?,A) I Am a Dog | B) I Am a Cat | C) The Bird | D) The White Tiger,B
787,literature,Who wrote the famous philosophical book Awlad Haratna translated as Children of Gebelawi?,A) Naguib Mahfouz | B) Taha Hussein | C) Yusuf Idris | D) Ihsan Abdel Quddous,A
788,literature,Who wrote the famous American novel To Kill a Mockingbird?,A) Harper Lee | B) Toni Morrison | C) Maya Angelou | D) Virginia Woolf,A
789,literature,Who is the ancient Greek historian known as the Father of History?,A) Thucydides | B) Homer | C) Herodotus | D) Xenophon,C
790,literature,What is the nationality of the famous female contemporary author Banana Yoshimoto?,A) Korean | B) Japanese | C) Chinese | D) Thai,B
791,literature,Who is the author of the famous Egyptian classic autobiographical novel Al-Ayyam?,None,Taha Hussein
792,literature,What country is the Nobel Prize winning author Naguib Mahfouz from?,None,Egypt
793,literature,What is the common English name for the storytelling collection Alf Laylah wa-Laylah?,None,Arabian Nights
794,literature,Which Egyptian author wrote the famous play Ya Tale' El-Nakhla?,None,Tawfiq Al-Hakim
795,literature,What city is the setting for most of Naguib Mahfouz realistic novels?,None,Cairo
796,literature,Who is the author of the famous Egyptian romantic novel Watch Out for ZouZou?,None,Ihsan Abdel Quddous
797,literature,What real Egyptian monument is the setting for the novel Palace Walk?,None,Palace Walk
798,literature,Who is the famous Egyptian writer who wrote the standard book of short stories Arkhas Layali?,None,Yusuf Idris
799,literature,Which Egyptian woman wrote the highly translated novel Woman at Point Zero?,None,Nawal El Saadawi
800,literature,What type of regular literature prize did Naguib Mahfouz win in 1988?,None,Nobel Prize
801,literature,Who is the main clever hero of Homers epic poem The Odyssey?,None,Odysseus
802,literature,What monster with snakes for hair appears in ancient Greek mythological literature?,None,Medusa
803,literature,What is the name of the warrior whose weak heel is his only vulnerability in The Iliad?,None,Achilles
804,literature,Who is the author of the ancient fables featuring the story of The Tortoise and the Hare?,None,Aesop
805,literature,What country is the epic poet Homer from?,None,Greece
806,literature,Who was the philosopher teacher of Plato who never wrote down his own books?,None,Socrates
807,literature,What famous tragedy play about a king who answers a riddle was written by Sophocles?,None,Oedipus Rex
808,literature,What is the name of the absolute king of the gods in Greek mythological texts?,None,Zeus
809,literature,What flying horse appears in many classical Greek poems and stories?,None,Pegasus
810,literature,What famous temple on the Athenian Acropolis is dedicated to the goddess Athena?,None,Parthenon
811,literature,Who wrote the famous American adventure novel The Adventures of Huckleberry Finn?,None,Mark Twain
812,literature,What country is the famous author Mark Twain from?,None,United States
813,literature,Who wrote the famous gothic horror short story The Tell-Tale Heart?,None,Edgar Allan Poe
814,literature,What is the name of the green light chasing character in F Scott Fitzgerald top novel?,None,Jay Gatsby
815,literature,Who wrote the famous American war novel A Farewell to Arms?,None,Ernest Hemingway
816,literature,What color is the whale in the classic book Moby-Dick?,None,White
817,literature,Who wrote the iconic modern American horror book The Shining?,None,Stephen King
818,literature,What country is the famous female author Harper Lee from?,None,United States
819,literature,Who wrote the historical American novel The Grapes of Wrath?,None,John Steinbeck
820,literature,What type of bird is the title symbol of Edgar Allan Poe famous poem about grief?,None,Raven
821,literature,Who wrote the famous modern three volume novel 1Q84?,None,Haruki Murakami
822,literature,What country is the historical author Natsume Soseki from?,None,Japan
823,literature,What type of creature is the narrator in the classic book I Am a Cat?,None,Cat
824,literature,Who wrote the historical novel The Temple of the Golden Pavilion?,None,Yukio Mishima
825,literature,What is the English title of Haruki Murakami novel Midori no Kurokami?,None,Norwegian Wood
826,literature,Who wrote the classical 11th century book The Tale of Genji?,None,Murasaki Shikibu
827,literature,What short poetic structure has lines of 5 7 and 5 syllables?,None,Haiku
828,literature,What country is the dark tragic author Osamu Dazai from?,None,Japan
829,literature,Who wrote the popular modern Japanese slice of life novel Kitchen?,None,Banana Yoshimoto
830,literature,Who wrote the famous historical short story In a Grove?,None,Ryunosuke Akutagawa
831,literature,What is the name of the fictional character who is the strict father in The Cairo Trilogy?,None,Al Sayyid Ahmad
832,literature,Which Egyptian author wrote the highly famous social play Al-Sultaan Al-Haa'ir?,None,Tawfiq Al Hakim
833,literature,What specific Cairo neighborhood is the setting for Mahfouz novel Khan El-Khalili?,None,Khan El Khalili
834,literature,Who wrote the highly popular Egyptian contemporary novel The Yacoubian Building?,None,Alaa Al Aswany
835,literature,What is the name of the blind character in Taha Hussein book Al-Ayyam?,None,Taha Hussein
836,literature,Which Egyptian writer is famous for writing satirical articles like Asakir Al-Dunya?,None,Abbas Al Akkad
837,literature,What is the primary language used to write standard Egyptian literature?,None,Arabic
838,literature,Who wrote the famous romantic Egyptian book Doaa Al-Karawan?,None,Taha Hussein
839,literature,What is the name of the main female character in Naguib Mahfouz novel Zuqaq Al-Midaq?,None,Hamida
840,literature,Which Egyptian author wrote the realistic novel I Do Not Sleep?,None,Ihsan Abdel Quddous
841,literature,What is the central theme of Homers epic poem The Iliad?,None,The Trojan War
842,literature,What hero goes on a 10 year journey back home to Ithaca in classical texts?,None,Odysseus
843,literature,Who wrote the comedy play The Frogs in ancient Greece?,None,Aristophanes
844,literature,What multi headed monster did Hercules fight in Greek mythological literature?,None,Hydra
845,literature,Who wrote the ancient philosophical text titled The Republic?,None,Plato
846,literature,What type of dramatic literature always ends with the downfall of the main hero?,None,Tragedy
847,literature,What is the name of the legendary Greek island home of Odysseus?,None,Ithaca
848,literature,Who is the ancient Greek goddess of love who appears in Sapphos poetry?,None,Aphrodite
849,literature,What animal loses the famous race against the tortoise in Aesop fables?,None,Hare
850,literature,What famous riddle solving monster has the head of a woman and body of a lion?,None,Sphinx
851,literature,Who wrote the famous American fantasy book series A Song of Ice and Fire?,None,George R R Martin
852,literature,What is the name of the detective created by Edgar Allan Poe in The Murders in the Rue Morgue?,None,C Auguste Dupin
853,literature,Who wrote the classic American novel about the Great Depression titled Of Mice and Men?,None,John Steinbeck
854,literature,What color is the letter worn by Hester Prynne in Nathaniel Hawthorne famous novel?,None,Red
855,literature,Who wrote the iconic American science fiction novel Fahrenheit 451?,None,Ray Bradbury
856,literature,What is the name of the main lawyer hero in To Kill a Mockingbird?,None,Atticus Finch
857,literature,Who wrote the highly popular mystery novel The Da Vinci Code?,None,Dan Brown
858,literature,What island is the setting for the climax of the book Shutter Island?,None,Shutter Island
859,literature,Who wrote the classic American poem O Captain My Captain about Abraham Lincoln?,None,Walt Whitman
860,literature,What is the primary language used by authors in the United States?,None,English
861,literature,Who wrote the surreal modern Japanese novel Kafka on the Shore?,None,Haruki Murakami
862,literature,What is the main city setting for the classic historical book The Tale of Genji?,None,Kyoto
863,literature,Who wrote the critically acclaimed modern novel A Wild Sheep Chase?,None,Haruki Murakami
864,literature,What color is the temple in Yukio Mishima famous tragic novel title?,None,Gold
865,literature,Who wrote the iconic Japanese short story The Spider Thread?,None,Ryunosuke Akutagawa
866,literature,What is the name of the main character in Haruki Murakami novel Norwegian Wood?,None,Toru Watanabe
867,literature,Which Japanese author won the Nobel Prize in Literature in 1968?,None,Yasunari Kawabata
868,literature,What type of traditional theater uses wooden masks and slow movements in literature?,None,Noh Theater
869,literature,What is the title of Osamu Dazai semi autobiographical book translated as No Longer Human?,None,Ningen Shikkaku
870,literature,What season is most commonly referenced in traditional Japanese Haiku poetry?,None,Spring
871,literature,Who wrote the famous Egyptian play Pygmalion based on Greek myth?,None,Tawfiq Al-Hakim
872,literature,What is the title of the first book in Naguib Mahfouz Cairo Trilogy?,None,Palace Walk
873,literature,Which Egyptian author wrote the famous historical novel Thebes at War?,None,Naguib Mahfouz
874,literature,What is the name of the main river that appears constantly in Egyptian literature?,None,Nile River
875,literature,Who wrote the famous contemporary Egyptian novel Utopia?,None,Ahmed Khaled Towfik
876,literature,What is the literal meaning of the word Odyssey in modern literature?,None,Long adventurous journey
877,literature,Who is the author of the ancient Greek play Medea?,None,Euripides
878,literature,What box opened by a curious woman let all evils out into the world in myth?,None,Pandora Box
879,literature,Who is the ancient Greek god of the sea who targets Odysseus in The Odyssey?,None,Poseidon
880,literature,What type of short story uses personified objects to teach a moral lesson?,None,Fable
881,literature,Who wrote the famous 1852 anti slavery novel Uncle Tom Cabin?,None,Harriet Beecher Stowe
882,literature,What is the name of Tom Sawyer best friend in Mark Twain novels?,None,Huckleberry Finn
883,literature,Who wrote the highly popular modern dystopian trilogy The Hunger Games?,None,Suzanne Collins
884,literature,What is the title of Ernest Hemingway book about the Spanish Civil War?,None,For Whom the Bell Tolls
885,literature,Who wrote the dark fantasy and horror short story The Fall of the House of Usher?,None,Edgar Allan Poe
886,literature,Who wrote the highly praised post war Japanese novel The Setting Sun?,None,Osamu Dazai
887,literature,What city is the home and setting for many of Haruki Murakami modern characters?,None,Tokyo
888,literature,Who wrote the famous collection of scary ghost stories titled Kwaidan?,None,Lafcadio Hearn
889,literature,What is the title of Natsume Soseki novel about a young man from the countryside?,None,Sanshiro
890,literature,Which contemporary Japanese author wrote the popular book Convenience Store Woman?,None,Sayaka Murata
891,literature,Who wrote the famous traditional book of memories titled Echoes of an Autobiography?,None,Naguib Mahfouz
892,literature,What country is the award winning modern author Alaa Al Aswany from?,None,Egypt
893,literature,Who wrote the ancient Greek historical text Anabasis?,None,Xenophon
894,literature,Who wrote the iconic 1951 American novel The Catcher in the Rye?,None,J D Salinger
895,literature,Who wrote the famous classical text titled The Pillow Book?,None,Sei Shonagon
896,literature,What is the second book in Naguib Mahfouz famous Cairo Trilogy?,None,Palace of Desire
897,literature,What king of the Greek gods carries a thunderbolt in literary epics?,None,Zeus
898,literature,What is the main historical event setting for Gone with the Wind?,None,American Civil War
899,literature,What is the main color of the cat in many traditional Japanese folk stories?,None,White
900,literature,Who wrote the modern award winning Egyptian novel The Map of Love?,None,Ahdaf Soueif
901,extreme,Which functionalist theory replaces standard mental states with probabilistic causal relations within an organismic network?,A) Analytic Functionalism | B) Psychofunctionalism | C) Machine State Functionalism | D) Homuncular Functionalism,C
902,extreme,What topological invariant classifies three dimensional manifolds based on quantum group representations at roots of unity?,A) Witten Reshetikhin Turaev Invariant | B) Jones Polynomial | C) Casson Invariant | D) Donaldson Invariant,A
903,extreme,In Chomskyan Transformational Grammar which constraint blocks a transformation from moving a constituent out of more than one bounding node?,A) Subjacency Condition | B) Empty Category Principle | C) Coordinate Structure Constraint | D) Phase Impenetrability Condition,A
904,extreme,What specific jurisdictional principle permits a state to prosecute non nationals for crimes committed abroad that threaten its core security interest?,A) Protective Principle | B) Universality Principle | C) Passive Personality Principle | D) Territoriality Principle,A
905,extreme,Which econometric test handles the null hypothesis of cointegration against the alternative of no cointegration in non stationary time series?,A) Johansen Test | B) Engle Granger Test | C) Shin Test | D) Dickey Fuller Test,C
906,extreme,Which ontological position argues that properties are tropes that exist independently of the particulars they characterize?,A) Substratum Theory | B) Bundle Theory | C) Nominalism | D) Immanent Realism,B
907,extreme,Which structural subcortical pathway connects Broca area directly to Wernicke area through the deep perisylvian network?,A) Uncinate Fasciculus | B) Arcuate Fasciculus | C) Superior Longitudinal Fasciculus | D) Cingulum,B
908,extreme,What paradigm describes a situation where an expansionary fiscal policy induces a net currency depreciation under perfect capital mobility?,A) Mundell Fleming Model | B) Solow Swan Model | C) Dornbusch Overshooting Model | D) Lucas Critique,C
909,extreme,Which epistemic framework attempts to resolve the Gettier problem by adding a defeasibility condition to justified true belief?,A) Causal Theory | B) Tracking Theory | C) Defeasibility Theory | D) Virtue Epistemology,C
910,extreme,Which extinct Indo European language subfamily preserves the original pie laryngeal consonants as distinct velar fricatives?,A) Tocharian | B) Anatolian | C) Mycenaean | D) Thracian,B
911,extreme,What unique algebraic structure classifies the braiding statistics of anyonic excitations in fractional quantum Hall systems?,A) Hopf Algebra | B) Lie Algebra | C) Modular Tensor Category | D) Clifford Algebra,C
912,extreme,Which brain region shows maximum activation during the evaluation of temporal discounting and intertemporal choice tasks?,A) Amygdala | B) Ventromedial Prefrontal Cortex | C) Primary Visual Cortex | D) Cerebellum,B
913,extreme,Which legal philosopher introduced the concept of the Rule of Recognition as a secondary rule determining legal validity?,A) Ronald Dworkin | B) H L A Hart | C) John Austin | D) Hans Kelsen,B
914,extreme,What dynamic game theory solution concept refines the Nash equilibrium by eliminating non credible threats in extensive form games?,A) Subgame Perfect Nash Equilibrium | B) Trembling Hand Perfect Equilibrium | C) Bayesian Nash Equilibrium | D) Quantal Response Equilibrium,A
915,extreme,Which epistemological thesis states that scientific theories are underdetermined by all possible empirical evidence available?,A) Duhem Quine Thesis | B) Popperian Falsification | C) Kuhnian Paradigm | D) Carnapian Verification,A
916,extreme,What operational metric defines the maximum rate at which quantum information can be transmitted over a noisy quantum channel?,A) Holevo Capacity | B) Quantum Mutual Information | C) Entanglement Cost | D) Distillable Entanglement,A
917,extreme,Which syntactic module determines the assignment of semantic roles like Agent and Patient at Deep Structure?,A) Case Theory | B) Theta Theory | C) Binding Theory | D) Control Theory,B
918,extreme,What structural anthropology concept maps cultural kinship networks based on the exchange of women between lineage groups?,A) Alliance Theory | B) Descent Theory | C) Totemism | D) Structural Functionalism,A
919,extreme,What international legal doctrine prevents domestic courts from ruling on the official acts of a foreign state committed within its own territory?,A) Sovereign Immunity | B) Act of State Doctrine | C) Forum Non Conveniens | D) Diplomatic Immunity,B
920,extreme,What metabolic pathway utilizes chemical energy from inorganic molecules to fix carbon dioxide in deep sea hydrothermal vent ecosystems?,A) Calvin Cycle | B) Reductive Tricarboxylic Acid Cycle | C) Wood Ljungdahl Pathway | D) Glycolysis,C
921,extreme,Which philosophical view denies the existence of composite objects claiming only fundamental mereological simples exist?,A) Mereological Nihilism | B) Mereological Monism | C) Universalism | D) Four Dimensionalism,A
922,extreme,Which specific thalamic nucleus acts as the primary relay station for processing auditory data before reaching the cortex?,A) Lateral Geniculate Nucleus | B) Medial Geniculate Nucleus | C) Ventral Posterolateral Nucleus | D) Pulvinar Nucleus,B
923,extreme,Which asset pricing model incorporates human capital and consumption changes as the core systemic risk factors?,A) Capital Asset Pricing Model | B) Consumption Based Capital Asset Pricing Model | C) Fama French Three Factor Model | D) Arbitrage Pricing Theory,B
924,extreme,What sound change law describes the systematic shifting of Proto Indo European voiceless plosives into Proto Germanic voiceless fricatives?,A) Grimms Law | B) Verners Law | C) Grassmanns Law | D) Brugmanns Law,A
925,extreme,What standard term describes the qualitative subjective experiential aspects of conscious mental states?,A) Intentionality | B) Qualia | C) Monism | D) Epiphenomenalism,B
926,extreme,Which school of legal thought asserts that law is entirely a tool of state power used to preserve economic hierarchy?,A) Legal Realism | B) Critical Legal Studies | C) Natural Law | D) Legal Positivism,B
927,extreme,Which fundamental theorem prohibits the creation of an identical copy of an arbitrary unknown quantum state?,A) No Cloning Theorem | B) No Deleting Theorem | C) Bells Theorem | D) Tsirelsons Bound,A
928,extreme,Which parameter determines whether a language requires an explicit subject pronoun in a declarative sentence?,A) Head Directionality Parameter | B) Null Subject Parameter | C) Wh Movement Parameter | D) Polysynthesis Parameter,B
929,extreme,Which anthropological method tracks the subjective internal insider perspective of a cultural system?,A) Emic Approach | B) Etic Approach | C) Diachronic Analysis | D) Structuralism,A
930,extreme,Which international treaty governs the continental shelf boundaries and deep seabed mining regulations?,A) Vienna Convention | B) UN Convention on the Law of the Sea | C) Geneva Convention | D) Kyoto Protocol,B
931,extreme,Which philosophical system rejects both foundationalism and coherentism claiming justification is an infinite regressive chain?,A) Infinitism | B) Foundationalism | C) Contextualism | D) Foundherentism,A
932,extreme,What language disorder involves fluent but nonsensical speech production combined with poor auditory comprehension?,A) Broca Aphasia | B) Wernicke Aphasia | C) Conduction Aphasia | D) Global Aphasia,B
933,extreme,What metric evaluates the welfare loss experienced by a society due to economic inefficiencies like monopoly pricing?,A) Consumer Surplus | B) Producer Surplus | C) Deadweight Loss | D) Pareto Efficiency,C
934,extreme,Which methodology rejects standard scientific rules claiming that scientific progress requires epistemological anarchism?,A) Falsificationism | B) Verificationism | C) Epistemological Anarchism | D) Logical Positivism,C
935,extreme,What topological concept describes a space where local neighborhoods look like the product of a Euclidean space and an algebraic variety?,A) Orbifold | B) Foliation | C) Fiber Bundle | D) Complex Manifold,A
936,extreme,Which theory of time claims that past present and future objects are all equally real entities?,A) Presentism | B) Eternalism | C) Growing Block Universe | D) Modal Realism,B
937,extreme,Which ancient writing system uses wedge shaped marks on clay tablets to record administrative texts?,A) Hieroglyphics | B) Cuneiform | C) Linear B | D) Phoenician Alphabet,B
938,extreme,What legal concept addresses the duty of a state to protect its population from genocide and mass atrocities when domestic systems fail?,A) Responsibility to Protect | B) Jus Cogens | C) Erga Omnes | D) State Sovereignty,A
939,extreme,What chemical signature involving specific isotopic ratios is used to detect ancient biological activity in Archean rocks?,A) Carbon 13 Depletion | B) Oxygen 18 Enrichment | C) Nitrogen 15 Excess | D) Sulfur 34 Peak,A
940,extreme,Which econometric paradox occurs when a statistical relationship between two variables changes or reverses when aggregated?,A) Simpsons Paradox | B) Lucas Critique | C) Allais Paradox | D) St Petersburg Paradox,A
941,extreme,What physicalist theory claims that mental states are entirely identical to specific neurochemical brain states?,None,Identity Theory
942,extreme,What mathematical invariant calculates the minimum number of critical points on a smooth manifold using differential topology?,None,Morse Invariant
943,extreme,What grammatical operations move a constituent from its base position to a specifier or adjunct position at surface structure?,None,Syntactic Movement
944,extreme,What Latin term describes a peremptory norm of international law from which no derogation is ever permitted?,None,Jus Cogens
945,extreme,What mathematical function measures the maximum output achievable from combinations of capital and labor inputs with constant returns?,None,Cobb Douglas Production Function
946,extreme,What modal theory argues that all possible worlds are physically real concrete universes existing in parallel?,None,Modal Realism
947,extreme,What structural brain damage causes conduction aphasia by disconnecting the auditory processing areas from motor output?,None,Arcuate Fasciculus
948,extreme,What economic scenario combines stagnant industrial growth and high unemployment with persistent price inflation?,None,Stagflation
949,extreme,What trilemma states that any attempt to establish absolute foundation for knowledge must fail due to infinite regress circularity or dogmatism?,None,Munchhausen Trilemma
950,extreme,What undeciphered bronze age writing system was used by the ancient Minoan civilization on Crete?,None,Linear A
951,extreme,What field of mathematics extends standard knot invariants to four dimensional topological space frameworks?,None,4 Manifold Topology
952,extreme,What psychological bias describes the tendency of economic agents to overvalue an asset simply because they own it?,None,Endowment Effect
953,extreme,What legal philosophy claims that law is fundamentally inseparable from moral principles and objective justice?,None,Natural Law
954,extreme,What game theoretic value calculates the average marginal contribution of a player across all possible coalitional combinations?,None,Shapley Value
955,extreme,What core thesis argues that the meaning of scientific terms shifts completely when changing paradigms making direct comparison impossible?,None,Incommensurability Thesis
956,extreme,What metric quantifies the total distance or difference between two distinct quantum state density matrices?,None,Trace Distance
957,extreme,What module of the Minimalist Program filters out ungrammatical structures at the phonetic interface?,None,Phonetic Form
958,extreme,What cultural practice involves the safe integration and synthesis of conflicting religious beliefs into a unified system?,None,Syncretism
959,extreme,What legal principle holds that international obligations take precedence over domestic statutory laws in monist states?,None,Primacy of International Law
960,extreme,What structural feature on ancient Martian meteorites was controversially identified as potential fossilized nanofossils?,None,Carbonate Globules
961,extreme,What dynamic theory of persistence claims that objects are four dimensional entities that have distinct temporal parts?,None,Perdurantism
962,extreme,What complex system of neurons and pathways inside the brainstem controls consciousness sleep and waking transitions?,None,Reticular Activating System
963,extreme,What pricing property assumes that asset prices fully reflect all available information instantly leaving no room for arbitrage?,None,Efficient Market Hypothesis
964,extreme,What phonetic law explains why certain exceptions to Grimms Law occurred due to the original position of the Indo European accent?,None,Verners Law
965,extreme,What dualist position argues that mental states are non physical properties that emerge from complex physical brain structures?,None,Property Dualism
966,extreme,What legal doctrine requires courts to follow historical precedents established in previous judicial decisions?,None,Stare Decisis
967,extreme,What operational concept describes the distribution of quantum entanglement across multiple distant parties without communication?,None,Quantum Secret Sharing
968,extreme,What type of language system changes the forms of words using extensive prefixes and suffixes to represent entire sentences?,None,Polysynthetic Language
969,extreme,What structural system maps the pattern of marriages where a groom must find a bride outside his own clan?,None,Exogamy
970,extreme,What international standard provides immunity to diplomatic agents from the civil and criminal jurisdiction of the host state?,None,Diplomatic Immunity
971,extreme,What radical view states that knowledge is impossible because tracking truth requires a criteria that cannot be independently justified?,None,Academic Skepticism
972,extreme,What specific cognitive impairment involves the complete loss of the ability to write sentences due to localized brain damage?,None,Agraphia
973,extreme,What mathematical conditions determine the local maximum or minimum optimization of a function subject to equality constraints?,None,Karush Kuhn Tucker Conditions
974,extreme,What epistemological concept describes a shift in scientific thinking where old anomalies force the creation of a new framework?,None,Paradigm Shift
975,extreme,What topological invariant measures the number of independent d dimensional holes inside a geometric manifold shape?,None,Betti Number
976,extreme,What position argues that abstract objects like numbers exist as non physical non mental real entities?,None,Platonism
977,extreme,What writing framework acts as the direct ancestral script for the Greek Latin and Cyrillic alphabet formats?,None,Proto Sinaitic Script
978,extreme,What legal concept addresses obligations owed by a state to the entire international community as a whole entity?,None,Erga Omnes Obligations
979,extreme,What specialized index ranks the structural similarity of a planet or exoplanet to Earth based on density and temperature?,None,Earth Similarity Index
980,extreme,What econometric condition occurs when the error terms in a regression model do not have a constant variance?,None,Heteroskedasticity
981,extreme,What perspective argues that consciousness is a fundamental property of the universe present in all matter?,None,Panpsychism
982,extreme,What smooth structure classification maps spaces that are homeomorphic to a standard sphere but not diffeomorphic to it?,None,Exotic Spheres
983,extreme,What operational tier handles the semantic and conceptual interpretation of syntactic structures?,None,Logical Form
984,extreme,What jurisdiction type allows domestic systems to try individuals for international atrocities regardless of where the crime occurred?,None,Universal Jurisdiction
985,extreme,What index calculates the total level of market concentration and monopoly power inside a specific industry?,None,Herfindahl Hirschman Index
986,extreme,What causal concept describes an event that can influence its own cause in the past creating a loop?,None,Bootstrap Paradox
987,extreme,What neurological pathway connects the visual cortex to the temporal lobe for object recognition?,None,Ventral Stream
988,extreme,What term describes the economic limit where further printing of money fails to lower interest rates due to hoarding?,None,Liquidity Trap
989,extreme,What structural view states that beliefs are justified only if they belong to a coherent system of mutual support?,None,Coherentism
990,extreme,What dead language family preserves the oldest written records of the Indo European language structure?,None,Anatolian Language Family
991,extreme,What metric describes the topological twist or linkage configuration of two closed space curves?,None,Linking Number
992,extreme,What area of the brain acts as the primary evaluation center for processing risk and emotional responses to financial losses?,None,Insubula
993,extreme,What analytical model translates legal norms and duties into formal symbolic logic expressions?,None,Deontic Logic
994,extreme,What economic state features an allocation of resources where no individual can be made better off without making another worse off?,None,Pareto Efficiency
995,extreme,What logical trap shows that any observation of a non black non raven confirms the hypothesis that all ravens are black?,None,Ravens Paradox
996,extreme,What metric bounds the maximum possible correlations achievable by any local hidden variable theory?,None,Tsirelsons Bound
997,extreme,What structural filter ensures that every noun phrase receives a formal case assignment before reaching surface structure?,None,Case Filter
998,extreme,What ritual process marks the transitional phase of a rite of passage where an individual lacks structural status?,None,Liminality
999,extreme,What legal doctrine permits an occupying power to exercise temporary administrative authority over a foreign territory?,None,Jus Post Bellum
1000,extreme,What boundary region defines the optimal orbital space where a planet can support liquid surface water?,None,Circumstellar Habitable Zone
1001,anime,What is the name of the main character who wants to become the Pirate King?,A) Zoro | B) Luffy | C) Sanji | D) Usopp,B
1002,anime,What is the name of the nine-tailed fox sealed inside Naruto?,A) Kurama | B) Shukaku | C) Matatabi | D) Gyuki,A
1003,anime,What are the giant human-eating creatures called in this series?,A) Ghouls | B) Hollows | C) Titans | D) Demons,C
1004,anime,What is the name of Tanjiro Kamado younger sister who turned into a demon?,A) Nezuko | B) Nezumi | C) Nami | D) Nobara,A
1005,anime,Which powerful cursed object does Yuji Itadori swallow in the first episode?,A) A cursed eye | B) Sukuna finger | C) A magical ring | D) A dark scroll,B
1006,anime,What is the Saiyan birth name of Goku?,A) Vegeta | B) Gohan | C) Raditz | D) Kakarot,D
1007,anime,What is the name of the Shinigami death god who drops the Death Note?,A) Ryuk | B) Rem | C) L | D) Light,A
1008,anime,What is the name of the superpower quirk possessed by All Might?,A) One For All | B) All For One | C) Explosion | D) Half-Cold Half-Hot,A
1009,anime,What is the primary law of alchemy that states you cannot gain something without giving something of equal value?,A) Newton Law | B) Law of Equivalent Exchange | C) Law of Conservation | D) Grimms Law,B
1010,anime,What is the name of Gon Freecss best friend whom he meets during the Hunter Exam?,A) Kurapika | B) Leorio | C) Killua | D) Hisoka,C
1011,anime,Which Straw Hat Pirate is known as the Pirate Hunter and uses three swords?,A) Zoro | B) Sanji | C) Brook | D) Franky,A
1012,anime,Who is the leader of Team 7 and famously wears a mask covering his face?,A) Jiraiya | B) Orochimaru | C) Kakashi | D) Sasuke,C
1013,anime,What is the name of the elite military branch that ventures outside the walls?,A) Military Police | B) Garrison Regiment | C) Scout Regiment | D) Trainee Corps,C
1014,anime,What unique breathing style does Tanjiro Kamado initially learn from Urokodaki?,A) Flame Breathing | B) Thunder Breathing | C) Water Breathing | D) Beast Breathing,C
1015,anime,Who is known as the strongest Jujutsu Sorcerer and wears a blindfold?,A) Megumi Fushiguro | B) Satoru Gojo | C) Kento Nanami | D) Suguru Geto,B
1016,anime,How many Dragon Balls must be gathered to summon the wish-granting dragon Shenron?,A) 5 | B) 6 | C) 7 | D) 8,C
1017,anime,What alias does the genius detective L use when interacting with the police?,A) Kira | B) Hideki Ryuga | C) Near | D) Mello,B
1018,anime,What is the real name of the main character who goes by the hero name Deku?,A) Katsuki Bakugo | B) Izuku Midoriya | C) Shoto Todoroki | D) Tenya Iida,B
1019,anime,What mechanical prosthetic limbs do Edward and Alphonse Elric rely on?,A) Automail | B) Cyber-gear | C) Mech-armor | D) Iron-graft,A
1020,anime,What dangerous standard exam must Gon pass to become a licensed Hunter?,A) Chunin Exam | B) Hero License Exam | C) Hunter Exam | D) Magic Knight Exam,C
1021,anime,What type of Devil Fruit did Luffy eat to turn his body into rubber?,A) Gum-Gum Fruit | B) Flame-Flame Fruit | C) Chop-Chop Fruit | D) Sand-Sand Fruit,A
1022,anime,What is the ultimate dream and goal of Naruto Uzumaki?,A) To find a treasure | B) To become Hokage | C) To avenge his clan | D) To destroy the leaf village,B
1023,anime,What is the name of Erens childhood friend who wears a red scarf?,A) Sasha | B) Annie | C) Mikasa | D) Historia,C
1024,anime,Which character fights using Beast Breathing and wears a hollowed-out boar head mask?,A) Zenitsu | B) Inosuke | C) Giyu | D) Kyojuro,B
1025,anime,What is the name of the school where Yuji transfers to learn jujutsu sorcery?,A) UA High | B) Tokyo Jujutsu High | C) Soul Reaper Academy | D) Ninja Academy,B
1026,anime,What species or race do Goku and Vegeta belong to?,A) Namekian | B) Saiyan | C) Human | D) Frieza Race,B
1027,anime,What is the real name of the main character who uses the Death Note to become Kira?,A) L Lawliet | B) Light Yagami | C) Touta Matsuda | D) Soichiro Yagami,B
1028,anime,Which character has a quirk that lets him create explosions from his sweat?,A) Katsuki Bakugo | B) Shoto Todoroki | C) Eijiro Kirishima | D) Denki Kaminari,A
1029,anime,What is the tragic nickname given to Edward Elric due to his short stature and automail arm?,A) The Flame Alchemist | B) The Fullmetal Alchemist | C) The Iron Alchemist | D) The Silver Alchemist,B
1030,anime,What is the hidden mystical energy system that Hunters use to manifest superhuman abilities?,A) Chakra | B) Nen | C) Ki | D) Haki,B
1031,anime,What is the name of the ship the Straw Hat Pirates use during the early parts of their journey?,A) Thousand Sunny | B) Going Merry | C) Red Force | D) Moby Dick,B
1032,anime,Which ninja is known as the Survivor of the Uchiha Clan and is Narutos main rival?,A) Itachi | B) Madara | C) Sasuke | D) Obito,C
1033,anime,What is the name of the wall that is breached by the Colossal Titan in the first episode?,A) Wall Maria | B) Wall Rose | C) Wall Sina | D) Wall Eren,A
1034,anime,Which cowardly but powerful demon slayer uses Thunder Breathing and falls asleep to fight?,A) Tanjiro | B) Inosuke | C) Zenitsu | D) Genya,C
1035,anime,What is the name of Megumi Fushiguro shadow-based technique?,A) Ten Shadows Technique | B) Limitless | C) Idle Transfiguration | D) Cursed Speech,A
1036,anime,What is the name of the main villain who destroys Planet Vegeta and fights Goku on Namek?,A) Cell | B) Majin Buu | C) Frieza | D) Raditz,C
1037,anime,What is the name of the fictional notebook that can kill anyone whose name is written in it?,A) Death Note | B) Soul Scroll | C) Dark Diary | D) Shinigami Book,A
1038,anime,Who is the number one pro hero and the Symbol of Peace at the start of the show?,A) Endeavor | B) All Might | C) Hawks | D) Eraser Head,B
1039,anime,What are the artificially created humans called who serve as the main villains?,A) Homunculi | B) Chimeras | C) Ghouls | D) Titans,A
1040,anime,What weapon or tool does Gon Freecss use early on instead of a traditional sword?,A) Fishing rod | B) Yo-yo | C) Bow and arrow | D) Shuriken,A
1041,anime,Who is the chef of the Straw Hat Pirates who only kicks to fight?,None,Sanji
1042,anime,What is the name of the doctor of the Straw Hat Pirates who is a reindeer?,None,Tony
1043,anime,What is the bounty hunter nickname given to Roronoa Zoro?,None,Pirate Hunter
1044,anime,Who is the archaeologist of the Straw Hat Pirates who ate the Flower-Flower Fruit?,None,Nico Robin
1045,anime,What is the name of the skeleton musician who joined Luffys crew?,None,Brook
1046,anime,What color is the straw hat that Luffy wears?,None,yellow
1047,anime,Who is Luffys adoptive brother who became the second-in-command of the Revolutionary Army?,None,Sabo
1048,anime,What is the name of the fish-man helmsman who officially joined the Straw Hats?,None,Jinbe
1049,anime,Which emperor of the sea gave Luffy his signature straw hat?,None,Shanks
1050,anime,What island or town was Luffy born in?,None,Foosha Village
1051,anime,What is the name of the cyborg shipwright of the Straw Hat Pirates?,None,Franky
1052,anime,Who is the sniper of the Straw Hat Pirates who loves to tell lies?,None,Usopp
1053,anime,What is the title given to the marine officers who hold the absolute highest authority below the Fleet Admiral?,None,Admiral
1054,anime,What form of special willpower allows characters to coat themselves in invisible armor or sense danger?,None,Haki
1055,anime,What is the name of the giant whirlpool current that connects Enies Lobby Impel Down and Marineford?,None,The Tarai Current
1056,anime,Who was the first official member to join Luffys pirate crew?,None,Zoro
1057,anime,What is the name of the warlord of the sea who uses the Love-Love Fruit?,None,Hancock
1058,anime,Which pirate captain was known as the King of the Pirates before his execution?,None,Roger
1059,anime,What is the name of the legendary island where the One Piece treasure is hidden?,None,Laugh Tale
1060,anime,Who is the current Fleet Admiral of the Marines who uses magma attacks?,None,Sakazuki
1061,anime,What color is Narutos signature tracksuit jumpsuit in the original series?,None,Orange
1062,anime,What is the name of the village where Naruto lives?,None,the Hidden Leaf
1063,anime,Who is the legendary pervy sage who teaches Naruto the Rasengan?,None,Jiraiya
1064,anime,What specific jutsu technique allows Naruto to create physical duplicates of himself?,None,Shadow Clone Jutsu
1065,anime,What is the name of the rogue criminal organization that hunts down the Jinchuriki?,None,Akatsuki
1066,anime,Who is Sasunes older brother who wiped out the entire Uchiha clan?,None,Itachi
1067,anime,What is the name of the medical ninja girl who is part of original Team 7?,None,Sakura
1068,anime,What eye technique is unique to the Uchiha clan and turns the iris red?,None,Sharingan
1069,anime,What favorite noodle dish soup does Naruto love to eat at Ichiraku?,None,Ramen
1070,anime,Who was the First Hokage and founder of the Hidden Leaf Village?,None,Hashirama
1071,anime,What is the name of the sand ninja who became the Fifth Kazekage?,None,Gaara
1072,anime,What powerful swirling sphere energy attack did Minato invent and pass down?,None,Rasengan
1073,anime,Who was the primary snake-like villain during the original Chunin Exams arc?,None,Orochimaru
1074,anime,What is the name of the fox demon sealed inside Naruto?,None,Kurama
1075,anime,What group of five powerful ninja leaders rule over the main elemental hidden villages?,None,The Five Kage
1076,anime,What is the name of Kakashi unique copy-eye ability?,None,Sharingan
1077,anime,Which Team 10 ninja is a lazy genius who uses shadow manipulation techniques?,None,Shikamaru
1078,anime,Who was the Fourth Hokage and also Narutos biological father?,None,Minato
1079,anime,What is the name of the green jumpsuit ninja who specializes entirely in Taijutsu?,None,Lee
1080,anime,What massive world-altering war serves as the final arc of Naruto Shippuden?,None,The Fourth Great Ninja War
1081,anime,What is the name of the main character who vows to eliminate all Titans?,None,Eren
1082,anime,What unique gear do soldiers use to swing through trees and buildings?,None,3D Maneuver gear
1083,anime,Who is the captain of the Special Operations Squad known as Earths strongest soldier?,None,Levi Ackerman
1084,anime,What is the name of the Titan form that Eren turns into?,None,Attack Titan
1085,anime,Which massive Titan breaches Wall Maria in the very first episode?,None,Colossal Titan
1086,anime,What is the name of Erens father who hid secrets in their basement?,None,Grisha Yeager
1087,anime,Which female soldier is obsessed with eating potatoes?,None,Sasha Blouse
1088,anime,What city district do Eren Mikasa and Armin grow up in?,None,Shiganshina District
1089,anime,What secret item did Erens father leave behind that unlocks the truth of the world?,None,The basement key
1090,anime,Which character can transform into the Female Titan?,None,Annie
1091,anime,What is the name of the second wall that the refugees flee to after Wall Maria falls?,None,Wall Rose
1092,anime,Who is the highly intelligent commander of the Scout Regiment before Armin?,None,Erwin
1093,anime,What is the real name of the country located outside the walls across the sea?,None,Marley
1094,anime,Which titan has a hardened exterior body structure and acts as the counterpart to the Colossal Titan?,None,Armored Titan
1095,anime,What is the name of the race of people who can transform into Titans?,None,Eldians
1096,anime,Which scout squad leader is completely obsessed with experimenting on live Titans?,None,Hange
1097,anime,What is the name of Erens half-brother who holds the Beast Titan power?,None,Zeke
1098,anime,Who is the rightful royal queen of the walls who originally went by the alias Christa?,None,Historia
1099,anime,What is the name of the first historic Titan ancestor who started the titan bloodline?,None,Ymir
1100,anime,What catastrophic world-destroying event does Eren activate using Wall Titans?,None,Rumbling
1101,anime,What is the name of the main character who carries his sister in a box?,None,Tanjiro
1102,anime,What special weapon swords do demon slayers use to decapitate demons?,None,Nichirin Blades
1103,anime,Who is the absolute king of demons and the main antagonist of the series?,None,Muzan
1104,anime,What organization do Tanjiro and his friends join to protect humanity?,None,Demon Slayer Corps
1105,anime,What is the name of the elite member of the top nine strongest demon slayers?,None,Hashira
1106,anime,Which pillar uses Water Breathing and saves Tanjiro in the first episode?,None,Giyu
1107,anime,What unique sense does Tanjiro use to track demons and see the thread of interval?,None,smell
1108,anime,What color does Tanjiros Nichirin blade turn when he first unsheathes it?,None,Black
1109,anime,What is the name of the Flame Hashira who fights Akaza on the Mugen Train?,None,Kyojuro
1110,anime,What are the twelve powerful demons serving directly under Muzan called?,None,Twelve Demon Moons
1111,anime,What legendary original breathing style is Tanjiros Hinokami Kagura derived from?,None,Sun Breathing
1112,anime,Which female Hashira uses insect poisons because she lacks the arm strength to cut demon necks?,None,Shinobu
1113,anime,What material is the box made of that Nezuko rests in during the day?,None,Wood
1114,anime,What insect or animal carries messages and missions to the demon slayers?,None,Kasugai
1115,anime,Which loud and flashy Hashira uses Sound Breathing and fights in the Entertainment District?,None,Tengen
1116,anime,What is the name of the village where all the demon slayer swords are manufactured?,None,Swordsmith Village
1117,anime,What permanent markings appear on strong slayers to grant them massive stat boosts?,None,Demon Slayer Mark
1118,anime,Which upper moon demon uses ice-based blood demon art techniques?,None,Doma
1119,anime,Who is the leader of the entire Demon Slayer Corps whom Muzan targets?,None,Kagaya
1120,anime,What is the name of the final battlefield location where the slayers fight Muzan castle?,None,Infinity Castle
1121,anime,Who is the protagonist who shares his body with the King of Curses?,None,Yuji Itadori
1122,anime,What is the name of the legendary four-armed King of Curses?,None,Sukuna
1123,anime,Which classmate uses a hammer and nails infused with cursed energy?,None,Nobara
1124,anime,What is the name of the peak barrier technique that traps opponents in a sorcerer inner space?,None,Domain Expansion
1125,anime,Which shikigami user classmate belongs to the Zenin bloodline?,None,Megumi
1126,anime,What principal technique does Satoru Gojo use that prevents anything from touching him directly?,None,Infinity
1127,anime,What is the color of the cursed energy flash produced when a sorcerer hits with perfect timing?,None,Black Flash
1128,anime,Which grade-1 sorcerer loves money stock markets and uses a blunt cursed tool wrapped in cloth?,None,Nanami
1129,anime,What is the name of the patch-faced cursed spirit born from human hatred of other humans?,None,Mahito
1130,anime,Which student is a corporate panda who is actually an advanced cursed corpse?,None,Panda
1131,anime,What is the name of the principal villain who uses a brain-hopping cursed technique?,None,Kenjaku
1132,anime,What major Tokyo district serves as the setting for the massive sealing incident in season 2?,None,Shibuya
1133,anime,Which student uses Cursed Speech and can command people using his voice?,None,Toge
1134,anime,Who is Megumi Fushiguro biological father who had zero cursed energy due to heavenly restriction?,None,Toji
1135,anime,What is the name of the absolute strongest Shikigami that Megumi can summon?,None,Mahoraga
1136,anime,Which female sorcerer uses a giant cursed tool spear and cannot see curses without glasses?,None,Maki
1137,anime,What is the name of the immortal sorcerer who maintains the barrier structures across Japan?,None,Tengen
1138,anime,Which muscle-bound student views Yuji as his best brother and imagines idol singers?,None,Todo
1139,anime,What cursed technique allows Todo to swap places of objects by clapping his hands?,None,Boogie Woogie
1140,anime,What death game tournament does Kenjaku activate across Japan following the Shibuya incident?,None,Culling Game
1141,anime,What is the name of Gokus firstborn son?,None,Gohan
1142,anime,What planet do the Namekians call home?,None,Namek
1143,anime,Who is the Prince of all Saiyans and Gokus eternal rival?,None,Vegeta
1144,anime,What signature energy wave attack did Master Roshi invent that Goku uses constantly?,None,Kamehameha
1145,anime,What item do Saiyans wear over their eye to read power levels?,None,Scouter
1146,anime,What transformation turns a Saiyan hair gold and increases their power fifty-fold?,None,Super Saiyan
1147,anime,What little green beans heal a fighter completely and restore their energy instantly?,None,Senzu Beans
1148,anime,Who is the green Namekian warrior who initially was an enemy but became Gohans mentor?,None,Piccolo
1149,anime,What time-traveling warrior arrives from the future carrying a sword?,None,Trunks
1150,anime,What bio-android hosts a tournament called his own games to test Earth fighters?,None,Cell
1151,anime,What pink magical entity can absorb fighters and turn people into chocolate candy?,None,Majin Buu
1152,anime,What item do fighters use to fuse together via the Potara method?,None,Potara Earrings
1153,anime,What technique taught by King Kai allows Goku to multiply his power base with a red aura?,None,Kaio ken
1154,anime,What is the name of the final massive energy bomb Goku creates using energy from the universe?,None,The Spirit Bomb
1155,anime,Who is the human martial artist who marries Goku and is mother to Gohan?,None,Chi Chi
1156,anime,What spherical pod vehicles do Saiyans use to travel between planets?,None,Saiyan space pods
1157,anime,What giant ape form do Saiyans take when looking at a full moon?,None,Great Ape
1158,anime,What is the name of the hyperbaric chamber where fighters train for a year in one single day?,None,Time Chamber
1159,anime,Who is the short bald human fighter who is Gokus childhood best friend?,None,Krillin
1160,anime,What dance method allows Goku and Vegeta to fuse into Gogeta?,None,The Fusion Dance
1161,anime,What is the name of the high school student who finds the Death Note first?,None,Light
1162,anime,What food addiction does Ryuk have that Light uses to bribe him?,None,Apples
1163,anime,What specific title or god-name does the public give to the anonymous killer?,None,Kira
1164,anime,What trade allows a Death Note user to see anyone name and lifespan above their head?,None,Shinigami Eyes
1165,anime,What job does Lights father work in?,None,detective
1166,anime,Which famous pop star girl falls in love with Light and becomes the second Kira?,None,Misa
1167,anime,What single letter does the worlds greatest detective use as his symbol?,None,L
1168,anime,What object does Light hide a miniature television inside to study during exams?,None,bag of chips
1169,anime,What secret mechanism does Light install in his desk drawer to destroy the Death Note if caught?,None,electrical circuit
1170,anime,Which task force member is famous for his obsession with eating sweets during investigations?,None,L
1171,anime,What is the name of the orphanage where L successors were raised?,None,Wammy
1172,anime,Which young white-haired successor to L uses toys and puzzles to track Kira?,None,Near
1173,anime,Which aggressive chocolate-eating successor to L works with the mafia?,None,Mello
1174,anime,What is the name of the Shinigami who sacrifices herself to protect Misa Amane?,None,Rem
1175,anime,What color hair does Light look-alike prosecutor Teru Mikami have?,None,Black
1176,anime,What is the name of the company whose executives use a Death Note to boost stock prices?,None,Yotsuba
1177,anime,What is the name of the news anchor who acts as Kiras voice piece before being killed?,None,Kiyomi
1178,anime,What location serves as the final meeting spot where Near exposes Light?,None,Warehouse
1179,anime,What is written on the very first rule page inside the notebook regarding how to use it?,None,The human whose name is written in this note shall die
1180,anime,What weapon does Matsuda use to shoot Light when he tries to write names at the end?,None,gun
1181,anime,What is the name of the high school where heroes are trained?,None,UA
1182,anime,What percentage of the world population possesses a superpower quirk?,None,80
1183,anime,What is the quirk status of Izuku Midoriya before he meets All Might?,None,Quirkless
1184,anime,Which teacher  NAME at UA High can erase other people quirks just by looking at them?,None,Eraser
1185,anime,What is the name of the main villain group that attacks the school camp?,None,League of Villains
1186,anime,Which student can create objects from her bare skin using lipids?,None,Momo
1187,anime,What is the name of the villain with blue flames who is actually related to Endeavor?,None,Dabi
1188,anime,Which student uses gravitational powers to make objects float?,None,Uraraka
1189,anime,What is the name of the villain leader who uses the Decay quirk?,None,Tomura
1190,anime,What is the name of the pro hero who holds the number 2 rank and has red wings?,None,Hawks
1191,anime,Which student has engine mufflers sticking out of his calves?,None,Tenya
1192,anime,What is the name of the master villain who can steal and grant quirks at will?,None,All For One
1193,anime,What unique item does Deku wear around his neck as part of his costume?,None,mask
1194,anime,Which student can shoot electricity but becomes completely dumb if he overuses it?,None,Kaminari
1195,anime,What is the name of the little girl with a horn whom Deku saves from Overhaul?,None,Eri
1196,anime,Which hero school is UAs main rival during the Provisional License Exam?,None,Shiketsu
1197,anime,What is the real name of the hero Endeavor who uses fire powers?,None,Enji
1198,anime,Which student has a shadow monster living inside his body called Dark Shadow?,None,Fumikage
1199,anime,What are the artificially modified brainless monsters used by the League of Villains called?,None,Nomu
1200,anime,What fighting style extension does Deku develop to use his legs instead of his broken arms?,None,Shooting
1201,anime,What is the name of Edward Elric younger brother whose soul is bound to armor?,None,Alphons
1202,anime,What city serves as the military capital where Central Command is located?,None,Central City
1203,anime,Which state alchemist uses spark gloves to generate massive fire attacks?,None,Roy Mustang
1204,anime,What legendary item can bypass the law of equivalent exchange entirely?,None,Philosopher's Stone
1205,anime,What forbidden alchemical act did the Elric brothers perform to lose their bodies?,None,Human transmutation
1206,anime,What is the name of the childhood friend and mechanic who makes Edwards automail?,None,Winry
1207,anime,Which homunculus can transform his body into an absolute ultimate shield?,None,Greed
1208,anime,What is the name of the scar-faced Ishvalan warrior who targets State Alchemists?,None,Scar
1209,anime,Which tracking circle pattern must be drawn to initiate an alchemical reaction?,None,transmutation circle
1210,anime,Who is the hidden creator of the homunculi who looks exactly like Hohenheim?,None,Father
1211,anime,What state alchemist rank or title is held by Roy Mustang?,None,Flame Alchemist
1212,anime,What animal chimera combination did Shou Tucker tragically create using his daughter?,None,dog
1213,anime,What country serves as the main setting for the entire series?,None,Amestris
1214,anime,Which female homunculus has fingers that can extend into sharp blades?,None,Lust
1215,anime,What object is Edwards soul anchoring blood seal drawn inside on Alphonses body?,None,Alphonse's suit of armor
1216,anime,What is the name of the country to the east that uses Alkahestry instead of Alchemy?,None,Xing
1217,anime,Which homunculus is the fastest and holds the identity of King Bradley?,None,Wrath
1218,anime,What massive gate structure appears when an alchemist attempts human transmutation?,None,Gate of Truth
1219,anime,Who is the female teacher of the Elric brothers who also saw the truth?,None,Izumi
1220,anime,What shape is the giant underground transmutation circle drawn across the whole nation?,None,circle
1221,anime,What is the name of Gons biological father whom he spends the series searching for?,None,Ging Freecss
1222,anime,What color is Killuas signature electricity aura when he transforms?,None,Dark blue
1223,anime,Which clan member seeks to recover the scarlet eyes of his wiped-out family?,None,Kurapika
1224,anime,What creepy clown-like magician is obsessed with fighting Gon and Killua?,None,Hisoka
1225,anime,What is the name of the deadly martial arts family that Killua belongs to?,None,Zoldyck
1226,anime,What massive arena tower requires fighters to clear 200 floors?,None,Heaven's Arena
1227,anime,What is the name of the virtual reality video game island created by Ging Freecss?,None,Greed Island
1228,anime,What species of massive mutant insects serve as the villains of the shows longest arc?,None,Chimera Ants
1229,anime,Who is the absolute king of the Chimera Ants who plays board games?,None,Meruem
1230,anime,What is the name of the blind girl who plays Gungi with Meruem?,None,Komugi
1231,anime,Who is the elderly Chairman of the Hunter Association who fights the Ant King?,None,Isaac Netero
1232,anime,What island does Gon grow up on before setting out to take the exam?,None,Whale Island
1233,anime,What unique object or weapon does Killua use to channel his lightning and physical attacks?,None,Yo yos
1234,anime,Which nen category allows a user to change the properties of their aura like rubber or electricity?,None,Transmutation
1235,anime,What is the name of the massive unexplored world structure located outside the known map?,None,Dark Continent
1236,anime,Which Hunter friend wants to become a doctor and carries a briefcase?,None,Leorio
1237,anime,What powerful restriction vow does Gon place on his own life to defeat Neferpitou?,None,Nen forever
1238,anime,What is the name of the youngest Chimera Ant guard who uses a violin and possesses butterfly wings?,None,Shaiapouf
1239,anime,Which family member of Killua can grant any wish if three requests are fulfilled?,None,Alluka Zoldyck
1240,anime,What Nen technique hides a user presence completely making them invisible to aura detection?,None,Zetsu
1241,anime,What island serves as the headquarters for the global navy marines?,None,Marineford
1242,anime,What is the name of the red-haired boy from the sand who has a gourd on his back WITH aa please?,None,Gaara
1243,anime,What type of THE WAY THAT turns an Eldian into a pure Titan?,None,injection
1244,anime,What is the name of the passive old man who trained Tanjiro to breathe water?,None,Urokodaki
1245,anime,Which cursed spirit uses volcano head attacks and fire techniques?,None,Jogo
1246,anime,What is the name of the old martial arts teacher who gives Goku the Flying Nimbus cloud?,None,Master Roshi
1247,anime,What is the name of the university that Light and L attend together?,None,To Oh
1248,anime,What color hair does the hero Shoto Todoroki have on his right ice side?,None,White
1249,anime,What rank or military office does Maes Hughes hold before his tragic death?,None,Lieutenant Colonel
1250,anime,What basic Nen exercise focuses on outputting a constant shroud of energy around the body?,None,Ten
1251,football,Which country won the FIFA World Cup in 1930?,A) Spain | B) Uruguay | C) Germany | D) Argentina,B
1252,football,Which country was the runner-up in the 1930 FIFA World Cup?,A) Netherlands | B) Uruguay | C) Sweden | D) Argentina,D
1253,football,Which country won the FIFA World Cup in 1934?,A) Germany | B) Czechoslovakia | C) Italy | D) Spain,C
1254,football,Which country was the runner-up in the 1934 FIFA World Cup?,A) Netherlands | B) Sweden | C) Italy | D) Czechoslovakia,D
1255,football,Which country won the FIFA World Cup in 1938?,A) Hungary | B) Italy | C) Germany | D) Spain,B
1256,football,Which country was the runner-up in the 1938 FIFA World Cup?,A) Hungary | B) Italy | C) Netherlands | D) Sweden,A
1257,football,Which country won the FIFA World Cup in 1950?,A) Germany | B) Uruguay | C) Spain | D) Brazil,B
1258,football,Which country was the runner-up in the 1950 FIFA World Cup?,A) Netherlands | B) Sweden | C) Uruguay | D) Brazil,D
1259,football,Which country won the FIFA World Cup in 1954?,A) West Germany | B) Spain | C) Hungary | D) Germany,A
1260,football,Which country was the runner-up in the 1954 FIFA World Cup?,A) West Germany | B) Hungary | C) Sweden | D) Netherlands,B
1261,football,Which country won the FIFA World Cup in 1958?,A) Spain | B) Germany | C) Brazil | D) Sweden,C
1262,football,Which country was the runner-up in the 1958 FIFA World Cup?,A) Sweden | B) Brazil | C) England | D) Netherlands,A
1263,football,Which country won the FIFA World Cup in 1962?,A) Spain | B) Germany | C) Brazil | D) Czechoslovakia,C
1264,football,Which country was the runner-up in the 1962 FIFA World Cup?,A) Netherlands | B) Czechoslovakia | C) Brazil | D) Sweden,B
1265,football,Which country won the FIFA World Cup in 1966?,A) Germany | B) West Germany | C) Spain | D) England,D
1266,football,Which country was the runner-up in the 1966 FIFA World Cup?,A) England | B) Sweden | C) Netherlands | D) West Germany,D
1267,football,Which country won the FIFA World Cup in 1970?,A) Germany | B) Brazil | C) Spain | D) Italy,B
1268,football,Which country was the runner-up in the 1970 FIFA World Cup?,A) Brazil | B) Netherlands | C) Italy | D) Sweden,C
1269,football,Which country won the FIFA World Cup in 1974?,A) Netherlands | B) Germany | C) Spain | D) West Germany,D
1270,football,Which country was the runner-up in the 1974 FIFA World Cup?,A) West Germany | B) Sweden | C) Netherlands | D) France,C
1271,football,Which country won the FIFA World Cup in 1978?,A) Germany | B) Spain | C) Netherlands | D) Argentina,D
1272,football,Which country was the runner-up in the 1978 FIFA World Cup?,A) Sweden | B) France | C) Argentina | D) Netherlands,D
1273,football,Which country won the FIFA World Cup in 1982?,A) Spain | B) West Germany | C) Germany | D) Italy,D
1274,football,Which country was the runner-up in the 1982 FIFA World Cup?,A) Netherlands | B) Italy | C) Sweden | D) West Germany,D
1275,football,Which country won the FIFA World Cup in 1986?,A) West Germany | B) Argentina | C) Germany | D) Spain,B
1276,football,Which country was the runner-up in the 1986 FIFA World Cup?,A) Sweden | B) West Germany | C) Argentina | D) Netherlands,B
1277,football,Which country won the FIFA World Cup in 1990?,A) Spain | B) Germany | C) Argentina | D) West Germany,D
1278,football,Which country was the runner-up in the 1990 FIFA World Cup?,A) Netherlands | B) Sweden | C) Argentina | D) West Germany,C
1279,football,Which country won the FIFA World Cup in 1994?,A) Brazil | B) Spain | C) Italy | D) Germany,A
1280,football,Which country was the runner-up in the 1994 FIFA World Cup?,A) Sweden | B) Italy | C) Brazil | D) Netherlands,B
1281,football,Which country won the FIFA World Cup in 1998?,A) Spain | B) Germany | C) France | D) Brazil,C
1282,football,Which country was the runner-up in the 1998 FIFA World Cup?,A) Sweden | B) Netherlands | C) Brazil | D) France,C
1284,football,Which country was the runner-up in the 2002 FIFA World Cup?,A) Netherlands | B) Sweden | C) Brazil | D) Germany,D
1285,football,Which country won the FIFA World Cup in 2006?,A) France | B) Spain | C) Italy | D) Germany,C
1286,football,Which country was the runner-up in the 2006 FIFA World Cup?,A) Italy | B) France | C) Netherlands | D) Sweden,B
1287,football,Which country won the FIFA World Cup in 2010?,A) Spain | B) England | C) Germany | D) Netherlands,A
1288,football,Which country was the runner-up in the 2010 FIFA World Cup?,A) Netherlands | B) France | C) Sweden | D) Spain,A
1289,football,Which country won the FIFA World Cup in 2014?,A) Germany | B) Argentina | C) Italy | D) Spain,A
1290,football,Which country was the runner-up in the 2014 FIFA World Cup?,A) Sweden | B) Argentina | C) Netherlands | D) Germany,B
1291,football,Which country won the FIFA World Cup in 2018?,A) Spain | B) Germany | C) France | D) Croatia,C
1292,football,Which country was the runner-up in the 2018 FIFA World Cup?,A) Netherlands | B) France | C) Croatia | D) Sweden,C
1293,football,Which country won the FIFA World Cup in 2022?,A) Argentina | B) Germany | C) France | D) Spain,A
1294,football,Which country was the runner-up in the 2022 FIFA World Cup?,A) Netherlands | B) Argentina | C) Sweden | D) France,D
1295,football,Which country hosted the FIFA World Cup in 1930?,A) Italy | B) Uruguay | C) England | D) Argentina,B
1296,football,Which country hosted the FIFA World Cup in 1934?,A) Italy | B) Germany | C) England | D) Argentina,A
1297,football,Which country hosted the FIFA World Cup in 1938?,A) Italy | B) Argentina | C) England | D) France,D
1298,football,Which country hosted the FIFA World Cup in 1950?,A) England | B) Italy | C) Brazil | D) Argentina,C
1299,football,Which country hosted the FIFA World Cup in 1954?,A) Argentina | B) Italy | C) England | D) Switzerland,D
1300,football,Which country hosted the FIFA World Cup in 1958?,A) England | B) Sweden | C) Italy | D) Argentina,B
1301,football,Which country hosted the FIFA World Cup in 1962?,A) Argentina | B) Italy | C) Chile | D) England,C
1302,football,Which country hosted the FIFA World Cup in 1966?,A) France | B) Italy | C) England | D) Argentina,C
1303,football,Which country hosted the FIFA World Cup in 1970?,A) England | B) Italy | C) Mexico | D) Argentina,C
1304,football,Which country hosted the FIFA World Cup in 1974?,A) Argentina | B) Italy | C) England | D) West Germany,D
1305,football,Which country hosted the FIFA World Cup in 1978?,A) Spain | B) Italy | C) England | D) Argentina,D
1306,football,Which country hosted the FIFA World Cup in 1982?,A) England | B) Argentina | C) Spain | D) Italy,C
1307,football,Which country hosted the FIFA World Cup in 1986?,A) England | B) Mexico | C) Argentina | D) Italy,B
1308,football,Which country hosted the FIFA World Cup in 1990?,A) Argentina | B) England | C) Italy | D) Germany,C
1309,football,Which country hosted the FIFA World Cup in 1994?,A) England | B) Italy | C) Argentina | D) United States,D
1310,football,Which country hosted the FIFA World Cup in 1998?,A) Argentina | B) Italy | C) England | D) France,D
1311,football,Which country hosted the FIFA World Cup in 2002?,A) Italy | B) South Korea & Japan | C) England | D) Argentina,B
1312,football,Which country hosted the FIFA World Cup in 2006?,A) England | B) Germany | C) Italy | D) Argentina,B
1313,football,Which country hosted the FIFA World Cup in 2010?,A) Argentina | B) Italy | C) England | D) South Africa,D
1314,football,Which country hosted the FIFA World Cup in 2014?,A) England | B) Italy | C) Brazil | D) Argentina,C
1315,football,Which country hosted the FIFA World Cup in 2018?,A) Russia | B) Argentina | C) England | D) Italy,A
1316,football,Which country hosted the FIFA World Cup in 2022?,A) England | B) Italy | C) Argentina | D) Qatar,D
1318,football,Who won the prestigious Ballon d'Or award in 2001?,A) Thierry Henry | B) Michael Owen | C) Zinedine Zidane | D) Raul,B
1319,football,Who won the prestigious Ballon d'Or award in 2002?,A) Zinedine Zidane | B) Thierry Henry | C) Roberto Carlos | D) Ronaldo Nazario,D
1321,football,Who won the prestigious Ballon d'Or award in 2004?,A) Andriy Shevchenko | B) Deco | C) Zinedine Zidane | D) Thierry Henry,A
1322,football,Who won the prestigious Ballon d'Or award in 2005?,A) Frank Lampard | B) Zinedine Zidane | C) Thierry Henry | D) Ronaldinho,D
1323,football,Who won the prestigious Ballon d'Or award in 2006?,A) Fabio Cannavaro | B) Gianluigi Buffon | C) Thierry Henry | D) Zinedine Zidane,A
1324,football,Who won the prestigious Ballon d'Or award in 2007?,A) Kaka | B) Thierry Henry | C) Zinedine Zidane | D) Cristiano Ronaldo,A
1325,football,Who won the prestigious Ballon d'Or award in 2008?,A) Thierry Henry | B) Zinedine Zidane | C) Cristiano Ronaldo | D) Lionel Messi,C
1326,football,Who won the prestigious Ballon d'Or award in 2009?,A) Thierry Henry | B) Zinedine Zidane | C) Lionel Messi | D) Cristiano Ronaldo,C
1327,football,Who won the prestigious Ballon d'Or award in 2010?,A) Lionel Messi | B) Zinedine Zidane | C) Thierry Henry | D) Andres Iniesta,A
1328,football,Who won the prestigious Ballon d'Or award in 2011?,A) Lionel Messi | B) Cristiano Ronaldo | C) Thierry Henry | D) Zinedine Zidane,A
1329,football,Who won the prestigious Ballon d'Or award in 2012?,A) Lionel Messi | B) Zinedine Zidane | C) Cristiano Ronaldo | D) Thierry Henry,A
1330,football,Who won the prestigious Ballon d'Or award in 2013?,A) Cristiano Ronaldo | B) Lionel Messi | C) Thierry Henry | D) Zinedine Zidane,A
1331,football,Who won the prestigious Ballon d'Or award in 2014?,A) Thierry Henry | B) Lionel Messi | C) Cristiano Ronaldo | D) Zinedine Zidane,C
1332,football,Who won the prestigious Ballon d'Or award in 2015?,A) Zinedine Zidane | B) Cristiano Ronaldo | C) Thierry Henry | D) Lionel Messi,D
1333,football,Who won the prestigious Ballon d'Or award in 2016?,A) Thierry Henry | B) Zinedine Zidane | C) Lionel Messi | D) Cristiano Ronaldo,D
1334,football,Who won the prestigious Ballon d'Or award in 2017?,A) Thierry Henry | B) Zinedine Zidane | C) Lionel Messi | D) Cristiano Ronaldo,D
1335,football,Who won the prestigious Ballon d'Or award in 2018?,A) Cristiano Ronaldo | B) Zinedine Zidane | C) Luka Modric | D) Thierry Henry,C
1336,football,Who won the prestigious Ballon d'Or award in 2019?,A) Thierry Henry | B) Lionel Messi | C) Virgil van Dijk | D) Zinedine Zidane,B
1337,football,Who won the prestigious Ballon d'Or award in 2021?,A) Lionel Messi | B) Thierry Henry | C) Zinedine Zidane | D) Robert Lewandowski,A
1338,football,Who won the prestigious Ballon d'Or award in 2022?,A) Zinedine Zidane | B) Sadio Mane | C) Thierry Henry | D) Karim Benzema,D
1339,football,Who won the prestigious Ballon d'Or award in 2023?,A) Erling Haaland | B) Thierry Henry | C) Lionel Messi | D) Zinedine Zidane,C
1340,football,Which club won the UEFA Champions League in the 1999/2000 season?,A) Valencia | B) Barcelona | C) Chelsea | D) Real Madrid,D
1341,football,Which club won the UEFA Champions League in the 2000/2001 season?,A) Bayern Munich | B) Valencia | C) Real Madrid | D) Barcelona,A
1342,football,Which club won the UEFA Champions League in the 2001/2002 season?,A) Real Madrid | B) Chelsea | C) Barcelona | D) Bayer Leverkusen,A
1343,football,Which club won the UEFA Champions League in the 2002/2003 season?,A) Real Madrid | B) Barcelona | C) AC Milan | D) Juventus,C
1344,football,Which club won the UEFA Champions League in the 2003/2004 season?,A) Real Madrid | B) Barcelona | C) FC Porto | D) Monaco,C
1345,football,Which club won the UEFA Champions League in the 2004/2005 season?,A) Liverpool | B) Barcelona | C) Real Madrid | D) AC Milan,A
1346,football,Which club won the UEFA Champions League in the 2005/2006 season?,A) Barcelona | B) Arsenal | C) Real Madrid | D) Liverpool,A
1347,football,Which club won the UEFA Champions League in the 2006/2007 season?,A) AC Milan | B) Barcelona | C) Liverpool | D) Real Madrid,A
1348,football,Which club won the UEFA Champions League in the 2007/2008 season?,A) Manchester United | B) Chelsea | C) Real Madrid | D) Barcelona,A
1349,football,Which club won the UEFA Champions League in the 2008/2009 season?,A) Real Madrid | B) Manchester United | C) Barcelona | D) Liverpool,C
1350,football,Which club won the UEFA Champions League in the 2009/2010 season?,A) Barcelona | B) Bayern Munich | C) Real Madrid | D) Inter Milan,D
1351,football,Which club won the UEFA Champions League in the 2010/2011 season?,A) Real Madrid | B) Liverpool | C) Manchester United | D) Barcelona,D
1352,football,Which club won the UEFA Champions League in the 2011/2012 season?,A) Real Madrid | B) Barcelona | C) Bayern Munich | D) Chelsea,D
1353,football,Which club won the UEFA Champions League in the 2012/2013 season?,A) Borussia Dortmund | B) Barcelona | C) Bayern Munich | D) Real Madrid,C
1354,football,Which club won the UEFA Champions League in the 2013/2014 season?,A) Chelsea | B) Real Madrid | C) Atletico Madrid | D) Barcelona,B
1355,football,Which club won the UEFA Champions League in the 2014/2015 season?,A) Barcelona | B) Liverpool | C) Juventus | D) Real Madrid,A
1356,football,Which club won the UEFA Champions League in the 2015/2016 season?,A) Real Madrid | B) Chelsea | C) Barcelona | D) Atletico Madrid,A
1357,football,Which club won the UEFA Champions League in the 2016/2017 season?,A) Barcelona | B) Juventus | C) Chelsea | D) Real Madrid,D
1358,football,Which club won the UEFA Champions League in the 2017/2018 season?,A) Liverpool | B) Chelsea | C) Real Madrid | D) Barcelona,C
1359,football,Which club won the UEFA Champions League in the 2018/2019 season?,A) Barcelona | B) Real Madrid | C) Tottenham Hotspur | D) Liverpool,D
1360,football,Which club won the UEFA Champions League in the 2019/2020 season?,A) Paris Saint-Germain | B) Barcelona | C) Bayern Munich | D) Real Madrid,C
1361,football,Which club won the UEFA Champions League in the 2020/2021 season?,A) Barcelona | B) Manchester City | C) Real Madrid | D) Chelsea,D
1362,football,Which club won the UEFA Champions League in the 2021/2022 season?,A) Liverpool | B) Real Madrid | C) Barcelona | D) Chelsea,B
1363,football,Which club won the UEFA Champions League in the 2022/2023 season?,A) Real Madrid | B) Barcelona | C) Inter Milan | D) Manchester City,D
1364,football,Who is the all-time top scorer in FIFA World Cup history?,A) Ronaldo Nazario | B) Pele | C) Gerd Muller | D) Miroslav Klose,D
1365,football,Who scored the famous 'Hand of God' goal in 1986?,A) Lionel Messi | B) Zico | C) Diego Maradona | D) Pele,C
1366,football,Which country won the first-ever FIFA World Cup in 1930?,A) Brazil | B) Italy | C) Argentina | D) Uruguay,D
1367,football,Who is the all-time top scorer for the Brazil national team?,A) Romario | B) Neymar | C) Pele | D) Ronaldo Nazario,B
1368,football,Which club has won the most UEFA Champions League titles?,A) Liverpool | B) Bayern Munich | C) AC Milan | D) Real Madrid,D
1369,football,Who is the all-time top goalscorer in UEFA Champions League history?,A) Cristiano Ronaldo | B) Robert Lewandowski | C) Lionel Messi | D) Karim Benzema,A
1370,football,Which club did Cristiano Ronaldo join after leaving Real Madrid in 2018?,A) Al Nassr | B) PSG | C) Manchester United | D) Juventus,D
1371,football,Who was the manager of Arsenal during their undefeated 'Invincibles' season?,A) Jose Mourinho | B) Arsene Wenger | C) Alex Ferguson | D) Pep Guardiola,B
1372,football,Which English club has won the most top-flight league titles?,A) Manchester United | B) Liverpool | C) Manchester City | D) Arsenal,A
1373,football,Who was the manager of Manchester United for 26 years until 2013?,A) Matt Busby | B) Alex Ferguson | C) Arsene Wenger | D) Roy Keane,B
1374,football,Which club did Lionel Messi spend almost his entire professional career with before joining PSG?,A) Inter Miami | B) Barcelona | C) Newell's Old Boys | D) Manchester City,B
1375,football,Who won the FIFA World Cup Golden Ball in both 2014 and 2022?,A) James Rodriguez | B) Luka Modric | C) Kylian Mbappe | D) Lionel Messi,D
1376,football,Which national team has the nickname 'The Socceroos'?,A) Australia | B) New Zealand | C) USA | D) South Africa,A
1377,football,Who is the all-time top scorer in English Premier League history?,A) Alan Shearer | B) Thierry Henry | C) Harry Kane | D) Wayne Rooney,A
1378,football,Which country won the UEFA Euro 2020 (held in 2021)?,A) Spain | B) England | C) Denmark | D) Italy,D
1379,football,Which Italian club is known as 'The Old Lady' (La Vecchia Signora)?,A) Juventus | B) AC Milan | C) Inter Milan | D) Roma,A
1380,football,Which country won the FIFA Women's World Cup in 2023?,A) Sweden | B) USA | C) England | D) Spain,D
1381,football,Who is the legendary German goalkeeper nicknamed 'The Titan'?,A) Sepp Maier | B) Oliver Kahn | C) Manuel Neuer | D) Jens Lehmann,B
1382,football,Which club is nicknamed 'The Red Devils' in England?,A) Arsenal | B) Manchester United | C) Chelsea | D) Liverpool,B
1383,football,Which team won the FIFA World Cup in 2010 playing tiki-taka football?,A) Germany | B) Netherlands | C) Argentina | D) Spain,D
1384,football,Which club won the UEFA Champions League in the 1998/1999 season?,A) Real Madrid | B) Juventus | C) Bayern Munich | D) Manchester United,D
1387,football,Which club won the UEFA Champions League in the 1995/1996 season?,A) Juventus | B) Real Madrid | C) Ajax | D) AC Milan,A
1388,football,Which club won the UEFA Champions League in the 1994/1995 season?,A) AC Milan | B) Real Madrid | C) Ajax | D) Juventus,C
1389,football,Which club won the UEFA Champions League in the 1993/1994 season?,A) AC Milan | B) Real Madrid | C) Barcelona | D) Juventus,A
1390,football,Which club won the UEFA Champions League in the 1992/1993 season?,A) Marseille | B) AC Milan | C) Real Madrid | D) Juventus,A
1391,football,Which player is known as 'O Rei' (The King)?,A) Maradona | B) Eusebio | C) Pele | D) Zico,C
1392,football,Which country has played in every single FIFA World Cup tournament?,A) Brazil | B) Italy | C) Argentina | D) Germany,A
1393,football,Who won the FIFA World Cup as both player and manager?,A) Mario Zagallo | B) Pele | C) Diego Maradona | D) Zinedine Zidane,A
1394,football,Which player scored the fastest hat-trick in Premier League history?,A) Sadio Mane | B) Alan Shearer | C) Robbie Fowler | D) Thierry Henry,A
1395,football,Which country has won the most Africa Cup of Nations titles?,A) Egypt | B) Cameroon | C) Nigeria | D) Ghana,A
1396,football,Who is the all-time top scorer in the Africa Cup of Nations?,A) Laurent Pokou | B) Rashidi Yekini | C) Didier Drogba | D) Samuel Eto'o,D
1397,football,Who was the captain of the 2010 World Cup winning Spanish team?,A) Carles Puyol | B) Andres Iniesta | C) Xavi Hernandez | D) Iker Casillas,D
1398,football,Which club is nicknamed 'The Gunners'?,A) Aston Villa | B) Chelsea | C) West Ham | D) Arsenal,D
1399,football,Which club is nicknamed 'The Citizens'?,A) Manchester City | B) Coventry City | C) Norwich City | D) Leicester City,A
1400,football,Which club is nicknamed 'The Red Devils' in Belgium?,A) Liverpool | B) AC Milan | C) Bayern Munich | D) Manchester United,D
1401,football,Which country won the UEFA Euro 2016?,A) Portugal | B) Germany | C) France | D) Wales,A
1402,football,Who won the Golden Boot at the 2018 FIFA World Cup?,A) Kylian Mbappe | B) Antoine Griezmann | C) Romelu Lukaku | D) Harry Kane,D
1403,football,Who won the Golden Boot at the 2022 FIFA World Cup?,A) Lionel Messi | B) Julian Alvarez | C) Kylian Mbappe | D) Olivier Giroud,C
1404,football,Who is the all-time top scorer for the Argentina national team?,A) Diego Maradona | B) Lionel Messi | C) Gabriel Batistuta | D) Sergio Aguero,B
1405,football,Who is the all-time top scorer for the France national team?,A) Antoine Griezmann | B) Thierry Henry | C) Olivier Giroud | D) Michel Platini,C
1406,football,Who is the all-time top scorer for the Germany national team?,A) Miroslav Klose | B) Gerd Muller | C) Jurgen Klinsmann | D) Lukas Podolski,A
1407,football,Who is the all-time top scorer for the England national team?,A) Wayne Rooney | B) Harry Kane | C) Bobby Charlton | D) Gary Lineker,B
1408,football,Which country won the UEFA Euro 2024?,A) Germany | B) England | C) France | D) Spain,D
1409,football,Who was named the UEFA Euro 2024 Player of the Tournament?,A) Fabian Ruiz | B) Lamine Yamal | C) Jude Bellingham | D) Rodri,D
1410,football,Which country won the Copa America in 2024?,A) Uruguay | B) Colombia | C) Argentina | D) Brazil,C
1411,football,Which club won the English Premier League title in the 2023/2024 season?,A) Manchester City | B) Atletico Madrid | C) Liverpool | D) Arsenal,A
1412,football,Which club won the Spanish La Liga title in the 2022/2023 season?,A) Real Madrid | B) Liverpool | C) Atletico Madrid | D) Barcelona,A
1413,football,Which club won the Italian Serie A title in the 2021/2022 season?,A) Inter Milan | B) Liverpool | C) Atletico Madrid | D) AC Milan,A
1414,football,Which club won the German Bundesliga title in the 2020/2021 season?,A) Borussia Dortmund | B) Bayern Munich | C) Atletico Madrid | D) Liverpool,B
1415,football,Which club won the French Ligue 1 title in the 2019/2020 season?,A) Marseille | B) Atletico Madrid | C) Liverpool | D) Paris Saint-Germain,D
1416,football,Which club won the English Premier League title in the 2018/2019 season?,A) Arsenal | B) Manchester City | C) Liverpool | D) Atletico Madrid,B
1417,football,Which club won the Spanish La Liga title in the 2017/2018 season?,A) Atletico Madrid | B) Barcelona | C) Real Madrid | D) Liverpool,C
1418,football,Which club won the Italian Serie A title in the 2016/2017 season?,A) Inter Milan | B) Liverpool | C) Atletico Madrid | D) AC Milan,A
1419,football,Which club won the German Bundesliga title in the 2023/2024 season?,A) Liverpool | B) Bayern Munich | C) Atletico Madrid | D) Borussia Dortmund,B
1420,football,Which club won the French Ligue 1 title in the 2022/2023 season?,A) Liverpool | B) Marseille | C) Paris Saint-Germain | D) Atletico Madrid,C
1421,football,Which club won the English Premier League title in the 2021/2022 season?,A) Arsenal | B) Manchester City | C) Atletico Madrid | D) Liverpool,B
1422,football,Which club won the Spanish La Liga title in the 2020/2021 season?,A) Real Madrid | B) Atletico Madrid | C) Liverpool | D) Barcelona,A
1423,football,Which club won the Italian Serie A title in the 2019/2020 season?,A) Inter Milan | B) AC Milan | C) Atletico Madrid | D) Liverpool,A
1424,football,Which club won the German Bundesliga title in the 2018/2019 season?,A) Liverpool | B) Borussia Dortmund | C) Atletico Madrid | D) Bayern Munich,D
1425,football,Which club won the French Ligue 1 title in the 2017/2018 season?,A) Liverpool | B) Paris Saint-Germain | C) Atletico Madrid | D) Marseille,B
1426,football,Which club won the English Premier League title in the 2016/2017 season?,A) Arsenal | B) Liverpool | C) Manchester City | D) Atletico Madrid,C
1427,football,Which club won the Spanish La Liga title in the 2023/2024 season?,A) Barcelona | B) Liverpool | C) Real Madrid | D) Atletico Madrid,C
1428,football,Which club won the Italian Serie A title in the 2022/2023 season?,A) Liverpool | B) Atletico Madrid | C) Inter Milan | D) AC Milan,C
1429,football,Which club won the German Bundesliga title in the 2021/2022 season?,A) Atletico Madrid | B) Bayern Munich | C) Liverpool | D) Borussia Dortmund,B
1430,football,Which club won the French Ligue 1 title in the 2020/2021 season?,A) Liverpool | B) Marseille | C) Paris Saint-Germain | D) Atletico Madrid,C
1431,football,Which club won the English Premier League title in the 2019/2020 season?,A) Atletico Madrid | B) Liverpool | C) Manchester City | D) Arsenal,C
1432,football,Which club won the Spanish La Liga title in the 2018/2019 season?,A) Atletico Madrid | B) Barcelona | C) Liverpool | D) Real Madrid,D
1433,football,Which club won the Italian Serie A title in the 2017/2018 season?,A) Inter Milan | B) Liverpool | C) Atletico Madrid | D) AC Milan,A
1434,football,Which club won the German Bundesliga title in the 2016/2017 season?,A) Atletico Madrid | B) Liverpool | C) Borussia Dortmund | D) Bayern Munich,D
1435,football,Which club won the French Ligue 1 title in the 2023/2024 season?,A) Marseille | B) Paris Saint-Germain | C) Liverpool | D) Atletico Madrid,B
1436,football,Which club won the English Premier League title in the 2022/2023 season?,A) Atletico Madrid | B) Liverpool | C) Manchester City | D) Arsenal,C
1437,football,Which club won the Spanish La Liga title in the 2021/2022 season?,A) Liverpool | B) Barcelona | C) Atletico Madrid | D) Real Madrid,D
1438,football,Which club won the Italian Serie A title in the 2020/2021 season?,A) AC Milan | B) Liverpool | C) Atletico Madrid | D) Inter Milan,D
1439,football,Which club won the German Bundesliga title in the 2019/2020 season?,A) Bayern Munich | B) Atletico Madrid | C) Liverpool | D) Borussia Dortmund,A
1440,football,Which club won the French Ligue 1 title in the 2018/2019 season?,A) Liverpool | B) Marseille | C) Paris Saint-Germain | D) Atletico Madrid,C
1441,football,Which club won the English Premier League title in the 2017/2018 season?,A) Manchester City | B) Atletico Madrid | C) Arsenal | D) Liverpool,A
1442,football,Which club won the Spanish La Liga title in the 2016/2017 season?,A) Liverpool | B) Real Madrid | C) Barcelona | D) Atletico Madrid,B
1443,football,Which club won the Italian Serie A title in the 2023/2024 season?,A) Atletico Madrid | B) AC Milan | C) Inter Milan | D) Liverpool,C
1444,football,Which club won the German Bundesliga title in the 2022/2023 season?,A) Bayern Munich | B) Atletico Madrid | C) Borussia Dortmund | D) Liverpool,A
1445,football,Which club won the French Ligue 1 title in the 2021/2022 season?,A) Marseille | B) Paris Saint-Germain | C) Atletico Madrid | D) Liverpool,B
1446,football,Which club won the English Premier League title in the 2020/2021 season?,A) Manchester City | B) Arsenal | C) Liverpool | D) Atletico Madrid,A
1447,football,Which club won the Spanish La Liga title in the 2019/2020 season?,A) Barcelona | B) Real Madrid | C) Atletico Madrid | D) Liverpool,B
1448,football,Which club won the Italian Serie A title in the 2018/2019 season?,A) Atletico Madrid | B) AC Milan | C) Liverpool | D) Inter Milan,D
1449,football,Which club won the German Bundesliga title in the 2017/2018 season?,A) Bayern Munich | B) Atletico Madrid | C) Liverpool | D) Borussia Dortmund,A
1450,football,Which club won the French Ligue 1 title in the 2016/2017 season?,A) Liverpool | B) Marseille | C) Atletico Madrid | D) Paris Saint-Germain,D
1451,math,(20 + 6) = ,None,26
1452,math,(24 + 9) = ,None,33
1453,math,(28 + 12) = ,None,40
1454,math,(32 + 15) = ,None,47
1455,math,(36 + 18) = ,None,54
1456,math,(40 + 21) = ,None,61
1457,math,(44 + 24) = ,None,68
1458,math,(48 + 27) = ,None,75
1459,math,(52 + 30) = ,None,82
1460,math,(56 + 33) = ,None,89
1461,math,(60 + 36) = ,None,96
1462,math,(64 + 39) = ,None,103
1463,math,(68 + 42) = ,None,110
1464,math,(72 + 45) = ,None,117
1465,math,(76 + 48) = ,None,124
1466,math,(80 + 51) = ,None,131
1467,math,(84 + 54) = ,None,138
1468,math,(88 + 57) = ,None,145
1469,math,(92 + 60) = ,None,152
1470,math,(96 + 63) = ,None,159
1471,science,What is the chemical symbol for gold?,A) Cu | B) Ag | C) Fe | D) Au,D
1472,science,What is the speed of light in a vacuum?,"A) 600,000 km/s | B) 300,000 km/s | C) 150,000 km/s | D) 450,000 km/s",B
1473,science,Which planet is known as the Red Planet?,A) Saturn | B) Venus | C) Mars | D) Jupiter,C
1474,science,What gas do plants absorb from the atmosphere for photosynthesis?,A) Nitrogen | B) Oxygen | C) Carbon dioxide | D) Hydrogen,C
1475,science,What is the powerhouse of the cell?,A) Nucleus | B) Chloroplast | C) Ribosome | D) Mitochondria,D
1476,science,What is the boiling point of water in Celsius?,A) 100 | B) 90 | C) 80 | D) 120,A
1477,science,Which force pulls objects toward the center of the Earth?,A) Friction | B) Magnetism | C) Tension | D) Gravity,D
1478,science,What is the chemical formula for water?,A) NaCl | B) CO2 | C) O2 | D) H2O,D
1479,science,How many teeth does an adult human typically have?,A) 28 | B) 32 | C) 34 | D) 30,B
1480,science,What is the closest star to Earth?,A) Alpha Centauri | B) The Sun | C) Sirius | D) Proxima Centauri,B
1481,science,Which blood cells help fight infections?,A) Plasma | B) Red blood cells | C) Platelets | D) White blood cells,D
1482,science,What is the chemical symbol for Oxygen?,A) O | B) Op | C) Ox | D) Og,A
1483,science,What is the hardest natural substance on Earth?,A) Quartz | B) Iron | C) Gold | D) Diamond,D
1484,science,Which instrument is used to measure atmospheric pressure?,A) Thermometer | B) Barometer | C) Anemometer | D) Hygrometer,B
1485,science,What is the chemical symbol for Sodium?,A) S | B) Sd | C) So | D) Na,D
1486,science,Which planet has the most visible rings?,A) Saturn | B) Jupiter | C) Neptune | D) Uranus,A
1487,science,What is the main gas found in the air we breathe?,A) Argon | B) Oxygen | C) Carbon dioxide | D) Nitrogen,D
1488,science,What is the unit of electric resistance?,A) Watt | B) Volt | C) Ohm | D) Ampere,C
1489,science,What is the name of the galaxy we live in?,A) Sombrero | B) Triangulum | C) The Milky Way | D) Andromeda,C
1490,science,What is the chemical symbol for Helium?,A) Hl | B) He | C) H | D) Hu,B
1491,literature,Who wrote 'Romeo and Juliet'?,A) William Shakespeare | B) Mark Twain | C) Jane Austen | D) Charles Dickens,A
1492,literature,What is the title of the ancient Mesopotamian epic poem?,A) Iliad | B) Odyssey | C) Aeneid | D) Epic of Gilgamesh,D
1493,literature,Who wrote the famous novel 'Pride and Prejudice'?,A) Charlotte Bronte | B) Jane Austen | C) Virginia Woolf | D) Mary Shelley,B
1494,literature,Who is the author of 'The Great Gatsby'?,A) F. Scott Fitzgerald | B) John Steinbeck | C) Ernest Hemingway | D) William Faulkner,A
1495,literature,Who wrote 'Hamlet'?,A) Christopher Marlowe | B) Ben Jonson | C) John Milton | D) William Shakespeare,D
1496,literature,Which epic poem is attributed to the ancient Greek poet Homer?,A) The Divine Comedy | B) Beowulf | C) The Odyssey | D) The Aeneid,C
1497,literature,Who wrote the dystopian novel '1984'?,A) Aldous Huxley | B) George Orwell | C) H.G. Wells | D) Ray Bradbury,B
1498,literature,Who wrote 'To Kill a Mockingbird'?,A) Harper Lee | B) William Faulkner | C) Truman Capote | D) Flannery O'Connor,A
1499,literature,Who is the author of 'Moby-Dick'?,A) Mark Twain | B) Edgar Allan Poe | C) Herman Melville | D) Nathaniel Hawthorne,C
1500,literature,Which Russian author wrote 'War and Peace'?,A) Anton Chekhov | B) Ivan Turgenev | C) Leo Tolstoy | D) Fyodor Dostoevsky,C
1501,literature,Who wrote the magical realist novel 'One Hundred Years of Solitude'?,A) Gabriel Garcia Marquez | B) Julio Cortazar | C) Mario Vargas Llosa | D) Jorge Luis Borges,A
1502,literature,Who wrote 'Crime and Punishment'?,A) Anton Chekhov | B) Leo Tolstoy | C) Vladimir Nabokov | D) Fyodor Dostoevsky,D
1503,literature,Who wrote 'Frankenstein'?,A) Mary Shelley | B) Edgar Allan Poe | C) Bram Stoker | D) Lord Byron,A
1504,literature,Who is the author of the fantasy series 'The Lord of the Rings'?,A) C.S. Lewis | B) J.R.R. Tolkien | C) J.K. Rowling | D) George R.R. Martin,B
1505,literature,Who wrote the ancient Indian epic 'Ramayana'?,A) Valmiki | B) Tulsidas | C) Kalidasa | D) Vyasa,A
1506,literature,Who is the author of 'Alice's Adventures in Wonderland'?,A) Hans Christian Andersen | B) Lewis Carroll | C) Brothers Grimm | D) Roald Dahl,B
1507,literature,Who wrote the poem 'The Raven'?,A) Walt Whitman | B) Robert Frost | C) Emily Dickinson | D) Edgar Allan Poe,D
1508,literature,Who wrote the classic French novel 'Les Miserables'?,A) Albert Camus | B) Victor Hugo | C) Gustave Flaubert | D) Alexandre Dumas,B
1509,literature,Who wrote 'The Odyssey'?,A) Virgil | B) Sophocles | C) Homer | D) Euripides,C
1510,literature,Who is the author of 'The Old Man and the Sea'?,A) F. Scott Fitzgerald | B) Ernest Hemingway | C) William Faulkner | D) John Steinbeck,B
1511,history,In which year did World War II end?,A) 1950 | B) 1918 | C) 1945 | D) 1939,C
1512,history,Who was the first President of the United States?,A) John Adams | B) Abraham Lincoln | C) Thomas Jefferson | D) George Washington,D
1513,history,Which empire was ruled by Julius Caesar?,A) Ottoman Empire | B) Roman Empire | C) Greek Empire | D) Persian Empire,B
1514,history,In which year did the Titanic sink?,A) 1920 | B) 1912 | C) 1918 | D) 1905,B
1515,history,Who was the first Emperor of China?,A) Qin Shi Huang | B) Han Wudi | C) Kublai Khan | D) Zhu Yuanzhang,A
1516,history,Which document was signed in 1215 to limit the power of the English king?,A) Constitution | B) Magna Carta | C) Bill of Rights | D) Declaration of Independence,B
1517,history,In which year did World War I begin?,A) 1918 | B) 1939 | C) 1914 | D) 1905,C
1518,history,Who was the famous Queen of Ancient Egypt who allied with Julius Caesar?,A) Nefertiti | B) Hatshepsut | C) Sobekneferu | D) Cleopatra,D
1519,history,Which war was fought between the North and the South in the United States?,A) American Revolutionary War | B) Mexican-American War | C) War of 1812 | D) American Civil War,D
1520,history,In which country did the Industrial Revolution begin?,A) France | B) Germany | C) Great Britain | D) United States,C
1521,history,Who was the leader of the Soviet Union during World War II?,A) Vladimir Lenin | B) Leon Trotsky | C) Nikita Khrushchev | D) Joseph Stalin,D
1522,history,Which ancient civilization built the city of Machu Picchu?,A) Aztec | B) Olmec | C) Inca | D) Maya,C
1523,history,Who was the French heroine during the Hundred Years' War?,A) Catherine de' Medici | B) Marie Antoinette | C) Joan of Arc | D) Eleanor of Aquitaine,C
1524,history,What was the name of the trade route that connected China to the Mediterranean?,A) Royal Road | B) Silk Road | C) Spice Route | D) Amber Road,B
1525,history,Which country gifted the Statue of Liberty to the United States?,A) Germany | B) France | C) Great Britain | D) Italy,B
1526,history,Who was the famous Carthaginian general who crossed the Alps with war elephants?,A) Scipio Africanus | B) Alexander the Great | C) Hannibal | D) Julius Caesar,C
1527,history,In which year did the French Revolution begin?,A) 1789 | B) 1799 | C) 1804 | D) 1776,A
1528,history,Who was the first human to travel into outer space?,A) John Glenn | B) Yuri Gagarin | C) Neil Armstrong | D) Buzz Aldrin,B
1529,history,Which empire built the Taj Mahal in India?,A) Maurya Empire | B) British Empire | C) Mughal Empire | D) Gupta Empire,C
1530,history,In which year did the Berlin Wall fall?,A) 1991 | B) 1985 | C) 1989 | D) 1995,C
1531,programming,What does 'API' stand for in software engineering?,A) Advanced Program Integration | B) Automated Protocol Interface | C) App Performance Indicator | D) Application Programming Interface,D
1532,programming,Which of the following is NOT a fundamental OOP concept?,A) Encapsulation | B) Compilation | C) Inheritance | D) Polymorphism,B
1533,programming,What is the time complexity of searching in a balanced binary search tree?,A) O(n log n) | B) O(1) | C) O(n) | D) O(log n),D
1534,programming,Which data structure uses the LIFO principle?,A) Tree | B) Queue | C) Linked List | D) Stack,D
1535,programming,What keyword in Python is used to define a generator function?,A) yield | B) lambda | C) def | D) return,A
1536,programming,What is the primary function of a compiler?,A) Translate source code to machine code | B) Format code indentation | C) Manage memory allocation | D) Run the program step-by-step,A
1537,programming,What database command is used to add new rows of data?,A) SELECT | B) ADD | C) INSERT | D) UPDATE,C
1538,programming,Which HTML tag is used to define an internal style sheet?,A) <script> | B) <css> | C) <link> | D) <style>,D
1539,programming,"In C++, how do you dynamically allocate memory for an integer?",A) create int | B) malloc(int) | C) new int | D) alloc int,C
1540,programming,Which protocol is commonly used to transfer web pages over the internet?,A) SMTP | B) FTP | C) SSH | D) HTTP,D
1541,programming,What is a function that calls itself called?,None,Recursion
1542,programming,Which built-in Python function returns the length of an object?,None,len
1543,programming,What is the index of the first element in a Python list?,None,0
1544,programming,Which operator is used for exponentiation in Python?,None,**
1545,programming,Which keyword is used to handle exceptions in Python in a try block?,None,except
1546,programming,What is the C++ operator for the scope resolution?,None,::
1547,programming,What standard template library class in C++ represents a dynamic array?,None,vector
1548,programming,Which C++ keyword is used to declare a constant value?,None,const
1549,programming,What data structure uses a First-In First-Out (FIFO) access pattern?,None,Queue
1550,programming,What symbol is used for comments in Python?,None,#
1551,general,Which is the largest ocean on Earth?,A) Arctic Ocean | B) Pacific Ocean | C) Indian Ocean | D) Atlantic Ocean,B
1552,general,What is the capital city of France?,A) London | B) Rome | C) Berlin | D) Paris,D
1553,general,Which country is famous for the Kangaroo?,A) South Africa | B) Australia | C) India | D) New Zealand,B
1554,general,How many continents are there on Earth?,A) 5 | B) 6 | C) 7 | D) 8,C
1555,general,What is the currency of Japan?,A) Yen | B) Won | C) Dollar | D) Yuan,A
1556,general,Which is the smallest country in the world?,A) Malta | B) Monaco | C) San Marino | D) Vatican City,D
1557,general,What is the largest hot desert in the world?,A) Arabian | B) Gobi | C) Sahara | D) Kalahari,C
1558,general,Which planet is closest to the Sun?,A) Mars | B) Earth | C) Venus | D) Mercury,D
1559,general,Who painted the 'Mona Lisa'?,A) Michelangelo | B) Leonardo da Vinci | C) Pablo Picasso | D) Vincent van Gogh,B
1560,general,What is the capital of Spain?,A) Valencia | B) Seville | C) Barcelona | D) Madrid,D
1561,general,How many days are in a standard year?,A) 355 | B) 365 | C) 366 | D) 360,B
1562,general,What is the capital of Italy?,A) Florence | B) Venice | C) Rome | D) Milan,C
1563,general,Which is the tallest mountain in the world?,A) Lhotse | B) K2 | C) Mount Everest | D) Kangchenjunga,C
1564,general,What is the capital of Egypt?,A) Alexandria | B) Luxor | C) Giza | D) Cairo,D
1565,general,Which animal is known as the King of the Jungle?,A) Elephant | B) Lion | C) Leopard | D) Tiger,B
1566,general,What is the capital of Germany?,A) Frankfurt | B) Hamburg | C) Munich | D) Berlin,D
1567,general,Which is the largest country in the world by land area?,A) Canada | B) China | C) USA | D) Russia,D
1568,general,How many primary colors are there?,A) 3 | B) 4 | C) 2 | D) 5,A
1569,general,What is the capital of the United Kingdom?,A) London | B) Belfast | C) Cardiff | D) Edinburgh,A
1570,general,Which bird is famous for its colorful feathers and tail fan?,A) Flamingo | B) Parrot | C) Peacock | D) Swan,C
1571,extreme,What quantum topology concept describes a 3D manifold invariant derived from representation theory of quantum groups?,A) Chern-Simons Theory | B) Reshetikhin-Turaev Invariant | C) Jones Polynomial | D) Casson Invariant,B
1572,extreme,Which theoretical linguistics model posited that syntactic structures are generated by set-theoretic operations called Merge?,A) Standard Theory | B) Minimalist Program | C) Government and Binding | D) Optimality Theory,B
1573,extreme,What epistemological concept formulated by Gettier challenges the classical definition of knowledge?,A) Justified True Belief counterexamples | B) Reliabilism | C) Internalist Justification | D) Coherentism,A
1574,extreme,What metaphysics concept defines the status of abstract entities as having independent existence?,A) Nominalism | B) Substance Dualism | C) Conceptualism | D) Platonic Realism,D
1575,extreme,What advanced economics theory models strategic interactions where players update beliefs via Bayes' rule?,A) Correlated Equilibrium | B) Nash Equilibrium | C) Perfect Bayesian Equilibrium | D) Subgame Perfect Equilibrium,C
1576,extreme,What neurolinguistics term describes the loss of language comprehension due to damage to the left temporal lobe?,A) Anomic Aphasia | B) Wernicke's Aphasia | C) Broca's Aphasia | D) Conduction Aphasia,B
1577,extreme,What astrobiology hypothesis states that complex extraterrestrial life requires a highly improbable combination of astrophysical circumstances?,A) Fermi Paradox | B) Drake Equation | C) Rare Earth Hypothesis | D) Panspermia,C
1578,extreme,What neuroanatomy structure acts as the primary relay station for sensory information to the cerebral cortex?,A) Thalamus | B) Amygdala | C) Hippocampus | D) Hypothalamus,A
1579,extreme,What philosophy of mind theory asserts that mental states are purely functional states defined by inputs and outputs?,A) Behaviorism | B) Identity Theory | C) Functionalism | D) Eliminative Materialism,C
1580,extreme,What theoretical framework in jurisprudence views law as a social construct independent of moral criteria?,A) Natural Law Theory | B) Legal Realism | C) Legal Positivism | D) Critical Legal Studies,C
1581,extreme,What quantum information theorem states that it is impossible to create an identical copy of an arbitrary unknown quantum state?,A) No-Deletion Theorem | B) No-Cloning Theorem | C) Bell's Theorem | D) Schrodinger's Theorem,B
1582,extreme,What philosophy of science concept argues that theories should be judged by their empirical testability and falsifiability?,A) Falsificationism | B) Instrumentalism | C) Scientific Realism | D) Logical Positivism,A
1583,extreme,What anthropological concept describes the integration of diverse cultural elements into a single cohesive system?,A) Diffusionism | B) Acculturation | C) Assimilation | D) Syncretism,D
1584,extreme,What philology term denotes the reconstruction of a lost parent language by comparing daughter languages?,A) Etymology | B) Glottochronology | C) Internal Reconstruction | D) Comparative Method,D
1585,extreme,What macroeconomics concept explains the short-run trade-off between unemployment and inflation?,A) Okun's Law | B) IS-LM Model | C) Phillips Curve | D) Solow Growth Model,C
1586,extreme,What neurolinguistics process refers to the brain's ability to reorganize linguistic functions after injury?,A) Neuroplasticity | B) Lateralization | C) Localization | D) Synaptogenesis,A
1587,extreme,What advanced law doctrine imposes liability on a principal for the tortious acts of an agent?,A) Respondeat Superior | B) Promissory Estoppel | C) Stare Decisis | D) Caveat Emptor,A
1588,extreme,"What metaphysics theory claims that only present objects exist, with past and future objects being non-existent?",A) Presentism | B) Modal Realism | C) Growing Block Universe | D) Eternalism,A
1589,extreme,What advanced economics term defines a situation where market equilibrium is not Pareto efficient due to asymmetric information?,A) Adverse Selection | B) Market Failure | C) Principal-Agent Problem | D) Moral Hazard,B
1590,extreme,What astrobiology concept defines the region around a star where liquid water can exist on a planet's surface?,A) Habitable Zone | B) Galactic Zone | C) Stellar Disk | D) Accretion Zone,A
1591,anime,Who is the main protagonist of 'One Piece'?,A) Vinsmoke Sanji | B) Monkey D. Luffy | C) Roronoa Zoro | D) Portgas D. Ace,B
1592,anime,What is the name of Naruto's signature energy technique?,A) Rasengan | B) Amaterasu | C) Chidori | D) Kage Bunshin,A
1593,anime,Who is the protagonist of 'Attack on Titan' who vows to destroy all Titans?,A) Mikasa Ackerman | B) Levi Ackerman | C) Armin Arlert | D) Eren Yeager,D
1594,anime,Who is the Demon Slayer who carries his sister Nezuko in a wooden box?,A) Inosuke Hashibira | B) Zenitsu Agatsuma | C) Giyu Tomioka | D) Tanjiro Kamado,D
1595,anime,What is the name of the main protagonist of 'Jujutsu Kaisen' who swallows Sukuna's finger?,A) Megumi Fushiguro | B) Satoru Gojo | C) Nobara Kugisaki | D) Yuji Itadori,D
1596,anime,What planet is Goku originally from in 'Dragon Ball Z'?,A) Namek | B) Planet Freet | C) Planet Vegeta | D) Earth,C
1597,anime,What is the name of the shinigami who drops the Death Note in the human world?,A) Sidoh | B) Gelus | C) Ryuk | D) Rem,C
1598,anime,What is Deku's real name in 'My Hero Academia'?,A) Katsuki Bakugo | B) All Might | C) Izuku Midoriya | D) Shoto Todoroki,C
1599,anime,What is the name of the younger Elric brother in 'Fullmetal Alchemist' whose soul is bound to armor?,A) Van Hohenheim | B) Edward Elric | C) Alphonse Elric | D) Roy Mustang,C
1600,anime,Who is the main protagonist of 'Hunter x Hunter' who seeks to find his father?,A) Leorio | B) Gon Freecss | C) Killua Zoldyck | D) Kurapika,B
1601,anime,What is the name of the captain of the Straw Hat Pirates in 'One Piece'?,A) Whitebeard | B) Gol D. Roger | C) Monkey D. Luffy | D) Red-Haired Shanks,C
1602,anime,Who is Naruto's teacher who always wears a mask over his face?,A) Jiraiya | B) Might Guy | C) Iruka Umino | D) Kakashi Hatake,D
1603,anime,What is the name of the strongest humanity's soldier in 'Attack on Titan'?,A) Eren Yeager | B) Reiner Braun | C) Erwin Smith | D) Levi Ackerman,D
1604,anime,Who is the Flame Hashira in 'Demon Slayer: Mugen Train'?,A) Shinobu Kocho | B) Giyu Tomioka | C) Tengen Uzui | D) Kyojuro Rengoku,D
1605,anime,Who is the blind-folded special grade Jujutsu sorcerer in 'Jujutsu Kaisen'?,A) Satoru Gojo | B) Kento Nanami | C) Yuta Okkotsu | D) Suguru Geto,A
1606,anime,What form does Goku first achieve in his fight against Frieza on Namek?,A) Super Saiyan | B) Super Saiyan 2 | C) Ultra Instinct | D) Super Saiyan God,A
1607,anime,What is the alias used by Light Yagami in 'Death Note'?,A) Kira | B) Mello | C) L | D) Near,A
1608,anime,What is Deku's quirk name in 'My Hero Academia'?,A) Explosion | B) Half-Cold Half-Hot | C) All For One | D) One For All,D
1609,anime,What is Edward Elric's alchemist title in 'Fullmetal Alchemist'?,A) Strong Arm Alchemist | B) Flame Alchemist | C) State Alchemist | D) Fullmetal Alchemist,D
1610,anime,Who is the prodigy assassin from the Zoldyck family in 'Hunter x Hunter'?,A) Illumi Zoldyck | B) Hisoka Morow | C) Killua Zoldyck | D) Gon Freecss,C
cars_1,cars,[⭐] [badge:mercedes_star] Which German luxury car manufacturer is recognized worldwide by this three-pointed star icon?,A) Mercede-Benz | B) Bimmer | C) Audii | D) Volksvagen,A
cars_2,cars,[⭐] [badge:mercedes_star] Which car brand produces the executive E-Class and flagship S-Class under this three-pointed star emblem?,A) Bimmer | B) Mercede-Benz | C) Audii | D) Volksvagen,B
cars_3,cars,[⭐] [badge:mercedes_star] Which car company features this star emblem alongside its famous high-performance AMG division?,A) Bimmer | B) Audii | C) Mercede-Benz | D) Volksvagen,C
cars_4,cars,[🔘🔘🔘🔘] [badge:audi_twisted_rings] What German automotive brand is famous for its Quattro all-wheel-drive under this four-ring icon?,A) Bimmer | B) Mercede-Benz | C) Opell | D) Audii,D
cars_5,cars,[🔘🔘🔘🔘] [badge:audi_twisted_rings] Which car brand produces the high-performance R8 mid-engine supercar under this four-ring emblem?,A) Audii | B) Bimmer | C) Mercede-Benz | D) Opell,A
cars_6,cars,[🔘🔘🔘🔘] [badge:audi_twisted_rings] Which car company manufactures the iconic RS6 Avant super-wagon carrying this four-ring badge?,A) Bimmer | B) Audii | C) Mercede-Benz | D) Opell,B
cars_7,cars,[⭕] [badge:toyota_ellipses] Which Japanese automaker features three overlapping ellipses forming a 'T' in this emblem?,A) Hondo | B) Nissun | C) Toyoto | D) Mazdo,C
cars_8,cars,[⭕] [badge:toyota_ellipses] Which car brand produces the legendary Land Cruiser off-road SUV under this triple-ellipse badge?,A) Hondo | B) Nissun | C) Mazdo | D) Toyoto,D
cars_9,cars,[⭕] [badge:toyota_ellipses] Which carmaker pioneered mass-market hybrid driving with the Prius under this emblem?,A) Toyoto | B) Hondo | C) Nissun | D) Mazdo,A
cars_10,cars,[🎗️] [badge:chevrolet_bowtie] Which American car brand uses this famous metallic gold bowtie emblem across its cars and trucks?,A) Forde | B) Chevrolette | C) Dodgie | D) Pontyac,B
cars_11,cars,[🎗️] [badge:chevrolet_bowtie] Which car company manufactures the legendary Corvette sports car under this bowtie icon?,A) Forde | B) Dodgie | C) Chevrolette | D) Pontyac,C
cars_12,cars,[🎗️] [badge:chevrolet_bowtie] Which American automaker produces the Camaro muscle car and Silverado pickup truck under this bowtie badge?,A) Forde | B) Dodgie | C) Pontyac | D) Chevrolette,D
cars_13,cars,[⚡] [badge:tesla_t_plug] Which pioneering electric vehicle company is recognized by this stylized 'T' emblem?,A) Teslla | B) Rivyan | C) Lucyd | D) Polestar,A
cars_14,cars,[⚡] [badge:tesla_t_plug] Which car brand produces the high-selling Model 3 and Model Y electric cars carrying this emblem?,A) Rivyan | B) Teslla | C) Lucyd | D) Polestar,B
cars_15,cars,[⚡] [badge:tesla_t_plug] Which automaker operates the global Supercharger DC fast-charging network under this 'T' logo?,A) Rivyan | B) Lucyd | C) Teslla | D) Polestar,C
cars_16,cars,[🛡️] [badge:porsche_crest] Which German sports car brand from Stuttgart manufactures the rear-engine 911 under this crest?,A) Bimmer | B) Audii | C) Mercede-Benz | D) Porshe,D
cars_17,cars,[🛡️] [badge:porsche_crest] Which carmaker produces the mid-engine 718 Cayman and Boxster sports cars carrying this crest?,A) Porshe | B) Bimmer | C) Audii | D) Mercede-Benz,A
cars_18,cars,[🛡️] [badge:porsche_crest] Which performance car brand builds the Taycan all-electric sports sedan under this coat-of-arms badge?,A) Bimmer | B) Porshe | C) Audii | D) Mercede-Benz,B
cars_19,cars,[🐎] [badge:ferrari_rearing_horse] What famous Italian exotic supercar maker from Maranello features this prancing horse badge?,A) Lamborgini | B) Maseratty | C) Ferrary | D) Pagany,C
cars_20,cars,[🐎] [badge:ferrari_rearing_horse] Which car brand is celebrated for its signature 'Rosso Corsa' red racing paint under this prancing horse emblem?,A) Lamborgini | B) Maseratty | C) Pagany | D) Ferrary,D
cars_21,cars,"[🐎] [badge:ferrari_rearing_horse] Which supercar company produces the 458 Italia, 488 GTB, and F8 Tributo under this prancing stallion icon?",A) Ferrary | B) Lamborgini | C) Maseratty | D) Pagany,A
cars_22,cars,[🐂] [badge:lamborghini_bull] Which Italian exotic supercar maker features this raging golden fighting bull on its shield badge?,A) Ferrary | B) Lamborgini | C) Bugatty | D) Maseratty,B
cars_23,cars,[🐂] [badge:lamborghini_bull] Which car company manufactures the V10 Huracan and twin-turbo Urus SUV under this raging bull emblem?,A) Ferrary | B) Bugatty | C) Lamborgini | D) Maseratty,C
cars_24,cars,[🐂] [badge:lamborghini_bull] Which brand famously equips its flagship V12 supercars with upward-opening scissor doors under this bull badge?,A) Ferrary | B) Bugatty | C) Maseratty | D) Lamborgini,D
cars_25,cars,[✨] [badge:subaru_pleiades_stars] Which Japanese car brand features six silver stars on a blue oval in this emblem?,A) Subaroo | B) Mitsubishy | C) Toyoto | D) Suzukii,A
cars_26,cars,[✨] [badge:subaru_pleiades_stars] Which car company is renowned for Symmetrical All-Wheel Drive and Boxer engines across its lineup under this emblem?,A) Mitsubishy | B) Subaroo | C) Toyoto | D) Suzukii,B
cars_27,cars,"[✨] [badge:subaru_pleiades_stars] Which automaker produces the rugged Outback, Forester, and Crosstrek carrying this six-star badge?",A) Mitsubishy | B) Toyoto | C) Subaroo | D) Suzukii,C
cars_28,cars,[🔵] [badge:ford_blue_oval] Which American automaker founded by Henry Ford in 1903 is identified by this famous blue oval badge?,A) Chevrolette | B) Dodgie | C) Cadillack | D) Forde,D
cars_29,cars,[🔵] [badge:ford_blue_oval] Which car brand created the Mustang pony car in 1964 and the best-selling F-150 pickup truck under this blue oval?,A) Forde | B) Chevrolette | C) Dodgie | D) Cadillack,A
cars_30,cars,[🔵] [badge:ford_blue_oval] Which company manufactures the Bronco off-roader and Explorer SUV bearing this classic blue oval logo?,A) Chevrolette | B) Forde | C) Dodgie | D) Cadillack,B
cars_31,cars,[🪽] [badge:aston_martin_wings] What British luxury sports car brand famous for James Bond films is recognized by this spread-wings emblem?,A) Bently | B) Jaguarr | C) Aston-Martinn | D) McLarn,C
cars_32,cars,"[🪽] [badge:aston_martin_wings] Which car company manufactures the Vantage, DB11, and DB12 sports grand tourers carrying this winged badge?",A) Bently | B) Jaguarr | C) McLarn | D) Aston-Martinn,D
cars_33,cars,[🪽] [badge:aston_martin_wings] Which automaker produces the 707-horsepower DBX707 ultra-luxury performance SUV carrying this winged icon?,A) Aston-Martinn | B) Bently | C) Jaguarr | D) McLarn,A
cars_34,cars,[⚔️] [badge:volvo_battleaxe] Which Swedish carmaker celebrated globally for automotive safety uses this iron circle-and-arrow emblem?,A) Saabb | B) Volvvo | C) Koeniggsegg | D) Polestar,B
cars_35,cars,[⚔️] [badge:volvo_battleaxe] Which car brand produces the XC90 luxury family SUV and EX90 electric flagship carrying this emblem?,A) Saabb | B) Koeniggsegg | C) Volvvo | D) Polestar,C
cars_36,cars,[⚔️] [badge:volvo_battleaxe] Which automaker manufactures the XC60 and V60 Cross Country wagons under this ancient iron symbol badge?,A) Saabb | B) Koeniggsegg | C) Polestar | D) Volvvo,D
cars_37,cars,[🐆] [badge:jaguar_leaping] Which British luxury sports car marque is symbolized by this leaping predatory cat emblem?,A) Jaguarr | B) Bently | C) Aston-Martinn | D) Land-Rovr,A
cars_38,cars,[🐆] [badge:jaguar_leaping] Which car company produces the supercharged F-Type two-seat sports car under this leaping feline mascot?,A) Bently | B) Jaguarr | C) Aston-Martinn | D) Land-Rovr,B
cars_39,cars,[🐆] [badge:jaguar_leaping] Which luxury automaker manufactures the I-Pace all-electric performance crossover carrying this feline badge?,A) Bently | B) Aston-Martinn | C) Jaguarr | D) Land-Rovr,C
cars_40,cars,[🎧] [badge:honda_headphones] What Japanese automotive brand known for the Civic and high-revving VTEC uses this metallic 'H' emblem?,A) Toyoto | B) Nissun | C) Mazdo | D) Hondo,D
cars_41,cars,[🎧] [badge:honda_headphones] Which car company manufactures the best-selling Accord sedan and CR-V crossover under this 'H' badge?,A) Hondo | B) Toyoto | C) Nissun | D) Mazdo,A
cars_42,cars,[🎧] [badge:honda_headphones] Which carmaker produces the hot-hatch benchmark Civic Type R with a red 'H' badge and turbocharged engine?,A) Toyoto | B) Hondo | C) Nissun | D) Mazdo,B
cars_43,cars,[🤝] [badge:hyundai_italic_h] Which South Korean automaker features this slanted italic 'H' inside an oval badge?,A) Kiia | B) Daewoo | C) Hyunday | D) Genesys,C
cars_44,cars,[🤝] [badge:hyundai_italic_h] Which car brand produces the Tucson and Santa Fe family SUVs carrying this slanted 'H' logo?,A) Kiia | B) Daewoo | C) Genesys | D) Hyunday,D
cars_45,cars,[🤝] [badge:hyundai_italic_h] Which carmaker manufactures the retro-futuristic Ioniq 5 electric crossover under this italic 'H' badge?,A) Hyunday | B) Kiia | C) Daewoo | D) Genesys,A
cars_46,cars,[🛑] [badge:nissan_circle_bar] Which Japanese brand that produces the legendary GT-R 'Godzilla' uses this circular nameplate bar badge?,A) Toyoto | B) Nissun | C) Hondo | D) Mazdo,B
cars_47,cars,"[🛑] [badge:nissan_circle_bar] Which car company manufactures the Z sports car (350Z, 370Z, and Nissan Z) carrying this circular emblem?",A) Toyoto | B) Hondo | C) Nissun | D) Mazdo,C
cars_48,cars,[🛑] [badge:nissan_circle_bar] Which automaker produced the pioneering mass-market all-electric Leaf hatchback under this circular bar logo?,A) Toyoto | B) Hondo | C) Mazdo | D) Nissun,D
cars_49,cars,[🪽] [badge:bentley_wings] Which British ultra-luxury brand produces the Continental GT grand tourer under this winged 'B' emblem?,A) Bently | B) Rolls-Royse | C) Aston-Martinn | D) Jaguarr,A
cars_50,cars,[🪽] [badge:bentley_wings] Which luxury automaker handcrafts the Bentayga SUV and Flying Spur limousine under this winged 'B' marque?,A) Rolls-Royse | B) Bently | C) Aston-Martinn | D) Jaguarr,B
cars_51,cars,[🪽] [badge:bentley_wings] Which ultra-luxury carmaker features the motorized retractable 'Flying B' hood ornament atop its flagship models?,A) Rolls-Royse | B) Aston-Martinn | C) Bently | D) Jaguarr,C
cars_52,cars,[🐏] [badge:ram_head] Which American truck brand uses this bold big-horn mountain ram head as its signature emblem?,A) Forde | B) Chevrolette | C) GMC-Motors | D) Ramm,D
cars_53,cars,"[🐏] [badge:ram_head] Which truck maker produces the popular 1500, 2500, and 3500 full-size pickup trucks bearing this ram emblem?",A) Ramm | B) Forde | C) Chevrolette | D) GMC-Motors,A
cars_54,cars,[🐏] [badge:ram_head] Which brand separated from Dodge in 2010 to become its own standalone commercial truck manufacturer using this ram logo?,A) Forde | B) Ramm | C) Chevrolette | D) GMC-Motors,B
cars_55,cars,[📐] [badge:acura_caliper] Which Japanese luxury brand uses this stylized caliper precision tool emblem resembling the letter 'A'?,A) Lexuss | B) Infinitii | C) Acuraa | D) Genesys,C
cars_56,cars,[📐] [badge:acura_caliper] Which brand is the dedicated luxury and performance division of Honda launched in North America in 1986 under this badge?,A) Lexuss | B) Infinitii | C) Genesys | D) Acuraa,D
cars_57,cars,[📐] [badge:acura_caliper] Which luxury automaker produces the MDX 3-row family SUV and RDX crossover carrying this caliper-inspired logo?,A) Acuraa | B) Lexuss | C) Infinitii | D) Genesys,A
cars_58,cars,[🛡️🛡️🛡️] [badge:buick_tri_shield] Which American division of General Motors features this three-shield (Tri-Shield) circular emblem?,A) Cadillack | B) Buicke | C) Chevrolette | D) Pontyac,B
cars_59,cars,[🛡️🛡️🛡️] [badge:buick_tri_shield] Which historic brand founded in 1899 is the oldest active automotive make in the United States under this Tri-Shield badge?,A) Cadillack | B) Chevrolette | C) Buicke | D) Pontyac,C
cars_60,cars,[🛡️🛡️🛡️] [badge:buick_tri_shield] Which GM luxury brand manufactures popular crossover SUVs like the Enclave and Encore GX under this three-shield emblem?,A) Cadillack | B) Chevrolette | C) Pontyac | D) Buicke,D
cars_61,cars,[👑] [badge:rolls_royce_intertwined_rr] What legendary British ultra-luxury coachbuilder is symbolized by these intertwined 'RR' monogram initials?,A) Rolls-Royse | B) Bently | C) Maybach | D) Aston-Martinn,A
cars_62,cars,[👑] [badge:rolls_royce_intertwined_rr] Which luxury automaker hand-builds the flagship Phantom and Ghost limousines adorned with this intertwined RR badge?,A) Bently | B) Rolls-Royse | C) Maybach | D) Aston-Martinn,B
cars_63,cars,[👑] [badge:rolls_royce_intertwined_rr] Which brand equips its luxury vehicles with full-size umbrellas stored inside the door frames beside this emblem?,A) Bently | B) Maybach | C) Rolls-Royse | D) Aston-Martinn,C
cars_64,cars,[🪽] [badge:genesis_wings] What South Korean luxury automotive brand is recognized by this winged crest with a dark center shield?,A) Lexuss | B) Infinitii | C) Acuraa | D) Genesys,D
cars_65,cars,[🪽] [badge:genesis_wings] Which brand was established in 2015 as the dedicated standalone luxury division of Hyundai Motor Group?,A) Genesys | B) Lexuss | C) Infinitii | D) Acuraa,A
cars_66,cars,[🪽] [badge:genesis_wings] Which luxury automaker manufactures the GV70 and GV80 SUVs and G80 executive sedan under this winged crest?,A) Lexuss | B) Genesys | C) Infinitii | D) Acuraa,B
cars_67,cars,[🔘] [badge:volkswagen_steampunk] Which famous German automaker is represented by this classic stacked 'V' over 'W' monogram inside a circle?,A) Bimmer | B) Opell | C) Volksvagen | D) Audii,C
cars_68,cars,"[🔘] [badge:volkswagen_steampunk] Which car brand produced the original air-cooled, rear-engine Beetle Type 1 under this iconic German badge?",A) Bimmer | B) Opell | C) Audii | D) Volksvagen,D
cars_69,cars,[🔘] [badge:volkswagen_steampunk] Which automaker manufactures the best-selling Golf hatchback and Tiguan crossover carrying this famous 'VW' monogram?,A) Volksvagen | B) Bimmer | C) Opell | D) Audii,A
cars_70,cars,[⚙️] [badge:volkswagen_winged] What German automotive brand group produces the modern ID.4 electric SUV under this streamlined winged emblem?,A) Bimmer-Aero | B) Volksvagen-Aero | C) Audii-Sport | D) Opell-Blitz,B
cars_71,cars,[⚙️] [badge:volkswagen_winged] Which car brand launched the all-electric retro-styled ID. Buzz microbus van carrying this modernized winged logo?,A) Bimmer-Aero | B) Audii-Sport | C) Volksvagen-Aero | D) Opell-Blitz,C
cars_72,cars,[⚙️] [badge:volkswagen_winged] Which automaker manufactures the 315-horsepower all-wheel-drive Golf R performance flagship under this emblem?,A) Bimmer-Aero | B) Audii-Sport | C) Opell-Blitz | D) Volksvagen-Aero,D
cars_73,cars,[🕊️] [badge:mazda_winged_hourglass] Which Japanese automaker features this stylized winged emblem resembling soaring wings inside an oval?,A) Mazdo | B) Toyoto | C) Nissun | D) Subaroo,A
cars_74,cars,"[🕊️] [badge:mazda_winged_hourglass] Which car brand produces the MX-5 Miata, the best-selling two-seat convertible sports car in history under this badge?",A) Toyoto | B) Mazdo | C) Nissun | D) Subaroo,B
cars_75,cars,"[🕊️] [badge:mazda_winged_hourglass] Which carmaker manufactures the CX-5, CX-50, and CX-90 crossover SUVs carrying this soaring wings badge?",A) Toyoto | B) Nissun | C) Mazdo | D) Subaroo,C
cars_76,cars,[⚡] [badge:lightning_circle_emblem] Which German automaker uses this horizontal lightning bolt ('Blitz') inside a circle as its logo?,A) Volksvagen | B) Bimmer | C) Audii | D) Opell,D
cars_77,cars,"[⚡] [badge:lightning_circle_emblem] Which car brand, historically sold alongside Vauxhall in the UK, produces the Astra and Corsa hatchbacks under this lightning badge?",A) Opell | B) Volksvagen | C) Bimmer | D) Audii,A
cars_78,cars,[⚡] [badge:lightning_circle_emblem] Which Russelsheim-based European automaker now part of Stellantis features this lightning bolt emblem?,A) Volksvagen | B) Opell | C) Bimmer | D) Audii,B
cars_79,cars,[🎼] [badge:treble_clef_emblem] What automotive concept brand features this musical treble clef badge representing exhaust symphony?,A) Sonata-Auto | B) Cadence-Cars | C) Melody-Motors | D) Harmony-Auto,C
cars_80,cars,[🎼] [badge:treble_clef_emblem] Which boutique sports car concept is symbolized by this musical G-clef emblem celebrating engine sound?,A) Sonata-Auto | B) Cadence-Cars | C) Harmony-Auto | D) Melody-Motors,D
cars_81,cars,[🎼] [badge:treble_clef_emblem] Which car design house features this artistic musical treble clef icon to represent acoustic engineering?,A) Melody-Motors | B) Sonata-Auto | C) Cadence-Cars | D) Harmony-Auto,A
cars_82,cars,[🚘] [badge:kia_oval] Which Asian country is the home nation of the automotive brand displayed on this badge?,A) Japan | B) South Korea | C) Germany | D) United States,B
cars_83,cars,[🚘] [badge:kia_oval] What parent automotive conglomerate owns and shares vehicle platforms with this brand?,A) Toyota Group | B) Honda Motor Co. | C) Hyundai-Motor-Group | D) Nissan Alliance,C
cars_84,cars,[🚘] [badge:kia_oval] What popular 3-row midsize family SUV won the World Car of the Year in 2020 under this badge?,A) Sorento | B) Sportage | C) Carnival | D) Telluride,D
cars_85,cars,[🛻] [badge:gmc_block_letters] Which massive American automotive group owns and manufactures this rugged truck and SUV brand?,A) General-Motors | B) Ford Motor Company | C) Stellantis | D) Tesla Motors,A
cars_86,cars,[🛻] [badge:gmc_block_letters] What ultra-luxury flagship trim nameplate featuring bespoke leather and chrome is exclusive to this truck brand?,A) High Country | B) Denali | C) King Ranch | D) Limited,B
cars_87,cars,[🛻] [badge:gmc_block_letters] What full-size luxury SUV sharing its chassis with the Chevrolet Tahoe carries this truck emblem?,A) Suburban | B) Escalade | C) Yukon | D) Expedition,C
cars_88,cars,[🚙] [badge:jeep_letters] What iconic front grille design is this off-road brand famous for alongside its name badge?,A) Honeycomb mesh | B) Split horizontal bar | C) Large chrome hexagon | D) Seven-slot vertical grille,D
cars_89,cars,[🚙] [badge:jeep_letters] What historic 1941 military reconnaissance vehicle built for WWII gave birth to this rugged off-road brand?,A) Willys MB | B) Dodge Power Wagon | C) Humvee | D) Ford GPW,A
cars_90,cars,[🚙] [badge:jeep_letters] What removable-door 4x4 off-roader with solid axles has been the core icon of the brand shown on this badge?,A) Cherokee | B) Wrangler | C) Compass | D) Renegade,B
cars_91,cars,"In [Engines & Car Tech], what 3-letter acronym represents the onboard electronic computer brain that manages engine fuel and ignition (Engine Control Unit)?",,ECU
cars_92,cars,"In [Engines & Car Tech], what 5-letter word describes the luggage compartment under the front hood of an electric vehicle (front trunk)?",,frunk
cars_93,cars,"In [Engines & Car Tech], what 4-letter acronym represents the Tire Pressure Monitoring System that alerts drivers to low tire pressure?",,TPMS
cars_94,cars,"In [Engines & Car Tech], what 3-letter acronym represents the Head-Up Display projected directly onto the windshield in front of the driver?",,HUD
cars_95,cars,"In [Engines & Car Tech], what 3-letter acronym represents the Electric Vehicle category?",,EV
cars_96,cars,"In [Engines & Car Tech], what 3-letter acronym represents Plug-in Hybrid Electric Vehicles that can be plugged into a wall to charge (P...)?",,PHEV
cars_97,cars,"In [Engines & Car Tech], what 3-letter acronym represents the Electronic Stability Control / Program system (E...)?",,ESP
cars_98,cars,"In [Motorsport & F1], what famous 24-hour endurance race in France takes place at the Circuit de la Sarthe (24 Hours of ...)?",,Le Mans
cars_99,cars,"In [Motorsport & F1], what 4-letter safety titanium cockpit bar was introduced to protect Formula 1 drivers' heads in 2018?",,Halo
cars_100,cars,"In [Motorsport & F1], what 4-letter word describes the starting position of the fastest qualifier at the very front of the starting grid (pole ...)?",,position
cars_101,cars,"In [Motorsport & F1], what 3-letter acronym represents the World Rally Championship sanctioned by the FIA?",,WRC
cars_102,cars,"In [Motorsport & F1], what 5-letter word describes the team mechanics' service stop where four tires are changed in 2 seconds?",,pitstop
cars_103,cars,"In [Motorsport & F1], what famous 500-mile Memorial Day open-wheel race is held in Indiana (Indy ...)?",,500
cars_104,cars,"In [Motorsport & F1], what 5-letter color flag indicates danger or an accident ahead and prohibits overtaking?",,yellow
cars_105,cars,"In [Motorsport & Racing], what 3-letter acronym represents the Drag Reduction System rear wing flap used in Formula 1 for overtaking?",,DRS
cars_106,cars,"In [Motorsport & Racing], what 4-letter safety titanium cockpit hoop bar was made mandatory in Formula 1 starting in the 2018 season?",,Halo
cars_107,cars,"In [Motorsport & Racing], what 4-letter safety acronym represents the Head and Neck Support device worn with racing helmets?",,HANS
cars_108,cars,"In [Motorsport & Racing], what famous 24-hour endurance sports car race is held annually at the Circuit de la Sarthe in France?",,Le Mans
cars_109,cars,"In [Motorsport & Racing], what is the famous 14,000-foot Colorado mountain hill climb race called (Pikes ... International Hill Climb)?",,Pikes Peak
cars_110,cars,"In [Motorsport & Racing], what famous Japanese racing driver is nicknamed the 'Drift King' (Keiichi ...)?",,Keiichi Tsuchiya
cars_111,cars,"In [Motorsport & Racing], what legendary American stunt driver, rally racer, and co-founder of DC Shoes starred in the thrilling internet Gymkhana video series?",,Ken Block
cars_112,cars,"In [Iconic Cars & Models], what 3-digit number represents the legendary rear-engine sports car flagship of Porsche since 1964?",,911
cars_113,cars,"In [Iconic Cars & Models], what iconic sports car model did Chevrolet launch in 1953 with a fiberglass body (Corvette ...)?",,Corvette
cars_114,cars,"In [Iconic Cars & Models], what famous twin-turbo Ferrari hypercar built for the company's 40th anniversary in 1987 is known as the F...?",,F40
cars_115,cars,"In [Iconic Cars & Models], what 3-letter acronym represents the high-performance all-wheel-drive flagship coupe of Nissan (Skyline ...)?",,GTR
cars_116,cars,"In [Iconic Cars & Models], what was the name of the hybrid hypercar 'Holy Trinity' model produced by McLaren (McLaren ...)?",,P1
cars_117,cars,"In [Iconic Cars & Models], what hybrid all-wheel-drive hypercar was produced by Porsche alongside the LaFerrari and McLaren P1 (Porsche ...)?",,918 Spyder
cars_118,cars,"In [Iconic Cars & Models], what iconic British high-performance hatchback pioneered the hot-hatch segment for Volkswagen in 1976 (Golf ...)?",,GTI
cars_119,cars,"In [Car Mechanics & Engines], what 3-letter acronym represents the Anti-lock Braking System found on modern cars?",,ABS
cars_120,cars,"In [Car Mechanics & Engines], what 3-letter acronym represents the tachometer engine rotation measurement (Revolutions Per Minute)?",,RPM
cars_121,cars,"In [Car Mechanics & Engines], what mechanical heat exchanger cools the compressed hot air coming from a turbocharger before entering the engine?",,intercooler
cars_122,cars,"In [Car Mechanics & Engines], what fluid is used in hydraulic vehicle braking lines to transfer pedal force to the calipers?",,brake fluid
cars_123,cars,"In [Car Mechanics & Engines], what German engineer invented the rotary combustion engine named after him in the 1950s (Felix ...)?",,Wankel
cars_124,cars,"In [Car Mechanics & Engines], what 3-letter acronym represents continuously variable transmissions that use belts and pulleys instead of fixed gears?",,CVT
cars_125,cars,"In [Car Mechanics & Engines], what is the cylindrical hole in the engine block inside which the piston travels called?",,cylinder
cars_126,cars,"In [Engines & Car Tech], what chemical element is the primary charge carrier in modern electric vehicle (EV) batteries?",A) Lead | B) Nickel | C) Lithium | D) Zinc,C
cars_127,cars,"In [Engines & Car Tech], what process in hybrid and electric cars converts kinetic braking energy back into electricity to recharge the battery?",A) Hydraulic Braking | B) Friction Braking | C) Engine Braking | D) Regenerative Braking,D
cars_128,cars,"In [Engines & Car Tech], what is the luggage storage compartment located under the front hood of an electric car commonly called?",A) Frunk | B) Glovebox | C) Trunk | D) Boot,A
cars_129,cars,"In [Engines & Car Tech], how many cylinders are arranged in two opposing banks of four in a standard V8 engine?",A) 4 | B) 8 | C) 6 | D) 10,B
cars_130,cars,"In [Engines & Car Tech], what forced induction device uses hot exhaust gases to spin a turbine and force extra air into the engine cylinders?",A) Alternator | B) Supercharger | C) Turbocharger | D) Radiator,C
cars_131,cars,"In [Engines & Car Tech], what device recharges the 12-volt battery and powers the car's electrical accessories while the engine is running?",A) Starter Motor | B) Carburetor | C) Catalytic Converter | D) Alternator,D
cars_132,cars,"In [Engines & Car Tech], what exhaust system component cleans toxic engine emissions (carbon monoxide, hydrocarbons) into less harmful gases?",A) Catalytic Converter | B) Muffler | C) Turbocharger | D) Intercooler,A
cars_133,cars,"In [Engines & Car Tech], what mechanical assembly allows the left and right drive wheels on an axle to turn at different speeds when cornering?",A) Flywheel | B) Differential | C) Clutch | D) Driveshaft,B
cars_134,cars,"In [Engines & Car Tech], what cooling system component dissipates engine heat to ambient air by circulating liquid coolant through fine metal fins?",A) Condenser | B) Alternator | C) Radiator | D) Exhaust Header,C
cars_135,cars,"In [Engines & Car Tech], what rotating shaft converts the linear up-and-down motion of pistons into rotational drive motion?",A) Camshaft | B) Driveshaft | C) Axle Half-Shaft | D) Crankshaft,D
cars_136,cars,"In [Engines & Car Tech], what does AWD stand for in automotive drivetrain terminology?",A) All-Wheel Drive | B) Automatic Wheel Drive | C) Active Weight Distribution | D) Advanced Wheel Dynamics,A
cars_137,cars,"In [Engines & Car Tech], what does FWD stand for in vehicle layout?",A) Fast Wheel Drive | B) Front-Wheel Drive | C) Four Wheel Differential | D) Floating Wheel Design,B
cars_138,cars,"In [Engines & Car Tech], what does RWD stand for in vehicle drivetrain layout?",A) Real Wheel Dynamics | B) Radial Wheel Design | C) Rear-Wheel Drive | D) Road Wheel Differential,C
cars_139,cars,"In [Engines & Car Tech], what type of engine does NOT have spark plugs because it ignites fuel purely through high compression heat?",A) Rotary Engine | B) Hybrid Petrol Engine | C) Turbocharged Petrol Engine | D) Diesel Engine,D
cars_140,cars,"In [Engines & Car Tech], what does RPM stand for on an automotive tachometer measuring engine rotational speed?",A) Revolutions Per Minute | B) Radiator Pressure Metric | C) Rate Per Mile | D) Rotor Power Meter,A
cars_141,cars,"In [Engines & Car Tech], what active safety system automatically maintains a set cruising speed and distance from the vehicle ahead using radar?",A) Blind Spot Monitor | B) Adaptive Cruise Control | C) Lane Keeping Assist | D) Automatic Braking,B
cars_142,cars,"In [Engines & Car Tech], what system projects key driving info (like speed and navigation arrows) directly onto the windshield in the driver's line of sight?",A) Digital Cluster | B) Infotainment Screen | C) Head-Up Display | D) Telematics Box,C
cars_143,cars,"In [Engines & Car Tech], what dashboard sensor system monitors the air pressure in all four tires and warns of underinflation?",A) ABS | B) ESC | C) ECU | D) TPMS,D
cars_144,cars,"In [Movie Cars & Culture], what stainless-steel gullwing sports car was transformed into a time machine in the movie 'Back to the Future'?",A) DeLorean DMC-12 | B) Bricklin SV-1 | C) Vector W8 | D) Pontiac Fiero,A
cars_145,cars,"In [Movie Cars & Culture], what 1969 Dodge Charger muscle car with an orange paint job and '01' on the doors was famous in 'The Dukes of Hazzard'?",A) Bandit | B) The General Lee | C) Eleanor | D) Christine,B
cars_146,cars,"In [Movie Cars & Culture], what was the name of the sentient, talking 1982 Pontiac Trans Am equipped with artificial intelligence in the TV series 'Knight Rider'?",A) H.A.L. | B) Jarvis | C) K.I.T.T. | D) Optimus,C
cars_147,cars,"In [Movie Cars & Culture], what pearl-white 1963 Volkswagen Beetle with red, white, and blue racing stripes and the number '53' starred in Disney films?",A) Chitty | B) Lightning | C) Bumblebee | D) Herbie,D
cars_148,cars,"In [Movie Cars & Culture], what famous yellow autobot in the 'Transformers' film franchise transforms into a modern Chevrolet Camaro?",A) Bumblebee | B) Ironhide | C) Starscream | D) Jazz,A
cars_149,cars,"In [Movie Cars & Culture], what British secret agent 007 is famously associated with the silver Aston Martin DB5?",A) Ethan Hunt | B) James Bond | C) Jason Bourne | D) Austin Powers,B
cars_150,cars,"In [Engines & Car Tech], what is 'One-Pedal Driving' in modern electric vehicles?",A) Disabling the throttle | B) Cruise control only | C) Releasing the accelerator pedal applies strong regenerative braking to slow the car to a full stop without needing to press the brake pedal | D) Driving with no steering wheel,C
cars_151,cars,"In [Engines & Car Tech], what structural safety engineering feature is designed to crumple predictably in a crash to absorb impact energy before it reaches passengers?",A) Roll cage | B) Subframe brace | C) Skid plate | D) Crumple Zone,D
cars_152,cars,"In [Engines & Car Tech], what is the psychological anxiety of an EV driver worrying that their battery will run out of charge before reaching a plug called?",A) Range Anxiety | B) Voltage Panic | C) Electric Fatigue | D) Charge Drop,A
cars_153,cars,"In [Engines & Car Tech], what is the primary structural platform design of modern EVs where the battery is placed flat along the floor between the wheels?",A) Backbone Frame | B) Skateboard Platform | C) Spaceframe | D) Ladder Chassis,B
cars_154,cars,"In [Engines & Car Tech], what key performance advantage do electric motors have over gas engines when accelerating from a dead stop?",A) They require no electricity | B) Higher exhaust sound | C) Instant 100% peak torque available immediately from zero RPM | D) They have multiple carburetors,C
cars_155,cars,"In [Engines & Car Tech], what unit of measurement is standard for rating the total energy storage capacity of an electric car battery pack?",A) Horsepower | B) Amperes | C) Liters | D) Kilowatt-hour,D
cars_156,cars,"In [Engines & Car Tech], what is Over-The-Air (OTA) update capability in modern connected cars?","A) Wirelessly updating vehicle software, features, and performance remotely via Wi-Fi or cellular networks | B) Satellite radio tuning | C) GPS weather forecasts | D) Cleaning the air filters",A
cars_157,cars,"In [Engines & Car Tech], what safety system automatically intervenes with individual wheel brakes and throttle reduction when it detects a car skidding out of control?",A) Cruise Control | B) Electronic Stability Control | C) Blind Spot Detection | D) Automatic High Beams,B
cars_158,cars,"In [Engines & Car Tech], what vehicle lighting technology uses semiconductors to provide instantaneous, bright, and energy-efficient illumination?",A) Halogen Bulbs | B) Incandescent Bulbs | C) LED Headlights | D) Kerosene Lamps,C
cars_159,cars,"In [Engines & Car Tech], what does Lane Keeping Assist (LKA) do when a car begins drifting over road lane markings without the turn signal on?",A) Brakes to a stop | B) Sounds the horn | C) Accelerates rapidly | D) Gently steers the vehicle back into the lane or vibrates the steering wheel to alert the driver,D
cars_160,cars,"In [Engines & Car Tech], what is a Blind Spot Monitor (BSM) designed to do?",A) Light up a warning icon on the side mirror when another car is traveling in your hard-to-see blind spot | B) Automatically parallel park | C) Dim high beams | D) Wash the side windows,A
cars_161,cars,"In [Engines & Car Tech], what is the function of an Inverter in an electric vehicle powertrain?",A) Cooling the battery | B) Converting Direct Current (DC) from the battery into Alternating Current (AC) to spin the electric motors | C) Shifting transmission gears | D) Charging the phone,B
cars_162,cars,"In [Movie Cars & Culture], what 1968 muscle car movie starring Steve McQueen featured a legendary 10-minute car chase through the hilly streets of San Francisco?",A) Gone in 60 Seconds | B) Vanishing Point | C) Bullitt | D) The Italian Job,C
cars_163,cars,"In [Movie Cars & Culture], what was the customized 1967 Shelby GT500 Mustang nicknamed in the 2000 heist film 'Gone in 60 Seconds'?",A) Christine | B) Black Beauty | C) Ghost | D) Eleanor,D
cars_164,cars,"In [Movie Cars & Culture], what red 1958 Plymouth Fury possessed by evil supernatural forces starred in Stephen King's horror movie?",A) Christine | B) Carrie | C) Cujo | D) Annie,A
cars_165,cars,"In [Movie Cars & Culture], what customized 1959 Cadillac Miller-Meteor ambulance was known as the 'Ecto-1' in the 1984 film 'Ghostbusters'?",A) Christine | B) Ecto-1 | C) The Mystery Machine | D) The Batmobile,B
cars_166,cars,"In [Movie Cars & Culture], what colorful psychedelic van is famously driven by the Mystery Inc. gang in 'Scooby-Doo'?",A) The Party Wagon | B) The Magic Bus | C) The Mystery Machine | D) The Ghost Van,C
cars_167,cars,"In [Movie Cars & Culture], what was the name of the lightning-fast red race car voiced by Owen Wilson in Pixar's animated movie 'Cars'?",A) Tow Mater | B) Doc Hudson | C) Chick Hicks | D) Lightning McQueen,D
cars_168,cars,"In [Engines & Car Tech], what is the function of a vehicle's 12-volt battery in an electric vehicle that already has a giant high-voltage battery?","A) Powering essential low-voltage systems like onboard computers, displays, door locks, headlights, and safety sensors | B) Turning the main wheels | C) Fast DC charging | D) Heating the engine",A
cars_169,cars,"In [Motorsport & F1], what flag is waved at the finish line to signal the winner has won the race?",A) Yellow Flag | B) Black and White Checkered Flag | C) Red Flag | D) Green Flag,B
cars_170,cars,"In [Motorsport & F1], how long does the famous endurance sports car race at the Circuit de la Sarthe in France last?",A) 12 Hours | B) 6 Hours | C) Exactly 24 Hours | D) 48 Hours,C
cars_171,cars,"In [Motorsport & F1], what prestigious street circuit Grand Prix winds through a glamorous Mediterranean principality past luxury yachts and a casino?",A) Italian GP | B) British GP | C) Spanish GP | D) Monaco Grand Prix,D
cars_172,cars,"In [Motorsport & F1], what legendary German driver won seven Formula 1 World Championships, five in a row with Ferrari (2000-2004)?",A) Michael Schumacher | B) Sebastian Vettel | C) Nico Rosberg | D) Niki Lauda,A
cars_173,cars,"In [Motorsport & F1], what British driver holds the all-time record for the most Formula 1 pole positions and race wins, tied with 7 World Titles?",A) Lando Norris | B) Lewis Hamilton | C) Jenson Button | D) George Russell,B
cars_174,cars,"In [Motorsport & F1], what legendary Brazilian racing driver won three Formula 1 World Championships with McLaren in the 1980s and 1990s?",A) Alain Prost | B) Nelson Piquet | C) Ayrton Senna | D) Emerson Fittipaldi,C
cars_175,cars,"In [Motorsport & F1], what does the yellow flag signal to drivers on a racetrack?",A) Full speed ahead | B) Rain is falling | C) Return to the garage | D) Hazard or crashed car ahead: slow down and no overtaking allowed,D
cars_176,cars,"In [Motorsport & F1], what is the dedicated pit stop area along the straight where mechanics change tires in under 3 seconds?",A) Pit Lane | B) Paddock Club | C) Starting Grid | D) Scrutineering Bay,A
cars_177,cars,"In [Motorsport & F1], what famous 500-mile American open-wheel race takes place at Indianapolis Motor Speedway every Memorial Day weekend?",A) Daytona 500 | B) Indianapolis 500 | C) Coca-Cola 600 | D) Southern 500,B
cars_178,cars,"In [Motorsport & F1], what traditional drink does the winner of the Indianapolis 500 drink and pour over their head in Victory Lane?",A) Champagne | B) Orange Juice | C) A bottle of cold Milk | D) Sparkling Cider,C
cars_179,cars,"In [Motorsport & F1], what famous stock car racing championship in the United States features the Daytona 500?",A) IndyCar | B) Formula 1 | C) IMSA | D) NASCAR,D
cars_180,cars,"In [Motorsport & F1], what does DRS stand for on a Formula 1 car's rear wing?",A) Drag Reduction System | B) Downforce Racing Stabilizer | C) Direct Rotor Suspension | D) Dual Radiator Setup,A
cars_181,cars,"In [Motorsport & F1], what safety device made of lightweight titanium loops over the driver's head to protect the cockpit from flying debris?",A) HANS collar | B) The Halo | C) Roll cage | D) Wind deflector,B
cars_182,cars,"In [Motorsport & F1], what famous 12.9-mile historic German racetrack through the Eifel mountains was nicknamed 'The Green Hell'?",A) Hockenheimring | B) Spa-Francorchamps | C) Nurburgring Nordschleife | D) Circuit Zolder,C
cars_183,cars,"In [Motorsport & F1], what motorsport discipline involves intentionally sliding a car sideways through turns with tire smoke and angle?",A) Rallycross | B) Time Attack | C) Drag Racing | D) Drifting,D
cars_184,cars,"In [Motorsport & F1], what high-speed Italian racetrack nicknamed the 'Temple of Speed' hosts the annual Italian Grand Prix?",A) Autodromo Nazionale Monza | B) Imola | C) Mugello | D) Fiorano,A
cars_185,cars,"In [Motorsport & F1], what is the starting position called when a driver sets the fastest lap time in qualifying and starts 1st on the grid?",A) Front Runner | B) Pole Position | C) Pace Leader | D) Apex Starter,B
cars_186,cars,"In [Motorsport & F1], what safety car leads the field at reduced speed when track marshals are clearing an accident on the track?",A) Ambulance | B) Recovery Truck | C) Safety Car | D) Marshal Van,C
cars_187,cars,"In [Motorsport & F1], what Dutch driver driving for Red Bull Racing won consecutive World Championships in 2021, 2022, and 2023?",A) Sergio Perez | B) Charles Leclerc | C) Carlos Sainz | D) Max Verstappen,D
cars_188,cars,"In [Motorsport & F1], what red flag signals during a Grand Prix session?",A) The race is temporarily stopped or suspended immediately due to dangerous conditions | B) Faster car approaching | C) Car has mechanical failure | D) Pit lane is open,A
cars_189,cars,"In [Motorsport & F1], what is the innermost apex point of a racing corner that drivers aim their front tires to touch?",A) Runoff zone | B) The Apex | C) Kerb marker | D) Braking marker,B
cars_190,cars,"In [Motorsport & F1], what famous 7-time NASCAR Cup Series champion was known as 'The Intimidator' in his black #3 Chevrolet?",A) Richard Petty | B) Jeff Gordon | C) Dale Earnhardt Sr. | D) Jimmie Johnson,C
cars_191,cars,"In [Motorsport & F1], what prestigious American stock car 500-mile race held in Florida every February is known as 'The Great American Race'?",A) Coca-Cola 600 | B) Brickyard 400 | C) Southern 500 | D) Daytona 500,D
cars_192,cars,"In [Motorsport & F1], what French rally driver holds the all-time record with 9 consecutive World Rally Championship (WRC) titles?",A) Sebastien Loeb | B) Sebastien Ogier | C) Carlos Sainz | D) Didier Auriol,A
cars_193,cars,"In [Motorsport & F1], what famous Belgian racetrack set in the Ardennes forest features the thrilling Eau Rouge and Raidillon uphill corner?",A) Zolder | B) Circuit de Spa-Francorchamps | C) Nurburgring | D) Paul Ricard,B
cars_194,cars,"In [Motorsport & F1], what celebratory beverage has been traditionally sprayed on podiums since Dan Gurney began the tradition at Le Mans in 1967?",A) Soda | B) Apple Cider | C) Champagne / Sparkling Wine | D) Milk,C
cars_195,cars,"In [Motorsport & F1], what world rally event historically took drivers across grueling desert dunes from Paris, France to Senegal?",A) Baja 1000 | B) Safari Rally | C) Silk Way Rally | D) The Dakar Rally,D
cars_196,cars,"In [Motorsport & F1], what is the famous 14,000-foot Colorado mountain hill climb race known as the 'Race to the Clouds'?",A) Pikes Peak International Hill Climb | B) Mount Washington Hill Climb | C) Mount Evans Sprint | D) Aspen Ridge Climb,A
cars_197,cars,"In [Motorsport & F1], what Australian 1,000-kilometer touring car endurance race is held annually at Mount Panorama in New South Wales?",A) Adelaide 500 | B) Bathurst 1000 | C) Gold Coast 600 | D) Sandown 500,B
cars_198,cars,"In [Motorsport & F1], what famous Japanese racing driver is universally revered as the 'Drift King' (Dorikin)?",A) Ken Block | B) Daigo Saito | C) Keiichi Tsuchiya | D) Nobushige Taniguchi,C
cars_199,cars,"In [Motorsport & F1], what legendary American stunt driver, rally champion, and Gymkhana internet star was famous for his #43 Hoonigan cars?",A) Travis Pastrana | B) Tanner Foust | C) Vaughn Gittin Jr. | D) Ken Block,D
cars_200,cars,"In [Motorsport & F1], what German manufacturer holds the all-time record with 19 overall victories at the 24 Hours of Le Mans?",A) Porsche | B) Audi | C) Ferrari | D) Jaguar,A
cars_201,cars,"In [Motorsport & F1], what Finnish Formula 1 driver famously uttered 'Leave me alone, I know what to do' over team radio in Abu Dhabi 2012?",A) Mika Hakkinen | B) Kimi Raikkonen | C) Valtteri Bottas | D) Keke Rosberg,B
cars_202,cars,"In [Motorsport & F1], what drag racing category features nitromethane-burning 11,000-horsepower rocket-fast rails hitting 330+ MPH in under 4 seconds?",A) Pro Stock | B) Super Gas | C) Top Fuel Dragster | D) Funny Car,C
cars_203,cars,"In [Motorsport & F1], what open-wheel American racing series features the iconic Dallara chassis with Honda and Chevy twin-turbo V6 engines?",A) Formula 2 | B) NASCAR Cup | C) IMSA SportsCar | D) NTT IndyCar Series,D
cars_204,cars,"In [Motorsport & F1], what is the slipstreaming (drafting) aerodynamic technique in circuit racing?",A) Tucking directly behind a leading car's low-pressure air pocket on a straightaway to reduce drag and gain extra speed for an overtake | B) Taking a wide turn | C) Pitting for fuel early | D) Locking the brakes into a turn,A
cars_205,cars,"In [Motorsport & F1], what is the Triple Crown of Motorsport comprised of in international auto racing?","A) Daytona 500, Indy 500, and Bathurst 1000 | B) The Monaco Grand Prix, the 24 Hours of Le Mans, and the Indianapolis 500 | C) F1 Title, WRC Title, and NASCAR Title | D) Sebring 12h, Spa 24h, and Nurburgring 24h",B
cars_206,cars,"In [Motorsport & F1], what color flag is waved to signal that the track is clear and drivers can resume full racing speed?",A) Red | B) White | C) Green | D) Blue,C
cars_207,cars,"In [Motorsport & Racing], what prestigious 24-hour endurance sports car race held annually in France since 1923 is considered part of the Triple Crown of Motorsport?",A) 24 Hours of Nurburgring | B) 24 Hours of Daytona | C) 24 Hours of Spa | D) 24 Hours of Le Mans,D
cars_208,cars,"In [Motorsport & Racing], what flag is waved at the start/finish line to signal the official end of a motorsport race to the winner?",A) Checkered Flag | B) Yellow Flag | C) Red Flag | D) Green Flag,A
cars_209,cars,"In [Motorsport & Racing], what famous 500-mile American open-wheel race held at the Indianapolis Motor Speedway every Memorial Day weekend is called 'The Greatest Spectacle in Racing'?",A) Daytona 500 | B) Indianapolis 500 | C) Coca-Cola 600 | D) Sebring 12h,B
cars_210,cars,"In [Motorsport & Racing], what legendary Brazilian Formula 1 driver won three World Championships with McLaren before his tragic death at Imola in 1994?",A) Alain Prost | B) Nelson Piquet | C) Ayrton Senna | D) Emerson Fittipaldi,C
cars_211,cars,"In [Motorsport & Racing], what legendary German driver won seven Formula 1 World Drivers' Championships, five consecutively with Scuderia Ferrari (2000-2004)?",A) Sebastian Vettel | B) Nico Rosberg | C) Niki Lauda | D) Michael Schumacher,D
cars_212,cars,"In [Motorsport & Racing], what British driver holds the all-time record for the most Formula 1 pole positions and race wins, tied with Schumacher with 7 World Championships?",A) Lewis Hamilton | B) Jenson Button | C) Nigel Mansell | D) Lando Norris,A
cars_213,cars,"In [Motorsport & Racing], what does the yellow flag signal to drivers on a racetrack?","A) Race is finished | B) Danger ahead, slow down, and no overtaking allowed | C) Track is clear | D) Return to pit lane immediately",B
cars_214,cars,"In [Motorsport & Racing], what premier stock car racing organization in the United States hosts the famous Daytona 500 and Cup Series?",A) IndyCar | B) IMSA | C) NASCAR | D) NHRA,C
cars_215,cars,"In [Motorsport & Racing], what is the designated pit stop area along the racetrack straightaway where teams refuel, change tires, and perform rapid mechanical adjustments?",A) Paddock | B) Apex | C) ParcFerme | D) Pit Lane,D
cars_216,cars,"In [Motorsport & Racing], what famous 12.9-mile (20.8 km) historic German racetrack through the Eifel mountains was nicknamed 'The Green Hell' by Sir Jackie Stewart?",A) Nurburgring Nordschleife | B) Hockenheimring | C) Spa-Francorchamps | D) Circuit de la Sarthe,A
cars_217,cars,"In [Motorsport & Racing], what prestigious Formula 1 street circuit race winds through the narrow glamorous streets of a Mediterranean principality past the Casino and harbor?",A) Silverstone GP | B) Monaco Grand Prix | C) Italian GP at Monza | D) Singapore GP,B
cars_218,cars,"In [Motorsport & Racing], what high-speed Italian racetrack known as the 'Temple of Speed' hosts the annual Formula 1 Italian Grand Prix?",A) Imola | B) Mugello | C) Autodromo Nazionale Monza | D) Fiorano,C
cars_219,cars,"In [Motorsport & Racing], what does DRS stand for in modern Formula 1 aerodynamic overtaking assistance?",A) Dynamic Racing Steering | B) Direct Rotor Suspension | C) Downforce Regulation Setup | D) Drag Reduction System,D
cars_220,cars,"In [Motorsport & Racing], what motorsport discipline involves intentionally breaking rear-wheel traction to slide sideways through turns at high speed with precision angle and smoke?",A) Drifting | B) Time Attack | C) Rallycross | D) Autocross,A
cars_221,cars,"In [Motorsport & Racing], what safety device introduced in Formula 1 in 2018 is a titanium curved bar protecting the driver's cockpit head area from flying debris and impacts?",A) HANS Device | B) Halo cockpit protection system | C) Roll Hoop | D) Aero Screen,B
cars_222,cars,"In [Motorsport & Racing], what international rally organization sanctions the World Rally Championship featuring stages on snow, gravel, asphalt, and mud?",A) SCCA | B) NASCAR | C) FIA WRC | D) DTM,C
cars_223,cars,"In [Motorsport & Racing], what traditional beverage is handed to the winner of the Indianapolis 500 in Victory Lane?",A) Champagne | B) Sparkling wine | C) Pure spring water | D) A cold bottle of milk,D
cars_224,cars,"In [Motorsport & Racing], what traditional celebratory drink is sprayed on the podium in Formula 1 and 24 Hours of Le Mans victories?",A) Champagne / Sparkling Wine | B) Beer | C) Energy Drink | D) Apple Cider,A
cars_225,cars,"In [Motorsport & Racing], what is the geometrical innermost point of a turn's cornering line that drivers clip to maximize exit speed?",A) Braking point | B) The Apex | C) Turn-in point | D) Run-off area,B
cars_226,cars,"In [Motorsport & Racing], what safety collar device worn around a driver's neck attaches to the helmet to prevent fatal basilar skull fractures during sudden frontal deceleration?",A) Cervical Collar | B) Neck Brace | C) HANS Device | D) Fire Suit,C
cars_227,cars,"In [Motorsport & Racing], what is the pole position in circuit motorsport qualifying?",A) The last place starting spot | B) The pit lane exit | C) The pace car position | D) The number one starting position at the very front of the starting grid awarded to the driver with the fastest qualifying lap time,D
cars_228,cars,"In [Motorsport & Racing], what is the famous nickname of Dale Earnhardt Sr., the 7-time NASCAR Cup Series champion known for his aggressive black #3 car?",A) The Intimidator | B) The King | C) Smoke | D) Rocket Man,A
cars_229,cars,"In [Motorsport & Racing], what is the Triple Crown of Motorsport comprised of in international auto racing?","A) Daytona 500, Indy 500, and Bathurst 1000 | B) The Monaco Grand Prix, the Indianapolis 500, and the 24 Hours of Le Mans | C) Monaco GP, 24h of Nurburgring, and Dakar Rally | D) F1 Championship, NASCAR Cup, and WRC Title",B
cars_230,cars,"In [Motorsport & Racing], who is the only racing driver in motorsport history to have completed and won the official Triple Crown of Motorsport?",A) Ayrton Senna | B) Mario Andretti | C) Graham Hill | D) Fernando Alonso,C
cars_231,cars,"In [Motorsport & Racing], what legendary French endurance race features the iconic 3.7-mile (6 km) high-speed straightaway known as the Mulsanne Straight (Ligne Droite des Hunaudieres)?",A) Circuit Paul Ricard 6h | B) 24 Hours of Spa | C) Bathurst 12h | D) 24 Hours of Le Mans,D
cars_232,cars,"In [Motorsport & Racing], what is drafting (slipstreaming) in high-speed circuit and oval racing?",A) Driving closely behind a leading car inside its low-pressure aerodynamic wake to reduce drag and gain speed for an overtake | B) Changing tires in the pits | C) Sliding sideways | D) Braking early before a turn,A
cars_233,cars,"In [Motorsport & Racing], what German automaker holds the all-time record for the most overall manufacturer victories at the 24 Hours of Le Mans (19 wins)?",A) Audi | B) Porsche | C) Ferrari | D) Mercedes-Benz,B
cars_234,cars,"In [Motorsport & Racing], what Finnish rally and circuit driver famously uttered the iconic radio quote 'Leave me alone, I know what to do' during the 2012 Abu Dhabi GP?",A) Mika Hakkinen | B) Valtteri Bottas | C) Kimi Raikkonen | D) Keke Rosberg,C
cars_235,cars,"In [Motorsport & Racing], what grueling off-road endurance rally raid race historically ran from Paris, France across the Sahara Desert to the capital of Senegal?",A) Baja 1000 | B) East African Safari Rally | C) Silk Way Rally | D) The Dakar Rally,D
cars_236,cars,"In [Motorsport & Racing], what famous 1,000-mile off-road desert point-to-point race takes place across the Mexican Baja California peninsula annually?",A) Baja 1000 | B) Mint 400 | C) King of the Hammers | D) Rally de Portugal,A
cars_237,cars,"In [Motorsport & Racing], what is the famous 14,115-foot mountain in Colorado that hosts the annual 'Race to the Clouds' international hill climb?",A) Mount Washington | B) Pikes Peak | C) Mount Evans | D) Mount Whitney,B
cars_238,cars,"In [Motorsport & Racing], what French rally driver holds the all-time record with 9 consecutive World Rally Championship (WRC) driver titles with Citroen (2004-2012)?",A) Sebastien Ogier | B) Didier Auriol | C) Sebastien Loeb | D) Jean Ragnotti,C
cars_239,cars,"In [Motorsport & Racing], what famous Belgian racetrack set in the Ardennes forest features the iconic Eau Rouge and Raidillon uphill corner combination?",A) Zolder | B) Nurburgring | C) Monza | D) Circuit de Spa-Francorchamps,D
cars_240,cars,"In [Motorsport & Racing], what Australian touring car endurance race held at Mount Panorama in New South Wales is known as 'The Great Race'?",A) Bathurst 1000 | B) Adelaide 500 | C) Gold Coast 600 | D) Sandown 500,A
cars_241,cars,"In [Motorsport & Racing], what Dutch driver driving for Red Bull Racing won the 2021, 2022, and 2023 Formula 1 World Championships with record-breaking dominance?",A) Sergio Perez | B) Max Verstappen | C) Charles Leclerc | D) Lando Norris,B
cars_242,cars,"In [Motorsport & Racing], what 1976 Formula 1 World Championship rivalry between James Hunt and Niki Lauda was depicted in the Hollywood film 'Rush'?",A) Ferrari vs Williams | B) McLaren vs Lotus | C) McLaren (James Hunt) vs Ferrari | D) Tyrrell vs Brabham,C
cars_243,cars,"In [Motorsport & Racing], what is the Safety Car (Pace Car) in circuit motorsport?","A) A medical evacuation car | B) The last place car | C) A car testing tire grip | D) A dedicated course car that leads the racing pack at reduced speed during hazardous track conditions, accidents, or heavy rain while track marshals clear debris",D
cars_244,cars,"In [Motorsport & Racing], what Japanese racing driver is widely revered as the 'Drift King' (Dorikin) and helped pioneer professional competitive drifting?",A) Keiichi Tsuchiya | B) Ken Block | C) Daigo Saito | D) Nobushige Taniguchi,A
cars_245,cars,"In [Motorsport & Racing], what is the red flag in motorsport racing?","A) Race is completed | B) The session is immediately suspended or stopped due to severe accidents, dangerous track blockage, or torrential weather | C) Faster car behind | D) Oil on track",B
cars_246,cars,"In [Motorsport & Racing], what iconic open-wheel championship racing series in North America features the Dallara IR18 spec chassis with Honda and Chevrolet twin-turbo V6 engines?",A) NASCAR Cup Series | B) IMSA SportsCar Championship | C) NTT IndyCar Series | D) Formula 2,C
cars_247,cars,"In [Motorsport & Racing], what American 24-hour sports car endurance race takes place on the combined road course at Daytona International Speedway in January?",A) Sebring 12 Hours | B) Petit Le Mans | C) Watkins Glen 6h | D) Rolex 24 at Daytona,D
cars_248,cars,"In [Motorsport & Racing], what American stock car driver nicknamed 'The King' won 200 NASCAR Cup Series races and 7 championships driving the famous Petty Blue #43?",A) Richard Petty | B) Dale Earnhardt | C) Jeff Gordon | D) Jimmie Johnson,A
cars_249,cars,"In [Motorsport & Racing], what drag racing class features nitromethane-fueled 11,000-horsepower dragsters rocketing to 330+ mph in under 3.7 seconds?",A) Pro Stock | B) Top Fuel Dragster | C) Super Gas | D) Pro Modified,B
cars_250,cars,"In [Iconic Cars & Models], what iconic German rear-engine sports car has been in continuous production by Porsche since 1964?",A) Porsche Cayman | B) Porsche Panamera | C) Porsche 911 | D) Porsche Boxster,C
cars_251,cars,[⭐] [badge:mercedes_star] Which carmaker built the iconic 1954 300 SL Gullwing sports car under this three-pointed star icon?,A) Bimmer | B) Audii | C) Volksvagen | D) Mercede-Benz,D
cars_252,cars,[⭐] [badge:mercedes_star] Which luxury car brand famous for the motto 'The Best or Nothing' uses this star emblem on its cars?,A) Mercede-Benz | B) Bimmer | C) Audii | D) Volksvagen,A
cars_253,cars,[🔘🔘🔘🔘] [badge:audi_twisted_rings] Which carmaker produced the curved Bauhaus TT sports coupe starting in 1998 under this four-ring icon?,A) Bimmer | B) Audii | C) Mercede-Benz | D) Opell,B
cars_254,cars,[🔘🔘🔘🔘] [badge:audi_twisted_rings] Which car brand that dominated World Rally in the 1980s with the Sport Quattro carries this emblem?,A) Bimmer | B) Mercede-Benz | C) Audii | D) Opell,C
cars_255,cars,[⭕] [badge:toyota_ellipses] Which car company manufactures the iconic Supra sports car and GR Yaris carrying this badge?,A) Hondo | B) Nissun | C) Mazdo | D) Toyoto,D
cars_256,cars,[⭕] [badge:toyota_ellipses] Which Japanese car brand produced the cult-favorite rear-wheel-drive AE86 Sprinter Trueno under this emblem?,A) Toyoto | B) Hondo | C) Nissun | D) Mazdo,A
cars_257,cars,[🎗️] [badge:chevrolet_bowtie] Which carmaker introduced the revolutionary small-block V8 in 1955 under this bowtie emblem?,A) Forde | B) Chevrolette | C) Dodgie | D) Pontyac,B
cars_258,cars,[🎗️] [badge:chevrolet_bowtie] Which brand built the 454-powered 1970 Chevelle SS muscle car under this bowtie badge?,A) Forde | B) Dodgie | C) Chevrolette | D) Pontyac,C
cars_259,cars,[⚡] [badge:tesla_t_plug] Which electric carmaker introduced the ultra-fast tri-motor Model S Plaid under this emblem?,A) Rivyan | B) Lucyd | C) Polestar | D) Teslla,D
cars_260,cars,[⚡] [badge:tesla_t_plug] Which automotive brand manufactures the stainless-steel angular Cybertruck carrying this badge?,A) Teslla | B) Rivyan | C) Lucyd | D) Polestar,A
cars_261,cars,[🛡️] [badge:porsche_crest] Which car company produced the analog V10-powered Carrera GT supercar in 2004 under this crest?,A) Bimmer | B) Porshe | C) Audii | D) Mercede-Benz,B
cars_262,cars,[🛡️] [badge:porsche_crest] Which sports car brand created the advanced all-wheel-drive 959 supercar in the 1980s carrying this emblem?,A) Bimmer | B) Audii | C) Porshe | D) Mercede-Benz,C
cars_263,cars,[🐎] [badge:ferrari_rearing_horse] Which carmaker produced the twin-turbo carbon-composite F40 in 1987 under this prancing horse badge?,A) Lamborgini | B) Maseratty | C) Pagany | D) Ferrary,D
cars_264,cars,[🐎] [badge:ferrari_rearing_horse] Which brand produces front-engine V12 grand tourers like the 812 Superfast and Daytona SP3 with this emblem?,A) Ferrary | B) Lamborgini | C) Maseratty | D) Pagany,A
cars_265,cars,[🐂] [badge:lamborghini_bull] Which carmaker created the wedge-shaped Countach supercar that became an iconic 1970s bedroom poster carrying this bull emblem?,A) Ferrary | B) Lamborgini | C) Bugatty | D) Maseratty,B
cars_266,cars,[🐂] [badge:lamborghini_bull] Which company produced the 1990s Diablo and 2000s Murcielago supercars bearing this raging bull shield?,A) Ferrary | B) Bugatty | C) Lamborgini | D) Maseratty,C
cars_267,cars,[✨] [badge:subaru_pleiades_stars] Which car brand produced the iconic blue-and-gold rally-bred Impreza WRX STI under this star emblem?,A) Mitsubishy | B) Toyoto | C) Suzukii | D) Subaroo,D
cars_268,cars,[✨] [badge:subaru_pleiades_stars] Which Japanese carmaker co-developed the rear-wheel-drive BRZ lightweight sports coupe carrying this badge?,A) Subaroo | B) Mitsubishy | C) Toyoto | D) Suzukii,A
cars_269,cars,[🔵] [badge:ford_blue_oval] Which carmaker engineered the mid-engine GT40 racing car that scored a historic 1-2-3 finish at Le Mans in 1966 under this badge?,A) Chevrolette | B) Forde | C) Dodgie | D) Cadillack,B
cars_270,cars,"[🔵] [badge:ford_blue_oval] Which brand built hot-hatch icons like the Sierra Cosworth, Escort RS, and Focus RS carrying this blue oval badge?",A) Chevrolette | B) Dodgie | C) Forde | D) Cadillack,C
cars_271,cars,[🪽] [badge:aston_martin_wings] Which British sports car brand produced the silver DB5 grand tourer equipped with gadget ejector seats in 'Goldfinger'?,A) Bently | B) Jaguarr | C) McLarn | D) Aston-Martinn,D
cars_272,cars,"[🪽] [badge:aston_martin_wings] Which car company manufactures its hand-assembled bespoke sports cars in Gaydon, Warwickshire under this winged emblem?",A) Aston-Martinn | B) Bently | C) Jaguarr | D) McLarn,A
cars_273,cars,[⚔️] [badge:volvo_battleaxe] Which carmaker invented the modern three-point safety seatbelt in 1959 and gave the patent away for free to save lives?,A) Saabb | B) Volvvo | C) Koeniggsegg | D) Polestar,B
cars_274,cars,[⚔️] [badge:volvo_battleaxe] Which brand produced the legendary boxy 240 series that earned a worldwide reputation for exceeding 1 million miles of durability?,A) Saabb | B) Koeniggsegg | C) Volvvo | D) Polestar,C
cars_275,cars,"[🐆] [badge:jaguar_leaping] Which carmaker built the 1961 E-Type (XKE), famously praised by Enzo Ferrari as 'the most beautiful car ever made'?",A) Bently | B) Aston-Martinn | C) Land-Rovr | D) Jaguarr,D
cars_276,cars,[🐆] [badge:jaguar_leaping] Which brand manufactured the 217-mph twin-turbo XJ220 supercar in the early 1990s carrying this feline mascot?,A) Jaguarr | B) Bently | C) Aston-Martinn | D) Land-Rovr,A
cars_277,cars,"[🎧] [badge:honda_headphones] Which automaker developed the high-revving 9,000 RPM S2000 roadster in 1999 to celebrate its 50th anniversary under this badge?",A) Toyoto | B) Hondo | C) Nissun | D) Mazdo,B
cars_278,cars,[🎧] [badge:honda_headphones] Which brand engineered the mid-engine aluminum NSX supercar in 1990 in collaboration with Formula 1 champion Ayrton Senna?,A) Toyoto | B) Nissun | C) Hondo | D) Mazdo,C
cars_279,cars,"[🤝] [badge:hyundai_italic_h] Which automotive brand created the high-performance 'N' division, developing cars like the Elantra N and Ioniq 5 N?",A) Kiia | B) Daewoo | C) Genesys | D) Hyunday,D
cars_280,cars,[🤝] [badge:hyundai_italic_h] Which car company developed the asymmetric 3-door Veloster and Veloster N sports coupe carrying this badge?,A) Hyunday | B) Kiia | C) Daewoo | D) Genesys,A
cars_281,cars,"[🛑] [badge:nissan_circle_bar] Which brand manufactured the championship-winning Skyline GT-R R32, R33, and R34 models powered by the RB26DETT twin-turbo engine?",A) Toyoto | B) Nissun | C) Hondo | D) Mazdo,B
cars_282,cars,"[🛑] [badge:nissan_circle_bar] Which Japanese manufacturer produced the Silvia drift coupe (S13, S14, S15) and the 300ZX Twin Turbo under this emblem?",A) Toyoto | B) Hondo | C) Nissun | D) Mazdo,C
cars_283,cars,"[🪽] [badge:bentley_wings] Which British brand's 1920s racing gentlemen, known as 'The Bentley Boys', dominated the 24 Hours of Le Mans?",A) Rolls-Royse | B) Aston-Martinn | C) Jaguarr | D) Bently,D
cars_284,cars,[🪽] [badge:bentley_wings] Which car company handcrafted luxury motorcars powered by a famous 6.75-liter (six and three-quarter litre) V8 engine for decades?,A) Bently | B) Rolls-Royse | C) Aston-Martinn | D) Jaguarr,A
cars_285,cars,[🐏] [badge:ram_head] Which truck company engineered the 702-horsepower supercharged 6.2L V8 off-road performance truck known as the TRX?,A) Forde | B) Ramm | C) Chevrolette | D) GMC-Motors,B
cars_286,cars,[🐏] [badge:ram_head] Which brand produces the heavy-duty Power Wagon off-road truck equipped with a factory winch and electronic disconnecting sway bars?,A) Forde | B) Chevrolette | C) Ramm | D) GMC-Motors,C
cars_287,cars,[📐] [badge:acura_caliper] Which car company manufactured the second-generation hybrid twin-turbo all-wheel-drive NSX supercar in Ohio carrying this badge?,A) Lexuss | B) Infinitii | C) Genesys | D) Acuraa,D
cars_288,cars,[📐] [badge:acura_caliper] Which brand produces performance enthusiast models like the Integra Type S and TLX Type S under this precision caliper badge?,A) Acuraa | B) Lexuss | C) Infinitii | D) Genesys,A
cars_289,cars,[🛡️🛡️🛡️] [badge:buick_tri_shield] Which car brand produced the menacing all-black 1987 turbocharged V6 muscle car known as the Grand National GNX?,A) Cadillack | B) Buicke | C) Chevrolette | D) Pontyac,B
cars_290,cars,[🛡️🛡️🛡️] [badge:buick_tri_shield] Which American marque introduced the dramatic 1963 Riviera personal luxury coupe with hidden headlights under this Tri-Shield badge?,A) Cadillack | B) Chevrolette | C) Buicke | D) Pontyac,C
cars_291,cars,[👑] [badge:rolls_royce_intertwined_rr] Which ultra-luxury marque adorns its stately radiator grilles with the famous retractable 'Spirit of Ecstasy' mascot?,A) Bently | B) Maybach | C) Aston-Martinn | D) Rolls-Royse,D
cars_292,cars,[👑] [badge:rolls_royce_intertwined_rr] Which car company manufactures the massive Cullinan luxury SUV and the all-electric Spectre grand tourer under this monogram?,A) Rolls-Royse | B) Bently | C) Maybach | D) Aston-Martinn,A
cars_293,cars,[🪽] [badge:genesis_wings] Which brand features a signature design language characterized by 'Two Lines' quad LED headlamps and crest grilles under this badge?,A) Lexuss | B) Genesys | C) Infinitii | D) Acuraa,B
cars_294,cars,[🪽] [badge:genesis_wings] Which car company produces the compact G70 rear-wheel-drive sports sedan that won North American Car of the Year under this badge?,A) Lexuss | B) Infinitii | C) Genesys | D) Acuraa,C
cars_295,cars,"[🔘] [badge:volkswagen_steampunk] Which car company launched the high-performance Golf GTI in 1976, creating the worldwide hot-hatch phenomenon under this badge?",A) Bimmer | B) Opell | C) Audii | D) Volksvagen,D
cars_296,cars,[🔘] [badge:volkswagen_steampunk] Which brand manufactured the beloved Type 2 Microbus (Kombi / Bulli) that became a counter-culture camping icon under this emblem?,A) Volksvagen | B) Bimmer | C) Opell | D) Audii,A
cars_297,cars,[⚙️] [badge:volkswagen_winged] Which car company developed the dedicated MEB (Modular Electric Drive) platform for millions of mass-market EVs under this badge?,A) Bimmer-Aero | B) Volksvagen-Aero | C) Audii-Sport | D) Opell-Blitz,B
cars_298,cars,[⚙️] [badge:volkswagen_winged] Which brand created the experimental 261-MPG carbon-fiber XL1 plug-in hybrid eco-car carrying this German emblem?,A) Bimmer-Aero | B) Audii-Sport | C) Volksvagen-Aero | D) Opell-Blitz,C
cars_299,cars,[🕊️] [badge:mazda_winged_hourglass] Which Japanese automaker championed the Wankel rotary combustion engine in iconic sports cars like the RX-7 and RX-8?,A) Toyoto | B) Nissun | C) Subaroo | D) Mazdo,D
cars_300,cars,[🕊️] [badge:mazda_winged_hourglass] Which brand designs its cars around the driving philosophy of 'Jinba Ittai' (the oneness of horse and rider) under this winged badge?,A) Mazdo | B) Toyoto | C) Nissun | D) Subaroo,A
cars_301,cars,[⚡] [badge:lightning_circle_emblem] Which car company produced the cult-classic Manta sports coupe from 1970 to 1988 under this lightning bolt badge?,A) Volksvagen | B) Opell | C) Bimmer | D) Audii,B
cars_302,cars,"[⚡] [badge:lightning_circle_emblem] Which brand built the 1989 Calibra sports coupe, which set a world record for lowest production car drag coefficient (0.26 Cd)?",A) Volksvagen | B) Bimmer | C) Opell | D) Audii,C
cars_303,cars,[🎼] [badge:treble_clef_emblem] Which car brand uses this musical clef badge to symbolize equal-length exhaust headers tuned like organ pipes?,A) Sonata-Auto | B) Cadence-Cars | C) Harmony-Auto | D) Melody-Motors,D
cars_304,cars,[🎼] [badge:treble_clef_emblem] What concept automaker utilizes this musical symbol to represent high-RPM naturally aspirated V12 acoustic harmonics?,A) Melody-Motors | B) Sonata-Auto | C) Cadence-Cars | D) Harmony-Auto,A
cars_305,cars,[🚘] [badge:kia_oval] What twin-turbo V6 rear-wheel-drive grand touring sports sedan was introduced in 2017 under this badge?,A) Cadenza | B) Stinger | C) K5 GT | D) Optima SX,B
cars_306,cars,[🚘] [badge:kia_oval] What flagship 3-row all-electric SUV featuring geometric styling and 800V fast charging carries this emblem?,A) EV6 | B) Niro EV | C) EV9 | D) Soul EV,C
cars_307,cars,"[🛻] [badge:gmc_block_letters] What revolutionary 1,000-horsepower electric super-truck featuring 4-wheel steer 'CrabWalk' carries this badge?",A) Cybertruck | B) Rivian R1T | C) F-150 Lightning | D) Hummer EV,D
cars_308,cars,[🛻] [badge:gmc_block_letters] What off-road capability package with lifted suspension and skid plates is offered on trucks bearing this badge?,A) AT4 | B) Z71 | C) Trail Boss | D) TRD Pro,A
cars_309,cars,[🚙] [badge:jeep_letters] What mid-size pickup truck with removable doors and roof is produced by the brand shown on this badge?,A) Scrambler | B) Gladiator | C) Comanche | D) Pioneer,B
cars_310,cars,[🚙] [badge:jeep_letters] What certification badge is placed on the front fenders of vehicles produced by this brand testing off-road capability?,A) Off-Road Pro | B) Rock Crawler | C) Trail Rated 4x4 | D) Desert Runner,C
cars_311,cars,"In [Engines & Car Tech], what 3-letter acronym represents Lithium Iron Phosphate battery chemistry (L...)?",,LFP
cars_312,cars,"In [Engines & Car Tech], what wheel alignment angle refers to the forward or backward tilt of the steering axis when viewed from the side?",,caster
cars_313,cars,"In [Engines & Car Tech], what wheel alignment term describes whether the front edges of tires point inward toward each other or outward?",,toe
cars_314,cars,"In [Engines & Car Tech], what 3-letter acronym represents the Controller Area Network protocol used in all modern vehicle electronic wiring?",,CAN
cars_315,cars,"In [Engines & Car Tech], what Scandinavian animal gives its name to the famous emergency evasive swerve safety test (the ... test)?",,moose
cars_316,cars,"In [Motorsport & F1], what legendary Scottish driver nicknamed the 'Flying Scot' won 3 F1 World Titles (Jackie ...)?",,Stewart
cars_317,cars,"In [Motorsport & F1], what is the famous high-speed chicane built on Conrod Straight at Bathurst called (The ...)?",,Chase
cars_318,cars,"In [Motorsport & F1], what German automaker set the all-time 5:19 lap record at the Nurburgring Nordschleife with the 919 Evo?",,Porsche
cars_319,cars,"In [Motorsport & F1], what famous 'Sucker Car' with two rear fans was designed by Jim Hall in 1970 (Chaparral ...)?",,2J
cars_320,cars,"In [Motorsport & F1], what NASCAR driver nicknamed 'The King' won a record 200 races driving the #43 (Richard ...)?",,Petty
cars_321,cars,"In [Motorsport & Racing], what legendary Scottish racing driver nicknamed the 'Flying Scot' won 3 Formula 1 World Championships and pioneered modern circuit safety (Jackie ...)?",,Jackie Stewart
cars_322,cars,"In [Motorsport & Racing], what famous British driver is the only person to win World Championships on both two wheels (motorcycles) and four wheels (Formula 1) (John ...)?",,John Surtees
cars_323,cars,"In [Motorsport & Racing], what Italian racing team is the oldest and most successful team in Formula 1 history, having competed in every championship season since 1950?",,Ferrari
cars_324,cars,"In [Motorsport & Racing], what is the famous 1989 Formula 1 championship-deciding collision between teammates Ayrton Senna and Alain Prost at the Suzuka ... chicane?",,Casio Triangle
cars_325,cars,"In [Motorsport & Racing], what legendary American motorsport circuit in upstate New York hosted the Formula 1 United States Grand Prix from 1961 to 1980 (Watkins ...)?",,Watkins Glen
cars_326,cars,"In [Iconic Cars & Models], what was the famous nickname of the Mercedes-Benz W124 AMG E-Class sedan introduced in 1986 (The ...)?",,Hammer
cars_327,cars,"In [Iconic Cars & Models], what was the model code of the lightweight, rear-wheel-drive Toyota Corolla AE... immortalized in the drifting anime 'Initial D'?",,AE86
cars_328,cars,"In [Iconic Cars & Models], what is the factory chassis code for the iconic fourth-generation 1990s Toyota Supra (A...)?",,A80
cars_329,cars,"In [Iconic Cars & Models], what famous British sports car designer and Lotus founder coined the immortal motto 'Simplify, then add lightness' (Colin ...)?",,Colin Chapman
cars_330,cars,"In [Iconic Cars & Models], what was the name of the ultra-high performance V8 package introduced on the 2015 Dodge Challenger producing 707 horsepower?",,Hellcat
cars_331,cars,"In [Car Mechanics & Engines], what Japanese automaker famously championed the Wankel rotary engine in iconic sports cars like the RX-7 and RX-8?",,Mazda
cars_332,cars,"In [Car Mechanics & Engines], what valve on a turbocharged engine controls maximum boost pressure by bypassing exhaust gas around the turbine?",,wastegate
cars_333,cars,"In [Car Mechanics & Engines], what is the term for the premature spontaneous ignition of fuel ahead of the spark plug causing a metallic clattering sound?",,detonation
cars_334,cars,"In [Car Mechanics & Engines], what wheel alignment angle refers to the forward or backward tilt of the steering axis when viewed from the side of the vehicle?",,caster
cars_335,cars,"In [Car Mechanics & Engines], what wheel alignment term describes whether the front edges of tires point toward each other (in) or away from each other (out)?",,toe
cars_336,cars,"In [Engines & Car Tech], what is 'Turbo Lag' in a turbocharged vehicle?",A) Transmission slipping | B) Overheating engine | C) Spark plug misfire | D) The brief delay between stepping on the accelerator and feeling strong boost pressure while exhaust gas volume builds up to spool the turbine,D
cars_337,cars,"In [Engines & Car Tech], what is a Limited-Slip Differential (LSD) and why is it essential for performance driving?","A) It prevents engine torque from dumping completely into one spinning wheel with no grip, transferring power across the axle to the wheel that has traction | B) It locks the wheels when braking | C) It replaces the brake pads | D) It disconnects the drive axle",A
cars_338,cars,"In [Engines & Car Tech], what is Variable Valve Timing (such as Honda VTEC, Toyota VVT-i, or BMW VANOS)?","A) Adjusting spark plug gap | B) An electronic mechanism that dynamically changes the timing, lift, or duration of the intake and exhaust valves across different RPMs for optimal efficiency and top-end power | C) A turbo boost dial | D) Automatic oil pumping",B
cars_339,cars,"In [Engines & Car Tech], what is Gasoline Direct Injection (GDI) compared to traditional Port Fuel Injection?","A) Injecting fuel into the exhaust | B) Mixing fuel in the fuel tank | C) Injecting high-pressure fuel directly into the combustion chamber (cylinder) rather than into the intake runner, allowing higher compression and cooler air charges | D) Spraying fuel onto the air filter",C
cars_340,cars,"In [Engines & Car Tech], what is the primary difference between a Twin-Scroll Turbocharger and a standard single-scroll turbocharger?","A) A twin-scroll turbo has two turbines | B) It runs on electricity | C) It requires two intercoolers | D) The turbine housing is divided into two separate exhaust gas channels to keep exhaust pulses from interfering with each other, speeding up spool response",D
cars_341,cars,"In [Engines & Car Tech], what is the primary advantage of Carbon-Ceramic brake rotors over traditional cast iron brake discs on sports cars?",A) Extraordinary resistance to high-temperature brake fade under intense track driving and significant reduction in unsprung rotating mass | B) Cheaper cost | C) Works without brake fluid | D) Shorter stopping distance in snow,A
cars_342,cars,"In [Engines & Car Tech], what is an engine's 'Bore' and 'Stroke' in cylinder dimensions?",A) Horsepower and torque | B) Bore is the cylinder's internal diameter; Stroke is the linear distance the piston travels between top dead center and bottom dead center | C) Intake valve and exhaust valve diameter | D) Crankshaft length and camshaft width,B
cars_343,cars,"In [Engines & Car Tech], what is 'Torque Vectoring' in modern high-performance all-wheel-drive cars?",A) Steering with four wheels | B) Changing transmission ratios | C) An active electronic system that selectively sends different amounts of torque to the left and right wheels to actively pivot the car into a corner | D) Disabling the brakes,C
cars_344,cars,"In [Engines & Car Tech], what is 'Unsprung Weight' (unsprung mass) in vehicle dynamics?",A) The weight of the engine block | B) The weight of the passengers and luggage | C) The fuel in the gas tank | D) The mass of vehicle components not supported by the suspension springs,D
cars_345,cars,"In [Engines & Car Tech], what does wheel 'Camber' angle describe in automotive alignment geometry?",A) The inward or outward tilt of the vertical axis of the wheel when viewed from the front or rear of the vehicle | B) The forward/backward tilt of the steering axis | C) The tire circumference | D) The toe-in angle,A
cars_346,cars,"In [Engines & Car Tech], what is 'Heel-and-Toe' downshifting in sports car driving with a manual transmission?",A) Left-foot braking | B) Braking with the ball of the right foot while simultaneously blipping the accelerator with the right heel/side to match engine revs during a downshift | C) Shifting without the clutch | D) Pulling the handbrake in a turn,B
cars_347,cars,"In [Engines & Car Tech], what is the famous 'Moose Test' (Elk Test) in Scandinavian vehicle dynamics safety testing?",A) Crashing into an animal decoy | B) Off-road trail climbing | C) An evasive high-speed swerve maneuver on dry pavement to test how stably a car can avoid a sudden obstacle without rolling over | D) Winter snow stopping distance,C
cars_348,cars,"In [Engines & Car Tech], what landmark safety recall occurred after the 1997 Mercedes-Benz A-Class tipped over during a Swedish Moose Test?",A) Brakes were redesigned | B) Engine was replaced | C) Airbags were deactivated | D) Mercedes recalled all cars and made Electronic Stability Control (ESP) standard equipment across its entire model line,D
cars_349,cars,"In [Engines & Car Tech], what is LFP (Lithium Iron Phosphate) battery chemistry and what is its primary benefit?","A) Exceptional thermal safety, long cycle life, no costly cobalt or nickel, and the ability to be regularly charged to 100% without rapid battery degradation | B) Operates without charging | C) 10 times lighter than water | D) Powered by solar panels only",A
cars_350,cars,"In [Engines & Car Tech], what is 'Heat Pump' technology in modern electric cars and why is it crucial in winter?","A) It burns gasoline to heat the seats | B) A thermodynamic device that transfers heat from ambient air and motor electronics into the cabin, using up to 60% less battery power than resistive heaters | C) An electric heater coil | D) A radiator blanket",B
cars_351,cars,"In [Engines & Car Tech], what is the difference between Level 2 and Level 3 (DC Fast) EV charging?","A) Level 2 is faster | B) Level 2 charges with solar panels | C) Level 2 uses 240V AC household power (taking hours), while Level 3 DC Fast Charging delivers direct high-voltage current directly into the battery in 15-30 minutes | D) Level 3 is only for buses",C
cars_352,cars,"In [Engines & Car Tech], what is 'Giga Casting' (Megacasting) manufacturing pioneered by Tesla for the Model Y?","A) 3D printing steel bodies | B) Hand-beating aluminum sheets | C) Carbon-fiber resin molding | D) Using massive 6,000 to 9,000-ton high-pressure aluminum die-casting machines to cast entire front and rear vehicle underbody structures in single large pieces, replacing dozens of welded parts",D
cars_353,cars,"In [Engines & Car Tech], what is an 'Airbrake' deployment on supercars like McLaren, Bugatti, and Pagani during heavy braking?","A) The motorized rear wing tilts steeply upright (60-70°) to create massive aerodynamic drag and rear downforce, shortening stopping distance | B) Reversing the engine | C) Squirting air onto the tires | D) Honking a loud horn",A
cars_354,cars,"In [Engines & Car Tech], what is the CAN Bus (Controller Area Network) invented by Bosch in 1986?",A) A passenger shuttle bus | B) A robust vehicle network standard allowing onboard microcontrollers and sensors to communicate over a single twisted pair of wires without a central host computer | C) A vehicle battery charger | D) An in-car satellite phone,B
cars_355,cars,"In [Engines & Car Tech], what is the function of a Blow-Off Valve (Dump Valve) on a turbocharged car when shifting gears?","A) Making engine sound quieter | B) Spraying fuel | C) Releasing trapped pressurized air from the intake piping when the throttle snaps shut, preventing compressor surge from damaging the turbo turbine | D) Lowering oil temperature",C
cars_356,cars,"In [Engines & Car Tech], what is the Venturi Effect used in automotive ground-effect aerodynamics?","A) Cooling radiator water | B) Windshield defroster | C) Airflow over a roof spoiler | D) Air routed through constricted underbody tunnels speeds up and creates a localized drop in air pressure (Bernoulli's principle), creating massive suction that pulls the car onto the track",D
cars_357,cars,"In [Engines & Car Tech], what is the function of an engine's Positive Crankcase Ventilation (PCV) valve?",A) Venting blow-by crankcase gases back into the intake manifold to reduce crankcase pressure and oil contamination while reducing emissions | B) Increasing turbo boost | C) Cooling fuel lines | D) Spraying nitrous oxide,A
cars_358,cars,"In [Engines & Car Tech], what is Steer-by-Wire with variable steering ratio featured on vehicles like the Lexus RZ and Cybertruck?","A) Steering with steel cables | B) A digital steering system with no physical mechanical shaft connection between the steering wheel/yoke and front wheels, dynamically altering steering lock angles electronically | C) Rear-wheel steering only | D) Self-parking system only",B
cars_359,cars,"In [Engines & Car Tech], what is an engine's 'Redline' on a tachometer?",A) The optimal cruising speed | B) Minimum idle speed | C) The maximum safe rotational speed (RPM) that the engine can operate at before electronic fuel cutoff or mechanical valvetrain damage occurs | D) Oil change reminder,C
cars_360,cars,"In [Engines & Car Tech], what is Brake Vectoring (Electronic Limited-Slip Differential) using ABS/ESP?","A) Locking all four wheels | B) Electronic handbrake | C) Anti-lock pulsing | D) Applying brief, precise braking pressure to an inside spinning wheel during cornering to transfer drive torque across an open differential to the outside gripping wheel",D
cars_361,cars,"In [Motorsport & F1], who is the only racing driver in history to win the Triple Crown of Motorsport (Monaco GP, Indy 500, and Le Mans 24h)?",A) Graham Hill | B) Mario Andretti | C) Fernando Alonso | D) Ayrton Senna,A
cars_362,cars,"In [Motorsport & F1], what was the famous 1-2-3 finish by Ford GT40 Mk IIs over Ferrari at Le Mans in 1966 dramatized in the movie 'Ford v Ferrari'?",A) Ferrari won by 1 lap | B) Bruce McLaren and Chris Amon were declared winners over Ken Miles in a staged photo finish | C) Ken Miles was disqualified | D) Ferrari withdrew before the finish,B
cars_363,cars,"In [Motorsport & F1], what was the 'Group B' era in World Rally Championship (1982-1986) famously known for?",A) Slow front-wheel-drive economy cars | B) Electric rally cars | C) Unrestricted 500-600+ horsepower monsters that were eventually banned due to extreme speeds and tragic crashes | D) Diesel endurance rallying only,C
cars_364,cars,"In [Motorsport & F1], what historic achievement did Mazda accomplish at the 1991 24 Hours of Le Mans with the 787B?",A) First hybrid car to finish | B) First car with ABS | C) First all-wheel-drive winner | D) It became the first Japanese manufacturer AND the only rotary-powered car ever to win the overall 24 Hours of Le Mans,D
cars_365,cars,"In [Motorsport & F1], what is the famous 'Corkscrew' corner complex at WeatherTech Raceway Laguna Seca in California?",A) A five-and-a-half-story blind crest drop through a steep downhill left-right chicane | B) A high-speed banked oval turn | C) A 360-degree flat circle | D) A long straightaway,A
cars_366,cars,"In [Motorsport & F1], what famous British racing team founded by Frank Williams won 9 Formula 1 Constructors' World Championships?",A) Team Lotus | B) Williams Racing | C) Tyrrell Racing | D) Brabham,B
cars_367,cars,"In [Motorsport & F1], what was the purpose of the revolutionary six-wheeled Tyrrell P34 Formula 1 car in 1976?",A) All-wheel drive | B) Extra spare wheels | C) Using four small 10-inch front wheels tucked behind the nose to reduce aerodynamic drag while keeping front tire grip | D) Four-wheel steering,C
cars_368,cars,"In [Motorsport & F1], what American driver won the 1978 Formula 1 World Championship, the 1969 Indy 500, the Daytona 500, and four IndyCar titles?",A) A.J. Foyt | B) Dan Gurney | C) Al Unser | D) Mario Andretti,D
cars_369,cars,"In [Motorsport & F1], what is 'The Gurney Flap' in race car aerodynamics, invented by American racer Dan Gurney?",A) A tiny right-angle tab mounted along the trailing edge of a rear wing that significantly increases downforce with only a tiny drag penalty | B) A front splitter vane | C) A diffuser tunnel | D) A side skirt vent,A
cars_370,cars,"In [Motorsport & F1], why were two chicanes added along the legendary 3.7-mile Mulsanne Straight at Le Mans in 1990?",A) To build grandstands | B) The FIA mandated that no straightaway could exceed 2 kilometers after prototype race cars reached an eye-watering 253 mph | C) To shorten the lap | D) To let spectators cross the track,B
cars_371,cars,"In [Motorsport & F1], what is the famous nickname of the Mercedes-Benz 300 SEL 6.8 AMG race car that finished 2nd at the 1971 24 Hours of Spa?",A) The Silver Arrow | B) The Black Beast | C) The Red Pig | D) The Hammer,C
cars_372,cars,"In [Motorsport & F1], who won 7 NASCAR Cup Series championships alongside Richard Petty and Dale Earnhardt Sr.?",A) Jeff Gordon | B) Tony Stewart | C) Cale Yarborough | D) Jimmie Johnson,D
cars_373,cars,"In [Motorsport & F1], what French driver won 4 Formula 1 World Championships and was nicknamed 'The Professor' for his calculating race craft?",A) Alain Prost | B) Jean Alesi | C) Rene Arnoux | D) Didier Pironi,A
cars_374,cars,"In [Motorsport & F1], what Austrian driver won the 1970 Formula 1 World Championship posthumously after losing his life at Monza during practice?",A) Niki Lauda | B) Jochen Rindt | C) Gerhard Berger | D) Helmut Marko,B
cars_375,cars,"In [Motorsport & F1], what is the famous intense 1976 Formula 1 rivalry between James Hunt and Niki Lauda depicted in the Hollywood film 'Rush'?",A) Ferrari vs Williams | B) Lotus vs Brabham | C) McLaren (James Hunt) vs Ferrari | D) Renault vs Tyrrell,C
cars_376,cars,"In [Motorsport & F1], what is the 'Eau Rouge' corner at Spa-Francorchamps named after?",A) Red painted curbs | B) A famous crash | C) The French flag | D) A small reddish stream containing iron oxide that flows under a bridge at the bottom of the downhill plunge,D
cars_377,cars,"In [Motorsport & F1], what is the 'Overcut' pit stop strategy compared to an 'Undercut' in Grand Prix racing?","A) Staying out on track longer with clear air to set fast lap times while a rival struggles on cold tires in traffic, then pitting and rejoining ahead | B) Changing only front tires | C) Taking a 5-second penalty | D) Pitting during a red flag",A
cars_378,cars,"In [Motorsport & F1], what 1978 Formula 1 'Fan Car' designed by Gordon Murray used a giant rear fan to vacuum air from under the chassis and won its only race?",A) Lotus 79 | B) Brabham BT46B | C) Tyrrell 008 | D) March 781,B
cars_379,cars,"In [Motorsport & F1], what 1,400-horsepower turbocharged 1.5-liter 4-cylinder BMW engine powered Nelson Piquet to the 1983 World Championship?",A) Cosworth DFV | B) Renault EF1 | C) BMW M12/13 Turbo | D) Honda RA168E,C
cars_380,cars,"In [Motorsport & F1], what Australian racetrack in New South Wales hosts the Mount Panorama Bathurst 1000 endurance race?",A) Albert Park | B) Phillip Island | C) Adelaide Parklands | D) Mount Panorama Circuit,D
cars_381,cars,"In [Motorsport & Racing], what is the '107% Rule' in Formula 1 qualifying?","A) Any driver whose best qualifying lap time in Q1 exceeds 107% of the fastest Q1 time may be barred from starting the Grand Prix, unless permitted by the stewards | B) Fuel capacity limit | C) Engine RPM restriction | D) Tire degradation limit",A
cars_382,cars,"In [Motorsport & Racing], what was the tragic consequence of the 1955 24 Hours of Le Mans disaster involving Pierre Levegh's Mercedes-Benz 300 SLR?","A) Le Mans was permanently cancelled | B) Over 80 spectators were killed when the magnesium-bodied car flew into the grandstand crowd, leading Mercedes-Benz to withdraw completely from motor racing for three decades and Switzerland banning circuit motor racing | C) Open cockpits were outlawed | D) Mercedes switched to diesel",B
cars_383,cars,"In [Motorsport & Racing], what was 'Group B' in World Rally Championship history (1982-1986) and why was it banned?","A) A stock showroom class | B) A front-wheel-drive diesel class | C) A legendary era of virtually unlimited horsepower, lightweight composite spaceframes, and extreme turbo boost producing 500-600+ hp cars that became dangerously fast, resulting in fatal crashes that forced its cancellation | D) An electric rally series",C
cars_384,cars,"In [Motorsport & Racing], how did Mazda make motorsport history at the 1991 24 Hours of Le Mans with the Mazda 787B?",A) First hybrid victory | B) First all-wheel-drive winner | C) First car without a gearbox | D) It became the first Japanese manufacturer AND the only car with a rotary (Wankel 4-rotor R26B) engine ever to win the overall 24 Hours of Le Mans,D
cars_385,cars,"In [Motorsport & Racing], what was the iconic 1966 24 Hours of Le Mans finish portrayed in the film 'Ford v Ferrari'?","A) Ford GT40 Mk IIs swept the podium with a staged 1-2-3 photo finish, with Bruce McLaren and Chris Amon declared winners over Ken Miles due to starting further back on the grid | B) Ferrari won by 1 lap | C) All cars broke down | D) Ken Miles was disqualified",A
cars_386,cars,"In [Motorsport & Racing], what is the 'Parc Ferme' (Closed Park) rule in FIA circuit racing?",A) The VIP lounge | B) A secure paddock area where competing cars are impounded and where no mechanical adjustments or setup modifications can be made by team mechanics after qualifying begins | C) The pit lane speed limit area | D) The podium holding pen,B
cars_387,cars,"In [Motorsport & Racing], what aerodynamic ground-effect feature on the 1970 Chaparral 2J and 1978 Brabham BT46B race cars created immense suction underbody?",A) Retractable wings | B) Nitrous exhaust blowers | C) Auxiliary fans powered by snowmobile engines that actively vacuumed air out from beneath the skirted floor to generate cornering grip independent of speed | D) Flexible side pontoons,C
cars_388,cars,"In [Motorsport & Racing], why are two chicanes added along the 3.7-mile Mulsanne Straight at Le Mans in 1990?",A) To improve passing | B) To shorten track length | C) For spectator grandstands | D) The FIA mandated that no straightaway on any circuit could exceed 2 km (1.2 miles) after the WM P88 Peugeot prototype reached an eye-watering 253 mph (407 km/h) in 1988,D
cars_389,cars,"In [Motorsport & Racing], what is the famous 'Corkscrew' corner complex at WeatherTech Raceway Laguna Seca in California?",A) A blind left-right chicane that drops five and a half stories (59 feet / 18 meters) downhill through a dramatic blind crest elevation plunge | B) A flat 360-degree loop | C) A high-banked oval turn | D) A tunnel corner,A
cars_390,cars,"In [Motorsport & Racing], what was the purpose of the revolutionary six-wheeled Tyrrell P34 Formula 1 car in 1976?",A) Extra spare tires | B) Using four small 10-inch front wheels tucked behind the front nose to dramatically reduce aerodynamic frontal drag while maintaining a large combined front tire contact patch | C) Four-wheel steering | D) All-wheel drive,B
cars_391,cars,"In [Motorsport & Racing], what legendary British racing team founded by Frank Williams won 9 Formula 1 Constructors' World Championships between 1980 and 1997?",A) Lotus | B) Tyrrell | C) Williams Grand Prix Engineering | D) Brabham,C
cars_392,cars,"In [Motorsport & Racing], what 1980s Formula 1 turbo car produced an estimated 1,400+ horsepower in qualifying trim from a tiny 1.5-liter 4-cylinder engine block?",A) Ferrari 126C2 | B) Renault RE40 | C) Williams-Honda FW11 | D) Brabham BT52 with the BMW M12/13 turbocharged engine,D
cars_393,cars,"In [Motorsport & Racing], what American driver won the 1978 Formula 1 World Championship, the 1969 Indianapolis 500, the Daytona 500, and four IndyCar titles?",A) Mario Andretti | B) Dan Gurney | C) A.J. Foyt | D) Al Unser,A
cars_394,cars,"In [Motorsport & Racing], who is the legendary American racer who won the 24 Hours of Le Mans in 1967 with A.J. Foyt in a Ford GT40 Mk IV, and originated the tradition of spraying champagne on the podium?",A) Carroll Shelby | B) Dan Gurney | C) Phil Hill | D) Mark Donohue,B
cars_395,cars,"In [Motorsport & Racing], what is 'The Gurney Flap' (Wickerbill) in racing aerodynamics?",A) A large diffuser | B) A front dive plane | C) A tiny right-angle tab mounted along the trailing edge of a rear wing that significantly increases downforce with only a minimal penalty in aerodynamic drag | D) A wheel fairing,C
cars_396,cars,"In [Motorsport & Racing], what is the famous 'Eau Rouge' corner at Spa-Francorchamps named after?",A) Red car crashes | B) Red sand banks | C) King Leopold's red flag | D) The small 'Red Water' stream containing iron oxide that flows beneath the track bridge at the bottom of the downhill descent,D
cars_397,cars,"In [Motorsport & Racing], what was the Porsche 917's significance in sports car endurance racing when it claimed Porsche's first overall win at Le Mans in 1970?","A) Powered by a ferocious 4.5 to 5.0-liter air-cooled flat-12 engine, it reached over 240 mph on the Mulsanne Straight and starred in Steve McQueen's film 'Le Mans' | B) It was powered by a diesel | C) It was front-wheel drive | D) It was an open roadster",A
cars_398,cars,"In [Motorsport & Racing], what is the 'Overcut' vs 'Undercut' pit stop strategy in Formula 1?",A) Overcut is changing 6 tires | B) Undercutting means pitting earlier onto fresh tires to set fast out-laps and jump a rival when they pit; Overcutting means staying out on clear track to build a gap while the opponent struggles in traffic on cold tires | C) Undercut is drive-through penalty | D) Overcut is taking more fuel,B
cars_399,cars,"In [Motorsport & Racing], who holds the all-time record with seven championships in the premier NASCAR Cup Series alongside Richard Petty and Dale Earnhardt?",A) Jeff Gordon | B) Tony Stewart | C) Jimmie Johnson | D) Cale Yarborough,C
cars_400,cars,"In [Motorsport & Racing], what was the technical reason for the ban on active computer-controlled hydraulic suspension in Formula 1 after Williams dominated the 1992 and 1993 seasons?","A) Active suspension caused engine fires | B) Cost only | C) Tires couldn't handle the load | D) The FIA banned active suspension, traction control, and ABS to return car control to driver skill and curb skyrocketing electronic engineering costs",D
cars_401,cars,[⭐] [badge:mercedes_star] Which historic German racing marque that campaigned the 1930s 'Silver Arrows' and 1990s CLK GTR uses this icon?,A) Mercede-Benz | B) Bimmer | C) Audii | D) Volksvagen,A
cars_402,cars,"[⭐] [badge:mercedes_star] Which automaker uses this emblem representing Gottlieb Daimler's vision of universal motorization on land, water, and air?",A) Bimmer | B) Mercede-Benz | C) Audii | D) Volksvagen,B
cars_403,cars,"[🔘🔘🔘🔘] [badge:audi_twisted_rings] Which German manufacturer formed from the 1932 merger of Audi, DKW, Horch, and Wanderer uses this four-ring badge?",A) Bimmer | B) Mercede-Benz | C) Audii | D) Opell,C
cars_404,cars,[🔘🔘🔘🔘] [badge:audi_twisted_rings] Which automotive brand won multiple 24 Hours of Le Mans with pioneering TDI diesel and e-tron hybrid racers under this badge?,A) Bimmer | B) Mercede-Benz | C) Opell | D) Audii,D
cars_405,cars,[⭕] [badge:toyota_ellipses] Which automotive brand built the handcrafted 1967 2000GT sports coupe in collaboration with Yamaha under this badge?,A) Toyoto | B) Hondo | C) Nissun | D) Mazdo,A
cars_406,cars,[⭕] [badge:toyota_ellipses] Which carmaker uses this emblem where the two inner perpendicular ellipses symbolize the mutual trust between customer and car company?,A) Hondo | B) Toyoto | C) Nissun | D) Mazdo,B
cars_407,cars,[🎗️] [badge:chevrolet_bowtie] Which American automotive division introduced the mid-engine C8 generation sports car in 2020 under this bowtie icon?,A) Forde | B) Dodgie | C) Chevrolette | D) Pontyac,C
cars_408,cars,[🎗️] [badge:chevrolet_bowtie] Which car company's co-founder Billy Durant reportedly derived this famous bowtie emblem from Parisian wallpaper pattern in 1913?,A) Forde | B) Dodgie | C) Pontyac | D) Chevrolette,D
cars_409,cars,[⚡] [badge:tesla_t_plug] Which car company launched its first production sports car in 2008 based on a Lotus Elise glider chassis under this emblem?,A) Teslla | B) Rivyan | C) Lucyd | D) Polestar,A
cars_410,cars,[⚡] [badge:tesla_t_plug] Which EV maker uses this emblem whose shape is engineered to symbolize a cross-section slice of an electric induction motor rotor and stator?,A) Rivyan | B) Teslla | C) Lucyd | D) Polestar,B
cars_411,cars,"[🛡️] [badge:porsche_crest] Which manufacturer won 19 overall victories at the 24 Hours of Le Mans, starting with the flat-12 917K in 1970 under this crest?",A) Bimmer | B) Audii | C) Porshe | D) Mercede-Benz,C
cars_412,cars,[🛡️] [badge:porsche_crest] Which automaker's crest combines the prancing horse of Stuttgart with the red and black stripes and stag antlers of the historic Free People's State of Wurttemberg?,A) Bimmer | B) Audii | C) Mercede-Benz | D) Porshe,D
cars_413,cars,[🐎] [badge:ferrari_rearing_horse] Which Italian automotive racing team has competed in every single Formula 1 World Championship season since 1950 under this horse badge?,A) Ferrary | B) Lamborgini | C) Maseratty | D) Pagany,A
cars_414,cars,[🐎] [badge:ferrari_rearing_horse] Which car manufacturer adopted this prancing horse emblem from the WWI fighter aircraft of Italian flying ace Count Francesco Baracca?,A) Lamborgini | B) Ferrary | C) Maseratty | D) Pagany,B
cars_415,cars,[🐂] [badge:lamborghini_bull] Which supercar maker was founded in Sant'Agata Bolognese in 1963 by a tractor industrialist after a dispute with Enzo Ferrari over a clutch?,A) Ferrary | B) Bugatty | C) Lamborgini | D) Maseratty,C
cars_416,cars,"[🐂] [badge:lamborghini_bull] Which car manufacturer produced the 1966 mid-engine transverse V12 Miura, widely recognized as the world's first true supercar under this bull badge?",A) Ferrary | B) Bugatty | C) Maseratty | D) Lamborgini,D
cars_417,cars,[✨] [badge:subaru_pleiades_stars] Which automotive brand won three consecutive World Rally Championship manufacturer titles (1995-1997) with driver Colin McRae under this emblem?,A) Subaroo | B) Mitsubishy | C) Toyoto | D) Suzukii,A
cars_418,cars,[✨] [badge:subaru_pleiades_stars] Which car company's name and emblem represent the Japanese name for the Pleiades star cluster ('Mutsuraboshi' or six stars uniting Fuji Heavy Industries)?,A) Mitsubishy | B) Subaroo | C) Toyoto | D) Suzukii,B
cars_419,cars,[🔵] [badge:ford_blue_oval] Which automotive giant revolutionized modern global manufacturing by introducing the moving automotive assembly line in Highland Park in 1913?,A) Chevrolette | B) Dodgie | C) Forde | D) Cadillack,C
cars_420,cars,[🔵] [badge:ford_blue_oval] Which American company homologated the massive semi-hemispherical Boss 429 V8 engine in 1969 specifically to qualify for NASCAR competition under this badge?,A) Chevrolette | B) Dodgie | C) Cadillack | D) Forde,D
cars_421,cars,"[🪽] [badge:aston_martin_wings] Which luxury manufacturer co-developed the Valkyrie hypercar with Formula 1 aerodynamicist Adrian Newey, powered by an 11,100 RPM Cosworth V12?",A) Aston-Martinn | B) Bently | C) Jaguarr | D) McLarn,A
cars_422,cars,[🪽] [badge:aston_martin_wings] Which British sports car manufacturer has graced its iconic models with the initials 'DB' in honor of industrialist Sir David Brown who acquired the marque in 1947?,A) Bently | B) Aston-Martinn | C) Jaguarr | D) McLarn,B
cars_423,cars,[⚔️] [badge:volvo_battleaxe] Which Gothenburg-based car company shocked racing spectators by campaigning an 850 Estate racing wagon in the 1994 British Touring Car Championship?,A) Saabb | B) Koeniggsegg | C) Volvvo | D) Polestar,C
cars_424,cars,"[⚔️] [badge:volvo_battleaxe] Which automaker's logo depicts the ancient chemical and alchemical symbol for Iron (Mars), symbolizing durability, strength, and Swedish steel craftsmanship?",A) Saabb | B) Koeniggsegg | C) Polestar | D) Volvvo,D
cars_425,cars,[🐆] [badge:jaguar_leaping] Which British manufacturer dominated the 24 Hours of Le Mans in the 1950s with the aerodynamic C-Type and finned D-Type racing sports cars?,A) Jaguarr | B) Bently | C) Aston-Martinn | D) Land-Rovr,A
cars_426,cars,[🐆] [badge:jaguar_leaping] Which automaker was originally founded in Blackpool in 1922 as the Swallow Sidecar Company (SS Cars) before renaming after WWII to this predatory wildcat?,A) Bently | B) Jaguarr | C) Aston-Martinn | D) Land-Rovr,B
cars_427,cars,[🎧] [badge:honda_headphones] Which Japanese company founded by Soichiro Honda in 1948 grew to become the world's largest producer of internal combustion engines under this emblem?,A) Toyoto | B) Nissun | C) Hondo | D) Mazdo,C
cars_428,cars,[🎧] [badge:honda_headphones] Which engine supplier powered McLaren and Ayrton Senna to multiple Formula 1 World Championships with legendary turbo and naturally aspirated V10/V12 engines?,A) Toyoto | B) Nissun | C) Mazdo | D) Hondo,D
cars_429,cars,[🤝] [badge:hyundai_italic_h] Which manufacturer developed the dedicated 800V E-GMP skateboard electric platform allowing ultra-fast 10-80% charging in 18 minutes under this badge?,A) Hyunday | B) Kiia | C) Daewoo | D) Genesys,A
cars_430,cars,[🤝] [badge:hyundai_italic_h] Which automaker designed its slanted 'H' logo specifically to symbolize two people (the company representative and a satisfied customer) shaking hands?,A) Kiia | B) Hyunday | C) Daewoo | D) Genesys,B
cars_431,cars,[🛑] [badge:nissan_circle_bar] Which carmaker that originally sold vehicles under the 'Datsun' brand name unified its global passenger car operations under this circular emblem?,A) Toyoto | B) Hondo | C) Nissun | D) Mazdo,C
cars_432,cars,[🛑] [badge:nissan_circle_bar] Which company developed the sophisticated ATTESA E-TS electronic all-wheel-drive system and VC-Turbo variable compression engine under this marque?,A) Toyoto | B) Hondo | C) Mazdo | D) Nissun,D
cars_433,cars,[🪽] [badge:bentley_wings] Which Crewe-based luxury coachbuilder won the 2003 24 Hours of Le Mans with the aerodynamic Speed 8 prototype race car under this winged badge?,A) Bently | B) Rolls-Royse | C) Aston-Martinn | D) Jaguarr,A
cars_434,cars,"[🪽] [badge:bentley_wings] Which automaker was founded in Cricklewood, London in 1919 by W.O. Bentley with the mission to build 'a fast car, a good car, the best in its class'?",A) Rolls-Royse | B) Bently | C) Aston-Martinn | D) Jaguarr,B
cars_435,cars,[🐏] [badge:ram_head] Which manufacturer patented the 'RamBox' lockable and drainable cargo storage system integrated directly into the pickup bed side rails?,A) Forde | B) Chevrolette | C) Ramm | D) GMC-Motors,C
cars_436,cars,[🐏] [badge:ram_head] Which American truck lineage produced the 500-hp SRT-10 super-truck in 2004 powered by an 8.3-liter V10 engine borrowed from the Dodge Viper?,A) Forde | B) Chevrolette | C) GMC-Motors | D) Ramm,D
cars_437,cars,"[📐] [badge:acura_caliper] Which luxury brand engineered Super Handling All-Wheel Drive (SH-AWD), which uses active rear overdrives to torque-vector power during cornering?",A) Acuraa | B) Lexuss | C) Infinitii | D) Genesys,A
cars_438,cars,[📐] [badge:acura_caliper] Which automaker derived its name from the Latin 'Acu' (meaning sharp or precise) and designed its emblem based on an engineer's mechanical caliper measuring tool?,A) Lexuss | B) Acuraa | C) Infinitii | D) Genesys,B
cars_439,cars,"[🛡️🛡️🛡️] [badge:buick_tri_shield] Which brand's three shields originally symbolized its three cornerstone 1960 models: the LeSabre, the Invicta, and the Electra?",A) Cadillack | B) Chevrolette | C) Buicke | D) Pontyac,C
cars_440,cars,"[🛡️🛡️🛡️] [badge:buick_tri_shield] Which American car company enjoys immense prestige and enormous sales volume in China, where Emperor Pu Yi and Premier Zhou Enlai famously rode in its cars?",A) Cadillack | B) Chevrolette | C) Pontyac | D) Buicke,D
cars_441,cars,[👑] [badge:rolls_royce_intertwined_rr] Which manufacturer engineers self-righting weighted wheel center caps that ensure this 'RR' emblem remains perfectly upright at all speeds?,A) Rolls-Royse | B) Bently | C) Maybach | D) Aston-Martinn,A
cars_442,cars,[👑] [badge:rolls_royce_intertwined_rr] Which historic British automaker was formed in Manchester in 1904 following a landmark partnership between engineer Henry Royce and merchant Charles Rolls?,A) Bently | B) Rolls-Royse | C) Maybach | D) Aston-Martinn,B
cars_443,cars,[🪽] [badge:genesis_wings] Which luxury brand created the GV60 electric crossover featuring a motorized rotating 'Crystal Sphere' gear selector in the center console?,A) Lexuss | B) Infinitii | C) Genesys | D) Acuraa,C
cars_444,cars,[🪽] [badge:genesis_wings] Which automaker produces the flagship G90 luxury limousine equipped with multi-chamber air suspension and 4-wheel steering under this winged crest?,A) Lexuss | B) Infinitii | C) Acuraa | D) Genesys,D
cars_445,cars,[🔘] [badge:volkswagen_steampunk] Which Wolfsburg-headquartered global automotive group's name literally translates to 'The People's Car' in German?,A) Volksvagen | B) Bimmer | C) Opell | D) Audii,A
cars_446,cars,[🔘] [badge:volkswagen_steampunk] Which automotive company produced the ultra-luxury Phaeton W12 sedan in a transparent glass factory in Dresden under this marque?,A) Bimmer | B) Volksvagen | C) Opell | D) Audii,B
cars_447,cars,[⚙️] [badge:volkswagen_winged] Which racing team set the all-time electric lap record at the Nurburgring Nordschleife in 2019 with the 670-hp ID.R prototype under this badge?,A) Bimmer-Aero | B) Audii-Sport | C) Volksvagen-Aero | D) Opell-Blitz,C
cars_448,cars,[⚙️] [badge:volkswagen_winged] Which automotive marque created the experimental 650-horsepower mid-engine W12 Nardo supercar prototype capable of 217 mph under this emblem?,A) Bimmer-Aero | B) Audii-Sport | C) Opell-Blitz | D) Volksvagen-Aero,D
cars_449,cars,[🕊️] [badge:mazda_winged_hourglass] Which Hiroshima-based manufacturer became the first Japanese brand to win the 24 Hours of Le Mans in 1991 with the 4-rotor 787B race car?,A) Mazdo | B) Toyoto | C) Nissun | D) Subaroo,A
cars_450,cars,"[🕊️] [badge:mazda_winged_hourglass] Which car company engineered Skyactiv-X technology, introducing the world's first commercial compression-ignition gasoline engine (SPCCI) under this marque?",A) Toyoto | B) Mazdo | C) Nissun | D) Subaroo,B
cars_451,cars,[⚡] [badge:lightning_circle_emblem] Which manufacturer collaborated with Lotus in 1990 to build the 377-hp twin-turbo Omega (Lotus Carlton) capable of 176 mph under this badge?,A) Volksvagen | B) Bimmer | C) Opell | D) Audii,C
cars_452,cars,"[⚡] [badge:lightning_circle_emblem] Which historic company, founded in 1862 by Adam Opel initially to build sewing machines and bicycles, adopted the 'Blitz' lightning emblem on trucks in 1930?",A) Volksvagen | B) Bimmer | C) Audii | D) Opell,D
cars_453,cars,[🎼] [badge:treble_clef_emblem] What automotive acoustic brand uses this badge representing Helmholtz resonators that cancel drone while amplifying pure engine octaves?,A) Melody-Motors | B) Sonata-Auto | C) Cadence-Cars | D) Harmony-Auto,A
cars_454,cars,[🎼] [badge:treble_clef_emblem] Which bespoke performance concept marque features this treble clef emblem inspired by classical musical composition in automotive engineering?,A) Sonata-Auto | B) Melody-Motors | C) Cadence-Cars | D) Harmony-Auto,B
cars_455,cars,[🚘] [badge:kia_oval] What famous German car designer created the signature 'Tiger Nose' grille styling for this brand in 2007?,A) Chris Bangle | B) Walter de Silva | C) Peter Schreyer | D) Ian Callum,C
cars_456,cars,[🚘] [badge:kia_oval] What 7-letter rear-wheel-drive twin-turbo sports sedan was introduced in 2017 by the maker of this badge (Stin...)?,,Stinger
cars_457,cars,[🛻] [badge:gmc_block_letters] What 1991 turbocharged 4.3L V6 all-wheel-drive pickup truck was famously faster to 60 mph than a Ferrari 348?,A) Typhoon | B) Silverado SS | C) Trailblazer SS | D) Syclone,D
cars_458,cars,[🛻] [badge:gmc_block_letters] What 6-letter luxury flagship trim level is famous on trucks and SUVs bearing this badge (Den...)?,,Denali
cars_459,cars,[🚙] [badge:jeep_letters] What mid-size luxury SUV introduced in 1993 with a legendary unibody chassis is manufactured by the brand on this badge?,A) Grand Cherokee | B) Cherokee | C) Wagoneer | D) Commander,A
cars_460,cars,[🚙] [badge:jeep_letters] What 8-letter convertible 4x4 off-road SUV is the primary flagship of this brand (Wran...)?,,Wrangler
cars_461,cars,"In [Engines & Car Tech], what British high-performance axial-flux electric motor company was acquired by Mercedes-Benz (4-letter acronym ...)?",,YASA
cars_462,cars,"In [Engines & Car Tech], what is the term for the needle-like metallic lithium growths that can cause battery internal short circuits during fast charging?",,dendrites
cars_463,cars,"In [Engines & Car Tech], what electric track car shattered the Goodwood Festival of Speed hill climb record in 39.08 seconds using twin ground-effect suction fans (McMurtry ...)?",,Speirling
cars_464,cars,"In [Motorsport & F1], what legendary British aerodynamicist and Red Bull Chief Technical Officer designed title-winning cars for Williams, McLaren, and Red Bull (Adrian ...)?",,Adrian Newey
cars_465,cars,"In [Motorsport & F1], what 5-letter Italian tire company is the exclusive official tire supplier to Formula 1 since 2011?",,Pirelli
cars_466,cars,"In [Motorsport & F1], what legendary British Formula 1 driver is the only person to win World Championships on both two wheels (motorcycles) and four wheels (Formula 1) (John ...)?",,John Surtees
cars_467,cars,"In [Motorsport & Racing], what legendary British Formula 1 designer and Red Bull Chief Technical Officer designed championship-winning cars for Williams, McLaren, and Red Bull (Adrian ...)?",,Adrian Newey
cars_468,cars,"In [Motorsport & Racing], what was the name of the revolutionary dual-axis steering system introduced by Mercedes on the 2020 W11 (abbreviated ...)?",,DAS
cars_469,cars,"In [Motorsport & Racing], what 5-letter Italian tire company is the exclusive tire supplier to Formula 1 since 2011?",,Pirelli
cars_470,cars,"In [Iconic Cars & Models], what famous South African automotive engineer and McLaren F1 designer created the revolutionary GMA T.50 supercar with a rear aerodynamic fan?",,Gordon Murray
cars_471,cars,"In [Iconic Cars & Models], what was the chassis code for the ultra-rare 1990s lightweight homologation special of the Honda NSX (NSX-...) developed with Ayrton Senna?",,Type R
cars_472,cars,"In [Iconic Cars & Models], what was the name of the limited-production road car built by Aston Martin in collaboration with Red Bull Racing and Adrian Newey (Aston Martin ...)?",,Valkyrie
cars_473,cars,"In [Engines & Car Tech], how does Koenigsegg's 'Freevalve' camless engine technology operate intake and exhaust valves without a camshaft?","A) Steam pistons | B) Individually electronically controlled pneumatic-hydraulic-electric actuators for each valve, allowing independent, infinite variable control of lift, timing, and cylinder deactivation | C) Permanent magnets on the flywheel | D) Rotating ceramic sleeves",B
cars_474,cars,"In [Engines & Car Tech], what is Desmodromic valve actuation, famously engineered by Ducati and Mercedes-Benz W196 race cars?","A) Electric solenoids | B) Hydraulic valves without oil | C) A mechanical system using two separate cam lobes and rocker arms to positively pull valves open AND push them shut mechanically without return springs, eliminating high-RPM valve float | D) Rotary disk valves",C
cars_475,cars,"In [Engines & Car Tech], what is the phenomenon of 'Diesel Runaway' and what is the only way to stop it?","A) Stuck throttle cable | B) Overcharged battery | C) High radiator pressure | D) When a diesel engine begins feeding on an unintended oil source (such as leaking turbo seal crankcase oil), revving uncontrollably past redline to self-destruction; stopped only by choking off its intake air supply",D
cars_476,cars,"In [Engines & Car Tech], what is an Anti-Lag System (ALS / 'Bang-Bang') used in turbocharged World Rally Championship cars?",A) Intentionally igniting fuel and air directly inside the hot exhaust manifold ahead of the turbocharger to keep the turbine spooling at maximum boost even when the driver lifts off the throttle | B) A supercharger bypass | C) An electric motor assist | D) A nitrous purge system,A
cars_477,cars,"In [Engines & Car Tech], how does Magnetorheological (MagneRide) adaptive damper suspension technology alter damping stiffness within milliseconds?","A) Air compressor valves | B) Dampers filled with synthetic fluid containing microscopic iron particles; an electromagnetic coil dynamically magnetizes the fluid, aligning particles into chains to instantly change fluid viscosity | C) Motorized springs | D) Hydraulic gate valves",B
cars_478,cars,"In [Engines & Car Tech], what is the difference between Porpoising and Bouncing in ground-effect aerodynamics?","A) Porpoising is a tire flat | B) Bouncing is purely aerodynamic | C) Porpoising is an aerodynamic cyclic instability where intense ground effect pulls the chassis too low, stalling floor airflow and releasing downforce so the car rises and repeats; Bouncing is mechanical suspension bottoming over track bumps | D) They are identical terms",C
cars_479,cars,"In [Engines & Car Tech], what is the fundamental difference between an Axial Flux electric motor (like YASA) and a conventional Radial Flux electric motor?","A) Axial flux uses liquid pistons | B) Radial flux runs on DC only | C) Axial flux has no stator | D) In an Axial Flux motor, magnetic flux flows parallel to the axis of rotation across thin disc rotors, delivering up to 4x greater torque density in an ultra-compact pancake shape",D
cars_480,cars,"In [Engines & Car Tech], what was the technical innovation of the Citroen DS 19 introduced at the 1955 Paris Motor Show that stunned the automotive world?","A) A central high-pressure Hydropneumatic hydraulic system powering self-leveling suspension, power steering, power brakes, and semi-automatic shifting | B) First turbocharged engine | C) First electric powertrain | D) First carbon-fiber body",A
cars_481,cars,"In [Engines & Car Tech], what is the purpose of a Pyro-Switch (Pyrofuse) in high-voltage electric vehicle battery packs?",A) Turning on cabin lights | B) A miniature pyrotechnic explosive charge that physically severs the main high-voltage battery circuit in under 2 milliseconds upon detecting airbag deployment to prevent electrocution | C) Heating the battery | D) Discharging battery gas,B
cars_482,cars,"In [Engines & Car Tech], what is the purpose of Silicon Carbide (SiC) power inverters in modern high-voltage electric cars?","A) Silicon brake pads | B) Glass windshield coating | C) Advanced power semiconductors that operate at higher temperatures and switching frequencies with up to 70% lower energy losses than conventional silicon IGBTs, extending driving range | D) Battery fire extinguisher",C
cars_483,cars,"In [Engines & Car Tech], what is the 'Stall Speed' of a torque converter in an automatic transmission?",A) Minimum idle speed | B) Maximum vehicle highway speed | C) Transmission oil change speed | D) The maximum engine RPM attainable with the vehicle held completely stationary with brakes locked and transmission in gear at wide-open throttle,D
cars_484,cars,"In [Engines & Car Tech], what is Variable Compression Ratio (VCR) engine technology pioneered by Nissan in the VC-Turbo engine?","A) A harmonic multi-link mechanism that actively raises or lowers the piston top dead center height on the fly, dynamically adjusting compression ratio between 8:1 (for turbo boost) and 14:1 | B) Using different head gaskets | C) Changing fuel octane | D) Adjusting turbo boost only",A
cars_485,cars,"In [Engines & Car Tech], what was the purpose of the Active Airfoil system (ALA - Aerodinamica Lamborghini Attiva) on the Huracan Performante?",A) Moving wheels | B) Motorized flaps inside the front splitter and hollow rear wing channels that open/close in 500 ms to stall downforce for top speed or direct airflow to create asymmetric aero vectoring in corners | C) Variable exhaust valves | D) Retractable headlights,B
cars_486,cars,"In [Engines & Car Tech], what is the function of the massive 10-piston front brake calipers fitted to hyper-SUVs like the Lamborghini Urus and Porsche Cayenne Turbo GT?",A) Handbrake assist | B) Regenerative braking | C) Squeezing massive 440mm carbon-ceramic rotors with ten individual pistons per caliper for uniform pressure distribution across huge pad surface areas | D) Tire inflation,C
cars_487,cars,"In [Engines & Car Tech], what is the McMurtry Speirling fan car downforce capability from a dead stop?","A) Zero downforce | B) 50 lbs | C) 500 lbs | D) Over 4,400 lbs (2,000 kg) of constant instant downforce from 0 mph generated by twin high-speed electric fans, allowing over 3G of lateral cornering grip",D
cars_488,cars,"In [Engines & Car Tech], how does the Rimac Nevera electric hypercar achieve 0-60 mph in 1.74 seconds without mechanical differentials?",A) Four bespoke liquid-cooled permanent magnet motors and an All-Wheel Torque Vectoring system calculating individual torque output 100 times per second per wheel | B) Jet thrusters | C) 6-speed manual dog box | D) Front-wheel drive only,A
cars_489,cars,"In [Engines & Car Tech], what is the technical purpose of a Dry Sump lubrication system's Scavenge Pumps?",A) Pumping fuel to cylinders | B) High-capacity pumps that suck aerated oil and crankcase blow-by gases from the shallow oil pan and pump it into the external de-aeration oil reservoir | C) Cooling water | D) Vacuum brake booster,B
cars_490,cars,"In [Motorsport & F1], what was the 'F-Duct' fluidic switch system introduced by McLaren on the MP4-25 in the 2010 season?",A) An engine oil cooler | B) An active front wing flap | C) A cockpit duct the driver covered with their left knee/glove on straights to stall airflow across the rear wing and dump drag for 6-8 mph higher top speed | D) A water injection boost,C
cars_491,cars,"In [Motorsport & F1], what was the 'Mass Damper' system developed by Renault on their championship-winning R25/R26 cars (2005-2006)?",A) A lead-weighted flywheel | B) An active sway bar | C) Hydraulic bump springs | D) A suspended metal cylinder damper inside the nose cone that canceled out front tire bounce over curbs to keep front ride height perfectly stable,D
cars_492,cars,"In [Motorsport & F1], what was the Dual-Axis Steering (DAS) system invented by Mercedes-AMG F1 on the W11 in 2020?","A) A system allowing the driver to push/pull the steering wheel along straights to alter front tire toe angle in real time, warming tires evenly and cutting drag | B) Four-wheel steering | C) Power steering assist | D) Electronic steering ratio",A
cars_493,cars,"In [Motorsport & F1], what is the 'MGU-H' (Motor Generator Unit - Heat) component of modern 1.6-liter turbocharged V6 Formula 1 hybrid power units?","A) A cabin heater | B) An electric motor/generator connected directly to the turbocharger shaft that recovers energy from exhaust gases, eliminates turbo lag, and charges the battery without limit | C) A radiator water pump | D) A brake regeneration motor",B
cars_494,cars,"In [Motorsport & F1], what was the technical loophole exploited by Audi Sport with the Audi R10 TDI at the 2006 24 Hours of Le Mans?","A) Favorable LMP1 regulations for turbodiesel engines, allowing a 5.5-liter twin-turbo V12 TDI to produce over 800 lb-ft of torque with superior fuel economy to crush petrol rivals | B) Pushrod suspension | C) Ground effect fans | D) Ceramic turbines",C
cars_495,cars,"In [Motorsport & F1], what was the technical cause of the controversial multi-car withdrawal at the 2005 US Grand Prix at Indianapolis leaving only 6 cars to race?","A) Rain on slicks | B) Fuel contamination | C) Engine electrical bugs | D) Michelin tires could not survive the intense lateral and vertical loads generated on the newly diamond-grooved 9-degree banked Turn 13, prompting a safety boycott",D
cars_496,cars,"In [Motorsport & F1], what was the purpose of the 'Skid Block' (Jabroc wooden plank) mounted under the floor of Formula 1 cars starting in 1994?","A) To enforce minimum ride height and prevent dangerous ground-effect bottoming, with maximum allowable plank wear of only 1 mm | B) To add ballast | C) To make sparks for TV | D) To protect against rocks",A
cars_497,cars,"In [Motorsport & F1], how did Brabham and Gordon Murray invent the modern Formula 1 tactical pit stop at the 1982 Austrian Grand Prix?","A) Fuel was leaking | B) Murray calculated that running soft, sticky tires with half-empty fuel tanks made the car so much faster that stopping midway for fresh fuel and rubber was faster overall | C) Engine overheated | D) Tires were too hard",B
cars_498,cars,"In [Motorsport & F1], what was the 'Spygate' scandal in Formula 1 during the 2007 World Championship season?","A) Renault spying on BMW | B) Spyker copying Red Bull | C) McLaren was found in unauthorized possession of a 780-page confidential Ferrari technical dossier, resulting in McLaren's disqualification and a record $100 million fine | D) Toyota stealing Ferrari CAD files",C
cars_499,cars,"In [Motorsport & F1], what was the technical distinction of the Audi R18 e-tron quattro's hybrid system when it won Le Mans in 2012?",A) Hydrogen fuel cells | B) Solid state batteries | C) Solar body panels | D) A carbon-fiber mechanical flywheel energy storage system developed with Williams Hybrid Power mounted in the cockpit to power an electric front axle,D
cars_500,cars,"In [Motorsport & F1], what is the famous 1955 Mille Miglia open-road record set by Sir Stirling Moss and Denis Jenkinson in the Mercedes 300 SLR #722?","A) 10 hours, 7 minutes, and 48 seconds over 992 miles of open Italian public roads, averaging 97.96 mph | B) 12 hours flat | C) 15 hours 30 mins | D) 11 hours 20 mins",A
