number,subject,difficulty,question_type,question,multiple_choices,answer
1,Anime,Easy,Multiple Choice,في أنمي 'دراغون بول زد'، إلى أي جنس محارب فضائي ينتمي البطل سون غوكو؟,A) السايان | B) الناميكي | C) الياردرات | D) شياطين الصقيع,A
2,Anime,Easy,Multiple Choice,في أنمي 'ون بيس'، ما اسم فاكهة الشيطان التي أكلها مونكي دي لوفي وحولت جسده إلى مطاط؟,A) ميرا ميرا نو مي | B) غومو غومو نو مي | C) أوبي أوبي نو مي | D) هيتو هيتو نو مي,B
3,Anime,Easy,Multiple Choice,في أنمي 'ناروتو'، ما اسم وحش الكيوبي ذو الذيول التسعة الذي خُتم بداخل ناروتو أوزوماكي يوم ولادته؟,A) شوكاكو | B) ماتاتابي | C) كوراما | D) غيوكي,C
4,Anime,Easy,Multiple Choice,في أنمي 'بليتش'، ما اسم سيف الزانباكتو الضخم الخاص بإيتشيغو كوروساكي؟,A) سينبونزاكورا | B) هيورينمارو | C) وابيسوكي | D) زانغيتسو,D
5,Anime,Easy,Multiple Choice,في أنمي 'هنتر x هنتر'، ما هو الدافع الرئيسي والهدف الأكبر لغون فريكس ليصبح صياداً محترفاً؟,A) العثور على والده جينغ | B) جمع الثروة والمال | C) الانتقام لعشيرته | D) هزيمة عصابة العناكب,A
6,Anime,Easy,Multiple Choice,في 'مغامرات جوجو العجيبة'، ما هو التجسيد الروحي الخارق للروح القتالية الذي ظهر ابتداءً من الجزء الثالث (فرسان غبار النجوم)؟,A) الهامون | B) الستاند (Stand) | C) الدوران (Spin) | D) النين,B
7,Anime,Easy,Multiple Choice,في سلسلة 'دراغون بول'، كم عدد كرات التنين السحرية التي يجب جمعها لاستدعاء التنين شينرون وتحقيق الأمنيات؟,A) 5 | B) 6 | C) 7 كرات | D) 8,C
8,Anime,Easy,Multiple Choice,في أنمي 'ون بيس'، ما هو غطاء الرأس الأيقوني الذي أهداه شانكس ذو الشعر الأحمر للوفي كعهد بينهما؟,A) عصابة رأس باندانا | B) قبعة قراصنة مثلثة | C) قبعة صوفية | D) قبعة القش,D
9,Anime,Easy,Multiple Choice,في أنمي 'ناروتو'، ما اسم تقنية كرة التشاكرا الدوارة الأيقونية التي ابتكرها الهوكاجي الرابع وأتقنها ناروتو؟,A) راسينغان | B) تشيدوري | C) أماتيراسو | D) شينرا تينسي,A
10,Anime,Easy,Multiple Choice,في أنمي 'بليتش'، ما هو المسمى المطلق للإطلاق النهائي الكامل لسيف الزانباكتو الذي يتجاوز مرحلة الشيكاي؟,A) ريسوريكسيون | B) البانكاي | C) فولشتانديغ | D) سيغوندا إيتابا,B
11,Anime,Easy,Multiple Choice,في 'دراغون بول زد'، من هو أمير كل السايان الفخور ومنافس غوكو الأزلي على مر العصور؟,A) راديتز | B) نابا | C) فيجيتا | D) برولي,C
12,Anime,Easy,Multiple Choice,في أنمي 'ون بيس'، ما هو الكنز الأسطوري العظيم الذي تركه ملك القراصنة غول دي روجر ويبحر الجميع للعثور عليه؟,A) حجر الريو بونيغليف | B) الأزرق الكامل (All Blue) | C) السلاح الأثري القديم | D) الون بيس (One Piece),D
13,Anime,Easy,Multiple Choice,في أنمي 'ناروتو'، ما هي التقنية البصرية الوراثية (الكيكي غينكاي) الأسطورية الخاصة بعشيرة الأوتشيها؟,A) الشارينغان | B) البياكوغان | C) الرينغان | D) التينسيغان,A
14,Anime,Easy,Multiple Choice,في أنمي 'بليتش'، أي قائد سابق للفرقة الخامسة في الغوتي 13 خان مجتمع الأرواح وصعد إلى الهويكو موندو؟,A) غين إيتشيمارو | B) سوسكي آيزن | C) كانامي توسين | D) كيسكي يوراهارا,B
15,Anime,Easy,Multiple Choice,في أنمي 'هنتر x هنتر'، من هو القاتل المأجور الصغير وصديق غون الأوفى الذي يستخدم الصواعق الكهربائية واليويو في قتاله؟,A) كورابيكا | B) ليوريو | C) كيلوا زولديك | D) هيسوكا,C
16,Anime,Easy,Multiple Choice,في الجزء الثالث من 'مغامرات جوجو العجيبة'، ما اسم الستاند الخارق بالغ السرعة والقوة الخاص بجوتارو كوجو؟,A) كريزي دايموند | B) سيلفر تشاريوت | C) هيرميت بيربل | D) ستار بلاتينيوم,D
17,Anime,Easy,Multiple Choice,في أنمي 'دراغون بول'، من هو المعلم العجوز حكيم السلاحف الذي ابتكر وعلم غوكو ضربة طاقة 'الكامي هامي ها'؟,A) موتين روشي | B) كينغ كاي | C) كورين | D) كامي,A
18,Anime,Easy,Multiple Choice,في أنمي 'ون بيس'، من هو سياف طاقم قبعة القش الذي يقاتل بأسلوب السيوف الثلاثة الفريد (سانتوريّو)؟,A) سانجي | B) رورونوا زورو | C) أوسوب | D) بروك,B
19,Anime,Easy,Multiple Choice,في أنمي 'ناروتو'، من هو النينجا الناسخ المقنع قائد الفريق السابع الذي يمتلك عين الشارينغان؟,A) جيرايا | B) أسوما ساروتوبي | C) كاكاشي هاتاكي | D) مايت غاي,C
20,Anime,Easy,Multiple Choice,في أنمي 'بليتش'، ماذا تُسمى الوحوش الروحية المقنعة الفاسدة التي يجب على الشينيغامي تطهيرها بأسيافهم؟,A) الآرانكر | B) الكوينشي | C) الباونت | D) الهولو,D
21,Anime,Easy,Multiple Choice,في 'دراغون بول زد'، أي طاغية دمر كوكب ناميك وهُزم أمام أول تحول أسطوري لغوكو إلى السوبر سايان؟,A) فريزا | B) سيل | C) ماجين بو | D) القائد غينيو,A
22,Anime,Easy,Multiple Choice,في أنمي 'ون بيس'، من هو طاهي سفينة قبعة القش النبيل الذي يقاتل حصرياً بضربات ساقيه وركلاته القوية؟,A) فرانكي | B) سانجي | C) جيمبي | D) تشوبر,B
23,Anime,Easy,Multiple Choice,في أنمي 'ناروتو'، ما هي المنظمة الإجرامية للنينجا الهاربين الذين يرتدون معاطف سوداء بسحب حمراء لجمع وحوش البيجو؟,A) سيافو الضباب السبعة | B) الجذور (الأنبو الأصل) | C) الأكاتسكي (Akatsuki) | D) رباعي قرية الصوت,C
24,Anime,Easy,Multiple Choice,في 'هنتر x هنتر'، ما اسم الساحر الغريب المثير للرعب الذي يقاتل بأوراق اللعب وقدرة 'بانجي غام' ويبحث عن خصوم أقوياء؟,A) إيلومي | B) كرولو لوسيلفر | C) فيتان | D) هيسوكا مورو,D
25,Anime,Easy,Multiple Choice,في 'مغامرات جوجو العجيبة'، من هو مصاص الدماء والعدو اللدود المتكرر لأسرة الجوستار وصاحب عبارة 'كونو ديو دا'؟,A) ديو براندو | B) كارس | C) يوشيكاغي كيرا | D) إنريكو بوتشي,A
26,Anime,Easy,Multiple Choice,في 'دراغون بول زد'، من هو الابن الأكبر لغوكو الذي هزم بيرفكت سيل في ألعاب سيل بعد إيقاظ السوبر سايان 2؟,A) غوتين | B) غوهان | C) ترانكس | D) بان,B
27,Anime,Easy,Multiple Choice,في أنمي 'ون بيس'، ما اسم الرنة الطبيب اللطيف الذي أكل فاكهة الإنسان (هيتو هيتو نو مي) وأصبح طبيب طاقم قبعة القش؟,A) بيبو | B) لاو | C) توني توني تشوبر | D) كاروت,C
28,Anime,Easy,Multiple Choice,في أنمي 'ناروتو'، من هو زميل ناروتو في الفريق ومنافسه الذي غادر القرية طالباً للقوة والانتقام لدى أوروتشيمارو؟,A) نيجي هيوغا | B) شيكامارو نارا | C) كيبا إينوزوكا | D) ساسكي أوتشيها,D
29,Anime,Easy,Multiple Choice,في أنمي 'بليتش'، ما اسم العاصمة الروحية الملكية التي يقيم فيها قادة الشينيغامي والفرق الثلاث عشرة (غوتي 13)؟,A) مجتمع الأرواح | B) الهويكو موندو | C) بلدة كاراكورا | D) لاس نوتشيس,A
30,Anime,Easy,Multiple Choice,في أنمي 'هنتر x هنتر'، من هو الناجي الوحيد صاحب العيون القرمزية من قبيلة كوروتا الذي يقاتل بالسلاسل لملاحقة العناكب؟,A) ليوريو | B) كورابيكا | C) جينغ | D) ناكل,B
31,Anime,Easy,Multiple Choice,في سلسلة 'دراغون بول'، ما اسم الحبة السحرية الخضراء التي تشفي الجروح البالغة وتستعيد طاقة المقاتل بالكامل فور ابتلاعها؟,A) ثمرة شجرة القوة | B) ماء الآلهة الفائق | C) حبة السينزو | D) بذرة ناميكية,C
32,Anime,Easy,Multiple Choice,في أنمي 'ون بيس'، من هو شقيق لوفي الأكبر بالقسم قائد الفرقة الثانية في قراصنة اللحية البيضاء والملقب بـ 'قبضة النار'؟,A) سابو | B) ماركو | C) شانكس | D) بورتغاس دي إيس,D
33,Anime,Easy,Multiple Choice,في أنمي 'ناروتو'، ما هو اللقب الرسمي والمنصب الأعلى لزعيم النينجا الحامي لقرية كونوها (قرية الورق المخفية)؟,A) الهوكاجي | B) الكازيكاجي | C) الميزوكاجي | D) الرايكاجي,A
34,Anime,Easy,Multiple Choice,في أنمي 'بليتش'، ما اسم الفصيل العسكري لجيش الكوينشي تحت قيادة يوهافاخ الذي غزا مجتمع الأرواح في حرب الألف عام الدموية؟,A) الإسبادا | B) الفاندنرايخ / شتيرنريتر | C) الفولبرينغرز | D) الفايزرد,B
35,Anime,Easy,Multiple Choice,في الجزء الرابع من 'جوجو' (الماس لا ينكسر)، من هو بطل القصة ذو قصة الشعر الغريبة وصاحب الستاند الشافي 'كريزي دايموند'؟,A) جوناثان جوستار | B) جوزيف جوستار | C) جوسكي هيغاشيكاتا | D) جورنو جوفانا,C
36,Anime,Easy,Multiple Choice,في أنمي 'دراغون بول زد'، ما هي الأقراط السحرية التي ارتداها غوكو وفيجيتا لدمج جسديهما وصنع المحارب الخارق فيغيتو؟,A) حلقات كبسولة كورب | B) صدريات الميتاموران | C) رادار التنين | D) أقراط البوتارا,D
37,Anime,Easy,Multiple Choice,في أنمي 'ون بيس'، ما اسم السفينة الشراعية الأولى لطاقم قبعة القش ذات رأس الخروف الودود قبل سفينة الثاوزند صني؟,A) غوينغ ميري | B) ريد فورس | C) موبي ديك | D) فيكتوريا بانك,A
38,Anime,Easy,Multiple Choice,في 'ناروتو شيبودن'، من هو النينجا الأسطوري الممتلك للرينغان الذي قاد مسارات باين الستة ودمر قرية كونوها بالكامل؟,A) أوبيتو | B) ناغاتو / باين | C) مادارا | D) إيتاشي,B
39,Anime,Easy,Multiple Choice,في أنمي 'هنتر x هنتر'، ما هو نظام التحكم في طاقة هالة الجسد الحيوية الذي يُعد جوهر المعارك وتعلمه غون وكيلوا؟,A) التشاكرا | B) الكي | C) النين | D) الرياتسو,C
40,Anime,Easy,Multiple Choice,في الجزء الخامس من 'جوجو' (الرياح الذهبية)، من هو ابن ديو الذي يسعى ليصبح 'نجم عصابات' خيراً لإصلاح مافيا باسيوني من الداخل؟,A) غيدو ميستا | B) برونو بوتشاراتي | C) نارانشيا غيرغا | D) جورنو جوفانا,D
41,Anime,Easy,Multiple Choice,في 'دراغون بول زد'، من هو المقاتل المسافر عبر الزمن وهو ابن فيجيتا وبولما الذي حذر مقاتلي زد من هجوم الآليين؟,A) ترانكس المستقبلي | B) غوتينكس | C) باردوك | D) كابا,A
42,Anime,Easy,Multiple Choice,في أنمي 'ون بيس'، ما اسم الجبل المائي الضخم والقناة الجبلية الصاعدة التي يدخل عبرها القراصنة من البحار الأربعة إلى الغراند لاين؟,A) الحزام الهادئ | B) جبل ريفرس | C) جزيرة البرمائيين | D) إنيس لوبي,B
43,Anime,Easy,Multiple Choice,في أنمي 'ناروتو'، من هو النينجا الأسطوري الذي أبادت يداه عشيرته بالكامل في ليلة واحدة لحماية كونوها مجنباً أخاه الأصغر ساسكي فقط؟,A) شيسوي أوتشيها | B) فوغاكو أوتشيها | C) إيتاشي أوتشيها | D) مادارا أوتشيها,C
44,Anime,Easy,Typing,ما اسم بطل دراغون بول السايان الأسطوري المكون من 4 أحرف الذي أُرسل إلى الأرض صغيراً؟,,غوكو
45,Anime,Easy,Typing,ما اسم قبطان قبعة القش المكون من 4 أحرف الذي يحلم بأن يصبح ملك القراصنة؟,,لوفي
46,Anime,Easy,Typing,ما اسم بطل النينجا ذو السترة البرتقالية الذي أصبح الهوكاجي السابع المكون من 6 أحرف؟,,ناروتو
47,Anime,Easy,Typing,ما الاسم الأول لبطل أنمي بليتش الشينيغامي البديل ذو الشعر البرتقالي (إيتشـ...)?,,إيتشيغو
48,Anime,Easy,Typing,ما اسم بطل أنمي هنتر x هنتر الصغير ذو الرداء الأخضر وسنارة الصيد المكون من 3 أحرف؟,,غون
49,Anime,Easy,Typing,ما اسم مصاص الدماء الشرير في أنمي جوجو الذي يصرخ 'زا وارودو' المكون من 3 أحرف؟,,ديو
50,Anime,Easy,Typing,ما اسم أمير السايان ومنافس غوكو صاحب مقولة 'فوق تسعة آلاف' (فيـ...)?,,فيجيتا
51,Anime,Medium,Multiple Choice,في 'دراغون بول زد'، ما اسم الحاكم السماوي خفيف الظل الذي علم غوكو تقنية الكايوكين وكرة الغينكي داما في كوكبه ذي الجاذبية المضاعفة؟,A) الغراند كاي | B) الكايوشين الأعلى | C) ويس | D) كينغ كاي / كايو ساما,D
52,Anime,Medium,Multiple Choice,في أنمي 'ون بيس'، ما هو التصنيف الأندر والأعلى من الهاكي الذي يتيح لصاحبه إخضاع إرادة الآخرين وإفقاد ضعاف العزيمة وعيهم؟,A) هاكي الملكي / الغازي | B) هاكي التصلب | C) هاكي التنبؤ | D) الريو,A
53,Anime,Medium,Multiple Choice,في أنمي 'ناروتو'، ما هي تقنية الإنعاش المحرمة التي ابتكرها توبيراما وطورها كابوتو لاستدعاء أرواح الموتى في أجساد خالدة تخوض المعارك؟,A) الإيزاناغي | B) الإيدو تينسي | C) ختم شيطان الموت | D) كوتواماتسوكامي,B
54,Anime,Medium,Multiple Choice,في أنمي 'بليتش'، ما اسم نخبة الآرانكر العشرة الأقوى المعينين من قبل آيزن في قصر لاس نوتشيس المرقمين من 0 إلى 9؟,A) الشتيرنريتر | B) الفايزرد | C) الإسبادا | D) فرقة العمليات السرية,C
55,Anime,Medium,Multiple Choice,في أنمي 'هنتر x هنتر'، ما اسم الكائنات المفترسة فائقة التطور التي أنجبت ملكاً مدمراً يُدعى ميرويم يهدد بقاء البشرية؟,A) الوحوش السحرية | B) كوارث القارة المظلمة | C) طفيليات العالم السفلي | D) نمل الكيميرا,D
56,Anime,Medium,Multiple Choice,في الجزء الرابع من أنمي 'جوجو'، ما هي القدرة المرعبة لستاند القاتل المتسلسل يوشيكاغي كيرا المسمى 'كيلر كوين'؟,A) تحويل أي شيء يلمسه إلى قنبلة تنفجر بمجرد ضغطة إبهام | B) إيقاف الزمن لمدة 5 ثوانٍ | C) سرقة الذكريات على أقراص | D) محو الفضاء المكاني,A
57,Anime,Medium,Multiple Choice,في أنمي 'دراغون بول زد'، ما اسم الكيان السحري الوردي الذي خلقه الساحر بيبيدي ويمكنه ابتلاع الخصوم والتجدد من الدخان؟,A) جانيمبا | B) ماجين بو | C) هيلوديغارن | D) بيبي,B
58,Anime,Medium,Multiple Choice,في أنمي 'ون بيس'، من هو جراح الموت وقائد قراصنة القلب الذي يمتلك فاكهة العمليات (أوبي أوبي نو مي) التي تمنحه نطاق 'روم'؟,A) يوستاس كيد | B) باسيل هوكينز | C) ترافالغار دي ووتر لاو | D) سكراتشمان آبو,C
59,Anime,Medium,Multiple Choice,في أنمي 'ناروتو'، من هم النينجا الأسطوريون الثلاثة لقرية كونوها (السانين الأسطوريين) الذين دربهم الهوكاجي الثالث هيروزين؟,A) كاكاشي، أوبيتو، ورين | B) ميناتو، كوشينا، وفوغاكو | C) غاي، أسوما، وكوريناي | D) جيرايا، تسونادي، وأوروتشيمارو,D
60,Anime,Medium,Multiple Choice,في أنمي 'بليتش'، من هو القائد الأعلى العجوز للغوتي 13 صاحب السيف الناري 'ريوجين جاكا' الذي يحرق كل شيء بحرارة الشمس؟,A) غينريوساي شيغيكوني ياماموتو | B) شونسوي كيوراكو | C) جوشيرو أوكيتاكي | D) بياكويا كوتشيكي,A
61,Anime,Medium,Multiple Choice,في 'هنتر x هنتر'، ما اسم عصابة اللصوص سيئة السمعة المكونة من 13 عضواً من مدينة النيزك بقيادة كرولو وتُعرف بجماعة العناكب؟,A) وحوش الظل | B) غينيه ريودان / جماعة الشبح | C) حرس النمل الملكي | D) رابطة الصيادين,B
62,Anime,Medium,Multiple Choice,في الجزء الثاني من 'جوجو' (نزعة القتال)، من هو البطل البريطاني الماكر الذي يقاتل رجال الأعمدة القدماء بالهامون والكرات الناسفة؟,A) جوناثان جوستار | B) جوتارو كوجو | C) جوزيف جوستار | D) جوني جوستار,C
63,Anime,Medium,Multiple Choice,في 'دراغون بول سوبر'، ما هي الحالة الإلهية الفائقة التي درب ويس غوكو عليها وتتيح لجسده تفادي وتوجيه الضربات تلقائياً بلا تفكير؟,A) سوبر سايان بلو | B) سوبر سايان غود | C) هيئة الوحش | D) الغريزة الفائقة,D
64,Anime,Medium,Multiple Choice,في أنمي 'ون بيس'، ما هي المدينة التاريخية في الأزرق الشرقي التي ولد وأُعدم فيها ملك القراصنة غول دي روجر وتُعرف ببداية النهاية؟,A) لوغ تاون | B) قرية فوشا | C) بلدة شيلز | D) قرية سيروب,A
65,Anime,Medium,Multiple Choice,في أنمي 'ناروتو'، ما هو التطور الأعلى للشارينغان ذو الأنماط الدائرية المعقدة الذي يُوقظ برؤية موت شخص عزيز جداً؟,A) البياكوغان | B) مانغيكيو شارينغان | C) رينيه-شارينغان | D) كيتسوريوغان,B
66,Anime,Medium,Multiple Choice,في أنمي 'بليتش'، من هو قائد الفرقة الحادية عشرة المتعطش للقتال الذي يرتدي رقعة عين تلتهم طاقته الهائلة وتجرد من اسم سيفه في البداية؟,A) إيكاكو مادارامي | B) رينجي أباراي | C) كينباتشي زاراكي | D) ساجين كومامورا,C
67,Anime,Medium,Multiple Choice,في 'هنتر x هنتر'، ما اسم الفتاة الكفيفة بطلة لعبة الغونغي التي جمعتها علاقة وجدانية عميقة بملك نمل الكيميرا ميرويم؟,A) بالم سيبيريا | B) شيزوكو | C) ماتشي | D) كوموغي,D
68,Anime,Medium,Multiple Choice,في الجزء الثالث من 'جوجو'، ما هي القدرة المرعبة الخارقة لستاند ديو المسمى 'ذا وورلد' (العالم)؟,A) إيقاف تدفق الزمن | B) الاختفاء واختراق الجدران | C) التحكم في النيران | D) استبصار المستقبل,A
69,Anime,Medium,Multiple Choice,في 'دراغون بول زد'، ما اسم الآلي الحيوي القادم من المستقبل المصنوع بخلايا المقاتلين الذي ابتلع الآليين 17 و18 ليصل لشكله المثالي؟,A) آلي 16 | B) سيل | C) آلي 19 | D) دكتور غيرو,B
70,Anime,Medium,Multiple Choice,في أنمي 'ون بيس'، ما هي الجزيرة القضائية التابعة لحكومة العالم التي اقتحمها طاقم لوفي لحرق علم الحكومة وإنقاذ نيكو روبين؟,A) إمبيل داون | B) مارينفورد | C) إنيس لوبي | D) ماريجوا,C
71,Anime,Medium,Multiple Choice,في 'ناروتو شيبودن'، ما هو الوحش العملاق القديم متعدد الذيول المتشكل من اندماج وحوش البيجو التسعة في تمثال الغيدو؟,A) الوحش صفر | B) ريبي | C) النوي | D) الجيوبي / ذو الذيول العشرة,D
72,Anime,Medium,Multiple Choice,في أنمي 'بليتش'، من هو قائد الفرقة الثانية عشرة المنفي وصاحب المتجر الغامض في بلدة كاراكورا ومبتكر حجر الهوغيوكو؟,A) كيسكي يوراهارا | B) مايوري كوروتسوتشي | C) تيساي | D) يورويتشي شيهوين,A
73,Anime,Medium,Multiple Choice,في أنمي 'هنتر x هنتر'، إلى أي فئة نين ينتمي غون فريكس والتي تركز على تعزيز الصلابة الجسدية وقوة الضربات اليدوية؟,A) التحويل | B) التعزيز | C) التجسيد | D) التخصص,B
74,Anime,Medium,Multiple Choice,في الجزء الخامس من 'جوجو'، ما هو التطور الأسطوري لستاند جورنو جوفانا بعد اختراقه بالسهم القادر على إعادة أي فعل وإرادة إلى نقطة الصفر؟,A) كينغ كريمسون | B) سيلفر تشاريوت ريكويم | C) غولد إكسبيرينس ريكويم | D) ميد إن هيفن,C
75,Anime,Medium,Multiple Choice,في 'دراغون بول زد'، ما اسم حجرة التدريب الخاصة في قصر كامي التي تعادل فيها السنة الكاملة بالداخل يوماً واحداً في العالم الخارجي؟,A) غرفة الجاذبية | B) حلبة العالم الآخر | C) غرفة البندول | D) حجرة الروح والوقت / غرفة الزمن,D
76,Anime,Medium,Typing,ما اللقب العسكري الرسمي لقادة الفرق الـ 13 للشينيغامي في أنمي بليتش المكون من 4 أحرف (قـ...)?,,قائد
77,Anime,Medium,Typing,ما اسم الطاقة الروحية في أنمي ون بيس التي تعني العزيمة والإرادة والمكونة من 4 أحرف (هـ...)?,,هاكي
78,Anime,Medium,Typing,ما اسم عائلة مؤلف ورسام مانغا ون بيس الأسطورية المكون من 3 أحرف (أو...)?,,أودا
79,Anime,Medium,Typing,ما اسم ملك نمل الكيميرا في أنمي هنتر x هنتر الذي أحب كوموغي (ميـ...)?,,ميرويم
80,Anime,Medium,Typing,ما اسم عائلة مؤلف دراغون بول الأسطوري الراحل أكيرا (توريـ...)?,,تورياما
81,Anime,Hard,Multiple Choice,في سلسلة 'دراغون بول'، ما هو الاسم الأصلي الحقيقي لغوكو الذي أُطلق عليه في كوكب السايان قبل إرساله للأرض؟,A) كاكاروت | B) باردوك | C) تورليس | D) برولي,A
82,Anime,Hard,Multiple Choice,في أنمي 'ون بيس'، ما هي الأحجار الحصينة غير القابلة للكسر التي نقشت عليها عشيرة كوزوكي أسرار القرن الغائب؟,A) بذور فواكه الشيطان | B) البونيغليف | C) سجلات المارينز المسروقة | D) خريطة الأزرق الكامل,B
83,Anime,Hard,Multiple Choice,في أنمي 'ناروتو'، ما هو الغينجوتسو الأبدي النهائي الذي ينعكس على سطح القمر لاحتجاز البشرية جمعاء داخل حلم وهمي دائم؟,A) كوتواماتسوكامي | B) تسوكيومي | C) التسوكيومي اللانهائية | D) إيزانامي,C
84,Anime,Hard,Multiple Choice,في أنمي 'بليتش'، ما هي الفرقة الملكية الخاصة المكونة من خمسة ضباط سابقين مكلفين بحراسة ملك الأرواح في قصره؟,A) الأونميتسوكيدو | B) فيلق الكيدو | C) الغرفة 46 المركزية | D) الحرس الملكي / الفرقة صفر,D
85,Anime,Hard,Multiple Choice,في 'هنتر x هنتر'، ما هو العهد والشرط المتطرف الذي فرضه غون على نينه لكي يسحق نيفربيتو فوراً؟,A) ضحى بجميع طاقته وإمكاناته وموهبته المستقبلية مقابل نيل القوة القصوى لجسده البالغ مؤقتاً | B) باع روحه لشيطان القارة المظلمة | C) أصاب نفسه بالعمى الدائم | D) امتص هالة كورابيكا,A
86,Anime,Hard,Multiple Choice,في الجزء السادس من 'جوجو' (المحيط الحجري)، من هي ابنة جوتارو كوجو السجينة في سجن غرين دولفين ستريت؟,A) تريش أونا | B) جولين كوجو | C) ليزا ليزا | D) إرينا بيندلتون,B
87,Anime,Hard,Multiple Choice,في 'دراغون بول زد'، ما هي التقنية التي ابتكرها كينغ كاي وتضاعف سرعة وكي وقوة المستخدم لأضعاف مضاعفة مع إجهاد وتمزيق عضلاته؟,A) كرة الغينكي داما | B) الانتقال الآني | C) الكايوكين | D) قرص الطاقة الحاد,C
88,Anime,Hard,Multiple Choice,في أنمي 'ون بيس'، من هي الشخصية الأسطورية من حقبة القرن الغائب التي تركت رسالة اعتذار لأميرة الحوريات في جزيرة البرمائيين؟,A) غول دي روجر | B) مونت بلانك نولاند | C) سيلفرز رايلي | D) جوي بوي,D
89,Anime,Hard,Multiple Choice,في 'ناروتو شيبودن'، ما هي العشيرة التي امتلكت كيكي غينكاي 'نبض العظام' وتمكن أفرادها مثل كيميمارو من التلاعب بهياكلهم العظمية؟,A) عشيرة كاغويا | B) عشيرة سينجو | C) عشيرة أوزوماكي | D) عشيرة هيوغا,A
90,Anime,Hard,Multiple Choice,في أنمي 'بليتش'، ما هي عبارة الإطلاق والتأثير البصري لسيف بياكويا كوتشيكي 'سينبونزاكورا'؟,A) ازأر يا زابيمارو | B) تشتت يا سينبونزاكورا (Chiru)، متحللاً لآلاف من بتلات الكرز الشبيهة بالشفرات القاطعة | C) ارمِ حتى الموت | D) اجلس فوق السماوات المجمدة,B
91,Anime,Hard,Multiple Choice,في 'هنتر x هنتر'، من هو رئيس رابطة الصيادين الـ 12 الذي فجر قنبلة الوردة المصغرة المزروعة في قلبه لهزيمة ميرويم؟,A) جينغ فريكس | B) زينو زولديك | C) إسحاق نيتيرو | D) بيوند نيتيرو,C
92,Anime,Hard,Multiple Choice,في الجزء السابع من 'جوجو' (ستيل بول ران)، ما هي تقنية الدوران الحركية المعتمدة على النسبة الذهبية المستخدمة عبر كرات الصلب؟,A) الهامون | B) النين | C) أقراص الستاند | D) الدوران,D
93,Anime,Hard,Multiple Choice,في 'دراغون بول سوبر'، من هو إله دمار الكون السابع القطبي الذي استيقظ من سباته باحثاً عن السوبر سايان غود؟,A) اللورد بيروس | B) تشامبا | C) بيلمود | D) ويس,A
94,Anime,Hard,Multiple Choice,في أنمي 'ون بيس'، ما هو الحرف الغامض المحمول في أسماء أساطير مثل لوفي وروجر وغارب وتيتش ودراغون ولاو؟,A) إرادة النار | B) إرادة الدي | C) إرادة القدماء | D) إرادة الفرح,B
95,Anime,Hard,Multiple Choice,في أنمي 'ناروتو'، ما هي التقنية المحرمة لعشيرة الأوتشيها التي تضحي بالبصر لإعادة كتابة الواقع وتحويل الموت المحقق إلى مجرد وهم؟,A) أماتيراسو | B) تسوكيومي | C) الإيزاناغي | D) كاموي,C
96,Anime,Hard,Multiple Choice,في أنمي 'بليتش'، ما اسم سيف سوسكي آيزن الخادع صاحب قدرة 'التنويم المغناطيسي الكامل' لجميع الحواس الخمس؟,A) سوزوميباتشي | B) سودي نو شيرايوكي | C) بينيهيمي | D) كيوكا سويغيتسو,D
97,Anime,Hard,Multiple Choice,في 'هنتر x هنتر'، من هو فرد عائلة زولديك الذي تسكن جسده الكينونة الخارقة المحققة للأمنيات 'نانيكا' القادمة من القارة المظلمة؟,A) ألوكا زولديك | B) كالتو زولديك | C) ميلوكي زولديك | D) سيلفا زولديك,A
98,Anime,Hard,Typing,ما هو اسم الولادة الحقيقي لغوكو في كوكب السايان قبل نزوله للأرض (كاكا...)?,,كاكاروت
99,Anime,Hard,Typing,ما لقب الشخصية الأسطورية من القرن الغائب الذي ترك الون بيس في رافتيل (جوي ...)?,,بوي
100,Anime,Hard,Typing,ما اسم رئيس رابطة الصيادين الذي واجه ميرويم بتمثال البوداسف ذو الـ 100 يد في هنتر x هنتر؟,,نيتيرو
101,Anime,Easy,Multiple Choice,في أنمي 'هجوم العمالقة' (Attack on Titan)، من هو البطل الذي أقسم على إبادة كل عملاق بعد أن شاهد مقتل والدته؟,A) أرمين أرليرت | B) إيرين ييغر | C) ليفاي أكرمان | D) جان كيرشتاين,B
102,Anime,Easy,Multiple Choice,في أنمي 'قاتل الشياطين' (Demon Slayer)، ما اسم أخت تانجيرو الصغرى التي تحولت إلى شيطانة ويحميها في صندوق خشبي؟,A) كاناو | B) شينوبو | C) نيزوكو كامادو | D) ميتسوري,C
103,Anime,Easy,Multiple Choice,في أنمي 'جوجيتسو كايسن'، من هو ساحر الجوجيتسو معصوب العينين ذو الشعر الأبيض الممتلك لتقنية اللانهاية والعيون الست؟,A) كينتو نانامي | B) سوغورو غيتو | C) أوي تودو | D) ساتورو غوجو,D
104,Anime,Easy,Multiple Choice,في أنمي 'الخيميائي الفولاذي' (Fullmetal Alchemist)، ما هو القانون الميتافيزيقي الصارم الذي ينص على أنه 'للحصول على شيء، يجب التضحية بشيء مساوٍ له في القيمة'؟,A) قانون التبادل المتكافئ | B) قانون حفظ المادة | C) قاعدة الفيلسوف | D) ثابت الخيمياء,A
105,Anime,Easy,Multiple Choice,في أنمي 'مذكرة الموت' (Death Note)، أي طالب ثانوية عبقري يعثر على مذكرة الشينيغامي ريوك ويصبح 'كيرا' لتطهير العالم؟,A) إل لولايت | B) لايت ياغامي | C) تيرو ميكامي | D) سويتشيرو ياغامي,B
106,Anime,Easy,Multiple Choice,في أنمي 'أكاديمية بطلي' (My Hero Academia)، من هو الفتى الذي ولد بلا ميزة وورث ميزة 'الواحد للجميع' من أول مايت؟,A) كاتسوكي باكوغو | B) شوتو تودوروكي | C) إيزوكو ميدوريا / ديكو | D) تينيا إيدا,C
107,Anime,Easy,Multiple Choice,في أنمي 'رجل المنشار' (Chainsaw Man)، ما اسم شيطان المنشار الصغير الشبيه بالكلب الذي اندمج مع دينجي وأصبح قلبه؟,A) كون | B) مياوي | C) بيم | D) بوتشيتا,D
108,Anime,Easy,Multiple Choice,في 'هجوم العمالقة'، ما اسم الفيلق العسكري النخبوي المكلف بالخروج وراء الأسوار لاستكشاف الأراضي ومقاتلة العمالقة؟,A) فيلق الاستكشاف | B) فيلق الحامية | C) الشرطة العسكرية | D) الحرس الملكي,A
109,Anime,Easy,Multiple Choice,في أنمي 'قاتل الشياطين'، ما هو اللون المميز والنادر الذي يتخذه نصل سيف النيشيرين عندما يمسكه تانجيرو كامادو لأول مرة؟,A) أحمر قرمزي | B) أسود فاحم | C) أزرق نقي | D) أصفر ذهبي,B
110,Anime,Easy,Multiple Choice,في أنمي 'جوجيتسو كايسن'، من هو 'ملك اللعنات' القديم الأسطوري الذي تجسد داخل جسد يوجي إيتادوري بعد ابتلاعه لأحد أصابعه؟,A) ماهيتو | B) كينجاكو | C) ريومين سوكونا | D) جوغو,C
111,Anime,Easy,Multiple Choice,في 'الخيميائي الفولاذي'، ماذا تُسمى الأطراف المعدنية الميكانيكية البديلة المركبة لذراع إدوارد إلريك اليمنى وساقه اليسرى؟,A) أطراف سايبر | B) إطارات حديدية | C) صفائح خيميائية | D) أوتوميل,D
112,Anime,Easy,Multiple Choice,في 'مذكرة الموت'، ما اسم المحقق العبقري غريب الأطوار مدمن السكريات الذي يجلس في وضعية القرفصاء ويطارد كيرا؟,A) إل لولايت | B) نير | C) ميلو | D) واتاري,A
113,Anime,Easy,Multiple Choice,في أنمي 'أكاديمية بطلي'، ما هو الاسم البطولي لرمز السلام العالمي الأقوى ومعلم ديكو؟,A) إنديفور | B) أول مايت | C) إريزر هيد | D) هوكس,B
114,Anime,Easy,Multiple Choice,في 'رجل المنشار'، من هي المسؤولة الغامضة رفيعة المستوى في السلامة العامة التي احتوت دينجي وعاملته كخادم خاص بها؟,A) باور | B) كوبيني | C) ماكيما | D) هيمينو,C
115,Anime,Easy,Multiple Choice,في 'هجوم العمالقة'، ما اسم عتاد المناورة ثلاثي الأبعاد المعتمد على الغاز المضغوط والخطاطيف للتنقل ومقاتلة العمالقة في الجو؟,A) منصة الخطاف | B) محرك التعليق | C) دافعات الهواء النفاثة | D) عتاد المناورة ثلاثي الأبعاد,D
116,Anime,Easy,Multiple Choice,في أنمي 'قاتل الشياطين'، من هو أصل وأول كل الشياطين والشرير الرئيسي المسؤول عن إبادة عائلة تانجيرو؟,A) موزان كيبوتسوجي | B) أكازا | C) دوما | D) كوكوشيبو,A
117,Anime,Easy,Multiple Choice,في 'جوجيتسو كايسن'، ما هي التقنية الحاجزية المطلقة التي تحبس الخصم في فضاء جيب منفصل مع ضمان إصابة الهجوم بنسبة 100%؟,A) وميض أسود | B) توسيع النطاق | C) النطاق البسيط | D) عكس التقنية الملعونة,B
118,Anime,Easy,Multiple Choice,في 'الخيميائي الفولاذي'، ما هو المضخم الخيميائي الأسطوري الذي يبحث عنه الأخوان إلريك لتجاوز قانون التبادل المتكافئ واستعادة أجسادهما؟,A) إكسير الحياة | B) الخاتم المقدس | C) حجر الفلاسفة | D) نواة التحويل,C
119,Anime,Easy,Multiple Choice,في أنمي 'مذكرة الموت'، ما هو طعام الأرض الأثير المفضل الذي يدمن الشينيغامي ريوك تناوله باستمرار؟,A) الشوكولاتة | B) الفراولة | C) رقائق البطاطس | D) التفاح الأحمر,D
120,Anime,Easy,Multiple Choice,في أنمي 'أكاديمية بطلي'، ما هي الميزة الخارقة المتفجرة الخاصة بمنافس ديكو الناري كاتسوكي باكوغو؟,A) الانفجار | B) نيران الجحيم | C) نصف بارد نصف حار | D) المحرك النفاث,A
121,Anime,Easy,Multiple Choice,في 'هجوم العمالقة'، من هو الجندي الأقوى في تاريخ البشرية وقائد فرقة العمليات الخاصة المهووس بالنظافة الصارمة؟,A) إروين سميث | B) ليفاي أكرمان | C) هانجي زوي | D) دوت بيكسيس,B
122,Anime,Easy,Multiple Choice,في 'قاتل الشياطين'، من هو صائد الشياطين الجبان وسريع البرق الذي لا يطلق تنفس الرعد إلا عندما يغمى عليه أو يغط في النوم؟,A) إينوسكي هاشيبيرا | B) غينيا شينازوغاوا | C) زينيتسو أغاتسوما | D) كاناو تسويوري,C
123,Anime,Easy,Multiple Choice,في 'جوجيتسو كايسن'، ما اسم طالب السنة الأولى ذو الشعر الأسود الذي يستدعي الأرواح والوحوش الشيكيجامي عبر 'تقنية الظلال العشرة'؟,A) يوجي إيتادوري | B) توغي إينوماكي | C) يوتا أوكوتسو | D) ميغومي فوشيغورو,D
124,Anime,Easy,Multiple Choice,في 'الخيميائي الفولاذي'، بأي جسم ارتبطت روح ألفونس إلريك بختم دم بعد فشل تجربة التحويل البشري المأساوية؟,A) درع حديدي ضخم كامل | B) ساعة جيب فضية | C) تمثال حجري | D) دمية آلية,A
125,Anime,Easy,Multiple Choice,في أنمي 'رجل المنشار'، من هي الشيطانة ذات القرنين (شيطانة الدم) التي تمقت الاستحمام والخضار وتدعي أنها الكائن الأذكى؟,A) ريزي | B) باور | C) كوانشي | D) كوبيني,B
126,Anime,Easy,Multiple Choice,في 'هجوم العمالقة'، ما هي أسماء الأسوار الحجرية الدائرية الثلاثة التي تحمي البشرية داخل جزيرة باراديس؟,A) ألفا، بيتا، وغاما | B) عدن، صهيون، وبابل | C) ماريا، روز، وسينا | D) الأمل، الإيمان، والخير,C
127,Anime,Easy,Multiple Choice,في 'قاتل الشياطين'، من هو المقاتل البري المندفع الذي يرتدي قناع رأس خنزير بري ويقاتل بسيفين مسننين؟,A) زينيتسو | B) تينغن أوزوي | C) ساني مي شينازوغاوا | D) إينوسكي هاشيبيرا,D
128,Anime,Easy,Multiple Choice,في 'أكاديمية بطلي'، أي طالب يمتلك ميزة 'نصف بارد نصف حار' ليولد الجليد من جانبه الأيمن والنار من جانبه الأيسر؟,A) شوتو تودوروكي | B) إيجيرو كيريشيما | C) دينكي كاميناري | D) فوميكاغي توكويامي,A
129,Anime,Easy,Multiple Choice,في 'مذكرة الموت'، ما هي الصفقة المميتة التي يمكن لمالك المذكرة عقدها مع الشينيغامي لرؤية أسماء الناس وأعمارهم فوق رؤوسهم؟,A) تضحية بالدم | B) صفقة عيون الشينيغامي | C) رابطة الروح | D) العهد القاتم,B
130,Anime,Easy,Multiple Choice,في أنمي 'هجوم العمالقة'، ما هي البقعة الجسدية المحددة في مؤخرة عنق العملاق التي يجب قطعها بالسيف لقتله نهائياً؟,A) القلب | B) الجبهة | C) القفا / مؤخرة العنق | D) العمود الفقري السفلي,C
131,Anime,Easy,Multiple Choice,في 'جوجيتسو كايسن'، من هي ساحرة الجوجيتسو الريفية الجريئة التي تقاتل بالمطرقة والمسامير ودمى القش في فريق السنة الأولى؟,A) ماكي زينين | B) ماي زينين | C) ميوا كاسومي | D) نوبارا كوغاساكي,D
132,Anime,Easy,Multiple Choice,في 'الخيميائي الفولاذي'، ما هو لقب خيميائي الدولة الخاص بروي موستانغ الذي يفرقع قفازه النسيجي ليشعل الانفجارات؟,A) خيميائي اللهب | B) الخيميائي الحديدي | C) الخيميائي القرمزي | D) الخيميائي الكريستالي,A
133,Anime,Easy,Multiple Choice,في أنمي 'قاتل الشياطين'، ما هو اللقب الرسمي الذي يطلق على نخبة سيافي فيلق قتلة الشياطين التسعة الأقوى؟,A) الرتب العليا | B) الهاشيرا / الأعمدة | C) الكيزوكي | D) الأقمار الاثنا عشر,B
134,Anime,Easy,Multiple Choice,في أنمي 'أكاديمية بطلي'، ما اسم الثانوية المرموقة لتخريج الأبطال الخارقين التي يلتحق بها ديكو وزملاؤه في الفصل 1-A؟,A) أكاديمية شيكيتسو | B) أكاديمية كيتسوبوتسو | C) مدرسة يو إيه | D) ثانوية سي إي,C
135,Anime,Easy,Multiple Choice,في أنمي 'رجل المنشار'، من هو صائد شياطين السلامة العامة الذي عقد عقوداً مع شيطان الثعلب وشيطان اللعنة وسيفه كالمسمار؟,A) كيشيبي | B) بيم | C) أراي | D) آكي هاياكاوا,D
136,Anime,Easy,Multiple Choice,في 'هجوم العمالقة'، من هو القائد الثالث عشر لفيلق الاستكشاف صاحب الخطابات الحماسية الذي قاد الهجوم الانتحاري في شيغانشينا؟,A) إروين سميث | B) هانجي زوي | C) كيث شاديس | D) دوت بيكسيس,A
137,Anime,Easy,Multiple Choice,في 'قاتل الشياطين'، ما هو أسلوب المبارزة والأنفاس القديم المتوارث في رقصة عائلة كامادو ويُعد الأصل لكل أساليب التنفس الأخرى؟,A) تنفس القمر | B) تنفس الشمس | C) تنفس الماء | D) تنفس اللهب,B
138,Anime,Easy,Multiple Choice,في 'جوجيتسو كايسن'، ما الظاهرة المكانية التي تضاعف القوة الضاربة للطاقة الملعونة إلى الأس 2.5 عند تطبيقها في جزء من مليون من الثانية؟,A) القبضة المتباعدة | B) الأرجواني المجوف | C) الوميض الأسود | D) عاطفة تساقط الأزهار,C
139,Anime,Easy,Multiple Choice,في 'الخيميائي الفولاذي'، ماذا يُطلق على البشر الاصطناعيين السبعة الذين صنعهم 'الأب' وسماهم بأسماء الخطايا السبع المميتة؟,A) الكيميرا | B) المانيكان | C) الإشفاليون | D) الهومونكولوس,D
140,Anime,Easy,Multiple Choice,في أنمي 'مذكرة الموت'، من هي نجمة البوب القوطية المفتونة بلايت ياغامي والتي تصبح 'كيرا الثاني' وامتلكت عيون الشينيغامي؟,A) ميسا أماني | B) كيوومي تاكادا | C) ساشيكو ياغامي | D) سايو ياغامي,A
141,Anime,Easy,Multiple Choice,في أنمي 'أكاديمية بطلي'، من هو الشرير الأكبر ومؤسس تحالف الأشرار الذي يمتلك ميزة سرقة وتخزين وتوزيع الميزات الخارقة؟,A) تومورا شيغاراكي | B) أول فور ون / الكل للواحد | C) أوفر هول | D) دابي,B
142,Anime,Easy,Multiple Choice,في أنمي 'هجوم العمالقة'، ما هو العملاق الضخم بطول 60 متراً الذي حطم بوابة سور ماريا في الحلقة الأولى مطلقاً البخار الحارق؟,A) العملاق المدرع | B) عملاق الوحش | C) العملاق الضخم | D) عملاق الفك,C
143,Anime,Easy,Multiple Choice,في أنمي 'رجل المنشار'، ما هو الشيطان الكارثي الرهيب الذي قتل 1.2 مليون إنسان في غضون خمس دقائق حول العالم؟,A) شيطان الظلام | B) شيطان السيطرة | C) شيطان القنابل | D) شيطان البنادق / الأسلحة النارية,D
144,Anime,Easy,Typing,ما الاسم الأول لبطل هجوم العمالقة المكون من 4 أحرف ولقبه ييغر؟,,إيرين
145,Anime,Easy,Typing,ما اسم بطل أنمي قاتل الشياطين المكون من 7 أحرف الذي يحمل أخته في صندوق على ظهره؟,,تانجيرو
146,Anime,Easy,Typing,ما اسم عائلة أقوى معلم جوجيتسو ذو العيون الست والشعر الأبيض ساتورو (غـ...)?,,غوجو
147,Anime,Easy,Typing,ما الاسم الأول للخيميائي الفولاذي ذو الأطراف المعدنية وشقيق ألفونس (إد...)?,,إدوارد
148,Anime,Easy,Typing,ما هو لقب بطل أكاديمية بطلي إيزوكو ميدوريا المكون من 4 أحرف؟,,ديكو
149,Anime,Easy,Typing,ما اسم مراهق رجل المنشار المكون من 5 أحرف الذي ينبت مناشير من رأسه وأطرافه؟,,دينجي
150,Anime,Easy,Typing,ما اسم شينيغامي مذكرة الموت المكون من 4 أحرف الذي يحب أكل التفاح؟,,ريوك
151,Anime,Medium,Multiple Choice,في 'هجوم العمالقة'، أي عملاق من العمالقة التسعة يمتلك القدرة الحصرية على استعراض ذكريات ورثته السابقين والمستقبليين على حد سواء؟,A) عملاق الهجوم | B) عملاق الوحش | C) عملاق الفك | D) عملاق مطرقة الحرب,A
152,Anime,Medium,Multiple Choice,في أنمي 'قاتل الشياطين'، من هي هاشيرا الحشرات الرقيقة التي تستخدم سم زهور الوستيريا في سيفها للقضاء على الشياطين؟,A) ميتسوري كانروجي | B) شينوبو كوتشو | C) كاناو تسويوري | D) تامايو,B
153,Anime,Medium,Multiple Choice,في فيلم 'جوجيتسو كايسن 0'، من هو ساحر الرتبة الخاصة بطل القصة الذي تطارده الروح الملعونة الانتقامية لصديقة طفولته ريكا؟,A) ميغومي فوشيغورو | B) كينتو نانامي | C) يوتا أوكوتسو | D) باندا,C
154,Anime,Medium,Multiple Choice,في 'الخيميائي الفولاذي: الأخوة'، ما هي الهوية الحقيقية لملك أميستريس العسكري كينغ برادلي كأحد كائنات الهومونكولوس؟,A) الجشع (غريد) | B) الفخر (برايد) | C) الحسد (إنفي) | D) الغضب (Wrath),D
155,Anime,Medium,Multiple Choice,في 'مذكرة الموت'، ما هما اسما الصبيين اليتيمين العبقريين خليفتي إل في دار أيتام وامي في إنجلترا؟,A) نير (Nate River) وميلو | B) مات وروجر | C) تيرو وكيوومي | D) راي وناومي,A
156,Anime,Medium,Multiple Choice,في 'أكاديمية بطلي'، أي شرير يقود تحالف الأشرار ويمتلك ميزة 'التحلل' (Decay) التي تفتت أي شيء يلمسه بأصابعه الخمسة؟,A) دابي | B) تومورا شيغاراكي | C) توايس | D) أوفر هول,B
157,Anime,Medium,Multiple Choice,في 'رجل المنشار'، ما هو شيطان الخوف البدائي الذي ظهر في الجحيم وجثث رواد الفضاء المقطوعة تصلي في صفين متوازيين؟,A) شيطان الجحيم | B) شيطان المستقبل | C) شيطان الظلام | D) شيطان الشبح,C
158,Anime,Medium,Multiple Choice,في 'هجوم العمالقة'، ما اسم الحدث الكارثي الذي أطلقه إيرين ييغر بعملاق المؤسس لتحرير ملايين عمالقة الأسوار وسحق العالم؟,A) حرب العمالقة العظمى | B) تطهير عائلة ريس | C) سقوط مارلي | D) الدك / زئير الأرض,D
159,Anime,Medium,Multiple Choice,في 'قاتل الشياطين'، من هو هاشيرا اللهب الشجاع الذي خاض معركة أسطورية ملحمية ضد قمر الرتبة العليا الثالث أكازا في قطار موغين؟,A) كيوجورو رينغوكو | B) تينغن أوزوي | C) غيو توميوكا | D) مويتشيرو توكيتو,A
160,Anime,Medium,Multiple Choice,في 'جوجيتسو كايسن'، ما هي التقنية التدميرية الخارقة لغوجو التي تدمج طاقة الجذب الزرقاء وطاقة الدفع الحمراء لتطلق كتلة وهمية تمحو كل شيء؟,A) عاطفة تساقط الأزهار | B) التقنية المجوفة: الأرجواني | C) الفراغ اللانهائي | D) النطاق البسيط,B
161,Anime,Medium,Multiple Choice,في 'الخيميائي الفولاذي: الأخوة'، أي كائن تم خلقه داخل قارورة في حضارة سيرسيس القديمة باستخدام دم فان هوهنهايم؟,A) الغضب | B) الفخر | C) 'الأب' / القزم في القارورة | D) الجشع,C
162,Anime,Medium,Multiple Choice,في أنمي 'مذكرة الموت'، ماذا تنص القاعدة الصارمة إذا لم يُكتب سبب الوفاة خلال 40 ثانية من تدوين اسم الضحية في المذكرة؟,A) يموت الشخص في حادث سيارة | B) تحترق صفحة المذكرة | C) يُلغى الموت نهائياً | D) يموت الشخص ببساطة بنوبة قلبية,D
163,Anime,Medium,Multiple Choice,في 'أكاديمية بطلي'، أي شرير حارق تبين أنه تويا تودوروكي، الابن الأكبر المحترق لرمز البطولة الناري إنديفور؟,A) دابي | B) سبينر | C) أوفر هول | D) توايس,A
164,Anime,Medium,Multiple Choice,في أنمي 'رجل المنشار'، ما هي الهوية الحقيقية الشيطانية لماكيما كإحدى فرسان نهاية العالم الأربعة؟,A) شيطان الحرب | B) شيطان السيطرة / الغزو | C) شيطان المجاعة | D) شيطان الموت,B
165,Anime,Medium,Multiple Choice,في 'هجوم العمالقة'، ما هي الإمبراطورية القارية الكبرى عبر البحر التي استعبدت الإلديين واستخدمت قوة العمالقة في حروبها؟,A) هيزورو | B) قوات التحالف الشرق أوسطي | C) دولة مارلي | D) إلديا,C
166,Anime,Medium,Multiple Choice,في 'قاتل الشياطين'، من هو شيطان الرتبة العليا الأولى ذو الأعين الست الذي كان سيافاً بشرياً وشقيق يوريتشي توأم؟,A) أكازا | B) دوما | C) هانتينغو | D) كوكوشيبو,D
167,Anime,Medium,Multiple Choice,في 'جوجيتسو كايسن'، من هو والد ميغومي فوشيغورو الملقب بـ 'قاتل السحرة' الذي يمتلك صفراً من الطاقة الملعونة بقيد سماوي مطلق؟,A) توجي فوشيغورو / توجي زينين | B) ناوبيتو زينين | C) كينجاكو | D) جين إيتادوري,A
168,Anime,Medium,Multiple Choice,في 'الخيميائي الفولاذي'، من هو المقاتل الإشفالي ذو الندبة المتقاطعة على وجهه الذي يثأر لأمته بتفكيك أجساد خيميائيي الدولة؟,A) مايلز | B) سكار | C) بوكانير | D) روي موستانغ,B
169,Anime,Medium,Multiple Choice,في 'أكاديمية بطلي'، ما هي الميزة الخارقة النادرة للطفلة إيري التي تتيح لها إعادة لف وإرجاع حالة الجسد الحي زمنياً إلى الوراء؟,A) التقديم السريع | B) التفكيك وإعادة البناء | C) الإرجاع الزمني | D) المحو,C
170,Anime,Medium,Multiple Choice,في 'مذكرة الموت'، من هي عميلة الـ FBI السابقة وخطيبة راي بنبر التي كادت تكشف حقيقة لايت لولا أنه أجبرها على الانتحار؟,A) هالي ليدنر | B) ويدي | C) كيوومي تاكادا | D) ناومي ميسورا,D
171,Anime,Medium,Multiple Choice,في 'هجوم العمالقة'، من هو صاحب عملاق الوحش الذي تبين أنه الأخ غير الشقيق الأكبر لإيرين ييغر من السلالة الملكية؟,A) زيك ييغر | B) غريشا ييغر | C) توم كزافيير | D) بوركو غاليارد,A
172,Anime,Medium,Multiple Choice,في 'قاتل الشياطين: حي المتعة'، من هو هاشيرا الصوت المبهرج ذو الزوجات الثلاث الذي قاد تانجيرو ورفاقه إلى مقاطعة يوشيوارا؟,A) ساني مي شينازوغاوا | B) تينغن أوزوي | C) غيومي هيميجيما | D) أوباناي إيغورو,B
173,Anime,Medium,Multiple Choice,في 'جوجيتسو كايسن'، من هو ساحر الرتبة الأولى والموظف السابق الذي يقاتل بنصل مغطى بالقماش معتمداً على تقنية نسبة 7:3 لنقاط الضعف؟,A) أتسويا كوساكابي | B) ماساميتشي ياغا | C) كينتو نانامي | D) ناويا زينين,C
174,Anime,Medium,Multiple Choice,في 'الخيميائي الفولاذي'، من هي اللواء الحديدية الصارمة وقائدة قلعة بريغز الشمالية الحصينة وتلقب بملكة الجليد؟,A) ريزا هوكاي | B) ماريا روس | C) وينري روكبيل | D) أوليفييه ميرا أرمسترونغ,D
175,Anime,Medium,Multiple Choice,في أنمي 'رجل المنشار'، ما اسم القاتلة السوفيتية الهجينة بشيطان القنابل التي أحبت دينجي بصدق قبل أن تحل بها النهاية المأساوية؟,A) ريزي | B) باور | C) كوبيني | D) كوانشي,A
176,Anime,Medium,Typing,ما اسم العائلة المقاتلة المحرمة للملك التي ينتمي إليها ليفاي وميكاسا في هجوم العمالقة؟,,أكرمان
177,Anime,Medium,Typing,ما هو اللقب الياباني المكون من 7 أحرف الذي يطلق على أعمدة فيلق قتلة الشياطين (هاشـ...)?,,هاشيرا
178,Anime,Medium,Typing,ما اسم ملك اللعنات ذو الأربع أذرع في جوجيتسو كايسن الذي يسكن جسد يوجي (سوكـ...)?,,سوكونا
179,Anime,Medium,Typing,ما اسم الأطراف الآلية المعدنية البديلة لإدوارد إلريك في الخيميائي الفولاذي (أوتو...)?,,أوتوميل
180,Anime,Medium,Typing,ما هو اللقب المستعار للايت ياغامي في مذكرة الموت المكون من 4 أحرف ويعني القاتل؟,,كيرا
181,Anime,Hard,Multiple Choice,في 'هجوم العمالقة'، من هي الفتاة الأمة القديمة التي لامست الكيان المضيء الغامض في جذع الشجرة لتصبح أول عملاق في التاريخ قبل 2000 عام؟,A) دينا فريتز | B) يميل فريتز | C) فريدا ريس | D) ماريا فريتز,B
182,Anime,Hard,Multiple Choice,في أنمي 'قاتل الشياطين'، من هو السياف الأسطوري من عصر سينغوكو مبتكر تنفس الشمس الذي قطع جسد موزان إلى 1800 قطعة في مبارزتهما؟,A) كوكوشيبو | B) ميتشيكاتسو | C) يوريتشي تسوغيكوني | D) سوميوشي,C
183,Anime,Hard,Multiple Choice,في أنمي 'جوجيتسو كايسن'، ما اسم الساحر العتيق المتنقل بين الأدمغة منذ ألف عام الذي استولى على جثة غيتو وهندس لعبة الإبادة؟,A) سوكونا | B) تينغن | C) دروف | D) كينجاكو,D
184,Anime,Hard,Multiple Choice,في 'الخيميائي الفولاذي: الأخوة'، ما اسم الحضارة الصحراوية القديمة التي أبيدت بالكامل في ليلة واحدة لصنع أول حجر فلاسفة للقزم في القارورة؟,A) زيركسيس | B) إشفال | C) شينغ | D) كريتا,A
185,Anime,Hard,Multiple Choice,في 'مذكرة الموت'، ما هو الاسم الكنسي الحقيقي الكامل للمحقق 'إل' وفقاً لدليل الشخصيات الرسمي للمؤلفين؟,A) ليند إل تايلور | B) إل لولايت | C) نيت ريفر | D) ميخائيل كيل,B
186,Anime,Hard,Multiple Choice,في 'أكاديمية بطلي'، ما هي الميزة الأصلية لمعلمة أول مايت والمستخدمة السابعة لميزة الواحد للجميع، نانا شيمورا؟,A) السوط الأسود | B) تغيير التروس | C) الطفو في الهواء | D) استشعار الخطر,C
187,Anime,Hard,Multiple Choice,في 'رجل المنشار'، ما هو الشيطان الذي عقدت معه سانتا كلوز عقداً لتحويل سكان مدينة كاملة إلى دمى خشبية فاقدة للمشاعر؟,A) شيطان العرائس | B) شيطان الماريونيت | C) شيطان الجسد | D) شيطان الدمى,D
188,Anime,Hard,Multiple Choice,في 'هجوم العمالقة'، ما هو المركب البيولوجي المحدد المستخرج من العمالقة الذي يحول أفراد شعب يميل إلى عمالقة نقيين عند حقنه أو استنشاقه؟,A) سائل نخاع العمالقة الشوكي | B) نخاع الإلديين | C) المصل الملكي | D) إنزيم يميل,A
189,Anime,Hard,Multiple Choice,في 'قاتل الشياطين'، ما هي المأساة الحقيقية لقمر الرتبة العليا الثالث أكازا عندما كان إنساناً يُدعى هاكوجي؟,A) ذبحت الساموراي أسرته | B) انتحر والده العليل، ولاحقاً سُممت خطيبته الحبيبة كويوكي ومعلمه على يد دوجو منافس غادر | C) ولد كفيفاً | D) رُفض في امتحان المبارزة,B
190,Anime,Hard,Multiple Choice,في 'جوجيتسو كايسن'، ما اسم الحاجز البعدي السري الحصين تحت ثانوية طوكيو للجوجيتسو حيث يقيم المعلم الأكبر تينغن لحماية اليابان؟,A) نطاق اللعنات | B) ملاذ تينغن | C) مقابر النجوم / ممر النجوم | D) بئر الجذور,C
191,Anime,Hard,Multiple Choice,في 'الخيميائي الفولاذي'، من هو الخيميائي الذي ارتكب الجريمة البشعة بدمج طفلته الصغيرة نينا وكلبها ألكسندر في كائن كيميرا متكلم؟,A) تيم ماركو | B) باسك غراند | C) سولف كيمبلي | D) شو تاكر,D
192,Anime,Hard,Multiple Choice,في 'مذكرة الموت'، من هي مذيعة الأخبار التلفزيونية وصديقة لايت الجامعية السابقة التي أصبحت المتحدثة باسم كيرا قبل حرقها حية؟,A) كيوومي تاكادا | B) ميسا أماني | C) هالي ليدنر | D) ساشيكو ياغامي,A
193,Anime,Hard,Multiple Choice,في 'أكاديمية بطلي'، ما هو الاسم البشري الحقيقي للشرير المأساوي توايس الذي أصيب بانفصام شخصية جراء قتال نسخ مستنسخيه لأنفسهم؟,A) أتسوهيرو ساكو | B) جين بوبايغاوارا | C) شويتشي إيغوتشي | D) كينجي هيكييشي,B
194,Anime,Hard,Multiple Choice,في أنمي 'رجل المنشار'، ماذا يُطلق مجتمعين على شياطين: السيطرة، الحرب، المجاعة، والموت؟,A) مخاوف الجحيم البدائية | B) مجلس المسوخ | C) فرسان نهاية العالم الأربعة | D) أسياد الهاوية,C
195,Anime,Hard,Multiple Choice,في 'هجوم العمالقة'، من هو الجاسوس الإلدي الملقب بـ 'البومة' الذي سلم عملاق الهجوم لغريشا ييغر فوق سور الجزيرة؟,A) ويلي تايبر | B) ثيو ماغاث | C) أوري ريس | D) إيرين كروغر,D
196,Anime,Hard,Multiple Choice,في 'قاتل الشياطين'، ما هي العلامة الجسدية التي تظهر على السيافين وتمنحهم قوة فائقة وشفافية للجسد عند بلوغ حرارة الجسم 39 درجة مئوية؟,A) علامة قاتل الشياطين | B) هالة النيشيرين | C) توهج التركيز التام | D) وسم الهاشيرا,A
197,Anime,Hard,Multiple Choice,في 'جوجيتسو كايسن'، ما هي الأداة الملعونة الخاصة التي استخدمها توجي فوشيغورو لاختراق وإلغاء حاجز اللانهاية لساتورو غوجو وطعنه؟,A) سيف الروح المشطور | B) رمح السماء المقلوب | C) سحابة اللعب | D) عظم التنين,B
198,Anime,Hard,Typing,ما اسم الفتاة الأمة الأولى التي امتلكت قوة العمالقة قبل ألفي عام في هجوم العمالقة (يمـ...)?,,يمير
199,Anime,Hard,Typing,ما اسم السياف الأسطوري مبتكر تنفس الشمس الذي أرعب موزان في قاتل الشياطين (يوريـ...)?,,يوريتشي
200,Anime,Hard,Typing,ما اسم الساحر العتيق المتنقل بين الأجساد في جوجيتسو كايسن الذي قاد حادثة شيبويا (كينـ...)?,,كينجاكو
201,Anime,Easy,Multiple Choice,في أنمي 'إيفانجيليون' (Neon Genesis Evangelion)، من هو الفتى المتردد البالغ 14 عاماً قائد الآلي الأرجواني إيفا الوحدة 01؟,A) كاورو ناغيسا | B) توجي سوزوهارا | C) شينجي إيكاري | D) كينسوكي أيدا,C
202,Anime,Easy,Multiple Choice,في أنمي 'كاوبوي بيبوب' (Cowboy Bebop)، من هو صائد الجوائز البطل والعميل السابق لنقابة التنين الأحمر الذي يمارس الجيت كون دو؟,A) جيت بلاك | B) فيشوس | C) غرين | D) سبايك سبيجل,D
203,Anime,Easy,Multiple Choice,في تحفة أستوديو غيبلي الحائزة على الأوسكار 'المخطوفة' (Spirited Away)، ما اسم الفتاة التي دخلت عالم الأرواح وعملت في حمام يوبابا تحت اسم 'سين'؟,A) تشيهيرو أوغينو | B) سان | C) كيكي | D) صوفي,A
204,Anime,Easy,Multiple Choice,في أنمي 'شتاينز؛غيت' (Steins;Gate)، أي عالم مجنون غريب الأطوار بطل القصة يتقمص الهوية الدرامية المسماة 'هووين كيوما'؟,A) إيتارو هاشيدا (دارو) | B) رينتارو أوكابي (Rintaro Okabe) | C) لوكا | D) أليكسيس ليسكينين,B
205,Anime,Easy,Multiple Choice,في أنمي 'كود غياس' (Code Geass)، أي أمير بريطاني منفي يقود فرسان الظلام تحت الهوية الثورية المقنعة 'زيرو'؟,A) سوزاكو كوروروغي | B) شنايزل إل بريطانيا | C) لولوش في بريطانيا | D) كلوفيس,C
206,Anime,Easy,Multiple Choice,في فيلم السايبربانك الكلاسيكي الخالد 'أكيرا' (1988)، من هو قائد عصابة الدراجات النارية الشاب الشهير بدراجته الحمراء المعدلة؟,A) تيتسو شيما | B) ياماغاتا | C) كاي | D) شوتارو كانيدا,D
207,Anime,Easy,Multiple Choice,في فيلم 'شبح في الهيكل' (Ghost in the Shell)، من هي القائدة الميدانية السايبورغ النخبوية لقسم الأمن العام التاسع (القسم 9)؟,A) الرائد موتوكو كوساناغي | B) باتو | C) توغوسا | D) دايسكي أراماكي,A
208,Anime,Easy,Multiple Choice,في التحفة النفسية لناوكي أوراساوا 'مونستر' (Monster)، ما هي مهنة البطل الإنساني النبيل الدكتور كينزو تينما؟,A) محقق شرطة جنائي | B) جراح مخ وأعصاب عبقري | C) محامٍ قانوني | D) صحفي استقصائي,B
209,Anime,Easy,Multiple Choice,في فيلم أستوديو غيبلي المحبوب 'جاري توتورو'، ما هو الكائن السحري العملاق الفروي حارس الغابة الذي تصادقه ساتسوكي ومي؟,A) حافلة القط (كات باص) | B) بلا وجه (كاوناشي) | C) توتورو (Totoro) | D) كالسيفر,C
210,Anime,Easy,Multiple Choice,في أنمي 'سايكو-باس' (Psycho-Pass)، ما اسم المسدس الخاص الذكي الذي يحمله المحققون لقراءة وقياس 'معامل الجريمة' للأفراد في المجتمع؟,A) المفرغ الحاسم | B) المنفذ | C) ناسف سيبيل | D) الدوميناتور,D
211,Anime,Easy,Multiple Choice,في 'إيفانجيليون'، من هي الفتاة الألمانية ذات الشعر الأحمر المتقد وقائدة إيفا الوحدة 02 وصاحبة العبارة الشهيرة 'أنت أحمق؟'؟,A) أسكا لانغلي سوريو | B) ري أيانامي | C) ميساتو كاتسوراغي | D) ريتسوكو أكاغي,A
212,Anime,Easy,Multiple Choice,في أنمي 'كاوبوي بيبوب'، ما اسم كلب الكورغي فائق الذكاء (كلب البيانات) الذي ينضم لطاقم سفينة البيبوب؟,A) أكامارو | B) آين | C) إيغي | D) بلو,B
213,Anime,Easy,Multiple Choice,في تحفة غيبلي 'الأميرة مونونوكي'، من هي الفتاة البشرية الشرسة التي ربتها إلهة الذئاب مورو وتقاتل بضراوة لحماية الغابة؟,A) الليدي إيبوشي | B) ناوسيكا | C) سان / الأميرة مونونوكي | D) فيو,C
214,Anime,Easy,Multiple Choice,في أنمي 'شتاينز؛غيت'، ما هو الجهاز المنزلي المعدل بهاتف محمول الذي تحول عرضاً إلى آلة زمن ترسل رسائل نصية للماضي (D-Mails)؟,A) مجفف شعر | B) محمصة خبز | C) خلاط كهربائي | D) ميكروويف الهاتف,D
215,Anime,Easy,Multiple Choice,في 'كود غياس'، من هي الفتاة الخالدة ذات الشعر الأخضر التي تمنح لولوش القوة الخارقة للطاعة المطلقة المعروفة بـ 'الغياس'؟,A) سي تو / سي سي | B) شيرلي فينيت | C) كالين كوزوكي | D) يوفيميا,A
216,Anime,Easy,Multiple Choice,في فيلم 'قلعة هاول المتحركة'، ما اسم شيطان النار الصاخب الذي يمد قلعة هاول بالطاقة عبر عقد سحري وثيق؟,A) هين | B) كالسيفر | C) رأس اللفت | D) سليمان,B
217,Anime,Easy,Multiple Choice,في 'إيفانجيليون'، ما اسم الفتاة الغامضة ذات الشعر الأزرق والعينين الحمراوين 'الطفلة الأولى' وقائدة إيفا الوحدة 00؟,A) هيكاري هوراكي | B) مايا إيبوكي | C) ري أيانامي | D) يوي إيكاري,C
218,Anime,Easy,Multiple Choice,في 'كاوبوي بيبوب'، من هي الفتاة المحتالة الجذابة ذات الشعر البنفسجي وفاقدة الذاكرة التي تنضم لسبايك وجيت على متن السفينة؟,A) جوليا | B) جودي | C) ستيلا | D) فاي فالنتاين,D
219,Anime,Easy,Multiple Choice,في أنمي 'مونستر'، من هو الشرير العبقري السيكوباتي العدمي الفاتن الذي أنقذه الدكتور تينما في صغره ويسعى لإيقافه؟,A) يوهان ليبرت | B) المحقق لونغ | C) روبرتو | D) فولفغانغ غريمر,A
220,Anime,Easy,Multiple Choice,في فيلم السايبربانك الكلاسيكي 'أكيرا'، ما اسم المدينة المستقبلية المقامة على خليج طوكيو بعد دمار طوكيو القديمة في الحرب العالمية الثالثة؟,A) سايبر طوكيو | B) نيو طوكيو | C) مترو طوكيو | D) شين طوكيو,B
221,Anime,Easy,Multiple Choice,في فيلم أستوديو غيبلي 'خدمة التوصيل كيكي'، ما اسم القط الأسود الساخر المتكلم رفيق الساحرة الصغيرة كيكي؟,A) ميون | B) كورو | C) جيجي | D) لونا,C
222,Anime,Easy,Multiple Choice,في 'شتاينز؛غيت'، من هي باحثة علوم الأعصاب العبقرية البالغة 18 عاماً والبطلة التسوندري التي يلقبها أوكابي بـ 'المساعدة' وكريستينا؟,A) مايوري شينا | B) سوزوها أماني | C) مويكا كيريو | D) كوريسو ماكيسي,D
223,Anime,Easy,Multiple Choice,في 'كود غياس'، ماذا تُسمى الآليات القتالية المدرعة ثنائية الأرجل التي ينشرها الجيش البريطاني في المعارك؟,A) نايتمير فريم | B) موبيل سوتس | C) الإيفا | D) الغوندام,A
224,Anime,Easy,Multiple Choice,في 'إيفانجيليون'، ما هي المنظمة السرية التابعة للأمم المتحدة تحت قيادة غيندو إيكاري المسؤولة عن تشغيل الإيفا والدفاع ضد الملائكة؟,A) سيلي (SEELE) | B) نيرف (NERV) | C) غيرن | D) ويلي,B
225,Anime,Easy,Multiple Choice,في 'كاوبوي بيبوب'، من هي الفتاة المراهقة غريبة الأطوار عبقرية القرصنة الإلكترونية حافية القدمين التي تنضم لطاقم البيبوب؟,A) فاي فالنتاين | B) لين | C) إدوارد الراديكالية | D) ميفا,C
226,Anime,Easy,Multiple Choice,في فيلم 'المخطوفة' لغيبلي، ما اسم فتى روح النهر الذي يمكنه التحول إلى تنين أبيض مهيب ويساعد تشيهيرو في محنتها؟,A) كاماجي | B) بوه | C) أوغايو | D) هاكو,D
227,Anime,Easy,Multiple Choice,في أنمي 'سايكو-باس'، ما اسم شبكة الحواسيب العملاقة البيوميكانيكية التي تدير المجتمع وتراقب الحالة النفسية وأرواح جميع المواطنين؟,A) نظام سيبيل | B) نظام بابل | C) سكاي نت | D) نظام ماغي,A
228,Anime,Easy,Multiple Choice,في 'شبح في الهيكل'، ما هي الدبابات الذكية العنكبوتية المصفحة التابعة للقسم 9 ذات الأصوات الطفولية وعشق الزيت الطبيعي؟,A) لوجيكوماس | B) تاتشيكوماس | C) فوتشيكوماس | D) لاند ميتس,B
229,Anime,Easy,Multiple Choice,في فيلم غيبلي 'قلعة في السماء'، ما هي الجزيرة الأسطورية العائمة في السحب المدعومة ببلورة حجر الطفو الضخمة التي يبحث عنها بازو وشيتا؟,A) أطلانطس | B) إلدورادو | C) لابوتا | D) شانغريلا,C
230,Anime,Easy,Multiple Choice,في 'شتاينز؛غيت'، ما هي المنظمة البحثية النووية الأوروبية السرية التي تمثل الخصم التآمري الساعي لاحتكار السفر عبر الزمن؟,A) شيلد | B) أومني | C) ستراتفور | D) سيرن,D
231,Anime,Easy,Multiple Choice,في 'كود غياس'، من هو صديق طفولة لولوش القديم الذي ينضم لجيش بريطانيا كطيار حصري للآلي المتطور لانسلوت؟,A) سوزاكو كوروروغي | B) جينو | C) لويد أسبلوند | D) جيريميا,A
232,Anime,Easy,Multiple Choice,في أنمي 'إيفانجيليون'، ما هي الكائنات العملاقة الفضائية الغامضة التي تهاجم طوكيو-3 لإحداث الاصطدام الثالث؟,A) العمالقة | B) الملائكة | C) الكايجو | D) الحواريون,B
233,Anime,Easy,Multiple Choice,في أنمي 'كاوبوي بيبوب'، ما اسم المركبة الفضائية الحمراء النفاثة السريعة المخصصة للسباقات التي يقودها سبايك سبيجل؟,A) ريد تيل | B) هامر هيد | C) سوردفيش 2 | D) أوتلو ستار,C
234,Anime,Easy,Multiple Choice,في تحفة 'الأميرة مونونوكي'، من هو أمير الإميشي النبيل المنفي المصاب بلعنة الخنزير الشيطاني ويبحث عن علاج لندبته القاتلة؟,A) جيغو | B) كوهروكو | C) اللورد أسانو | D) الأمير أشيتاكا,D
235,Anime,Easy,Multiple Choice,في 'مونستر'، من هو محقق الشرطة الألمانية الصارم المهووس الذي يطارد الدكتور تينما ويكتب السجلات التخيلية بأصابعه؟,A) المحقق هاينريش لونغ | B) المحقق سوك | C) كارل نيومان | D) أوتو هيكل,A
236,Anime,Easy,Multiple Choice,في فيلم 'أكيرا'، أي فتى دراجات متمرد يصاب بتحولات جسدية بشعة ومروعة بعد استيقاظ قواه التخاطرية النفسية الهائلة؟,A) كانيدا | B) تيتسو شيما | C) كاي | D) ريو,B
237,Anime,Easy,Multiple Choice,في فيلم 'قلعة هاول المتحركة'، ما هي اللعنة السحرية التي ألقتها ساحرة النفايات على صانعة القبعات الشابة صوفي هاتر؟,A) تحويلها إلى قطة سوداء | B) سلب صوتها وقدرتها على الكلام | C) تحويلها إلى عجوز طاعنة في السن في التسعين من عمرها | D) حبسها في تمثال حجري,C
238,Anime,Easy,Multiple Choice,في أنمي 'شتاينز؛غيت'، ما هي العبارة السرية الشفرية التي يختم بها أوكابي مكالماته الهاتفية التخيلية للحفاظ على كبريائه؟,A) فيني فيدي فيتشي | B) يوريكا سفن | C) ميمينتو موري | D) إل باي كونغرو,D
239,Anime,Easy,Multiple Choice,في 'إيفانجيليون'، ما هو حاجز الطاقة الدفاعي الروحي الخارق غير القابل للاختراق الذي يولده الملائكة والإيفا؟,A) حقل الرعب المطلق / إيه تي فيلد | B) حقل آي | C) درع الفراغ | D) الإطار النفسي,A
240,Anime,Easy,Multiple Choice,في 'كاوبوي بيبوب'، من هو القاتل المحترف ذو السيف البارد في نقابة التنين والعدو اللدود الذي يتواجه معه سبايك حتى النهاية؟,A) لين | B) فيشوس | C) بييرو الفضائي | D) أسيموف,B
241,Anime,Easy,Multiple Choice,في فيلم 'المخطوفة'، ما اسم الكائن المقنع الغامض الذي يبتلع عمال الحمام قبل أن تهدئه تشيهيرو بكعكة الأعشاب؟,A) روح الفجل | B) روح النهر النتن | C) بلا وجه | D) روح الطين,C
242,Anime,Easy,Multiple Choice,في أنمي 'سايكو-باس'، ماذا يُطلق على الفرد الذي يتجاوز معامل جريمته الحد الآمن المحدد من نظام سيبيل ليصبح هدفاً للعلاج أو التصفية؟,A) عميل منشق | B) منحرف سيبراني | C) شاذ فكرياً | D) مجرم كامن,D
243,Anime,Easy,Multiple Choice,في فيلم 'شبح في الهيكل' (1995)، ما هو الكيان الذكائي الرقمي الغامض المولود في بحر المعلومات الذي يخترق أدمغة البشر السايبورغ؟,A) سيد الدمى / مشروع 2501 | B) تاتشيكوما إكس | C) الرجل الضاحك | D) الأحد عشر المستقلون,A
244,Anime,Easy,Typing,ما الاسم الأول لقائد إيفا الوحدة 01 المتردد ذو الـ 14 عاماً في إيفانجيليون (شينـ...)?,,شينجي
245,Anime,Easy,Typing,ما الاسم الأول لصائد الجوائز بطل كاوبوي بيبوب صاحب الشعر الأخضر المائل للسواد (سبا...)?,,سبايك
246,Anime,Easy,Typing,ما اسم الأستوديو الأسطوري الياباني الذي أنتج المخطوفة وتوتورو وقلعة هاول (غيـ...)?,,غيبلي
247,Anime,Easy,Typing,ما الاسم الأول لأمير بريطانيا المنفي صاحب قناع زيرو في كود غياس (لو...)?,,لولوش
248,Anime,Easy,Typing,ما اسم روح الغابة العملاقة في فيلم هاياو ميازاكي الكلاسيكي لعام 1988 المكون من 6 أحرف؟,,توتورو
249,Anime,Easy,Typing,ما عنوان فيلم السايبربانك الكلاسيكي الرائد لعام 1988 الذي تدور أحداثه في نيو طوكيو (أكـ...)?,,أكيرا
250,Anime,Easy,Typing,ما الاسم الأول للشرير السيكوباتي ذو الكاريزما المرعبة في أنمي مونستر (يو...)?,,يوهان
251,Anime,Medium,Multiple Choice,في 'إيفانجيليون'، ما هو الحدث الكارثي الذي وقع في القارة القطبية الجنوبية عام 2000 وأباد نصف سكان كوكب الأرض؟,A) الاصطدام الأول | B) الاصطدام الثاني | C) الاصطدام الثالث | D) ظاهرة البحر الأحمر,B
252,Anime,Medium,Multiple Choice,في 'كاوبوي بيبوب'، ما هو المخدر الرقمي الأحمر في قطارة العين الذي هربه أسيموف في الحلقة الأولى 'أسترويد بلوز'؟,A) الرمل الأحمر | B) بلودي ماري | C) العين الحمراء | D) السائل الناري,C
253,Anime,Medium,Multiple Choice,في تحفة 'الأميرة مونونوكي'، ما اسم المستوطنة الصناعية المسورة بالخشب لتصنيع الحديد والبنادق بقيادة السيدة إيبوشي؟,A) الجبل الذهبي | B) حافة الأرز | C) وادي الذئاب | D) مدينة الحديد / تاتارابا,D
254,Anime,Medium,Multiple Choice,في أنمي 'شتاينز؛غيت'، ما هي القدرة الإدراكية الفريدة لرينتارو أوكابي التي تحفظ ذكرياته دون تغيير عند انتقال خطوط العالم؟,A) قراءة شتاينر | B) الغياس | C) الحاسة السادسة | D) عين لابلاس,A
255,Anime,Medium,Multiple Choice,في 'كود غياس'، ما اسم الخطة النهائية النبيلة للولوش حيث يصبح الطاغية الأوحد للعالم ليُغتال ويحل السلام العالمي بعده؟,A) عملية فرسان الظلام | B) قداس زيرو / زيرو ريكويم | C) فجر بريطانيا | D) بروتوكول غياس,B
256,Anime,Medium,Multiple Choice,في أنمي 'مونستر'، ما اسم دار الأيتام الشيوعية التجريبية السرية في برلين الشرقية التي خضع فيها يوهان لبرامج الترويض النفسي؟,A) هوس 101 | B) قصر الوردة الحمراء | C) كيندرهايم 511 | D) عنبر المقاطعة 49,C
257,Anime,Medium,Multiple Choice,في 'سايكو-باس'، من هو الشرير الفلسفي الساحر في الموسم الأول الذي يمتلك كيمياء عصبية فريدة تجعله عديم الأعراض أمام نظام سيبيل؟,A) كيريتو كاموي | B) شينيا كوغامي | C) نوبوتشيكا غينوزا | D) شوغو ماكيشيما,D
258,Anime,Medium,Multiple Choice,في 'شبح في الهيكل'، ما هو الشعار الرقمي التعبيري الضاحك الشهير الذي اتخذه القرصان الغامض الذي يخترق الرؤية البصرية للناس؟,A) الرجل الضاحك | B) قط شيشاير | C) قناع أنونيموس | D) الشبح السيبراني,A
259,Anime,Medium,Multiple Choice,في 'إيفانجيليون'، ما اسم النظام الحاسوبي الثلاثي المطور من الدكتورة ناوكو أكاغي المكون من: ميلتشور، بالتازار، وكاسبر؟,A) مصفوفة عدن | B) نظام ماغي | C) شجرة الحياة | D) نواة آدم,B
260,Anime,Medium,Multiple Choice,في 'كاوبوي بيبوب'، من هي الملحنة والموسيقية الأسطورية التي قادت فرقة 'ذا سيت بيلتس' وألفت أعظم مقاطع الجاز والبلوز للأنمي؟,A) جو هيسايشي | B) هيرويوكي ساوانو | C) يوكو كانو | D) سوسومو هيراساوا,C
261,Anime,Medium,Multiple Choice,في فيلم 'ناوسيكا أميرة وادي الرياح'، ما هي الحشرات العملاقة المدرعة المهيبة التي تسكن الغابة السامة (بحر الفساد)؟,A) الكيميرا | B) سكيلا | C) الجعارين | D) الأوهومو,D
262,Anime,Medium,Multiple Choice,في أنمي 'شتاينز؛غيت'، ما هو الجهاز الصغير ذو الأنابيب المفرغة الذي ابتكره أوكابي المستقبلي لقياس نسبة التباعد الرقمي لخطوط العالم؟,A) مقياس التباعد | B) عداد D | C) مستشعر كرونوس | D) مقياس الكم,A
263,Anime,Medium,Multiple Choice,في 'كود غياس'، ما اسم الآلي الأبيض والذهبي المتطور من الجيل السابع الذي يقوده سوزاكو كوروروغي حصرياً؟,A) غورين الجيل الثاني | B) لانسلوت | C) غواين | D) شينكيرو,B
264,Anime,Medium,Multiple Choice,في فيلم 'أكيرا'، ما هي المنشأة التبريدية العسكرية السرية تحت موقع الاستاد الأولمبي في نيو طوكيو التي تضم أشلاء أكيرا المحفوظة؟,A) قبو عدن | B) مختبر القطاع 7 | C) نواة التبريد الحيوية | D) قاعدة الإسبرز,C
265,Anime,Medium,Multiple Choice,في 'مونستر'، ما عنوان القصة المصورة التشيكية المرعبة لفرانز بونابارتا باسم 'إميل شيربي' التي تسببت في صدمة يوهان النفسية؟,A) القلعة النائمة | B) الصبي مجهول الاسم | C) الوردة الحمراء في براغ | D) وحش بلا اسم,D
266,Anime,Medium,Multiple Choice,في أنمي 'إيفانجيليون'، ما اسم الرمح الفضائي القديم ذو الرأسين القادر على اختراق أي حقل طاقة والتحكم في بذور الحياة؟,A) رمح لونغينوس | B) رمح أودين | C) عصا هرمس | D) ترايدنت بوسيدون,A
267,Anime,Medium,Multiple Choice,في أنمي 'كاوبوي بيبوب'، ما هي العبارة الشهيرة المكونة من خمس كلمات التي تظهر على الشاشة في ختام الحلقة الأخيرة بعد مبارزة سبايك؟,A) 'إلى اللقاء يا راعي البقر' | B) 'سوف تحمل هذا الثقل للأبد' | C) 'الحياة ليست سوى حلم' | D) 'بانغ',B
268,Anime,Medium,Multiple Choice,في فيلم 'بوركو روسو' لغيبلي، ما هو التحول والمسخ الغريب الذي أصاب الطيار الإيطالي ماركو باجوت بعد الحرب العالمية الأولى؟,A) تحول لصقر بحري | B) تمثال حجري | C) خنزير بشري ناطق | D) بومة حكيمة,C
269,Anime,Medium,Multiple Choice,في 'شتاينز؛غيت'، ما هي المأساة الحتمية التي يسعى أوكابي جاهداً لمنعها عبر قفزات زمنية مؤلمة لا حصر لها في خط العالم ألفا؟,A) مقتل كوريسو ماكيسي | B) تدمير طوكيو بالكامل | C) اعتقال دارو | D) مقتل صديقة طفولته مايوري شينا,D
270,Anime,Medium,Multiple Choice,في 'كود غياس'، ما اسم شقيقة لولوش الصغرى الكفيفة والمقعدة التي يضحي بكل شيء من أجل بناء عالم آمن وسعيد لها؟,A) نانالي في بريطانيا | B) شيرلي | C) كورنيليا | D) سيسيل,A
271,Anime,Medium,Multiple Choice,في فيلم 'شبح في الهيكل'، ما هو المصطلح الدال على الوعي الإنساني والروح الذاتية الفردية التي تسكن داخل الدماغ السيبراني؟,A) الهيكل (The Shell) | B) الشبح (The Ghost) | C) الشرارة | D) النواة,B
272,Anime,Medium,Multiple Choice,في 'سايكو-باس'، إلى أي نمط هجومي يتحول مسدس الدوميناتور عندما يتجاوز معامل جريمة الهدف 300 لتفجير جسده فتاكاً؟,A) الشلل غير القاتل | B) مفكك التدمير | C) المصفي القاتل | D) الضربة المعطلة,C
273,Anime,Medium,Multiple Choice,في فيلم 'المخطوفة'، إلى أي حيوانات تحول والدا تشيهيرو بعد التهام الأطعمة المتروكة بلا إذن في المنتجع المهجور؟,A) ضفادع | B) غربان | C) تماثيل من طين | D) خنازير,D
274,Anime,Medium,Multiple Choice,في 'إيفانجيليون'، ما هي الطبيعة البيولوجية الحقيقية لآليات الإيفا التي كشفتها الدكتورة ريتسوكو أكاغي؟,A) كائنات بيولوجية بشرية عملاقة مستنسخة ومصفحة مشتقة من الملاك الأول آدم | B) روبوتات ذاتية القيادة | C) هياكل معدنية آلية بالكامل | D) نيازك فضائية,A
275,Anime,Medium,Multiple Choice,في فيلم 'أكيرا'، من هو العقيد العسكري وقائد المشروع الحكومي السري الذي يحاول جاهداً احتواء الكارثة النفسية لتيتسو؟,A) الجنرال ريو | B) العقيد شيكيشيما | C) الوزير موريموتو | D) القائد كاي,B
276,Anime,Medium,Typing,ما اسم المنظمة الدولية المكون من 4 أحرف المدافعة ضد الملائكة في إيفانجيليون (N...)?,,NERV
277,Anime,Medium,Typing,ما اسم سفينة سبايك سبيجل الفضائية في كاوبوي بيبوب المكون من 5 أحرف (بيـ...)?,,بيبوب
278,Anime,Medium,Typing,ما اسم عائلة المخرج الأسطوري الذي أخرج المخطوفة وجاري توتورو (ميازا...)?,,ميازاكي
279,Anime,Medium,Typing,ما الكلمة المكونة من 4 أحرف التي تكمل عنوان أنمي السفر عبر الزمن: 'شتاينز؛...'؟,,غيت
280,Anime,Medium,Typing,ما اسم القوة البصرية الخارقة التي منحها سي سي للولوش في كود غياس المكون من 4 أحرف؟,,غياس
281,Anime,Hard,Multiple Choice,في نهاية فيلم 'نهاية إيفانجيليون'، ماذا يحدث لأجساد البشر حول العالم أثناء الاصطدام الثالث عند انهيار حقول الـ A.T. الفردية؟,A) يتبخرون إلى رماد في الجو | B) يتحولون إلى ملائكة حجرية | C) يذوبون في حساء بدائي برتقالي (سائل LCL) متوحدين في وعي جماعي واحد | D) يصعدون إلى الفضاء الخارجي,C
282,Anime,Hard,Multiple Choice,في أنمي 'كاوبوي بيبوب'، ما هي الكلمة الوحيدة الأخيرة التي ينطق بها سبايك سبيجل وهو يشير بإصبعه كالمسدس قبل سقوطه؟,A) 'أراك لاحقاً' | B) 'جوليا...' | C) 'كان كله حلماً' | D) 'بانغ',D
283,Anime,Hard,Multiple Choice,في 'الأميرة مونونوكي'، ماذا حدث للغابة بعد أن أطلقت الليدي إيبوشي النار وقطعت رأس إله الغابة العظيم (شيشيغامي)؟,A) اندلع طوفان أسود هائل من الموت والدمار من عنق الإله مبتلعاً ومذوياً كل كائن حي في الغابة | B) تحولت الغابة لذهب خالص | C) بعثت جميع الخنازير | D) غمر طوفان مائي مدينة الحديد,A
284,Anime,Hard,Multiple Choice,في 'شتاينز؛غيت'، ما هي القيمة الرقمية المحددة لخط عالم 'شتاينز غيت' المستقر الذي تنجو فيه كوريسو ومايوري وتُمنع فيه الحرب العالمية الثالثة؟,A) 0.000000% | B) 1.048596% | C) 0.571024% | D) 2.615480%,B
285,Anime,Hard,Multiple Choice,في 'كود غياس'، ما هو الاسم الإداري الذي أطلقته الإمبراطورية البريطانية على اليابان بعد تجريدها من سيادتها وتحويلها إلى مستعمرة؟,A) القطاع 7 | B) المستعمرة صفر | C) المنطقة 11 | D) مقاطعة الشرق الأقصى,C
286,Anime,Hard,Multiple Choice,في أنمي 'مونستر'، ما هي الخلفية التاريخية الحقيقية لبرامج التجارب النفسية على الأطفال في دار كيندرهايم 511؟,A) صعود جمهورية فايمار | B) الثورة الفرنسية | C) خلافة إمبراطورية النمسا | D) أجواء الحرب الباردة وسجلات المخابرات الشرقية,D
287,Anime,Hard,Multiple Choice,في 'سايكو-باس'، ما هي الحقيقة الصادمة المروعة التي كُشفت لأكاني تسونيموري عن التكوين العضوي لنظام سيبيل الحاكم؟,A) أنه شبكة دماغية خارقة تتكون من مئات الأدمغة البشرية المستأصلة جراحياً لأفراد عديمي الأعراض الجنائية | B) أنه كمبيوتر فضائي خارق | C) أنه وهمي تماماً ولا وجود له | D) أنه يديره ضابط عسكري منشق,A
288,Anime,Hard,Multiple Choice,في فيلم 'أكيرا' (1988)، من هو رسام المانغا والمخرج الأسطوري الذي تولى بنفسه كتابة وإخراج هذا العمل التاريخي الخالد؟,A) مامورو أوشي | B) كاتسوهيرو أوتومو | C) ساتوشي كون | D) يوشياكي كاواجيري,B
289,Anime,Hard,Multiple Choice,في 'إيفانجيليون'، ما هو الهدف الفلسفي السري الخفي لمشروع 'أداة الإنسانية' الذي تسعى منظمة سيلي لتنفيذه؟,A) استعمار كوكب المريخ | B) بناء حصن عسكري حصين | C) محو جميع الحدود الجسدية والعقول الفردية للبشر ودمج أرواحهم في كينونة إلهية واحدة خالية من الوحدة والألم | D) إحياء الكائنات المنقرضة,C
290,Anime,Hard,Multiple Choice,في فيلم غيبلي 'مهب الريح' (2013)، من هو المهندس الحقيقي المصمم لطائرة المقاتلة الأسطورية 'ميتسوبيشي زيرو' الذي تناول الفيلم سيرته؟,A) كينجيرو تسودا | B) إيساو تاكاهاتا | C) سابورو ساكاي | D) جيرو هوريكوشي,D
291,Anime,Hard,Multiple Choice,في فيلم 'شبح في الهيكل' (1995)، ما هي النتيجة الفلسفية الوجودية لاندماج شبح الرائد موتوكو مع الكيان الذكائي الرقمي (سيد الدمى)؟,A) اتحادهما في كينونة واعية روحية جديدة متجاوزة للشكل المادي والحدود والشبكات | B) وفاتها الفورية | C) احتراق دماغها السيبراني | D) ترقيتها لرئاسة القسم 9,A
292,Anime,Hard,Multiple Choice,في أنمي 'شتاينز؛غيت'، ما هي الهوية الحقيقية للمسافرة عبر الزمن 'جون تيتور' التي تحذر من مستقبل سيرن البائس؟,A) كوريسو ماكيسي | B) سوزوها أماني | C) مويكا كيريو | D) فاريس نيان نيان,B
293,Anime,Hard,Multiple Choice,في 'كود غياس'، ما اسم الآلية الميتافيزيقية التي يتحكم فيها الإمبراطور تشارلز للقضاء على مفهوم الإله ووصل اللاوعي البشري الجماعي؟,A) داموكليس | B) قنبلة الفليجا | C) سيف أكاشا | D) فلك بريطانيا,C
294,Anime,Hard,Multiple Choice,في أنمي 'مونستر'، ما هو الاسم الأصلي لشقيقة يوهان التوأم التي تبنتها عائلة فورتنر تحت اسم نينا؟,A) لوتي فرانك | B) إيفا هاينمان | C) مارغوت لانغر | D) آنا ليبرت,D
295,Anime,Hard,Multiple Choice,في فيلم غيبلي التراجيدي 'قبر اليراعات'، ما هي الحلوى المسكرة داخل العلبة المعدنية التي كانت سلوان الطفلة سيتسوكو في الجوع؟,A) حلوى ساكوما دروبس بالفواكه | B) أعواد بوكي | C) نجوم كونبيتو السكرية | D) كعك الدانغو,A
296,Anime,Hard,Multiple Choice,في 'إيفانجيليون'، ما اسم والدة شينجي وعالمة الوراثة التي امتصت إيفا الوحدة 01 روحها خلال تجربة التلامس عام 2004؟,A) ناوكو أكاغي | B) يوي إيكاري | C) كيوكو زيبلين | D) مانا كيريشيما,B
297,Anime,Hard,Multiple Choice,في أنمي 'كاوبوي بيبوب'، ما اسم المرأة الغامضة التي كانت عشيقة سبايك في نقابة التنين وتوفيت بين ذراعيه في باحة الكنيسة؟,A) جودي | B) ستيلا | C) جوليا | D) إليكترا,C
298,Anime,Hard,Typing,ما اسم مخرج ومؤلف أنمي إيفانجيليون المكون من 4 أحرف (هيدياكي ...)?,,أنو
299,Anime,Hard,Typing,ما اسم عائلة مؤلف القصة المصورة السوداوية 'وحش بلا اسم' في أنمي مونستر (فرانز ...)?,,بونابارتا
300,Anime,Hard,Typing,ما اسم السلاح النووي التدميري الفتاك الذي طورته نينا آينشتاين في كود غياس (فليـ...)?,,فليجا
301,Anime,Easy,Multiple Choice,في أنمي 'فن السيف عبر الإنترنت' (Sword Art Online)، ما هو الاسم المستعار في اللعبة لبطل المبارزة بالسيفين كازوتو كيريغايا؟,A) كلاين | B) آغيل | C) يوجيو | D) كيريتو,D
302,Anime,Easy,Multiple Choice,في أنمي 'ري:زيرو' (Re:Zero)، ما هي القدرة القسرية الغامضة التي تعيد سوبارو ناتسوكي بالزمن إلى الوراء في كل مرة يلقى فيها حتفه؟,A) العودة بالموت | B) القفزة الزمنية | C) لعنة الساحرة | D) إعادة التعيين الزمني,A
303,Anime,Easy,Multiple Choice,في أنمي 'تنسورا' (تجسدت في هيئة هلام)، إلى أي كائن أسطوري لزج تجسد الموظف الياباني ساتورو ميكامي في عالم الفانتازيا؟,A) غوبلن | B) هلام / سلايم | C) تنين مجنح | D) هيكل عظمي,B
304,Anime,Easy,Multiple Choice,في أنمي 'كونوسوبا' (KonoSuba)، من هي إلهة الماء ذات الشعر الأزرق كثيرة الديون وعديمة الفائدة التي سحبها كازوما معه؟,A) إيريس | B) ويز | C) أكوا | D) ميغومين,C
305,Anime,Easy,Multiple Choice,في أنمي 'هايكيو!!' (Haikyu!!)، ما هو فريق الكرة الطائرة للثانوية الذي يضم الثنائي المبتدئ الاستثنائي شويو هيناتا وتوبيو كاغياما؟,A) ثانوية نيكوما | B) أوبا جوساي | C) شيراتوريزاوا | D) ثانوية كاراسونو,D
306,Anime,Easy,Multiple Choice,في تحفة ماكوتو شينكاي 'اسمك' (Kimi no Na wa)، من هما المراهقان اللذان يبدآن فجأة في تبادل الأجساد عبر الزمان والمكان؟,A) تاكي تاتشيبانا وميتسوها مياميزو | B) هوداكا وهينا | C) شويا وشوكو | D) كوسي وكاوري,A
307,Anime,Easy,Multiple Choice,في أنمي 'أوفرلورد' (Overlord)، ما اسم الساحر الهيكلي العظمي وحاكم مقبرة نازاريك الكبرى المطلق؟,A) تاتش مي | B) آينز أول غون / مومونغا | C) ديميورغ | D) سيباس تيان,B
308,Anime,Easy,Multiple Choice,في 'كاغويا-ساما: الحب حرب'، من هما زعيما مجلس الطلبة النخبويان اللذان يخوضان حرب دهاء لإجبار الآخر على الاعتراف بحبه أولاً؟,A) يو وتسوبامي | B) ناغيسا وتسوباسا | C) ميوكي شيروغاني وكاغويا شينوميا | D) ميكو وكوباشي,C
309,Anime,Easy,Multiple Choice,في أنمي 'بلو لوك' (Blue Lock)، ما هو الهدف الأساسي لمنشأة التدريب المتطرفة التي أسسها إيغو جينباتشي للمنتخب الياباني؟,A) صناعة أفضل حارس مرمى | B) تشييد جدار دفاعي حديدي | C) بناء فريق من صانعي الألعاب | D) خلق المهاجم الأناني الأفضل في العالم,D
310,Anime,Easy,Multiple Choice,في أنمي 'كذبتك في أبريل' (Your Lie in April)، ما هي الآلة الموسيقية التي تعزف عليها كاوري ميازونو بشغف أعاد حب الموسيقى لكوسي؟,A) الكمان | B) التشيلو | C) الناي | D) الكلارينيت,A
311,Anime,Easy,Multiple Choice,في 'سورد آرت أونلاين'، ما هي خوذة الواقع الافتراضي التي حبست 10 آلاف لاعب داخل لعبة الموت في قلعة آينكراد؟,A) أموسفير | B) نيرف غير | C) ميديكوبويد | D) مترجم الروح,B
312,Anime,Easy,Multiple Choice,في أنمي 'كونوسوبا'، ما هي التعويذة السحرية التدميرية العظمى الوحيدة التي تطلقها ميغومين يومياً وتستنفد كل طاقتها؟,A) النيزك الساقط | B) هرمجدون | C) سحر الانفجار | D) التفكيك الذري,C
313,Anime,Easy,Multiple Choice,في فيلم 'صوت صامت' (A Silent Voice)، ما هي الإعاقة الجسدية التي تعاني منها الطالبة الرقيقة شوكو نيشيميا وتعرضت للتنمر بسببها؟,A) العمى التام | B) البكم | C) الشلل الحركي | D) الصمم الخلقي,D
314,Anime,Easy,Multiple Choice,في أنمي 'هايكيو!!'، من هو لاعب الطائرة قصير القامة ذو القميص رقم 10 وصاحب القفزة العمودية الخارقة والشغف الأسطوري؟,A) شويو هيناتا | B) يو نيشينويا | C) كوشي سوغاوارا | D) كي تسوكيشيما,A
315,Anime,Easy,Multiple Choice,في أنمي 'سلام دانك' (Slam Dunk)، أي فتى متمرد ذو شعر أحمر ينضم لفريق صقور شوهوكو لكرة السلة سعياً لنيل إعجاب الفتاة هاروكو؟,A) كايدي روكاوا | B) هاناميتشي ساكوراغي | C) ريوتا مياغي | D) تاكينوري أكاغي,B
316,Anime,Easy,Multiple Choice,في 'ري:زيرو'، من هي الخادمة الشيطانية التوأم ذات الشعر الأزرق في قصر روزوال التي أحبت سوبارو بإخلاص واعترفت له في الحلقة 18؟,A) رام | B) بياتريس | C) ريم | D) فريدريكا,C
317,Anime,Easy,Multiple Choice,في أنمي 'كرة سلة كوروكو'، من هو اللاعب الخفي السادس الذي يستخدم التضليل وسرعة تمرير الكرة دون أن يلاحظه الخصوم؟,A) تايغا كاغامي | B) ريوتا كيسي | C) دايكي آوميني | D) تيتسويا كوروكو,D
318,Anime,Easy,Multiple Choice,في أنمي 'تورادورا!' (Toradora!)، من هي الفتاة الشرسة قصيرة القامة والتسوندري العنيفة الملقبة بنمر راحة اليد (تايغر)؟,A) تايغا أيساكا | B) مينوري كوشييدا | C) آمي كاواشيما | D) ياسوكو تاكاسو,A
319,Anime,Easy,Multiple Choice,في 'موشوكو تينسي' (تجسد العاطل)، أي رجل عاطل منطوٍ على نفسه يُعاد تجسيده كطفل عبقري في السحر يُدعى روديوس في عالم الفانتازيا؟,A) بول غريرات | B) روديوس غريرات | C) أورستد | D) كليف,B
320,Anime,Easy,Multiple Choice,في أنمي 'أوفرلورد'، من هي مشرفة حراس الطوابق الشيطانية (السوكوبوس) في نازاريك المتيمة بعشق آينز أول غون بجنون؟,A) شالتير بلودفالن | B) أورا بيلا فيورا | C) ألبيدو | D) يوري ألفا,C
321,Anime,Easy,Multiple Choice,في 'تنسورا'، ما اسم تنين العواصف القديم الأسطوري المحبوس في الكهف لـ 300 عام وصادقه ريمورو وابتلعه لمساعدته؟,A) فيلغريند | B) ميليم نافا | C) إفريت | D) فيلدورا تيمبست,D
322,Anime,Easy,Multiple Choice,في تحفة 'كلاناد: أفتر ستوري'، من هي الفتاة الرقيقة محبة 'عائلة الدانغو الكبيرة' التي تتزوج تومويا وتكافح ضد مرضها الوراثي؟,A) ناغيسا فوروكاوا | B) كيو فوجيباياشي | C) تومويو ساكاماغي | D) كوتومي إيتشينوسي,A
323,Anime,Easy,Multiple Choice,في 'فن السيف عبر الإنترنت'، من هي نائبة قائد فرسان فرقة الدم الملقبة بـ 'الوميض' والتي تتزوج كيريتو داخل اللعبة؟,A) سينون | B) أسونا يوكي | C) ليفا | D) ليزبيث,B
324,Anime,Easy,Multiple Choice,في أنمي الملاكمة 'هاجيمي نو إيبو'، أي صبي خجول كان يتعرض للتنمر يكتشف لكماته التدميرية ويبدأ مسيرة احترافية نحو القمة؟,A) مامورو تاكامورا | B) تاكيشي سيندو | C) إيبو ماكونوتشي | D) إيتشيرو مياتا,C
325,Anime,Easy,Multiple Choice,في أنمي 'كونوسوبا'، من هي الفارسة النبيلة الماسوشية في فريق كازوما التي تجد لذتها الكبرى في التعرض لضربات الوحوش العنيفة؟,A) كريس | B) يونيون | C) سينا | D) داركنيس / لالاتينا,D
326,Anime,Easy,Multiple Choice,في 'كاغويا-ساما: الحب حرب'، من هي أمينة سر مجلس الطلبة الوردية المرحة الشهيرة برقصة 'تشيكا دانس' الفيروسية في شارة النهاية؟,A) تشيكا فوجيوارا | B) ميكو إينو | C) آي هاياساكا | D) كي شيروغاني,A
327,Anime,Easy,Multiple Choice,في 'كذبتك في أبريل'، ما هي الصدمة النفسية التي منعت عازف البيانو العبقري كوسي أريما من سماع نغمات عزفه بالبيانو؟,A) إصابة جسدية في أذنه | B) القسوة النفسية الشديدة وموت والدته الصارمة قبل وفاتها بالمرض | C) فقدان تام للسمع | D) حادث سقوط إضاءة المسرح,B
328,Anime,Easy,Multiple Choice,في أنمي 'بلو لوك'، من هو المهاجم صاحب الرؤية المكانية الخارقة في الملعب الذي يسعى لافتراس الخصوم وقيادة هجوم اليابان؟,A) ميغورو باتشيرا | B) سيشيرو ناغي | C) يويتشي إيساغي | D) رينسوكي كونيغامي,C
329,Anime,Easy,Multiple Choice,في أنمي 'ري:زيرو'، من هي المرشحة الملكية نصف الجنية ذات الشعر الفضي التي وقع سوبارو في حبها منذ لحظة وصوله؟,A) فيلت | B) كروش كارستن | C) بريسيلا بارييل | D) إميليا,D
330,Anime,Easy,Multiple Choice,في أنمي 'هايكيو!!'، من هو المعد العبقري في فريق كاراسونو الذي كان يُلقب في المرحلة الإعدادية بـ 'ملك الملعب' لطباعه الاستبدادية؟,A) توبيو كاغياما | B) تورو أويكاوا | C) كينما كوزومي | D) ميا أتسومو,A
331,Anime,Easy,Multiple Choice,في 'فن السيف عبر الإنترنت'، ما اسم القلعة الحديدية الطافية المكونة من 100 طابق مسرح لعبة الموت الأصلية لـ SAO؟,A) العالم السفلي | B) آينكراد | C) ألفهايم | D) غان غيل,B
332,Anime,Easy,Multiple Choice,في 'أوفرلورد'، من هي مصاصة الدماء حارسة الطوابق من الأول للثالث في نازاريك المتخصصة في القتال بالرمح بحالة جنون دموي؟,A) ألبيدو | B) ناربيرال غاما | C) شالتير بلودفالن | D) سوليوشن إبسيلون,C
333,Anime,Easy,Multiple Choice,في 'تنسورا'، ما اسم المهارة الفريدة الحسابية والتحليلية في رأس ريمورو التي ترشده وتقدم له النصائح والحلول؟,A) المفترس | B) الشره | C) ملك الحكمة | D) الحكيم العظيم,D
334,Anime,Easy,Multiple Choice,في أنمي 'سلام دانك'، من هو نجم ثانوية شوهوكو العبقري البارد ومنافس ساكوراغي الذي يرتدي القميص رقم 11؟,A) كايدي روكاوا | B) هيساشي ميتسوي | C) أكيرا سيندو | D) كينجي فوجيما,A
335,Anime,Easy,Multiple Choice,في 'كرة سلة كوروكو'، ماذا يُطلق على خماسي المعجزات العباقرة خريجي مدرسة تيكو المتوسطة الذين هيمنوا على كرة السلة؟,A) خماسي المعجزة | B) جيل المعجزات | C) الملوك غير المتوجين | D) فرقة الشبح,B
336,Anime,Easy,Multiple Choice,في فيلم ماكوتو شينكاي 'اسمك'، ما هو الجرم السماوي الذي ينشطر في سماء بلدة إيتوموري الجبلية ليلة المهرجان؟,A) مستعر أعظم (سوبرنوفا) | B) خسوف قمري | C) مذنب تيامات (Comet Tiamat) | D) كويكب عابر,C
337,Anime,Easy,Multiple Choice,في فيلم 'صوت صامت'، من هو الفتى الذي كان يتنمر على شوكو في طفولته ويسعى في الثانوية للتكفير عن ذنبه وتعلم لغة الإشارة؟,A) توموهيرو ناغاتسوكا | B) ساتوشي ماشيبا | C) كازوكي شيمادا | D) شويا إيشيدا,D
338,Anime,Easy,Multiple Choice,في 'كاغويا-ساما: الحب حرب'، من هو أمين صندوق مجلس الطلبة المنعزل المكتئب محب ألعاب الفيديو الذي يرتدي سماعات الرأس؟,A) يو إيشيغامي | B) تسوباسا تانوما | C) كوباشي أوساراغي | D) كي شيروغاني,A
339,Anime,Easy,Multiple Choice,في 'موشوكو تينسي'، من هو محارب سلالة السوبرد ذو الشعر الأخضر وجوهرة الجبين الحمراء الذي يحمي روديوس وإيريس في رحلتهما؟,A) غيسلين | B) رويجرد سوبرديا | C) غيس | D) تالهاند,B
340,Anime,Easy,Multiple Choice,في 'هاجيمي نو إيبو'، ما اسم حركة اللكم الإيقاعية المتأرجحة على شكل رقم ثمانية بالإنجليزية التي أتقنها إيبو وسحق بها أبطالاً؟,A) لكمة الغزال | B) السماش | C) ديمبسي رول | D) الناب الأبيض,C
341,Anime,Easy,Multiple Choice,في أنمي 'ري:زيرو'، من هو مطران خطيئة الكسل في عبادة الساحرة المهووس بساتيلا ويردد بجنون: 'حقاً، هل أنت مجتهد؟'؟,A) ريغولوس كورنياس | B) لي باتينكايتوس | C) سيريوس | D) بيتلغوس روماني كونتي,D
342,Anime,Easy,Multiple Choice,في 'بلو لوك'، من هو اللاعب الكسول العبقري القادر على ترويض واستقبال أي تمريرة بلمسة سحرية مذهلة ويلعب مع ريو ميكاغي؟,A) سيشيرو ناغي | B) هيوما تشيغيري | C) رين إيتوشي | D) شوي بارو,A
343,Anime,Easy,Multiple Choice,في 'تنسورا'، من هي ملكة الشياطين التنينية ذات الشعر الوردي الملقبة بـ 'المدمرة' وتعتبر ريمورو صديق روحها المفضل؟,A) راميريس | B) ميليم نافا | C) كاريون | D) غاي كريمسون,B
344,Anime,Easy,Typing,ما الاسم المستعار في اللعبة لسياف سورد آرت أونلاين الأسود كازوتو (كيريـ...)?,,كيريتو
345,Anime,Easy,Typing,ما الاسم الأول لبطل أنمي ري:زيرو الذي يرتدي سترة رياضية ويعود بالموت (سو...)?,,سوبارو
346,Anime,Easy,Typing,ما اسم الهلام الأزرق بطل أنمي تنسورا حاكم اتحاد تيمبست المكون من 6 أحرف؟,,ريمورو
347,Anime,Easy,Typing,ما اسم الساحر الهيكلي العظمي حاكم مقبرة نازاريك في أوفرلورد (آيـ...)?,,آينز
348,Anime,Easy,Typing,ما عنوان أنمي كرة الطائرة الشهير لفريق ثانوية كاراسونو (هايـ...)?,,هايكيو
349,Anime,Easy,Typing,ما اسم عائلة لاعب السلة المتمرد ذو الشعر الأحمر هاناميتشي في سلام دانك؟,,ساكوراغي
350,Anime,Easy,Typing,ما الكلمة المكونة من 4 أحرف التي تكمل عنوان فيلم ماكوتو شينكاي الرومانسي: 'ما هو ...'؟,,اسمك
351,Anime,Medium,Multiple Choice,في 'سورد آرت أونلاين'، ما هي المهارة السرية النادرة التي فتحها كيريتو واستخدم بها نصلين سيفين معاً كإلوسيديتور ودارك ريبولسر؟,A) سيل النجوم | B) الكسوف | C) النصال المزدوجة / السيف المزدوج | D) الضربة الخارقة,C
352,Anime,Medium,Multiple Choice,في 'ري:زيرو'، ما هو الوحش السحري الطائر الشبيه بالحوت في الضباب الذي روع المسافرين لقرون حتى هزمه التحالف؟,A) الأرنب العظيم | B) الثعبان الأسود | C) المانتيكور القرمزي | D) الحوت الأبيض,D
353,Anime,Medium,Multiple Choice,في أنمي 'تنسورا'، ما هو الاسم البشري الحقيقي لريمورو عندما كان موظفاً في طوكيو قبل أن يُطعن في الشارع؟,A) ساتورو ميكامي | B) شينجي إيكاري | C) كازوما ساتو | D) سوبارو ناتسوكي,A
354,Anime,Medium,Multiple Choice,في أنمي 'أوفرلورد'، ما اسم لعبة الواقع الافتراضي الصارمة متعددة اللاعبين من عام 2138 التي أُغلقت خوادمها وانتقل آينز لعالمها؟,A) ألفهايم أونلاين | B) إغدراسيل | C) غان غيل أونلاين | D) ذا وورلد,B
355,Anime,Medium,Multiple Choice,في أنمي 'هايكيو!!'، ما هو الحيوان التميمة الرمزي لثانوية نيكوما منافسة كاراسونو الشهيرة بدفاعها المرن وتلقي الكرات؟,A) الغربان | B) البوم | C) القطط | D) الثعالب,C
356,Anime,Medium,Multiple Choice,في 'كاغويا-ساما: الحب حرب'، من هي مساعدة كاغويا الشخصية المخلصة وخادمتها منذ الصغر التي تتنكر بعدة شخصيات في المدرسة؟,A) ناغيسا كاشيواغي | B) تسوبامي كوياسو | C) ماكي شيجو | D) آي هاياساكا,D
357,Anime,Medium,Multiple Choice,في أنمي 'بلو لوك'، ما اسم المهاجم العبقري البارد شقيق لاعب ريال مدريد ساي إيتوشي ومنافس إيساغي الأبرز في المشروع؟,A) رين إيتوشي | B) ميغورو باتشيرا | C) يويتشي إيساغي | D) ريوسي شيدو,A
358,Anime,Medium,Multiple Choice,في 'موشوكو تينسي'، من هي معلمة السحر المائية ذات الشعر الأزرق التي دربت روديوس وأهدته عصاه السحرية الأولى ويعتبرها إلهته؟,A) سيلفيت | B) روكسي ميغورديا | C) إيريس غريرات | D) غيسلين,B
359,Anime,Medium,Multiple Choice,في 'سلام دانك'، أي مسدد ثلاثيات موهوب في فريق شوهوكو بكى أمام المدرب أنزاي وقال عبارته الشهيرة: 'مدربي، أريد أن ألعب كرة السلة'؟,A) ريوتا مياغي | B) تاكينوري أكاغي | C) هيساشي ميتسوي | D) كيمينوبو كوغوري,C
360,Anime,Medium,Multiple Choice,في 'كرة سلة كوروكو'، أي قائد لجيل المعجزات يمتلك 'عين الإمبراطور' ومقولته الشهيرة: 'أنا مطلق، أوامري لا تُرد'؟,A) دايكي آوميني | B) شينتارو ميدوريما | C) أت sushi موراساكيبارا | D) سيجورو أكاشي,D
361,Anime,Medium,Multiple Choice,في 'سورد آرت أونلاين: أليسيزيشن'، ما اسم عالم الذكاء الاصطناعي الافتراضي المحاكى المصنوع من مشروع راث العسكري؟,A) العالم السفلي / أندر وورلد | B) آينكراد | C) ألفهايم | D) غان غيل,A
362,Anime,Medium,Multiple Choice,في أنمي 'ري:زيرو'، ما اسم ساحرة الحسد الرهيبة التي منحت سوبارو العودة بالموت وتنبعث رائحتها منه عند موته؟,A) إيكيدنا | B) ساتيلا | C) مينيرفا | D) كارميلا,B
363,Anime,Medium,Multiple Choice,في 'تنسورا'، ماذا يحدث للوحش أو الكائن غير المسمى عندما يمنحه سيد قوي أو تنين اسماً خاصاً به؟,A) يموت الوحش فوراً | B) يفقد السيد كل قواه | C) يتطور الوحش إلى هيئة أرقى وأكثر بشرية ويكتسب طاقة سحرية هائلة | D) يُقيد بلعنة عبودية,C
364,Anime,Medium,Multiple Choice,في 'أوفرلورد'، ما هو المستوى السحري الأقصى المتاح فقط للاعبي المستوى 100 مثل تعويذة 'سقوط السماء' و'شو نبيغوراث'؟,A) سحر المستوى العاشر | B) السحر الكوني | C) السحر البدائي | D) السحر فائق المستوى / الرتبة الفائقة,D
365,Anime,Medium,Multiple Choice,في أنمي 'هايكيو!!'، من هو المعد البارع وقائد ثانوية أوبا جوساي الوسيم الذي لقبه هيناتا بـ 'الملك العظيم'؟,A) تورو أويكاوا | B) كوتارو بوكوتو | C) تيتسورو كورو | D) ميا أتسومو,A
366,Anime,Medium,Multiple Choice,في 'كذبتك في أبريل'، ما هي الحقيقة المفجعة التي كشفتها كاوري ميازونو في رسالتها الوداعية لكوسي بعد وفاتها؟,A) أنها كانت ستسافر لباريس | B) أنها كانت مريضة بمرض عضال مميت، وأن إعجابها بواتاري كان مجرد كذبة لتقترب من كوسي وتساعده | C) أنها تركت عزف الكمان | D) أنها لم تحب الموسيقى أبداً,B
367,Anime,Medium,Multiple Choice,في أنمي 'بلو لوك'، ما هو اللقب والصفة السرعية الفائقة التي تميز المهاجم السريع هيوما تشيغيري في الملعب؟,A) الوحش | B) الملك | C) النمر الأحمر | D) الحرباء,C
368,Anime,Medium,Multiple Choice,في 'موشوكو تينسي'، ما هي الكارثة السحرية العظمى التي هجرت ونقلت جميع سكان إقليم فيتوا فجأة عبر أرجاء القارة؟,A) حرب التنين | B) ولادة لابلاس | C) السقوط الإلهي | D) كارثة المانا الكبرى / حادثة تهجير فيتوا,D
369,Anime,Medium,Multiple Choice,في 'كرة سلة كوروكو'، من هو هداف أكاديمية توو الفردي المرعب صاحب مقولة 'الوحيد القادر على هزيمتي هو أنا'؟,A) دايكي آوميني | B) شينتارو ميدوريما | C) ريوتا كيسي | D) سيجورو أكاشي,A
370,Anime,Medium,Multiple Choice,في 'هاجيمي نو إيبو'، من هو بطل العالم للوزن المتوسط غير المهزوم من نادي كاموغاوا ذو القوة الوحشية الكاسحة؟,A) تاكيشي سيندو | B) مامورو تاكامورا | C) ريو ماشيبا | D) إيجي داتي,B
371,Anime,Medium,Multiple Choice,في فيلم ماكوتو شينكاي 'أغير الطقس معك' (Weathering With You)، ما هي القدرة المعجزة التي تمتلكها هينا أمانو عند الدعاء؟,A) الطيران في الهواء | B) إيقاف الأعاصير | C) فتاة شمس 100% تجلي الغيوم الماطرة وتجلب أشعة الشمس عند الدعاء | D) صنع الثلوج,C
372,Anime,Medium,Multiple Choice,في 'فن السيف عبر الإنترنت'، من هو مبتكر لعبة SAO ومصمم خوذة النيرف غير وقائد فرقة فرسان الدم (هيثكليف)؟,A) نوبويوكي سوغو | B) سيجيرو كيكوكا | C) غابرييل ميلر | D) أكيهيكو كايابا,D
373,Anime,Medium,Multiple Choice,في الموسم الثاني من 'ري:زيرو'، من هي ساحرة الجشع والمعرفة النهمة التي تدعو سوبارو لحفلات الشاي في قلعة أحلامها؟,A) إيكيدنا | B) سيخمت | C) تايفون | D) دافني,A
374,Anime,Medium,Multiple Choice,في 'هايكيو!!'، ما هو الطائر الجارح الرمزي لثانوية شيراتوريزاوا القوية بقيادة الهداف الضارب واكاتوشي أوشيجيما؟,A) الغراب | B) النسر الأبيض / الصقر | C) الأفعى | D) القطة,B
375,Anime,Medium,Multiple Choice,في 'بلو لوك'، ما هو الكيان الداخلي الغريب الذي يصفه ميغورو باتشيرا بأنه يرشده في مراوغاته وتمريراته الاستعراضية؟,A) روح الهداف | B) الوحش البري | C) 'الوحش' القابع بداخله | D) الظل الخفي,C
376,Anime,Medium,Typing,ما اسم المبارزة زوجة كيريتو في سورد آرت أونلاين المكون من 5 أحرف (أسـ...)?,,أسونا
377,Anime,Medium,Typing,ما اسم نصف الجنية ذات الشعر الفضي التي يحبها سوبارو في ري:زيرو (إميـ...)?,,إميليا
378,Anime,Medium,Typing,ما اسم سحر ميغومين التدميري الوحيد في كونوسوبا المكون من 7 أحرف؟,,انفجار
379,Anime,Medium,Typing,ما اسم بطل أنمي بلو لوك صاحب الرؤية المكانية الخارقة في الملعب (إيسا...)?,,إيساغي
380,Anime,Medium,Typing,ما اسم عائلة مخرج فيلم اسمك وأغير الطقس معك وسوزومي (شينـ...)?,,شينكاي
381,Anime,Hard,Multiple Choice,في 'سورد آرت أونلاين'، في أي طابق محدد من طوابق آينكراد كشف كيريتو حقيقة القائد هيثكليف بأنه كايابا في مبارزة حاسمة؟,A) الطابق 50 | B) الطابق 100 | C) الطابق 82 | D) الطابق 75,D
382,Anime,Hard,Multiple Choice,في 'ري:زيرو'، ما هي الطبيعة الأصلية الحقيقية لـ 'السلطات' (Authorities) التي يمارسها مطارنة خطايا عبادة الساحرة؟,A) التجسيدات المادية لشظايا عوامل الساحرة الممتصة في أرواح غير متوافقة | B) دماء التنين الملعونة | C) بركات إلهية من أود لاغونا | D) أرواح العناصر الجنية,A
383,Anime,Hard,Multiple Choice,في 'تنسورا'، ما هو التطور الأقصى للمهارة الفريدة 'الحكيم العظيم' عند ارتقاء ريمورو لمرتبة ملك شياطين حقيقي؟,A) بعلزبول | B) رافائيل / ملك الحكمة | C) أوريل | D) ميخائيل,B
384,Anime,Hard,Multiple Choice,في 'أوفرلورد'، من هو العضو الأعلى من الـ 41 في النقابة الذي صمم حارسة الطوابق ألبيدو وكتب في برمجتها أنها عاشقة لمومونغا؟,A) تاتش مي | B) ألبيرت ألاين أودل | C) تابولا سماراغدينا | D) بيرورونتشينو,C
385,Anime,Hard,Multiple Choice,في 'موشوكو تينسي'، من هو الكيان الإلهي الشيطاني ذو الوجه الأبيض الأملس الذي يظهر في أحلام روديوس للتلاعب بالأحداث؟,A) إله التنانين أورستد | B) لابلاس | C) بيروجيوس | D) هيتوغامي / إله البشر,D
386,Anime,Hard,Multiple Choice,في أنمي 'هايكيو!!'، ما اسم الهجوم السريع الخاطف الذي يبتكره هيناتا وكاغياما حيث يغمض هيناتا عينيه ليضع كاغياما الكرة في كفه؟,A) السريع العبقري الميكروي | B) الرعد المتدحرج | C) الهجوم المتزامن | D) ضربة الأنبوب الخلفية,A
387,Anime,Hard,Multiple Choice,في 'كرة سلة كوروكو'، ما هي حالة التركيز والأداء البدني والذهني الأقصى المطلق التي يدخلها العباقرة المحبون للعبة بعمق؟,A) منطقة القيادة المباشرة | B) الزون / المنطقة | C) حالة التدفق | D) عين النسر,B
388,Anime,Hard,Multiple Choice,في 'بلو لوك'، ما اسم المدرب ذو النظارات غريب الأطوار الذي دشن مشروع بلو لوك للقضاء على العقلية الجماعية العقيمة؟,A) كينيو يوكيميا | B) مارك سنوكي | C) إيغو جينباتشي | D) نويل نوا,C
389,Anime,Hard,Multiple Choice,في 'كذبتك في أبريل'، ما هي المقطوعة الموسيقية الشهيرة لبيتهوفن التي عزفها كوسي أريما في مسابقة مايهو معبراً عن تحرره؟,A) من أجل إليز | B) ضوء القمر | C) سوناتا فالدشتاين | D) سوناتا البيانو رقم 14 في سلم دو دييز الصغير,D
390,Anime,Hard,Multiple Choice,في 'كلاناد: أفتر ستوري'، ما هي الظاهرة الغيبية التي حققت أمنية تومويا المعجزة وأعادت الزمن لإنقاذ ناغيسا وابنتهما أوشيو؟,A) كرات النور السحرية الناتجة عن الأعمال المخلصة لإسعاد الآخرين | B) ضريح شنتو قديم | C) آلة زمن سرية | D) دواء مستشفى تجريبي,A
391,Anime,Hard,Multiple Choice,في 'سورد آرت أونلاين: أليسيزيشن'، ما هو الاسم العسكري السري للمشروع الساعي لصنع ذكاء اصطناعي واعي من القاع للقمة للأسلحة؟,A) مشروع البذرة | B) مشروع أليسيزيشن | C) مشروع العالم السفلي | D) مشروع فلوكتلايت,B
392,Anime,Hard,Multiple Choice,في 'ري:زيرو'، من هو قديس السيف الأسطوري الأول في التاريخ وحامل سيف التنين ريد وسلف رينهارد فان أستريا؟,A) تيريزيا فان أستريا | B) هاينكل فان أستريا | C) ريد فان أستريا | D) ويلهلم فان أستريا,C
393,Anime,Hard,Multiple Choice,في 'أوفرلورد'، ما هو البند السحري بمستوى العالم الذي استخدمته ثيوقراطية سلين لغسل دماغ شالتير بلودفالن في الموسم الأول؟,A) الحجر الحراري | B) الجشع والكرم | C) عين غيغاكس | D) سقوط القلعة والبلاد,D
394,Anime,Hard,Multiple Choice,في 'كاغويا-ساما: الحب حرب'، ما اسم الأكاديمية النخبوية العريقة في طوكيو المخصصة لأبناء كبار الأثرياء والنخب الحاكمة؟,A) أكاديمية شوتشين | B) أكاديمية أوتشي | C) أكاديمية هياكاو | D) ثانوية هاناميياما,A
395,Anime,Hard,Multiple Choice,في 'موشوكو تينسي'، ما هي الموهبة السحرية النادرة التي تمكن روديوس من إطلاق أقوى التعاويذ السحرية فوراً دون ترديد ترانيم صوتية؟,A) دماء التنين النارية | B) الإلقاء الصامت للتعاويذ | C) العين الإلهية | D) التشبع السحري,B
396,Anime,Hard,Multiple Choice,في 'هاجيمي نو إيبو'، ما هي اللكمة المضادة المدمرة لإيتشيرو مياتا التي تستغل قوة اندفاع الخصم لمضاعفة قوة الضربة عشرات المرات؟,A) ديمبسي رول | B) الناب الأبيض | C) ضربة الجولت المضادة | D) طلقة كسر القلب,C
397,Anime,Hard,Multiple Choice,في 'تنسورا'، من هي التنين الحقيقي والأخت الكبرى لفيلدورا التي تعمل كمارشال وقائدة لجيوش إمبراطورية الشرق؟,A) فيلزارد | B) تيامات | C) لوسيا | D) فيلغريند تنين الحرق,D
398,Anime,Hard,Typing,ما اسم مبتكر لعبة السيف SAO الذي اختبأ تحت شخصية القائد هيثكليف (كايـ...)?,,كايابا
399,Anime,Hard,Typing,ما اسم ساحرة الحسد في أنمي ري:زيرو التي تحيط هالتها بسوبارو (ساتيـ...)?,,ساتيلا
400,Anime,Hard,Typing,ما اسم الأكاديمية النخبوية مسرح أحداث أنمي كاغويا-ساما الحب حرب (شوتشـ...)?,,شوتشين
401,Anime,Easy,Multiple Choice,من هو الكاتب والرسام الياباني الملقب بـ 'إله المانغا' و'أب الأنمي' لمبتكراته الرائدة مثل 'الفتى أسترو' و'بلاك جاك'؟,A) أوسامو تيزوكا | B) أكيرا تورياما | C) إييتشيرو أودا | D) هاياو ميازاكي,A
402,Anime,Easy,Multiple Choice,أي أستوديو رسوم متحركة ياباني اشتهر بإنتاج أنمي 'قاتل الشياطين' وثلاثية أفلام 'فايت/ستاي نايت' بمؤثرات بصرية حاسوبية فائقة؟,A) مابا (MAPPA) | B) يوفوتيبل (Ufotable) | C) كلوفر وركس | D) توي أنيميشن,B
403,Anime,Easy,Multiple Choice,ما هو الأستوديو الذي أسسه ماساو ماروياما وأنتج 'جوجيتسو كايسن' و'رجل المنشار' والموسم الأخير من 'هجوم العمالقة'؟,A) بونز | B) ويت أستوديو | C) مابا | D) بيرو,C
404,Anime,Easy,Multiple Choice,أي أستوديو ياباني محبوب أنتج روائع مثل 'فايوليت إيفرغاردن' و'صوت صامت' و'هيوكا' و'كي-أون'؟,A) مادهاوس | B) تريغر | C) شافت | D) كيوتو أنيميشن / كيوآني,D
405,Anime,Easy,Multiple Choice,من هو المخرج الياباني العبقري الراحل الذي أخرج روائع السينما النفسية 'بيرفكت بلو' و'بابريكا' و'ممثلة الألفية'؟,A) ساتوشي كون | B) مامورو هوسودا | C) ماكوتو شينكاي | D) إيساو تاكاهاتا,A
406,Anime,Easy,Multiple Choice,من هو الملحن والموسيقار الياباني الذي وضع الألحان الأوركسترالية الخالدة لأغلب أفلام هاياو ميازاكي في أستوديو غيبلي؟,A) هيرويوكي ساوانو | B) جو هيسايشي | C) يوكو كانو | D) يوكي كاجيورا,B
407,Anime,Easy,Multiple Choice,من هي مؤدية الصوت اليابانية (السييو) المخضرمة التي أدت صوت سون غوكو وغوهان وغوتين في 'دراغون بول' لقرابة أربعة عقود؟,A) ميغومي أوغاتا | B) مايومي تاناكا | C) ماساكو نوزاوا | D) رومي بارك,C
408,Anime,Easy,Multiple Choice,ما هو النمط الشخصي في الأنمي الذي يصف شخصية تبدو عدائية وقاسية وجافة في البداية، لكنها تظهر جانباً دافئاً ومحباً بالتدريج؟,A) يانديري | B) كوديري | C) دانديري | D) تسونديري,D
409,Anime,Easy,Multiple Choice,أي أستوديو أنمي ياباني أنتج روائع مثل 'الخيميائي الفولاذي: الأخوة' و'أكاديمية بطلي' و'موب سايكو 100'؟,A) أستوديو بونز | B) مادهاوس | C) ويت أستوديو | D) أيه-1 بيكتشرز,A
410,Anime,Easy,Multiple Choice,من هو مؤدي الصوت الشهير بنبرته الجهورية الحادة الذي أدى صوت ديو براندو في 'جوجو' وزيك ييغر في 'هجوم العمالقة' وروزوال في 'ري:زيرو'؟,A) كينجيرو تسودا | B) تاكيهيتو كوياسو | C) هيروشي كاميا | D) دايسكي أونو,B
411,Anime,Easy,Multiple Choice,أي أستوديو أنمي أسسه رسامون سابقون من غايناكس وأنتج أعمالاً حركية متمردة مثل 'كيل لا كيل' و'سايبربانك: إيدجرانرز'؟,A) مابا | B) كلوفر وركس | C) أستوديو تريغر | D) برودكشن آي جي,C
412,Anime,Easy,Multiple Choice,في صناعة الأنمي، إلى ماذا يشير الاختصار 'OVA' في تصنيف العروض والإصدارات؟,A) عمل فني بصري أصلي | B) اقتباس فيديو رسمي | C) أنمي شبكي رقمي | D) أنمي مخصص لوسائط الفيديو المنزلية,D
413,Anime,Easy,Multiple Choice,من هو الملحن والموزع الموسيقي الياباني الشهير بموسيقاه الملحمية والتصاعد الأوركسترالي الإلكتروني في 'هجوم العمالقة' و'كيل لا كيل'؟,A) هيرويوكي ساوانو | B) كينجي كاواي | C) شيرو ساغيسو | D) تاتسويا كاتو,A
414,Anime,Easy,Multiple Choice,ما هو الأستوديو العريق الذي أنتج المواسم الثلاثة الأولى من 'هجوم العمالقة' قبل انتقالها لمابا، وأنتج لاحقاً 'سباي x فاميلي'؟,A) بونز | B) ويت أستوديو | C) مادهاوس | D) بيرو,B
415,Anime,Easy,Multiple Choice,من هو مخرج الأنمي الشهير الذي أخرج أفلام الخيال العلمي والعاطفة 'الفتاة التي قفزت عبر الزمن' و'حروب الصيف' و'أطفال الذئب'؟,A) ماكوتو شينكاي | B) ساتوشي كون | C) مامورو هوسودا | D) هيدياكي أنو,C
416,Anime,Easy,Multiple Choice,ما هو النمط الشخصي في الأنمي الذي يصف فتاة تظهر لطيفة ومحبة ظاهرياً ولكنها تتحول لهوس مرضي عنيف وقاتل لحماية حبها؟,A) تسونديري | B) دانديري | C) ديريديري | D) يانديري,D
417,Anime,Easy,Multiple Choice,من هو مؤدي الصوت الياباني ذو الصوت الأجش الكاريزمي الذي أدى صوت كينتو نانامي في 'جوجيتسو كايسن' وكيبا في 'يوغي يوه' وكيشيبي؟,A) كينجيرو تسودا | B) جونيتشي سوابي | C) تاكاهيرو ساكوراي | D) توموكازو سوغيتا,A
418,Anime,Easy,Multiple Choice,في جدول البث التلفزيوني للأنمي في اليابان، ما هو المصطلح الياباني الدال على دورة بث فصلية لمدة 3 أشهر (من 11 إلى 13 حلقة)؟,A) آرك | B) كور (Cour) | C) ملحمة (ساغا) | D) سيزونيت,B
419,Anime,Easy,Multiple Choice,أي أستوديو عملاق كان مسؤولاً عن العصر الذهبي لأنميات مثل 'مذكرة الموت' و'هنتر x هنتر 2011' و'ون بنش مان 1' و'فريرين'؟,A) أستوديو بيرو | B) توي أنيميشن | C) مادهاوس | D) جاي سي ستاف,C
420,Anime,Easy,Multiple Choice,ما هو المصطلح الياباني المتخصص الذي يطلقه عشاق الأنمي على لقطات ومشاهد الرسم المفتاحي الحركية فائقة السلاسة والإتقان والإبهار؟,A) دوغا | B) غينغا | C) مانغا | D) ساكوغا,D
421,Anime,Easy,Multiple Choice,من هو المخرج الياباني المبدع الذي أخرج أنمي الفضاء والجاز 'كاوبوي بيبوب' وأنمي الساموراي والهيب هوب 'ساموراي تشامبلو'؟,A) شينيتشيرو وتانابي | B) تنساي أوكامورا | C) ماساكي يواسا | D) سوناو كاتابوتشي,A
422,Anime,Easy,Multiple Choice,من هو مؤدي الصوت الشهير الذي أدى دور لايت ياغامي في 'مذكرة الموت' ورينتارو أوكابي في 'شتاينز؛غيت' ودازاي في 'بونغو'؟,A) يوكي كاجي | B) مامورو ميانو | C) ناتسوكي هاناي | D) يوشيتسوغو ماتسوكا,B
423,Anime,Easy,Multiple Choice,أي أستوديو أنمي ياباني اشتهر بأسلوب الإخراج الفني الطليعي وحركات 'إمالة الرأس' الشهيرة بإشراف أكيوكي شينبو في 'مادوكا ماجيكا' ومونوغاتاري؟,A) دوغا كوبو | B) بي إيه وركس | C) أستوديو شافت | D) سيلفر لينك,C
424,Anime,Easy,Multiple Choice,في تصنيف إصدارات الأنمي، إلى ماذا يشير الاختصار 'ONA' للأنميات التي تُعرض مباشرة على منصات الإنترنت الرقمية كـ نتفليكس ويوتيوب؟,A) رسوم شبكية رسمية | B) أنمي شبكة متصلة | C) أنمي رواية أصلي | D) أنمي إنترنت أصلي,D
425,Anime,Easy,Multiple Choice,من هو مؤدي الصوت الياباني المحبوب الذي أدى صوت إيرين ييغر في 'هجوم العمالقة' وشوتو تودوروكي في 'أكاديمية بطلي' وميليوداس؟,A) يوكي كاجي | B) دايكي ياماشيتا | C) نوبوهيكو أوكاموتو | D) كينشو أونو,A
426,Anime,Easy,Multiple Choice,من هي مؤدية الصوت اليابانية الشهيرة التي أدت صوت الساحرة ميغومين في 'كونوسوبا' وصوت إميليا في 'ري:زيرو'؟,A) إينوري ميناسي | B) ري تاكاهاشي | C) ساوري هايامي | D) كانا هانازاوا,B
427,Anime,Easy,Multiple Choice,من هو المخرج الطليعي العبقري صاحب الأسلوب الحركي الفوضوي البديع في 'تاتامي غالاكسي' و'ديفيلمان كرايبابي' و'إيزوكين'؟,A) كونيهيكو إيكوهارا | B) هيرويوكي إيمايشي | C) ماساكي يواسا | D) كينجي ناكامورا,C
428,Anime,Easy,Multiple Choice,ما هو الأستوديو التاريخي العريق صاحب الامتيازات الطويلة الذي أنتج 'دراغون بول زد' الأصلي و'ون بيس' و'سيلور مون'؟,A) بيرو | B) نيبون أنيميشن | C) تي إم إس إنترتينمنت | D) توي أنيميشن,D
429,Anime,Easy,Multiple Choice,من هي مؤدية الصوت ذات النبرة الحريرية العذبة التي أدت صوت شينوبو في 'قاتل الشياطين' ويور فورجر في 'سباي x فاميلي' ويوكينو؟,A) ساوري هايامي | B) آي كايانو | C) سورا أمامييا | D) أوي يوكي,A
430,Anime,Easy,Multiple Choice,ما هو الأنمي التلفزيوني التاريخي الرائد بالأبيض والأسود لعام 1963 لأوسامو تيزوكا الذي أسس معيار حلقات الـ 30 دقيقة وصناعة الأنمي؟,A) سبيد ريسر | B) الفتى أسترو | C) غيغانتور | D) دورورو,B
431,Anime,Easy,Multiple Choice,من هي مؤدية الصوت اليابانية المبدعة التي أدت صوت إدوارد إلريك في 'الخيميائي الفولاذي' وهانجي زوي في 'هجوم العمالقة'؟,A) ميغومي أوغاتا | B) جونكو تاكيوتشي | C) رومي بارك | D) مايومي تاناكا,C
432,Anime,Easy,Multiple Choice,في مراحل إنتاج الأنمي، ماذا تُسمى المخططات والرسومات التخطيطية الكاملة التي تحدد زوايا الكاميرا وتوقيت المشهد والحوارات؟,A) الإطارات المفتاحية | B) لفائف النص | C) لوحات السيل الشفافة | D) لوحة القصة / الستوريبورد,D
433,Anime,Easy,Multiple Choice,أي أستوديو تابع لشركة أنيبلكس أنتج أعمالاً ناجحة مثل 'بوتشي ذا روك!' و'دميتي الفاتنة' وشارك في إنتاج 'سباي x فاميلي'؟,A) كلوفر وركس | B) ويت أستوديو | C) مابا | D) أيه-1 بيكتشرز,A
434,Anime,Easy,Multiple Choice,من هو مؤدي الصوت الغزير الذي أدى دور كيريتو في 'سورد آرت أونلاين' وإينوسكي في 'قاتل الشياطين' وسوما في 'صراع الطبخ'؟,A) نوبوناغا شيمازاكي | B) يوشيتسوغو ماتسوكا | C) كايتو إيشيكاوا | D) سوما سايتو,B
435,Anime,Easy,Multiple Choice,من هي الملحنة ومؤلفة الموسيقى اليابانية المعروفة بألحانها الكورالية القوطية الملحمية والمؤثرة في 'مادوكا ماجيكا' و'فايت/زيرو'؟,A) يوكو كانو | B) هيرويوكي ساوانو | C) يوكي كاجيورا | D) شيرو ساغيسو,C
436,Anime,Easy,Multiple Choice,في ثقافة عشاق الأنمي، ما هو المصطلح الياباني المشتق من اللطف والرقة للدلالة على التعلق العاطفي الجارف بشخصية أنمي خيالية؟,A) سينباي | B) أوتاكو | C) ناكاما | D) موي,D
437,Anime,Easy,Multiple Choice,من هو المخرج الحركي المتميز الذي أخرج 'غورين لاغان' ثم شارك في تأسيس أستوديو تريغر ليخرج 'كيل لا كيل' وفيلم 'برومير'؟,A) هيرويوكي إيمايشي | B) يوتاكا أويمورا | C) يوه يوشيناري | D) أكيرا أميميا,A
438,Anime,Easy,Multiple Choice,من هي مؤدية الصوت الأيقونية التي أدت صوت البطلة الخالدة سيلور مون (أوساغي تسوكينو) وميساتو كاتسوراغي في 'إيفانجيليون'؟,A) ميغومي هاياشيبارا | B) كوتونو ميتسويشي | C) أيا هيساكاوا | D) كيكوكو إينوي,B
439,Anime,Easy,Multiple Choice,ما هو أستوديو الأنمي الشهير ذو شعار المهرج ومقره ميتاكا بطوكيو، المنتج لأنميات 'ناروتو' و'بليتش' و'طوكيو غول' و'يو يو هاكوشو'؟,A) أستوديو بونز | B) أستوديو دين | C) أستوديو بيرو | D) نيبون أنيميشن,C
440,Anime,Easy,Multiple Choice,في مصطلحات إنتاج الأنمي، ماذا تعني الحلقة 'الفيلر' (Filler)؟,A) حلقة أوفا بميزانية ضخمة | B) حلقة ملخص موسيقي | C) حلقة كتبها الجمهور | D) حلقة أصلية من إنتاج الأستوديو غير مقتبسة من المانغا لمنع الأنمي من اللحاق بأحداث المانغا,D
441,Anime,Easy,Multiple Choice,من هي ملكة مؤديات الصوت المخضرمة التي أدت صوت فاي فالنتاين في 'كاوبوي بيبوب' وري أيانامي في 'إيفانجيليون' ورانما الفتاة؟,A) ميغومي هاياشيبارا | B) كيكوكو إينوي | C) يوكو ميامورا | D) مينامي تاكاياما,A
442,Anime,Easy,Multiple Choice,من هو مؤدي الصوت الرائع صاحب الصوت الصارم الهادئ الذي أدى دور القائد ليفاي في 'هجوم العمالقة' وترافالغار لاو في 'ون بيس'؟,A) دايسكي أونو | B) هيروشي كاميا | C) جون فوكوياما | D) توموكازو سوغيتا,B
443,Anime,Easy,Multiple Choice,في فيلم الرعب النفسي 'بيرفكت بلو' (1997) لساتوشي كون، ما هي مهنة البطلة الشابة ميما كيريغوي التي يلاحقها مطارد مهووس؟,A) رسامة أنمي | B) مؤلفة مانغا | C) مغنية آيدول بوب تحاول التحول إلى مجال التمثيل الدرامي الجاد | D) ضابطة شرطة,C
444,Anime,Easy,Typing,ما اسم عائلة مؤلف المانغا الأسطوري الملقب بإله المانغا مبتكر الفتى أسترو (تيزو...)?,,تيزوكا
445,Anime,Easy,Typing,ما اسم الأستوديو الشهير المكون من 8 أحرف بالإنجليزية الذي أنتج قاتل الشياطين (يوفو...)?,,يوفوتيبل
446,Anime,Easy,Typing,ما اسم الأستوديو المكون من 4 أحرف الذي أنتج جوجيتسو كايسن ورجل المنشار وهجوم العمالقة الأخير؟,,مابا
447,Anime,Easy,Typing,ما اسم نمط شخصية الأنمي العدائية ظاهرياً والمحبة داخلياً المكون من 8 أحرف (تسونـ...)?,,تسونديري
448,Anime,Easy,Typing,ما هو المصطلح الياباني المكون من 6 أحرف الدال على مقاطع الرسم الحركي الفائق الإبهار (ساكو...)?,,ساكوغا
449,Anime,Easy,Typing,ما اسم عائلة ملحن أفلام أستوديو غيبلي الأسطوري مثل المخطوفة وجاري توتورو (هيسا...)?,,هيسايشي
450,Anime,Easy,Typing,ما اسم عائلة المخرج العبقري الراحل مخرج بيرفكت بلو وبابريكا ساتوشي (كـ...)?,,كون
451,Anime,Medium,Multiple Choice,في فيلم الخيال العلمي 'بابريكا' (2006) لساتوشي كون، ما اسم الجهاز العلاجي العصبي الذي يسمح للأطباء النفسيين بالدخول وتسجيل أحلام المرضى؟,A) دريم سينك | B) نيورو لينك | C) سومنو باد | D) جهاز دي سي ميني,D
452,Anime,Medium,Multiple Choice,ما هو فيلم الخيال العلمي الهوليودي الشهير للمخرج كريستوفر نولان الذي اعترف نقاد كثر باقتباسه أفكاراً وتتابعات بصرية من فيلم 'بابريكا'؟,A) بداية / إنسبشن (Inception) | B) بين النجوم (Interstellar) | C) ذا ماتريكس | D) تينيت,A
453,Anime,Medium,Multiple Choice,ما هي المأساة التاريخية المفجعة التي حلت بالمبنى رقم 1 لأستوديو كيوتو أنيميشن في 18 يوليو 2019 وأودت بحياة 36 موظفاً مبدعاً؟,A) زلزال مدمر | B) هجوم حريق متعمد مأساوي وحشي | C) فيضان إعصاري جارف | D) انفجار أجهزة كهربائية,B
454,Anime,Medium,Multiple Choice,في صناعة الأنمي اليابانية، ما هو المصطلح الرسمي الياباني الدال على مؤدي ومؤديات الأصوات الاحترافيين؟,A) مانغاكا | B) ساكوغاكا | C) سييو | D) غينساكوشا,C
455,Anime,Medium,Multiple Choice,من هو مؤدي الصوت الكوميدي والدرامي المتميز الذي أدى دور غينتوكي ساكاتا في 'غينتاما' والشاب الساخر كيون في 'هاروهي سوزوميا'؟,A) دايسكي أونو | B) جون فوكوياما | C) كينيتشي سوزومورا | D) توموكازو سوغيتا,D
456,Anime,Medium,Multiple Choice,ما هو فيلم ما بعد الكارثة لعام 1984 من إخراج هاياو ميازاكي الذي أدى نجاحه الباهر إلى التأسيس الرسمي لأستوديو غيبلي؟,A) ناوسيكا أميرة وادي الرياح (Nausicaa) | B) قلعة في السماء | C) فتى المستقبل كونان (عدنان ولينا) | D) قلعة كابليوسترو,A
457,Anime,Medium,Multiple Choice,أي أستوديو أنمي أنتج مسلسل كرة السلة الأسطوري 'سلام دانك' في التسعينيات وأنتج لاحقاً الفيلم الثلاثي الأبعاد 'ذا فيرست سلام دانك' (2022)؟,A) نيبون أنيميشن | B) توي أنيميشن | C) بيرو | D) مادهاوس,B
458,Anime,Medium,Multiple Choice,من هو مؤدي الصوت المبدع الذي أدى صوت البطل الدرامي لولوش في بريطانيا في 'كود غياس' وصوت المعلم كورو سينسي في 'فصل الاغتيال'؟,A) تاكاهيرو ساكوراي | B) مامورو ميانو | C) جون فوكوياما | D) هيروشي كاميا,C
459,Anime,Medium,Multiple Choice,في اقتصاديات صناعة الأنمي، ما هي 'لجنة الإنتاج' (Seisaku Iinkai)؟,A) نقابة عمالية للرسامين | B) جهاز الرقابة الحكومي | C) مستثمرو المنصات الأجنبية | D) تحالف استثماري مشترك يضم دور النشر وشركات الموسيقى والتلفزيون لتمويل الأنمي وتقاسم الأرباح والمخاطر,D
460,Anime,Medium,Multiple Choice,من هو الرسام والمخرج المبتكر لتكنيك 'سيرك إيتانو'، وهو مشهد بصري حركي أيقوني لعشرات الصواريخ المتلوية بانسيابية مذهلة في السماء؟,A) إيتشيرو إيتانو | B) يوشينوري كانادا | C) يوتاكا ناكامورا | D) شينيا أوهيرا,A
461,Anime,Medium,Multiple Choice,ما هو أنمي الفانتازيا النفسية المظلمة لعام 2011 للمؤلف غين أوروبوتشي الذي فكك نوع 'الفتاة الساحرة' وحوله لتراجيديا كابوسية سوداوية؟,A) سيلور مون | B) الفتاة الساحرة مادوكا ماجيكا | C) كارد كابتور ساكورا | D) الأميرة توتو,B
462,Anime,Medium,Multiple Choice,ما هو أول فيلم أنمي في تاريخ السينما يفوز بجائزة الأوسكار لأفضل فيلم رسوم متحركة في عام 2003؟,A) الأميرة مونونوكي | B) مهب الريح | C) المخطوفة / رحلة تشيهيرو | D) قلعة هاول المتحركة,C
463,Anime,Medium,Multiple Choice,من هو رسام أستوديو بونز الأسطوري المشهور بمشاهد الارتطام الحركية وتفتت الصخور إلى مكعبات هندسية دقيقة تُعرف باسمه؟,A) يوه يوشيناري | B) نوريو ماتسوموتو | C) سوشيو | D) يوتاكا ناكامورا,D
464,Anime,Medium,Multiple Choice,من هو مؤدي الصوت الصاعد الذي كانت انطلاقته الكبرى بتأدية صوت صائد الشياطين الأشقر دينجي في 'رجل المنشار'؟,A) كيكونوسوكي تويا | B) تاكويا إغوتشي | C) شوغو ساكاتا | D) دايكي ياماشيتا,A
465,Anime,Medium,Multiple Choice,أي أستوديو عريق تأسس كقسم رسوم متحركة لبانداي نامكو ويُعد صانع امتياز 'موبيل سوت غوندام' وأنمي 'كاوبوي بيبوب'؟,A) تاتسونوكو | B) صن رايز | C) بيرو | D) غايناكس,B
466,Anime,Medium,Multiple Choice,من هي المغنية اليابانية الشهيرة التي غنت شارات البداية الفيروسية الخالدة 'غورينغي' لأنمي قاتل الشياطين و'كروسينغ فيلد' لـ SAO؟,A) رادويمبس | B) كينشي يونيزو | C) ليسا | D) آسيان كونغ فو جينيريشن,C
467,Anime,Medium,Multiple Choice,في فيلم 'عرابو طوكيو' (2003) لساتوشي كون، ماذا يكتشف الأصدقاء الثلاثة المشردون في مكب النفايات ليلة عيد الميلاد؟,A) ورقة يانصيب رابحة | B) حقيبة مليئة بالسبائك | C) كلباً مسروقاً | D) طفلاً رضيعاً متروكاً بين القمامة,D
468,Anime,Medium,Multiple Choice,من هي مؤدية الصوت المبدعة التي جسدت صوت البطلة ميكاسا أكرمان في 'هجوم العمالقة' وصوت فايوليت في 'فايوليت إيفرغاردن'؟,A) يوي إيشيكاوا | B) ري موراكاوا | C) أسامي سيتو | D) مايا ساكاموتو,A
469,Anime,Medium,Multiple Choice,ما هي سلسلة أنمي أستوديو شافت التي اشتهرت بحركات إمالة الرؤوس السريعة للوراء بزاوية 45 درجة للشخصيات وتسمى 'إمالة شافت'؟,A) نيسيكوي | B) باكونومونوغاتاري / سلسلة مونوغاتاري | C) سايونارا زيتسوبو سينسي | D) أراكاوا أندر ذا بريدج,B
470,Anime,Medium,Multiple Choice,ما هو أطول مسلسل أنمي تلفزيوني متواصل في تاريخ العالم، حيث بدأ بثه منذ أكتوبر 1969 وتجاوز 7500 حلقة؟,A) عبقور (دوريمون) | B) ماروكو الصغيرة | C) سازائيه-سان (Sazae-san) | D) المحقق كونان,C
471,Anime,Medium,Multiple Choice,من هو مخرج الأنمي الكبير الذي أخرج أفلام 'الفتاة التي قفزت عبر الزمن' و'حروب الصيف' وفيلم العالم الرقمي 'بيل' (2021)؟,A) ماكوتو شينكاي | B) سوناو كاتابوتشي | C) هيروماسا يونيباياشي | D) مامورو هوسودا,D
472,Anime,Medium,Multiple Choice,في صناعة الأنمي، ما هي المهمة الأساسية لـ 'مشرف الرسوم' أو مخرج التحريك (ساكوغا كانتوكو / ساكان)؟,A) الإشراف على رسومات التحريك وتصحيح التفاوت للحفاظ على دقة وتناسق ملامح الشخصيات | B) هندسة وتوزيع المؤثرات الصوتية | C) كتابة مسودة لوحة القصة | D) تدريب مؤدي الأصوات,A
473,Anime,Medium,Multiple Choice,ما اسم فرقة الروك اليابانية الشهيرة التي ألفت وسجلت الموسيقى التصويرية الخالدة وأغنيتي 'زين زين زينسي' و'سباركل' لفيلم 'اسمك'؟,A) بمب أوف تشيكن | B) رادويمبس | C) إيف | D) كينغ غنو,B
474,Anime,Medium,Multiple Choice,أي أستوديو أنمي عريق تأسس عام 1972 وصنع 'إيفانجيليون' و'غورين لاغان' وأعلن إفلاسه رسمياً في عام 2024؟,A) تاتسونوكو | B) مانغلوب | C) أستوديو غايناكس | D) برودكشن آي إم إس,C
475,Anime,Medium,Multiple Choice,ما هو أنمي الروك لعام 2022 من كلوفر وركس الذي يتبع فتاة غيتار عبقرية شديدة الخجل والقلق الاجتماعي تعزف داخل صندوق مانجو كرتوني؟,A) كي-أون! | B) بيك: فرقة تشوب | C) غيفن | D) بوتشي ذا روك!,D
476,Anime,Medium,Typing,ما هو المصطلح الياباني لمؤدي الأصوات في الأنمي المكون من 5 أحرف (سيـ...)?,,سييو
477,Anime,Medium,Typing,ما اسم الأستوديو العريق الذي أنتج إيفانجيليون الأصلي عام 1995 وغورين لاغان (غايـ...)?,,غايناكس
478,Anime,Medium,Typing,ما اسم عائلة ملحنة كاوبوي بيبوب وشبح في الهيكل يوكو (كـ...)?,,كانو
479,Anime,Medium,Typing,ما هو المصطلح المكون من 3 أحرف الدال على دورة بث الأنمي لثلاثة أشهر (كـ...)?,,كور
480,Anime,Medium,Typing,ما اسم الأستوديو صانع امتياز سلسلة غوندام الشهيرة المكون من 6 أحرف (صنـ...)?,,صنرايز
481,Anime,Hard,Multiple Choice,في مسلسل الرعب النفسي 'وكيل الهوس' لساتوشي كون، ما هو السلاح الغريب الذي يهاجم به الفتى المتزلج الغامض 'شاب المضرب' ضحاياه؟,A) مضرب بيسبول ذهبي ملتوي ومنحنٍ | B) عتلة حديدية | C) عصا غولف فولاذية | D) أنبوب معدني,A
482,Anime,Hard,Multiple Choice,ما هو مسلسل الميكا التاريخي لعام 1979 للمخرج يوشيوكي تومينو الذي أسس نوع 'الروبوت الواقعي' وجعل الآليات أسلحة حربية عسكرية صناعية؟,A) مازنجر زد | B) موبيل سوت غوندام 0079 | C) بارجة الفضاء ياماتو | D) نيون جينيسيس إيفانجيليون,B
483,Anime,Hard,Multiple Choice,في عام 1985، ما هو فيلم الأوفا الطليعي السريالي للمخرج مامورو أوشي ورسوم يوشيتاكا أمانو عن فتاة تحمل بيضة غامضة في مدينة مهجورة؟,A) نيو طوكيو | B) كرنفال الروبوت | C) بيضة الملاك | D) ذكريات,C
484,Anime,Hard,Multiple Choice,من هو الرسام الملهم الذي طور 'أسلوب كانادا' الحركي في أواخر السبعينيات والمتميز بوضعيات حركية ديناميكية مبالغة وتوقيت قافز غير مسبوق؟,A) شينيا أوهيرا | B) ماسامي أوباري | C) توشيوكي إينوي | D) يوشينوري كانادا,D
485,Anime,Hard,Multiple Choice,ما هو فيلم الأنمي الطويل الخامس للمخرج ساتوشي كون الذي توقف في مرحلة ما قبل الإنتاج في مادهاوس بعد وفاته بسرطان البنكرياس عام 2010؟,A) آلة الأحلام | B) أوبوس | C) مدار البحر | D) سارافيم,A
486,Anime,Hard,Multiple Choice,في إنتاج فيلم 'أكيرا' التاريخي لعام 1988، ما هي التقنية الإنتاجية الثورية غير المسبوقة التي طُبقت لتسجيل أصوات وحوارات الشخصيات بدقة متناهية؟,A) تسجيل الأصوات بالمولف الإلكتروني | B) التسجيل الصوتي المسبق (Pre-scoring) لتسجيل حوارات الممثلين أولاً ثم رسم حركة الشفاه لتطابق الكلام تماماً | C) الارتجال الصوتي الحي | D) الدبلجة الإنجليزية أولاً,B
487,Anime,Hard,Multiple Choice,من هو المخرج العبقري الذي أخرج مسلسل 'تاتامي غالاكسي' وفاز بالجائزة الكبرى في مهرجان الفنون الإعلامية الياباني كأول أنمي تلفزيوني ينالها؟,A) كينجي ناكامورا | B) كونيهيكو إيكوهارا | C) ماساكي يواسا | D) هيرويوكي إيمايشي,C
488,Anime,Hard,Multiple Choice,ما هو أنمي السايبربانك الفلسفي الكلاسيكي لعام 1998 للمخرج ريوتارو ناكامورا الذي يستكشف الوعي والشبكة السلكية (وايرد) عبر الفتاة لين؟,A) إرغو بروكسي | B) تيكسنولايز | C) هايباني رينمي | D) تجارب لين المتسلسلة,D
489,Anime,Hard,Multiple Choice,أي أستوديو تأسس عام 2002 على يد منتج مادهاوس السابق وأنتج أعمالاً نالت إشادة نقدية كـ 'مونستر' و'إرهاب في طوكيو' قبل إفلاسه عام 2015؟,A) مانغلوب | B) غونزو | C) هال فيلم ميكر | D) راديكس آيس,A
490,Anime,Hard,Multiple Choice,في المعايير التقنية للأنمي الياباني، ما هو معدل الإطارات الشائع حيث يُعرض الرسم الواحد على إطارين متتاليين من الفيلم (12 رسماً في الثانية)؟,A) الرسم على الآحاد (24 إطاراً) | B) الرسم على الثنائيات (Shooting on twos) | C) الرسم على الثلاثيات | D) الاستيفاء الديناميكي,B
491,Anime,Hard,Multiple Choice,في عام 1997، من هو المخرج الذي أبدع التحفة الرمزية التفكيكية 'الفتاة الثورية أوتينا' المليئة بالرمزيات النسوية ومبارزات القلعة؟,A) جونيتشي ساتو | B) أكيوكي شينبو | C) كونيهيكو إيكوهارا | D) أوسامو ديزاكي,C
492,Anime,Hard,Multiple Choice,من هو المصمم الأسطوري الرائد الذي صمم الآلي الأيقوني RX-78-2 غوندام وآليات زاكُو وعدداً لا يحصى من تصاميم الميكا لشركة صن رايز؟,A) شوجي كاواموري | B) هاجيمي كاتوكي | C) يوتاكا إيزوبوتشي | D) كونيو أوكاوارا,D
493,Anime,Hard,Multiple Choice,ما هو اقتباس الأنمي لرواية مرئية في عام 2006 من أستوديو دين الذي اشتهر بالعبارة الفيروسية الكوميدية الساخرة: 'الناس يموتون إذا قُتلوا'؟,A) فايت/ستاي نايت 2006 | B) تسوكيهيمي | C) كلاناد | D) عندما تبكي حشرات الليل,A
494,Anime,Hard,Multiple Choice,ما هو فيلم الأنمي التاريخي لعام 1968 في توي أنيميشن للمخرج إيساو تاكاهاتا الذي قاد إضراباً للمطالبة بزيادة أجور وحقوق الرسامين؟,A) باندا والأفعى السحرية | B) مغامرة هوروس الكبرى: أمير الشمس | C) وانباكو أوجي | D) جزيرة كنز الحيوانات,B
495,Anime,Hard,Multiple Choice,أي أستوديو ياباني تولى إنتاج وتحريك أنمي الفانتازيا والدراما لعام 2023 'فريرين: ما بعد نهاية الرحلة' بإخراج كيتشيرو سايتو؟,A) كلوفر وركس | B) ويت أستوديو | C) مادهاوس | D) مابا,C
496,Anime,Hard,Multiple Choice,ما هي التقنية البصرية الرائدة للمخرج أوسامو ديزاكي في 'جو البطل' حيث تتجمد ذروة المشهد العاطفي في لوحة فنية مرسومة بالباستيل؟,A) لقطات ظلال كاجي-إي | B) تكبير خطوط السرعة | C) حركة تقسيم الشاشة | D) لقطات البطاقة البريدية / ذكريات التناغم,D
497,Anime,Hard,Multiple Choice,في المسيرة الباكرة للمخرج هاياو ميازاكي، ما هو فيلمه الروائي الطويل الأول في الإخراج عام 1979 بطولة اللص النبيل أرسين لوبين الثالث؟,A) قلعة كابليوسترو | B) فتى المستقبل كونان | C) هوروس أمير الشمس | D) باندا! غو باندا!,A
498,Anime,Hard,Typing,ما اسم الفتاة وبطلة أنمي السايبربانك الفلسفي لعام 1998 تجارب... المتسلسلة المكون من 4 أحرف؟,,لين
499,Anime,Hard,Typing,ما اسم عائلة مصمم آليات الغوندام الأصلية RX-78-2 كونيو (أوكا...)?,,أوكاوارا
500,Anime,Hard,Typing,ما اسم الأستوديو المكون من 4 أحرف صاحب لقطات إمالة الرأس الذي أنتج مادوكا ماجيكا ومونوغاتاري؟,,شافت
