number,subject,difficulty,question_type,question,multiple_choices,answer
1,Cooking,Easy,Multiple Choice,[293] ما هو المكون الغذائي الذي يُعرف بأنه: middle eastern condiment made from toasted ground hulled sesame؟,A) Tahini | B) Hummus | C) Tzatziki | D) Pesto,A
2,Cooking,Easy,Typing,"[74] لغز الطبخ: japanese horseradish known for its sharp, pungent green paste. اكتب الكلمة الصحيحة.",,wasabi
3,Cooking,Medium,Multiple Choice,[171] في فن الطهي الاحترافي، ما هي الطريقة التي تصف: shredding or finely cutting leafy vegetables or herbs into thin ribbons؟,A) Julienne | B) Dice | C) Mince | D) Chiffonade,D
4,Cooking,Easy,Multiple Choice,[73] ما هو المكون الغذائي الذي يُعرف بأنه: middle eastern condiment made from toasted ground hulled sesame؟,A) Hummus | B) Tzatziki | C) Tahini | D) Pesto,C
5,Cooking,Easy,Multiple Choice,[57] ما هو المكون الغذائي الذي يُعرف بأنه: creamy Italian cheese coagulated by the addition of citric acid؟,A) Ricotta | B) Mascarpone | C) Cream cheese | D) Quark,B
6,Cooking,Medium,Multiple Choice,"في فن الطهي الاحترافي، ما هي الطريقة التي تصف: oxidation of sugar, a process used widely in cooking for sweet nutty flavor؟",A) Fermentation | B) Coagulation | C) Maceration | D) Caramelization,D
7,Cooking,Hard,Multiple Choice,[55] فن الطبخ العالمي المتقدم: أي طبق إقليمي أصيل يتميز بـ: Japanese dish of prepared vinegared rice accompanied by seafood and vegetables؟,A) Sashimi | B) Ramen | C) Tempura | D) Sushi,D
8,Cooking,Easy,Multiple Choice,[243] ما هو المكون الغذائي الذي يُعرف بأنه: flavoring derived from orchids of the genus Vanilla؟,A) Almond | B) Vanilla | C) Cinnamon | D) Mint,B
9,Cooking,Easy,Multiple Choice,"[316] ما هو المكون الغذائي الذي يُعرف بأنه: botanical variety of the onion with a mild, delicate flavor؟",A) Leek | B) Garlic | C) Scallion | D) Shallot,D
10,Cooking,Medium,Typing,[17] تحدي تقنيات الطهي: cooking food in vacuum-sealed pouches at a precise low temperature. اكتب اسم التقنية بدقة.,,sous-vide
11,Cooking,Medium,Multiple Choice,[216] في فن الطهي الاحترافي، ما هي الطريقة التي تصف: shredding or finely cutting leafy vegetables or herbs into thin ribbons؟,A) Julienne | B) Dice | C) Chiffonade | D) Mince,C
12,Cooking,Easy,Multiple Choice,[273] ما هو المكون الغذائي الذي يُعرف بأنه: middle eastern condiment made from toasted ground hulled sesame؟,A) Hummus | B) Tahini | C) Tzatziki | D) Pesto,B
13,Cooking,Hard,Multiple Choice,[117] فن الطبخ العالمي المتقدم: أي طبق إقليمي أصيل يتميز بـ: layered eggplant and minced meat casserole topped with béchamel sauce؟,A) Moussaka | B) Lasagna | C) Pastitsio | D) Shepherd's pie,A
14,Cooking,Hard,Multiple Choice,"[83] فن الطبخ العالمي المتقدم: أي طبق إقليمي أصيل يتميز بـ: French Provençal stewed vegetable dish featuring eggplant, zucchini, and peppers؟",A) Bouillabaisse | B) Ratatouille | C) Cassoulet | D) Coq au vin,B
15,Cooking,Easy,Typing,لغز الطبخ: middle eastern condiment made from toasted ground hulled sesame. اكتب الكلمة الصحيحة.,,tahini
16,Cooking,Easy,Multiple Choice,"[47] ما هو المكون الغذائي الذي يُعرف بأنه: hard, granular Italian cheese made from cow milk؟",A) Cheddar | B) Parmesan | C) Gouda | D) Mozzarella,B
17,Cooking,Easy,Multiple Choice,[109] ما هو المكون الغذائي الذي يُعرف بأنه: fragrant evergreen herb with needle-like leaves used in roasting؟,A) Thyme | B) Basil | C) Parsley | D) Rosemary,D
18,Cooking,Medium,Multiple Choice,[72] في فن الطهي الاحترافي، ما هي الطريقة التي تصف: allowing bread dough to rise one final time before baking؟,A) Proofing | B) Kneading | C) Folding | D) Scoring,A
19,Cooking,Hard,Typing,[30] تحدي كبار الطهاة: ما هو اسم الطبق الشهير الموصوف بـ 'Hungarian soup or stew of meat and vegetables seasoned with paprika'؟ اكتب الاسم بدقة.,,goulash
20,Cooking,Medium,Multiple Choice,[158] في فن الطهي الاحترافي، ما هي الطريقة التي تصف: combination-cooking method using wet and dry heats: browning then simmering؟,A) Stewing | B) Roasting | C) Poaching | D) Braising,D
21,Cooking,Hard,Multiple Choice,[24] فن الطبخ العالمي المتقدم: أي طبق إقليمي أصيل يتميز بـ: traditional Provençal fish stew originating from the port city of Marseille؟,A) Chowder | B) Bisque | C) Gumbo | D) Bouillabaisse,D
22,Cooking,Easy,Multiple Choice,[180] ما هو المكون الغذائي الذي يُعرف بأنه: Italian cured meat prepared from pork jowl or cheeks؟,A) Lard | B) Pancetta | C) Guanciale | D) Tallow,C
23,Cooking,Hard,Multiple Choice,[79] فن الطبخ العالمي المتقدم: أي طبق إقليمي أصيل يتميز بـ: South American seafood dish where raw fish is cured in fresh citrus juices؟,A) Tartare | B) Ceviche | C) Carpaccio | D) Poke,B
24,Cooking,Easy,Typing,"[47] لغز الطبخ: hard, granular Italian cheese made from cow milk. اكتب الكلمة الصحيحة.",,parmesan
25,Cooking,Easy,Typing,[52] لغز الطبخ: flowering plant in the amaranth family grown as a grain crop. اكتب الكلمة الصحيحة.,,quinoa
26,Cooking,Easy,Multiple Choice,"[67] ما هو المكون الغذائي الذي يُعرف بأنه: hard, granular Italian cheese made from cow milk؟",A) Cheddar | B) Gouda | C) Parmesan | D) Mozzarella,C
27,Cooking,Hard,Multiple Choice,[138] فن الطبخ العالمي المتقدم: أي طبق إقليمي أصيل يتميز بـ: traditional Mexican dish consisting of a folded tortilla filled with meat and salsa؟,A) Burrito | B) Enchilada | C) Quesadilla | D) Tacos,D
28,Cooking,Medium,Typing,"[45] تحدي تقنيات الطهي: preserving food through addition of salt, nitrates, nitrite, or sugar. اكتب اسم التقنية بدقة.",,cure
29,Cooking,Medium,Typing,تحدي تقنيات الطهي: cooking food slowly in fat or sugar syrup at low temperature. اكتب اسم التقنية بدقة.,,confit
30,Cooking,Hard,Multiple Choice,"[121] فن الطبخ العالمي المتقدم: أي طبق إقليمي أصيل يتميز بـ: Spanish rice dish featuring saffron, vegetables, chicken, and seafood؟",A) Risotto | B) Biryani | C) Jambalaya | D) Paella,D
31,Cooking,Easy,Multiple Choice,[398] ما هو المكون الغذائي الذي يُعرف بأنه: Italian dry-cured ham that is usually thinly sliced and served uncooked؟,A) Prosciutto | B) Pancetta | C) Guanciale | D) Bacon,A
32,Cooking,Easy,Multiple Choice,[25] ما هو المكون الغذائي الذي يُعرف بأنه: eukaryotic single-celled microorganism used in baking to leaven bread؟,A) Baking soda | B) Baking powder | C) Yeast | D) Cream of tartar,C
33,Cooking,Medium,Multiple Choice,[183] في فن الطهي الاحترافي، ما هي الطريقة التي تصف: cooking procedure in which alcohol is added to a hot pan to create flames؟,A) Flambé | B) Deglazing | C) Sautéing | D) Caramelizing,A
34,Cooking,Easy,Multiple Choice,[219] ما هو المكون الغذائي الذي يُعرف بأنه: Italian cured pork belly seasoned with salt and spices؟,A) Prosciutto | B) Salami | C) Pancetta | D) Chorizo,C
35,Cooking,Easy,Multiple Choice,[140] ما هو المكون الغذائي الذي يُعرف بأنه: Italian cured meat prepared from pork jowl or cheeks؟,A) Lard | B) Pancetta | C) Guanciale | D) Tallow,C
36,Cooking,Medium,Multiple Choice,[32] في فن الطهي الاحترافي، ما هي الطريقة التي تصف: cooking food in vacuum-sealed pouches at a precise low temperature؟,A) Deep-frying | B) Sous-vide | C) Roasting | D) Grilling,B
37,Cooking,Easy,Multiple Choice,"[36] ما هو المكون الغذائي الذي يُعرف بأنه: botanical variety of the onion with a mild, delicate flavor؟",A) Leek | B) Shallot | C) Garlic | D) Scallion,B
38,Cooking,Medium,Multiple Choice,"[175] في فن الطهي الاحترافي، ما هي الطريقة التي تصف: oxidation of sugar, a process used widely in cooking for sweet nutty flavor؟",A) Caramelization | B) Fermentation | C) Coagulation | D) Maceration,A
39,Cooking,Hard,Multiple Choice,"[131] فن الطبخ العالمي المتقدم: أي طبق إقليمي أصيل يتميز بـ: Spanish rice dish featuring saffron, vegetables, chicken, and seafood؟",A) Paella | B) Risotto | C) Biryani | D) Jambalaya,A
40,Cooking,Easy,Multiple Choice,"ما هو المكون الغذائي الذي يُعرف بأنه: dark, concentrated, and intensely flavored vinegar originating in Italy؟",A) Apple cider | B) Balsamic | C) White vinegar | D) Rice vinegar,B
41,Cooking,Easy,Multiple Choice,ما هو المكون الغذائي الذي يُعرف بأنه: middle eastern condiment made from toasted ground hulled sesame؟,A) Hummus | B) Tahini | C) Tzatziki | D) Pesto,B
42,Cooking,Hard,Multiple Choice,[50] فن الطبخ العالمي المتقدم: أي طبق إقليمي أصيل يتميز بـ: Hungarian soup or stew of meat and vegetables seasoned with paprika؟,A) Goulash | B) Borscht | C) Stroganoff | D) Paprikash,A
43,Cooking,Easy,Multiple Choice,[150] ما هو المكون الغذائي الذي يُعرف بأنه: fresh green leaves of the coriander plant widely used in salsa؟,A) Mint | B) Cilantro | C) Dill | D) Tarragon,B
44,Cooking,Hard,Multiple Choice,[78] فن الطبخ العالمي المتقدم: أي طبق إقليمي أصيل يتميز بـ: traditional Mexican dish consisting of a folded tortilla filled with meat and salsa؟,A) Burrito | B) Tacos | C) Enchilada | D) Quesadilla,B
45,Cooking,Medium,Multiple Choice,[38] في فن الطهي الاحترافي، ما هي الطريقة التي تصف: combination-cooking method using wet and dry heats: browning then simmering؟,A) Stewing | B) Roasting | C) Braising | D) Poaching,C
46,Cooking,Hard,Multiple Choice,"[101] فن الطبخ العالمي المتقدم: أي طبق إقليمي أصيل يتميز بـ: Spanish rice dish featuring saffron, vegetables, chicken, and seafood؟",A) Paella | B) Risotto | C) Biryani | D) Jambalaya,A
47,Cooking,Easy,Multiple Choice,"[147] ما هو المكون الغذائي الذي يُعرف بأنه: hard, granular Italian cheese made from cow milk؟",A) Cheddar | B) Parmesan | C) Gouda | D) Mozzarella,B
48,Cooking,Easy,Multiple Choice,[263] ما هو المكون الغذائي الذي يُعرف بأنه: flavoring derived from orchids of the genus Vanilla؟,A) Almond | B) Cinnamon | C) Vanilla | D) Mint,C
49,Cooking,Easy,Multiple Choice,"[324] ما هو المكون الغذائي الذي يُعرف بأنه: colorless, flavorless food ingredient derived from collagen؟",A) Agar-agar | B) Pectin | C) Gelatin | D) Starch,C
50,Cooking,Easy,Multiple Choice,[221] ما هو المكون الغذائي الذي يُعرف بأنه: red pepper spice commonly used for color and smoky flavor؟,A) Oregano | B) Cumin | C) Nutmeg | D) Paprika,D
51,Cooking,Easy,Multiple Choice,"[174] ما هو المكون الغذائي الذي يُعرف بأنه: japanese horseradish known for its sharp, pungent green paste؟",A) Horseradish | B) Mustard | C) Ginger | D) Wasabi,D
52,Cooking,Easy,Multiple Choice,[89] ما هو المكون الغذائي الذي يُعرف بأنه: fragrant evergreen herb with needle-like leaves used in roasting؟,A) Thyme | B) Rosemary | C) Basil | D) Parsley,B
53,Cooking,Medium,Multiple Choice,"[40] في فن الطهي الاحترافي، ما هي الطريقة التي تصف: oxidation of sugar, a process used widely in cooking for sweet nutty flavor؟",A) Fermentation | B) Caramelization | C) Coagulation | D) Maceration,B
54,Cooking,Easy,Multiple Choice,[178] ما هو المكون الغذائي الذي يُعرف بأنه: Italian dry-cured ham that is usually thinly sliced and served uncooked؟,A) Pancetta | B) Prosciutto | C) Guanciale | D) Bacon,B
55,Cooking,Easy,Typing,لغز الطبخ: Italian cured pork belly seasoned with salt and spices. اكتب الكلمة الصحيحة.,,pancetta
56,Cooking,Medium,Multiple Choice,[19] في فن الطهي الاحترافي، ما هي الطريقة التي تصف: adding liquid to a hot pan to dissolve browned food residue؟,A) Reducing | B) Emulsifying | C) Clarifying | D) Deglazing,D
57,Cooking,Easy,Multiple Choice,[289] ما هو المكون الغذائي الذي يُعرف بأنه: fragrant evergreen herb with needle-like leaves used in roasting؟,A) Thyme | B) Basil | C) Rosemary | D) Parsley,C
58,Cooking,Easy,Multiple Choice,[201] ما هو المكون الغذائي الذي يُعرف بأنه: red pepper spice commonly used for color and smoky flavor؟,A) Oregano | B) Cumin | C) Paprika | D) Nutmeg,C
59,Cooking,Medium,Multiple Choice,[212] في فن الطهي الاحترافي، ما هي الطريقة التي تصف: cooking food in vacuum-sealed pouches at a precise low temperature؟,A) Deep-frying | B) Sous-vide | C) Roasting | D) Grilling,B
60,Cooking,Medium,Multiple Choice,في فن الطهي الاحترافي، ما هي الطريقة التي تصف: culinary knife cut where food is cut into long thin strips؟,A) Brunoise | B) Chiffonade | C) Mirepoix | D) Julienne,D
61,Cooking,Hard,Multiple Choice,[154] فن الطبخ العالمي المتقدم: أي طبق إقليمي أصيل يتميز بـ: traditional Provençal fish stew originating from the port city of Marseille؟,A) Chowder | B) Bisque | C) Bouillabaisse | D) Gumbo,C
62,Cooking,Medium,Multiple Choice,[196] في فن الطهي الاحترافي، ما هي الطريقة التي تصف: scalding vegetables in boiling water then plunging into ice water؟,A) Poaching | B) Blanching | C) Steaming | D) Braising,B
63,Cooking,Easy,Multiple Choice,[246] ما هو المكون الغذائي الذي يُعرف بأنه: subterranean ascomycete fungus prized as a culinary delicacy؟,A) Portobello | B) Shiitake | C) Truffle | D) Morel,C
64,Cooking,Easy,Typing,[86] لغز الطبخ: subterranean ascomycete fungus prized as a culinary delicacy. اكتب الكلمة الصحيحة.,,truffle
65,Cooking,Easy,Multiple Choice,[141] ما هو المكون الغذائي الذي يُعرف بأنه: red pepper spice commonly used for color and smoky flavor؟,A) Paprika | B) Oregano | C) Cumin | D) Nutmeg,A
66,Cooking,Medium,Multiple Choice,[169] في فن الطهي الاحترافي، ما هي الطريقة التي تصف: adding liquid to a hot pan to dissolve browned food residue؟,A) Reducing | B) Emulsifying | C) Clarifying | D) Deglazing,D
67,Cooking,Medium,Multiple Choice,"[235] في فن الطهي الاحترافي، ما هي الطريقة التي تصف: oxidation of sugar, a process used widely in cooking for sweet nutty flavor؟",A) Caramelization | B) Fermentation | C) Coagulation | D) Maceration,A
68,Cooking,Medium,Multiple Choice,"[195] في فن الطهي الاحترافي، ما هي الطريقة التي تصف: preserving food through addition of salt, nitrates, nitrite, or sugar؟",A) Pasteurization | B) Fermentation | C) Pickling | D) Cure,D
69,Cooking,Easy,Typing,لغز الطبخ: creamy Italian cheese coagulated by the addition of citric acid. اكتب الكلمة الصحيحة.,,mascarpone
70,Cooking,Easy,Typing,[60] لغز الطبخ: Italian cured meat prepared from pork jowl or cheeks. اكتب الكلمة الصحيحة.,,guanciale
71,Cooking,Hard,Multiple Choice,"[153] فن الطبخ العالمي المتقدم: أي طبق إقليمي أصيل يتميز بـ: French Provençal stewed vegetable dish featuring eggplant, zucchini, and peppers؟",A) Ratatouille | B) Bouillabaisse | C) Cassoulet | D) Coq au vin,A
72,Cooking,Hard,Multiple Choice,[86] فن الطبخ العالمي المتقدم: أي طبق إقليمي أصيل يتميز بـ: large range of small Chinese Cantonese dishes served with tea in steamer baskets؟,A) Dumpling | B) Bao | C) Spring roll | D) Dim sum,D
73,Cooking,Easy,Multiple Choice,[213] ما هو المكون الغذائي الذي يُعرف بأنه: middle eastern condiment made from toasted ground hulled sesame؟,A) Tahini | B) Hummus | C) Tzatziki | D) Pesto,A
74,Cooking,Easy,Multiple Choice,"[34] ما هو المكون الغذائي الذي يُعرف بأنه: japanese horseradish known for its sharp, pungent green paste؟",A) Horseradish | B) Mustard | C) Wasabi | D) Ginger,C
75,Cooking,Medium,Multiple Choice,[157] في فن الطهي الاحترافي، ما هي الطريقة التي تصف: culinary knife cut where food is first julienned and then cut into tiny cubes؟,A) Batonnet | B) Brunoise | C) Paysanne | D) Rondelle,B
76,Cooking,Medium,Multiple Choice,[95] في فن الطهي الاحترافي، ما هي الطريقة التي تصف: culinary knife cut where food is cut into long thin strips؟,A) Brunoise | B) Chiffonade | C) Mirepoix | D) Julienne,D
77,Cooking,Easy,Multiple Choice,"[256] ما هو المكون الغذائي الذي يُعرف بأنه: botanical variety of the onion with a mild, delicate flavor؟",A) Shallot | B) Leek | C) Garlic | D) Scallion,A
78,Cooking,Hard,Multiple Choice,[17] فن الطبخ العالمي المتقدم: أي طبق إقليمي أصيل يتميز بـ: layered eggplant and minced meat casserole topped with béchamel sauce؟,A) Lasagna | B) Moussaka | C) Pastitsio | D) Shepherd's pie,B
79,Cooking,Easy,Multiple Choice,[222] ما هو المكون الغذائي الذي يُعرف بأنه: expensive golden-red spice harvested from crocus flowers؟,A) Turmeric | B) Cardamom | C) Saffron | D) Ginger,C
80,Cooking,Easy,Multiple Choice,"[214] ما هو المكون الغذائي الذي يُعرف بأنه: japanese horseradish known for its sharp, pungent green paste؟",A) Horseradish | B) Mustard | C) Ginger | D) Wasabi,D
81,Cooking,Medium,Typing,[49] تحدي تقنيات الطهي: adding liquid to a hot pan to dissolve browned food residue. اكتب اسم التقنية بدقة.,,deglazing
82,Cooking,Easy,Typing,[70] لغز الطبخ: fresh green leaves of the coriander plant widely used in salsa. اكتب الكلمة الصحيحة.,,cilantro
83,Cooking,Medium,Multiple Choice,[239] في فن الطهي الاحترافي، ما هي الطريقة التي تصف: cooking food slowly in fat or sugar syrup at low temperature؟,A) Broiling | B) Searing | C) Confit | D) Smoking,C
84,Cooking,Easy,Multiple Choice,[262] ما هو المكون الغذائي الذي يُعرف بأنه: expensive golden-red spice harvested from crocus flowers؟,A) Turmeric | B) Cardamom | C) Ginger | D) Saffron,D
85,Cooking,Easy,Multiple Choice,[71] ما هو المكون الغذائي الذي يُعرف بأنه: southern Italian cheese traditionally made from Italian buffalo milk؟,A) Brie | B) Feta | C) Mozzarella | D) Ricotta,C
86,Cooking,Easy,Multiple Choice,[142] ما هو المكون الغذائي الذي يُعرف بأنه: expensive golden-red spice harvested from crocus flowers؟,A) Turmeric | B) Cardamom | C) Ginger | D) Saffron,D
87,Cooking,Hard,Multiple Choice,[36] فن الطبخ العالمي المتقدم: أي طبق إقليمي أصيل يتميز بـ: large range of small Chinese Cantonese dishes served with tea in steamer baskets؟,A) Dumpling | B) Dim sum | C) Bao | D) Spring roll,B
88,Cooking,Easy,Multiple Choice,[198] ما هو المكون الغذائي الذي يُعرف بأنه: Italian dry-cured ham that is usually thinly sliced and served uncooked؟,A) Pancetta | B) Guanciale | C) Bacon | D) Prosciutto,D
89,Cooking,Hard,Multiple Choice,"[93] فن الطبخ العالمي المتقدم: أي طبق إقليمي أصيل يتميز بـ: French Provençal stewed vegetable dish featuring eggplant, zucchini, and peppers؟",A) Bouillabaisse | B) Cassoulet | C) Ratatouille | D) Coq au vin,C
90,Cooking,Medium,Typing,[33] تحدي تقنيات الطهي: cooking procedure in which alcohol is added to a hot pan to create flames. اكتب اسم التقنية بدقة.,,flambé
91,Cooking,Medium,Typing,[35] تحدي تقنيات الطهي: culinary knife cut where food is cut into long thin strips. اكتب اسم التقنية بدقة.,,julienne
92,Cooking,Easy,Multiple Choice,"[94] ما هو المكون الغذائي الذي يُعرف بأنه: japanese horseradish known for its sharp, pungent green paste؟",A) Wasabi | B) Horseradish | C) Mustard | D) Ginger,A
93,Cooking,Easy,Multiple Choice,[249] ما هو المكون الغذائي الذي يُعرف بأنه: fragrant evergreen herb with needle-like leaves used in roasting؟,A) Thyme | B) Basil | C) Rosemary | D) Parsley,C
94,Cooking,Hard,Typing,تحدي كبار الطهاة: ما هو اسم الطبق الشهير الموصوف بـ 'Japanese dish of prepared vinegared rice accompanied by seafood and vegetables'؟ اكتب الاسم بدقة.,,sushi
95,Cooking,Easy,Multiple Choice,"[107] ما هو المكون الغذائي الذي يُعرف بأنه: hard, granular Italian cheese made from cow milk؟",A) Cheddar | B) Gouda | C) Parmesan | D) Mozzarella,C
96,Cooking,Easy,Multiple Choice,"[367] ما هو المكون الغذائي الذي يُعرف بأنه: hard, granular Italian cheese made from cow milk؟",A) Cheddar | B) Gouda | C) Mozzarella | D) Parmesan,D
97,Cooking,Hard,Multiple Choice,[34] فن الطبخ العالمي المتقدم: أي طبق إقليمي أصيل يتميز بـ: traditional Provençal fish stew originating from the port city of Marseille؟,A) Bouillabaisse | B) Chowder | C) Bisque | D) Gumbo,A
98,Cooking,Easy,Typing,"[34] لغز الطبخ: japanese horseradish known for its sharp, pungent green paste. اكتب الكلمة الصحيحة.",,wasabi
99,Cooking,Easy,Multiple Choice,"[274] ما هو المكون الغذائي الذي يُعرف بأنه: japanese horseradish known for its sharp, pungent green paste؟",A) Horseradish | B) Mustard | C) Ginger | D) Wasabi,D
100,Cooking,Hard,Multiple Choice,[148] فن الطبخ العالمي المتقدم: أي طبق إقليمي أصيل يتميز بـ: traditional Mexican dish consisting of a folded tortilla filled with meat and salsa؟,A) Tacos | B) Burrito | C) Enchilada | D) Quesadilla,A
101,Cooking,Easy,Typing,[91] لغز الطبخ: southern Italian cheese traditionally made from Italian buffalo milk. اكتب الكلمة الصحيحة.,,mozzarella
102,Cooking,Medium,Multiple Choice,[163] في فن الطهي الاحترافي، ما هي الطريقة التي تصف: softening fruit by soaking it in liquid and sugar؟,A) Maceration | B) Reduction | C) Confit | D) Infusion,A
103,Cooking,Hard,Multiple Choice,[130] فن الطبخ العالمي المتقدم: أي طبق إقليمي أصيل يتميز بـ: Hungarian soup or stew of meat and vegetables seasoned with paprika؟,A) Borscht | B) Stroganoff | C) Paprikash | D) Goulash,D
104,Cooking,Easy,Multiple Choice,[40] ما هو المكون الغذائي الذي يُعرف بأنه: Italian cured meat prepared from pork jowl or cheeks؟,A) Guanciale | B) Lard | C) Pancetta | D) Tallow,A
105,Cooking,Medium,Typing,[39] تحدي تقنيات الطهي: cooking food gently submerged in liquid below boiling point. اكتب اسم التقنية بدقة.,,poaching
106,Cooking,Medium,Typing,[37] تحدي تقنيات الطهي: culinary knife cut where food is first julienned and then cut into tiny cubes. اكتب اسم التقنية بدقة.,,brunoise
107,Cooking,Hard,Multiple Choice,[104] فن الطبخ العالمي المتقدم: أي طبق إقليمي أصيل يتميز بـ: traditional Provençal fish stew originating from the port city of Marseille؟,A) Chowder | B) Bisque | C) Bouillabaisse | D) Gumbo,C
108,Cooking,Hard,Multiple Choice,[27] فن الطبخ العالمي المتقدم: أي طبق إقليمي أصيل يتميز بـ: layered eggplant and minced meat casserole topped with béchamel sauce؟,A) Moussaka | B) Lasagna | C) Pastitsio | D) Shepherd's pie,A
109,Cooking,Easy,Multiple Choice,[345] ما هو المكون الغذائي الذي يُعرف بأنه: eukaryotic single-celled microorganism used in baking to leaven bread؟,A) Baking soda | B) Yeast | C) Baking powder | D) Cream of tartar,B
110,Cooking,Hard,Multiple Choice,[110] فن الطبخ العالمي المتقدم: أي طبق إقليمي أصيل يتميز بـ: Hungarian soup or stew of meat and vegetables seasoned with paprika؟,A) Borscht | B) Stroganoff | C) Paprikash | D) Goulash,D
111,Cooking,Hard,Multiple Choice,[77] فن الطبخ العالمي المتقدم: أي طبق إقليمي أصيل يتميز بـ: layered eggplant and minced meat casserole topped with béchamel sauce؟,A) Lasagna | B) Pastitsio | C) Shepherd's pie | D) Moussaka,D
112,Cooking,Easy,Multiple Choice,[212] ما هو المكون الغذائي الذي يُعرف بأنه: flowering plant in the amaranth family grown as a grain crop؟,A) Barley | B) Quinoa | C) Bulgur | D) Couscous,B
113,Cooking,Easy,Typing,[26] لغز الطبخ: subterranean ascomycete fungus prized as a culinary delicacy. اكتب الكلمة الصحيحة.,,truffle
114,Cooking,Medium,Multiple Choice,[214] في فن الطهي الاحترافي، ما هي الطريقة التي تصف: adding liquid to a hot pan to dissolve browned food residue؟,A) Deglazing | B) Reducing | C) Emulsifying | D) Clarifying,A
115,Cooking,Hard,Multiple Choice,[157] فن الطبخ العالمي المتقدم: أي طبق إقليمي أصيل يتميز بـ: layered eggplant and minced meat casserole topped with béchamel sauce؟,A) Lasagna | B) Pastitsio | C) Shepherd's pie | D) Moussaka,D
116,Cooking,Easy,Multiple Choice,"[334] ما هو المكون الغذائي الذي يُعرف بأنه: japanese horseradish known for its sharp, pungent green paste؟",A) Horseradish | B) Mustard | C) Ginger | D) Wasabi,D
117,Cooking,Easy,Typing,"لغز الطبخ: dark, concentrated, and intensely flavored vinegar originating in Italy. اكتب الكلمة الصحيحة.",,balsamic
118,Cooking,Easy,Multiple Choice,[132] ما هو المكون الغذائي الذي يُعرف بأنه: flowering plant in the amaranth family grown as a grain crop؟,A) Barley | B) Bulgur | C) Couscous | D) Quinoa,D
119,Cooking,Medium,Multiple Choice,[149] في فن الطهي الاحترافي، ما هي الطريقة التي تصف: cooking food slowly in fat or sugar syrup at low temperature؟,A) Broiling | B) Searing | C) Confit | D) Smoking,C
120,Cooking,Medium,Typing,"[30] تحدي تقنيات الطهي: preserving food through addition of salt, nitrates, nitrite, or sugar. اكتب اسم التقنية بدقة.",,cure
121,Cooking,Easy,Typing,"[84] لغز الطبخ: colorless, flavorless food ingredient derived from collagen. اكتب الكلمة الصحيحة.",,gelatin
122,Cooking,Easy,Multiple Choice,[220] ما هو المكون الغذائي الذي يُعرف بأنه: Italian cured meat prepared from pork jowl or cheeks؟,A) Lard | B) Guanciale | C) Pancetta | D) Tallow,B
123,Cooking,Hard,Typing,[36] تحدي كبار الطهاة: ما هو اسم الطبق الشهير الموصوف بـ 'large range of small Chinese Cantonese dishes served with tea in steamer baskets'؟ اكتب الاسم بدقة.,,dim sum
124,Cooking,Easy,Multiple Choice,[342] ما هو المكون الغذائي الذي يُعرف بأنه: expensive golden-red spice harvested from crocus flowers؟,A) Saffron | B) Turmeric | C) Cardamom | D) Ginger,A
125,Cooking,Hard,Multiple Choice,[65] فن الطبخ العالمي المتقدم: أي طبق إقليمي أصيل يتميز بـ: Japanese dish of prepared vinegared rice accompanied by seafood and vegetables؟,A) Sashimi | B) Sushi | C) Ramen | D) Tempura,B
126,Cooking,Easy,Multiple Choice,[278] ما هو المكون الغذائي الذي يُعرف بأنه: Italian dry-cured ham that is usually thinly sliced and served uncooked؟,A) Prosciutto | B) Pancetta | C) Guanciale | D) Bacon,A
127,Cooking,Medium,Multiple Choice,[20] في فن الطهي الاحترافي، ما هي الطريقة التي تصف: culinary knife cut where food is cut into long thin strips؟,A) Julienne | B) Brunoise | C) Chiffonade | D) Mirepoix,A
128,Cooking,Easy,Multiple Choice,"[234] ما هو المكون الغذائي الذي يُعرف بأنه: japanese horseradish known for its sharp, pungent green paste؟",A) Horseradish | B) Mustard | C) Wasabi | D) Ginger,C
129,Cooking,Easy,Multiple Choice,[215] ما هو المكون الغذائي الذي يُعرف بأنه: spice made from the seeds of several plants in the ginger family؟,A) Clove | B) Cardamom | C) Allspice | D) Star anise,B
130,Cooking,Easy,Multiple Choice,[177] ما هو المكون الغذائي الذي يُعرف بأنه: creamy Italian cheese coagulated by the addition of citric acid؟,A) Ricotta | B) Mascarpone | C) Cream cheese | D) Quark,B
131,Cooking,Medium,Multiple Choice,[179] في فن الطهي الاحترافي، ما هي الطريقة التي تصف: cooking food slowly in fat or sugar syrup at low temperature؟,A) Broiling | B) Confit | C) Searing | D) Smoking,B
132,Cooking,Hard,Typing,"[11] تحدي كبار الطهاة: ما هو اسم الطبق الشهير الموصوف بـ 'Spanish rice dish featuring saffron, vegetables, chicken, and seafood'؟ اكتب الاسم بدقة.",,paella
133,Cooking,Easy,Multiple Choice,"[64] ما هو المكون الغذائي الذي يُعرف بأنه: colorless, flavorless food ingredient derived from collagen؟",A) Agar-agar | B) Pectin | C) Starch | D) Gelatin,D
134,Cooking,Medium,Multiple Choice,[54] في فن الطهي الاحترافي، ما هي الطريقة التي تصف: cooking food gently submerged in liquid below boiling point؟,A) Boiling | B) Simmering | C) Scalding | D) Poaching,D
135,Cooking,Medium,Multiple Choice,[50] في فن الطهي الاحترافي، ما هي الطريقة التي تصف: culinary knife cut where food is cut into long thin strips؟,A) Brunoise | B) Chiffonade | C) Mirepoix | D) Julienne,D
136,Cooking,Easy,Multiple Choice,[165] ما هو المكون الغذائي الذي يُعرف بأنه: eukaryotic single-celled microorganism used in baking to leaven bread؟,A) Baking soda | B) Baking powder | C) Cream of tartar | D) Yeast,D
137,Cooking,Easy,Multiple Choice,[350] ما هو المكون الغذائي الذي يُعرف بأنه: fresh green leaves of the coriander plant widely used in salsa؟,A) Mint | B) Dill | C) Cilantro | D) Tarragon,C
138,Cooking,Hard,Multiple Choice,[144] فن الطبخ العالمي المتقدم: أي طبق إقليمي أصيل يتميز بـ: traditional Provençal fish stew originating from the port city of Marseille؟,A) Chowder | B) Bisque | C) Gumbo | D) Bouillabaisse,D
139,Cooking,Easy,Multiple Choice,"[224] ما هو المكون الغذائي الذي يُعرف بأنه: colorless, flavorless food ingredient derived from collagen؟",A) Agar-agar | B) Gelatin | C) Pectin | D) Starch,B
140,Cooking,Easy,Multiple Choice,[193] ما هو المكون الغذائي الذي يُعرف بأنه: middle eastern condiment made from toasted ground hulled sesame؟,A) Hummus | B) Tahini | C) Tzatziki | D) Pesto,B
141,Cooking,Medium,Multiple Choice,"[205] في فن الطهي الاحترافي، ما هي الطريقة التي تصف: oxidation of sugar, a process used widely in cooking for sweet nutty flavor؟",A) Caramelization | B) Fermentation | C) Coagulation | D) Maceration,A
142,Cooking,Easy,Multiple Choice,[230] ما هو المكون الغذائي الذي يُعرف بأنه: fresh green leaves of the coriander plant widely used in salsa؟,A) Mint | B) Cilantro | C) Dill | D) Tarragon,B
143,Cooking,Medium,Multiple Choice,[186] في فن الطهي الاحترافي، ما هي الطريقة التي تصف: shredding or finely cutting leafy vegetables or herbs into thin ribbons؟,A) Julienne | B) Dice | C) Mince | D) Chiffonade,D
144,Cooking,Easy,Multiple Choice,[121] ما هو المكون الغذائي الذي يُعرف بأنه: red pepper spice commonly used for color and smoky flavor؟,A) Oregano | B) Cumin | C) Nutmeg | D) Paprika,D
145,Cooking,Hard,Typing,[16] تحدي كبار الطهاة: ما هو اسم الطبق الشهير الموصوف بـ 'large range of small Chinese Cantonese dishes served with tea in steamer baskets'؟ اكتب الاسم بدقة.,,dim sum
146,Cooking,Easy,Multiple Choice,"[196] ما هو المكون الغذائي الذي يُعرف بأنه: botanical variety of the onion with a mild, delicate flavor؟",A) Leek | B) Garlic | C) Shallot | D) Scallion,C
147,Cooking,Easy,Multiple Choice,[283] ما هو المكون الغذائي الذي يُعرف بأنه: flavoring derived from orchids of the genus Vanilla؟,A) Almond | B) Cinnamon | C) Mint | D) Vanilla,D
148,Cooking,Hard,Multiple Choice,[97] فن الطبخ العالمي المتقدم: أي طبق إقليمي أصيل يتميز بـ: layered eggplant and minced meat casserole topped with béchamel sauce؟,A) Lasagna | B) Pastitsio | C) Moussaka | D) Shepherd's pie,C
149,Cooking,Medium,Multiple Choice,[68] في فن الطهي الاحترافي، ما هي الطريقة التي تصف: combination-cooking method using wet and dry heats: browning then simmering؟,A) Stewing | B) Braising | C) Roasting | D) Poaching,B
150,Cooking,Easy,Multiple Choice,"[48] ما هو المكون الغذائي الذي يُعرف بأنه: dark, concentrated, and intensely flavored vinegar originating in Italy؟",A) Apple cider | B) White vinegar | C) Balsamic | D) Rice vinegar,C
151,Cooking,Hard,Typing,[39] تحدي كبار الطهاة: ما هو اسم الطبق الشهير الموصوف بـ 'South American seafood dish where raw fish is cured in fresh citrus juices'؟ اكتب الاسم بدقة.,,ceviche
152,Cooking,Medium,Multiple Choice,"[145] في فن الطهي الاحترافي، ما هي الطريقة التي تصف: oxidation of sugar, a process used widely in cooking for sweet nutty flavor؟",A) Fermentation | B) Coagulation | C) Maceration | D) Caramelization,D
153,Cooking,Hard,Multiple Choice,[30] فن الطبخ العالمي المتقدم: أي طبق إقليمي أصيل يتميز بـ: Hungarian soup or stew of meat and vegetables seasoned with paprika؟,A) Borscht | B) Stroganoff | C) Paprikash | D) Goulash,D
154,Cooking,Hard,Multiple Choice,[152] فن الطبخ العالمي المتقدم: أي طبق إقليمي أصيل يتميز بـ: northern Italian rice dish cooked with broth until creamy consistency؟,A) Paella | B) Risotto | C) Pilaf | D) Congee,B
155,Cooking,Hard,Multiple Choice,[14] فن الطبخ العالمي المتقدم: أي طبق إقليمي أصيل يتميز بـ: traditional Provençal fish stew originating from the port city of Marseille؟,A) Bouillabaisse | B) Chowder | C) Bisque | D) Gumbo,A
156,Cooking,Medium,Multiple Choice,"[130] في فن الطهي الاحترافي، ما هي الطريقة التي تصف: oxidation of sugar, a process used widely in cooking for sweet nutty flavor؟",A) Fermentation | B) Coagulation | C) Maceration | D) Caramelization,D
157,Cooking,Easy,Multiple Choice,[382] ما هو المكون الغذائي الذي يُعرف بأنه: expensive golden-red spice harvested from crocus flowers؟,A) Saffron | B) Turmeric | C) Cardamom | D) Ginger,A
158,Cooking,Hard,Multiple Choice,[135] فن الطبخ العالمي المتقدم: أي طبق إقليمي أصيل يتميز بـ: Japanese dish of prepared vinegared rice accompanied by seafood and vegetables؟,A) Sushi | B) Sashimi | C) Ramen | D) Tempura,A
159,Cooking,Easy,Multiple Choice,"[164] ما هو المكون الغذائي الذي يُعرف بأنه: colorless, flavorless food ingredient derived from collagen؟",A) Agar-agar | B) Pectin | C) Gelatin | D) Starch,C
160,Cooking,Medium,Typing,تحدي تقنيات الطهي: culinary knife cut where food is first julienned and then cut into tiny cubes. اكتب اسم التقنية بدقة.,,brunoise
161,Cooking,Hard,Multiple Choice,[56] فن الطبخ العالمي المتقدم: أي طبق إقليمي أصيل يتميز بـ: large range of small Chinese Cantonese dishes served with tea in steamer baskets؟,A) Dumpling | B) Bao | C) Dim sum | D) Spring roll,C
162,Cooking,Hard,Multiple Choice,"[91] فن الطبخ العالمي المتقدم: أي طبق إقليمي أصيل يتميز بـ: Spanish rice dish featuring saffron, vegetables, chicken, and seafood؟",A) Risotto | B) Paella | C) Biryani | D) Jambalaya,B
163,Cooking,Medium,Typing,[51] تحدي تقنيات الطهي: shredding or finely cutting leafy vegetables or herbs into thin ribbons. اكتب اسم التقنية بدقة.,,chiffonade
164,Cooking,Easy,Multiple Choice,[38] ما هو المكون الغذائي الذي يُعرف بأنه: Italian dry-cured ham that is usually thinly sliced and served uncooked؟,A) Prosciutto | B) Pancetta | C) Guanciale | D) Bacon,A
165,Cooking,Medium,Multiple Choice,[202] في فن الطهي الاحترافي، ما هي الطريقة التي تصف: culinary knife cut where food is first julienned and then cut into tiny cubes؟,A) Batonnet | B) Brunoise | C) Paysanne | D) Rondelle,B
166,Cooking,Hard,Multiple Choice,[54] فن الطبخ العالمي المتقدم: أي طبق إقليمي أصيل يتميز بـ: traditional Provençal fish stew originating from the port city of Marseille؟,A) Chowder | B) Bisque | C) Bouillabaisse | D) Gumbo,C
167,Cooking,Hard,Multiple Choice,[85] فن الطبخ العالمي المتقدم: أي طبق إقليمي أصيل يتميز بـ: Japanese dish of prepared vinegared rice accompanied by seafood and vegetables؟,A) Sushi | B) Sashimi | C) Ramen | D) Tempura,A
168,Cooking,Medium,Typing,[50] تحدي تقنيات الطهي: culinary knife cut where food is cut into long thin strips. اكتب اسم التقنية بدقة.,,julienne
169,Cooking,Easy,Multiple Choice,[385] ما هو المكون الغذائي الذي يُعرف بأنه: eukaryotic single-celled microorganism used in baking to leaven bread؟,A) Yeast | B) Baking soda | C) Baking powder | D) Cream of tartar,A
170,Cooking,Easy,Multiple Choice,"[54] ما هو المكون الغذائي الذي يُعرف بأنه: japanese horseradish known for its sharp, pungent green paste؟",A) Horseradish | B) Mustard | C) Wasabi | D) Ginger,C
171,Cooking,Medium,Multiple Choice,[73] في فن الطهي الاحترافي، ما هي الطريقة التي تصف: softening fruit by soaking it in liquid and sugar؟,A) Reduction | B) Confit | C) Infusion | D) Maceration,D
172,Cooking,Hard,Typing,[40] تحدي كبار الطهاة: ما هو اسم الطبق الشهير الموصوف بـ 'Hungarian soup or stew of meat and vegetables seasoned with paprika'؟ اكتب الاسم بدقة.,,goulash
173,Cooking,Medium,Typing,تحدي تقنيات الطهي: cooking food in vacuum-sealed pouches at a precise low temperature. اكتب اسم التقنية بدقة.,,sous-vide
174,Cooking,Easy,Typing,[33] لغز الطبخ: middle eastern condiment made from toasted ground hulled sesame. اكتب الكلمة الصحيحة.,,tahini
175,Cooking,Medium,Multiple Choice,[222] في فن الطهي الاحترافي، ما هي الطريقة التي تصف: allowing bread dough to rise one final time before baking؟,A) Kneading | B) Folding | C) Proofing | D) Scoring,C
176,Cooking,Medium,Multiple Choice,[82] في فن الطهي الاحترافي، ما هي الطريقة التي تصف: culinary knife cut where food is first julienned and then cut into tiny cubes؟,A) Brunoise | B) Batonnet | C) Paysanne | D) Rondelle,A
177,Cooking,Hard,Multiple Choice,[82] فن الطبخ العالمي المتقدم: أي طبق إقليمي أصيل يتميز بـ: northern Italian rice dish cooked with broth until creamy consistency؟,A) Paella | B) Risotto | C) Pilaf | D) Congee,B
178,Cooking,Hard,Multiple Choice,[60] فن الطبخ العالمي المتقدم: أي طبق إقليمي أصيل يتميز بـ: Hungarian soup or stew of meat and vegetables seasoned with paprika؟,A) Borscht | B) Goulash | C) Stroganoff | D) Paprikash,B
179,Cooking,Easy,Typing,[37] لغز الطبخ: creamy Italian cheese coagulated by the addition of citric acid. اكتب الكلمة الصحيحة.,,mascarpone
180,Cooking,Easy,Multiple Choice,[112] ما هو المكون الغذائي الذي يُعرف بأنه: flowering plant in the amaranth family grown as a grain crop؟,A) Quinoa | B) Barley | C) Bulgur | D) Couscous,A
181,Cooking,Easy,Multiple Choice,"[204] ما هو المكون الغذائي الذي يُعرف بأنه: colorless, flavorless food ingredient derived from collagen؟",A) Gelatin | B) Agar-agar | C) Pectin | D) Starch,A
182,Cooking,Hard,Multiple Choice,"[21] فن الطبخ العالمي المتقدم: أي طبق إقليمي أصيل يتميز بـ: Spanish rice dish featuring saffron, vegetables, chicken, and seafood؟",A) Paella | B) Risotto | C) Biryani | D) Jambalaya,A
183,Cooking,Easy,Multiple Choice,[202] ما هو المكون الغذائي الذي يُعرف بأنه: expensive golden-red spice harvested from crocus flowers؟,A) Saffron | B) Turmeric | C) Cardamom | D) Ginger,A
184,Cooking,Hard,Multiple Choice,[129] فن الطبخ العالمي المتقدم: أي طبق إقليمي أصيل يتميز بـ: South American seafood dish where raw fish is cured in fresh citrus juices؟,A) Tartare | B) Carpaccio | C) Poke | D) Ceviche,D
185,Cooking,Easy,Multiple Choice,[391] ما هو المكون الغذائي الذي يُعرف بأنه: southern Italian cheese traditionally made from Italian buffalo milk؟,A) Brie | B) Feta | C) Mozzarella | D) Ricotta,C
186,Cooking,Easy,Multiple Choice,[200] ما هو المكون الغذائي الذي يُعرف بأنه: Italian cured meat prepared from pork jowl or cheeks؟,A) Lard | B) Pancetta | C) Guanciale | D) Tallow,C
187,Cooking,Easy,Multiple Choice,"[114] ما هو المكون الغذائي الذي يُعرف بأنه: japanese horseradish known for its sharp, pungent green paste؟",A) Horseradish | B) Wasabi | C) Mustard | D) Ginger,B
188,Cooking,Medium,Multiple Choice,[117] في فن الطهي الاحترافي، ما هي الطريقة التي تصف: allowing bread dough to rise one final time before baking؟,A) Proofing | B) Kneading | C) Folding | D) Scoring,A
189,Cooking,Easy,Multiple Choice,[210] ما هو المكون الغذائي الذي يُعرف بأنه: fresh green leaves of the coriander plant widely used in salsa؟,A) Mint | B) Cilantro | C) Dill | D) Tarragon,B
190,Cooking,Easy,Multiple Choice,[360] ما هو المكون الغذائي الذي يُعرف بأنه: Italian cured meat prepared from pork jowl or cheeks؟,A) Lard | B) Guanciale | C) Pancetta | D) Tallow,B
191,Cooking,Medium,Typing,[41] تحدي تقنيات الطهي: gradually raising temperature of eggs or chocolate without curdling or seizing. اكتب اسم التقنية بدقة.,,tempering
192,Cooking,Easy,Typing,لغز الطبخ: Italian dry-cured ham that is usually thinly sliced and served uncooked. اكتب الكلمة الصحيحة.,,prosciutto
193,Cooking,Easy,Typing,[55] لغز الطبخ: spice made from the seeds of several plants in the ginger family. اكتب الكلمة الصحيحة.,,cardamom
194,Cooking,Easy,Multiple Choice,[269] ما هو المكون الغذائي الذي يُعرف بأنه: fragrant evergreen herb with needle-like leaves used in roasting؟,A) Thyme | B) Basil | C) Parsley | D) Rosemary,D
195,Cooking,Easy,Typing,لغز الطبخ: red pepper spice commonly used for color and smoky flavor. اكتب الكلمة الصحيحة.,,paprika
196,Cooking,Medium,Multiple Choice,[236] في فن الطهي الاحترافي، ما هي الطريقة التي تصف: gradually raising temperature of eggs or chocolate without curdling or seizing؟,A) Tempering | B) Proofing | C) Curdling | D) Binding,A
197,Cooking,Medium,Multiple Choice,"[75] في فن الطهي الاحترافي، ما هي الطريقة التي تصف: preserving food through addition of salt, nitrates, nitrite, or sugar؟",A) Pasteurization | B) Fermentation | C) Pickling | D) Cure,D
198,Cooking,Easy,Multiple Choice,"[187] ما هو المكون الغذائي الذي يُعرف بأنه: hard, granular Italian cheese made from cow milk؟",A) Cheddar | B) Parmesan | C) Gouda | D) Mozzarella,B
199,Cooking,Easy,Multiple Choice,"ما هو المكون الغذائي الذي يُعرف بأنه: colorless, flavorless food ingredient derived from collagen؟",A) Agar-agar | B) Gelatin | C) Pectin | D) Starch,B
200,Cooking,Easy,Multiple Choice,[119] ما هو المكون الغذائي الذي يُعرف بأنه: Italian cured pork belly seasoned with salt and spices؟,A) Pancetta | B) Prosciutto | C) Salami | D) Chorizo,A
201,Cooking,Medium,Multiple Choice,[219] في فن الطهي الاحترافي، ما هي الطريقة التي تصف: cooking food gently submerged in liquid below boiling point؟,A) Boiling | B) Poaching | C) Simmering | D) Scalding,B
202,Cooking,Hard,Multiple Choice,[22] فن الطبخ العالمي المتقدم: أي طبق إقليمي أصيل يتميز بـ: northern Italian rice dish cooked with broth until creamy consistency؟,A) Paella | B) Pilaf | C) Congee | D) Risotto,D
203,Cooking,Easy,Multiple Choice,"[128] ما هو المكون الغذائي الذي يُعرف بأنه: dark, concentrated, and intensely flavored vinegar originating in Italy؟",A) Apple cider | B) White vinegar | C) Rice vinegar | D) Balsamic,D
204,Cooking,Easy,Multiple Choice,[240] ما هو المكون الغذائي الذي يُعرف بأنه: Italian cured meat prepared from pork jowl or cheeks؟,A) Lard | B) Guanciale | C) Pancetta | D) Tallow,B
205,Cooking,Easy,Typing,لغز الطبخ: fragrant evergreen herb with needle-like leaves used in roasting. اكتب الكلمة الصحيحة.,,rosemary
206,Cooking,Medium,Multiple Choice,[176] في فن الطهي الاحترافي، ما هي الطريقة التي تصف: gradually raising temperature of eggs or chocolate without curdling or seizing؟,A) Proofing | B) Curdling | C) Tempering | D) Binding,C
207,Cooking,Medium,Typing,[16] تحدي تقنيات الطهي: scalding vegetables in boiling water then plunging into ice water. اكتب اسم التقنية بدقة.,,blanching
208,Cooking,Easy,Multiple Choice,[209] ما هو المكون الغذائي الذي يُعرف بأنه: fragrant evergreen herb with needle-like leaves used in roasting؟,A) Thyme | B) Rosemary | C) Basil | D) Parsley,B
209,Cooking,Hard,Multiple Choice,[155] فن الطبخ العالمي المتقدم: أي طبق إقليمي أصيل يتميز بـ: Japanese dish of prepared vinegared rice accompanied by seafood and vegetables؟,A) Sushi | B) Sashimi | C) Ramen | D) Tempura,A
210,Cooking,Easy,Typing,[71] لغز الطبخ: southern Italian cheese traditionally made from Italian buffalo milk. اكتب الكلمة الصحيحة.,,mozzarella
211,Cooking,Hard,Multiple Choice,فن الطبخ العالمي المتقدم: أي طبق إقليمي أصيل يتميز بـ: traditional Provençal fish stew originating from the port city of Marseille؟,A) Chowder | B) Bouillabaisse | C) Bisque | D) Gumbo,B
212,Cooking,Medium,Multiple Choice,[51] في فن الطهي الاحترافي، ما هي الطريقة التي تصف: shredding or finely cutting leafy vegetables or herbs into thin ribbons؟,A) Julienne | B) Dice | C) Chiffonade | D) Mince,C
213,Cooking,Easy,Multiple Choice,[149] ما هو المكون الغذائي الذي يُعرف بأنه: fragrant evergreen herb with needle-like leaves used in roasting؟,A) Thyme | B) Basil | C) Parsley | D) Rosemary,D
214,Cooking,Hard,Multiple Choice,[118] فن الطبخ العالمي المتقدم: أي طبق إقليمي أصيل يتميز بـ: traditional Mexican dish consisting of a folded tortilla filled with meat and salsa؟,A) Burrito | B) Enchilada | C) Quesadilla | D) Tacos,D
215,Cooking,Medium,Multiple Choice,في فن الطهي الاحترافي، ما هي الطريقة التي تصف: scalding vegetables in boiling water then plunging into ice water؟,A) Poaching | B) Steaming | C) Braising | D) Blanching,D
216,Cooking,Hard,Typing,[12] تحدي كبار الطهاة: ما هو اسم الطبق الشهير الموصوف بـ 'northern Italian rice dish cooked with broth until creamy consistency'؟ اكتب الاسم بدقة.,,risotto
217,Cooking,Easy,Multiple Choice,[239] ما هو المكون الغذائي الذي يُعرف بأنه: Italian cured pork belly seasoned with salt and spices؟,A) Pancetta | B) Prosciutto | C) Salami | D) Chorizo,A
218,Cooking,Medium,Multiple Choice,[116] في فن الطهي الاحترافي، ما هي الطريقة التي تصف: gradually raising temperature of eggs or chocolate without curdling or seizing؟,A) Tempering | B) Proofing | C) Curdling | D) Binding,A
219,Cooking,Medium,Multiple Choice,"[55] في فن الطهي الاحترافي، ما هي الطريقة التي تصف: oxidation of sugar, a process used widely in cooking for sweet nutty flavor؟",A) Fermentation | B) Caramelization | C) Coagulation | D) Maceration,B
220,Cooking,Hard,Multiple Choice,[44] فن الطبخ العالمي المتقدم: أي طبق إقليمي أصيل يتميز بـ: traditional Provençal fish stew originating from the port city of Marseille؟,A) Chowder | B) Bouillabaisse | C) Bisque | D) Gumbo,B
221,Cooking,Easy,Multiple Choice,[352] ما هو المكون الغذائي الذي يُعرف بأنه: flowering plant in the amaranth family grown as a grain crop؟,A) Barley | B) Quinoa | C) Bulgur | D) Couscous,B
222,Cooking,Easy,Multiple Choice,[361] ما هو المكون الغذائي الذي يُعرف بأنه: red pepper spice commonly used for color and smoky flavor؟,A) Oregano | B) Paprika | C) Cumin | D) Nutmeg,B
223,Cooking,Medium,Multiple Choice,[121] في فن الطهي الاحترافي، ما هي الطريقة التي تصف: scalding vegetables in boiling water then plunging into ice water؟,A) Poaching | B) Blanching | C) Steaming | D) Braising,B
224,Cooking,Easy,Multiple Choice,"[247] ما هو المكون الغذائي الذي يُعرف بأنه: hard, granular Italian cheese made from cow milk؟",A) Parmesan | B) Cheddar | C) Gouda | D) Mozzarella,A
225,Cooking,Easy,Typing,[95] لغز الطبخ: spice made from the seeds of several plants in the ginger family. اكتب الكلمة الصحيحة.,,cardamom
226,Cooking,Hard,Multiple Choice,"[11] فن الطبخ العالمي المتقدم: أي طبق إقليمي أصيل يتميز بـ: Spanish rice dish featuring saffron, vegetables, chicken, and seafood؟",A) Paella | B) Risotto | C) Biryani | D) Jambalaya,A
227,Cooking,Medium,Typing,[46] تحدي تقنيات الطهي: scalding vegetables in boiling water then plunging into ice water. اكتب اسم التقنية بدقة.,,blanching
228,Cooking,Medium,Typing,[18] تحدي تقنيات الطهي: cooking procedure in which alcohol is added to a hot pan to create flames. اكتب اسم التقنية بدقة.,,flambé
229,Cooking,Easy,Multiple Choice,ما هو المكون الغذائي الذي يُعرف بأنه: southern Italian cheese traditionally made from Italian buffalo milk؟,A) Brie | B) Feta | C) Ricotta | D) Mozzarella,D
230,Cooking,Easy,Multiple Choice,[229] ما هو المكون الغذائي الذي يُعرف بأنه: fragrant evergreen herb with needle-like leaves used in roasting؟,A) Thyme | B) Basil | C) Parsley | D) Rosemary,D
231,Cooking,Easy,Typing,[39] لغز الطبخ: Italian cured pork belly seasoned with salt and spices. اكتب الكلمة الصحيحة.,,pancetta
232,Cooking,Easy,Multiple Choice,[335] ما هو المكون الغذائي الذي يُعرف بأنه: spice made from the seeds of several plants in the ginger family؟,A) Clove | B) Allspice | C) Cardamom | D) Star anise,C
233,Cooking,Easy,Multiple Choice,[319] ما هو المكون الغذائي الذي يُعرف بأنه: Italian cured pork belly seasoned with salt and spices؟,A) Pancetta | B) Prosciutto | C) Salami | D) Chorizo,A
234,Cooking,Hard,Multiple Choice,فن الطبخ العالمي المتقدم: أي طبق إقليمي أصيل يتميز بـ: large range of small Chinese Cantonese dishes served with tea in steamer baskets؟,A) Dumpling | B) Bao | C) Spring roll | D) Dim sum,D
235,Cooking,Medium,Typing,[52] تحدي تقنيات الطهي: culinary knife cut where food is first julienned and then cut into tiny cubes. اكتب اسم التقنية بدقة.,,brunoise
236,Cooking,Easy,Multiple Choice,[199] ما هو المكون الغذائي الذي يُعرف بأنه: Italian cured pork belly seasoned with salt and spices؟,A) Prosciutto | B) Salami | C) Pancetta | D) Chorizo,C
237,Cooking,Easy,Multiple Choice,[53] ما هو المكون الغذائي الذي يُعرف بأنه: middle eastern condiment made from toasted ground hulled sesame؟,A) Hummus | B) Tzatziki | C) Pesto | D) Tahini,D
238,Cooking,Medium,Multiple Choice,[128] في فن الطهي الاحترافي، ما هي الطريقة التي تصف: combination-cooking method using wet and dry heats: browning then simmering؟,A) Stewing | B) Roasting | C) Braising | D) Poaching,C
239,Cooking,Easy,Typing,[72] لغز الطبخ: flowering plant in the amaranth family grown as a grain crop. اكتب الكلمة الصحيحة.,,quinoa
240,Cooking,Medium,Multiple Choice,[227] في فن الطهي الاحترافي، ما هي الطريقة التي تصف: cooking food in vacuum-sealed pouches at a precise low temperature؟,A) Sous-vide | B) Deep-frying | C) Roasting | D) Grilling,A
241,Cooking,Medium,Multiple Choice,[200] في فن الطهي الاحترافي، ما هي الطريقة التي تصف: culinary knife cut where food is cut into long thin strips؟,A) Brunoise | B) Chiffonade | C) Julienne | D) Mirepoix,C
242,Cooking,Easy,Multiple Choice,[106] ما هو المكون الغذائي الذي يُعرف بأنه: subterranean ascomycete fungus prized as a culinary delicacy؟,A) Portobello | B) Truffle | C) Shiitake | D) Morel,B
243,Cooking,Easy,Multiple Choice,[33] ما هو المكون الغذائي الذي يُعرف بأنه: middle eastern condiment made from toasted ground hulled sesame؟,A) Tahini | B) Hummus | C) Tzatziki | D) Pesto,A
244,Cooking,Easy,Multiple Choice,[323] ما هو المكون الغذائي الذي يُعرف بأنه: flavoring derived from orchids of the genus Vanilla؟,A) Almond | B) Cinnamon | C) Mint | D) Vanilla,D
245,Cooking,Easy,Multiple Choice,"[116] ما هو المكون الغذائي الذي يُعرف بأنه: botanical variety of the onion with a mild, delicate flavor؟",A) Leek | B) Garlic | C) Scallion | D) Shallot,D
246,Cooking,Easy,Multiple Choice,[255] ما هو المكون الغذائي الذي يُعرف بأنه: spice made from the seeds of several plants in the ginger family؟,A) Clove | B) Cardamom | C) Allspice | D) Star anise,B
247,Cooking,Medium,Typing,[48] تحدي تقنيات الطهي: cooking procedure in which alcohol is added to a hot pan to create flames. اكتب اسم التقنية بدقة.,,flambé
248,Cooking,Medium,Multiple Choice,"[165] في فن الطهي الاحترافي، ما هي الطريقة التي تصف: preserving food through addition of salt, nitrates, nitrite, or sugar؟",A) Cure | B) Pasteurization | C) Fermentation | D) Pickling,A
249,Cooking,Easy,Typing,[50] لغز الطبخ: fresh green leaves of the coriander plant widely used in salsa. اكتب الكلمة الصحيحة.,,cilantro
250,Cooking,Medium,Multiple Choice,"[25] في فن الطهي الاحترافي، ما هي الطريقة التي تصف: oxidation of sugar, a process used widely in cooking for sweet nutty flavor؟",A) Caramelization | B) Fermentation | C) Coagulation | D) Maceration,A
251,Cooking,Easy,Multiple Choice,"[148] ما هو المكون الغذائي الذي يُعرف بأنه: dark, concentrated, and intensely flavored vinegar originating in Italy؟",A) Apple cider | B) Balsamic | C) White vinegar | D) Rice vinegar,B
252,Cooking,Easy,Multiple Choice,[265] ما هو المكون الغذائي الذي يُعرف بأنه: eukaryotic single-celled microorganism used in baking to leaven bread؟,A) Baking soda | B) Baking powder | C) Yeast | D) Cream of tartar,C
253,Cooking,Medium,Multiple Choice,[103] في فن الطهي الاحترافي، ما هي الطريقة التي تصف: softening fruit by soaking it in liquid and sugar؟,A) Reduction | B) Confit | C) Maceration | D) Infusion,C
254,Cooking,Hard,Multiple Choice,[68] فن الطبخ العالمي المتقدم: أي طبق إقليمي أصيل يتميز بـ: traditional Mexican dish consisting of a folded tortilla filled with meat and salsa؟,A) Burrito | B) Enchilada | C) Tacos | D) Quesadilla,C
255,Cooking,Medium,Multiple Choice,[217] في فن الطهي الاحترافي، ما هي الطريقة التي تصف: culinary knife cut where food is first julienned and then cut into tiny cubes؟,A) Batonnet | B) Paysanne | C) Brunoise | D) Rondelle,C
256,Cooking,Medium,Multiple Choice,[91] في فن الطهي الاحترافي، ما هي الطريقة التي تصف: scalding vegetables in boiling water then plunging into ice water؟,A) Poaching | B) Blanching | C) Steaming | D) Braising,B
257,Cooking,Easy,Typing,"[48] لغز الطبخ: dark, concentrated, and intensely flavored vinegar originating in Italy. اكتب الكلمة الصحيحة.",,balsamic
258,Cooking,Hard,Typing,[27] تحدي كبار الطهاة: ما هو اسم الطبق الشهير الموصوف بـ 'layered eggplant and minced meat casserole topped with béchamel sauce'؟ اكتب الاسم بدقة.,,moussaka
259,Cooking,Easy,Multiple Choice,[102] ما هو المكون الغذائي الذي يُعرف بأنه: expensive golden-red spice harvested from crocus flowers؟,A) Saffron | B) Turmeric | C) Cardamom | D) Ginger,A
260,Cooking,Easy,Multiple Choice,"[384] ما هو المكون الغذائي الذي يُعرف بأنه: colorless, flavorless food ingredient derived from collagen؟",A) Gelatin | B) Agar-agar | C) Pectin | D) Starch,A
261,Cooking,Easy,Multiple Choice,"[88] ما هو المكون الغذائي الذي يُعرف بأنه: dark, concentrated, and intensely flavored vinegar originating in Italy؟",A) Apple cider | B) White vinegar | C) Balsamic | D) Rice vinegar,C
262,Cooking,Hard,Multiple Choice,[124] فن الطبخ العالمي المتقدم: أي طبق إقليمي أصيل يتميز بـ: traditional Provençal fish stew originating from the port city of Marseille؟,A) Bouillabaisse | B) Chowder | C) Bisque | D) Gumbo,A
263,Cooking,Easy,Multiple Choice,"ما هو المكون الغذائي الذي يُعرف بأنه: botanical variety of the onion with a mild, delicate flavor؟",A) Leek | B) Garlic | C) Scallion | D) Shallot,D
264,Cooking,Easy,Multiple Choice,[130] ما هو المكون الغذائي الذي يُعرف بأنه: fresh green leaves of the coriander plant widely used in salsa؟,A) Mint | B) Cilantro | C) Dill | D) Tarragon,B
265,Cooking,Medium,Multiple Choice,في فن الطهي الاحترافي، ما هي الطريقة التي تصف: cooking food slowly in fat or sugar syrup at low temperature؟,A) Broiling | B) Searing | C) Confit | D) Smoking,C
266,Cooking,Easy,Multiple Choice,[238] ما هو المكون الغذائي الذي يُعرف بأنه: Italian dry-cured ham that is usually thinly sliced and served uncooked؟,A) Pancetta | B) Guanciale | C) Prosciutto | D) Bacon,C
267,Cooking,Hard,Multiple Choice,[26] فن الطبخ العالمي المتقدم: أي طبق إقليمي أصيل يتميز بـ: large range of small Chinese Cantonese dishes served with tea in steamer baskets؟,A) Dumpling | B) Bao | C) Spring roll | D) Dim sum,D
268,Cooking,Easy,Multiple Choice,[286] ما هو المكون الغذائي الذي يُعرف بأنه: subterranean ascomycete fungus prized as a culinary delicacy؟,A) Portobello | B) Shiitake | C) Truffle | D) Morel,C
269,Cooking,Easy,Typing,[58] لغز الطبخ: Italian dry-cured ham that is usually thinly sliced and served uncooked. اكتب الكلمة الصحيحة.,,prosciutto
270,Cooking,Easy,Typing,لغز الطبخ: expensive golden-red spice harvested from crocus flowers. اكتب الكلمة الصحيحة.,,saffron
271,Cooking,Medium,Multiple Choice,[63] في فن الطهي الاحترافي، ما هي الطريقة التي تصف: cooking procedure in which alcohol is added to a hot pan to create flames؟,A) Deglazing | B) Sautéing | C) Flambé | D) Caramelizing,C
272,Cooking,Easy,Multiple Choice,[340] ما هو المكون الغذائي الذي يُعرف بأنه: Italian cured meat prepared from pork jowl or cheeks؟,A) Guanciale | B) Lard | C) Pancetta | D) Tallow,A
273,Cooking,Easy,Multiple Choice,[113] ما هو المكون الغذائي الذي يُعرف بأنه: middle eastern condiment made from toasted ground hulled sesame؟,A) Hummus | B) Tzatziki | C) Pesto | D) Tahini,D
274,Cooking,Easy,Multiple Choice,[279] ما هو المكون الغذائي الذي يُعرف بأنه: Italian cured pork belly seasoned with salt and spices؟,A) Prosciutto | B) Pancetta | C) Salami | D) Chorizo,B
275,Cooking,Easy,Multiple Choice,[139] ما هو المكون الغذائي الذي يُعرف بأنه: Italian cured pork belly seasoned with salt and spices؟,A) Pancetta | B) Prosciutto | C) Salami | D) Chorizo,A
276,Cooking,Easy,Typing,"لغز الطبخ: botanical variety of the onion with a mild, delicate flavor. اكتب الكلمة الصحيحة.",,shallot
277,Cooking,Easy,Multiple Choice,[30] ما هو المكون الغذائي الذي يُعرف بأنه: fresh green leaves of the coriander plant widely used in salsa؟,A) Mint | B) Dill | C) Cilantro | D) Tarragon,C
278,Cooking,Medium,Multiple Choice,[46] في فن الطهي الاحترافي، ما هي الطريقة التي تصف: scalding vegetables in boiling water then plunging into ice water؟,A) Blanching | B) Poaching | C) Steaming | D) Braising,A
279,Cooking,Medium,Typing,[26] تحدي تقنيات الطهي: gradually raising temperature of eggs or chocolate without curdling or seizing. اكتب اسم التقنية بدقة.,,tempering
280,Cooking,Hard,Multiple Choice,[84] فن الطبخ العالمي المتقدم: أي طبق إقليمي أصيل يتميز بـ: traditional Provençal fish stew originating from the port city of Marseille؟,A) Chowder | B) Bisque | C) Gumbo | D) Bouillabaisse,D
281,Cooking,Easy,Multiple Choice,"[87] ما هو المكون الغذائي الذي يُعرف بأنه: hard, granular Italian cheese made from cow milk؟",A) Cheddar | B) Parmesan | C) Gouda | D) Mozzarella,B
282,Cooking,Hard,Multiple Choice,[150] فن الطبخ العالمي المتقدم: أي طبق إقليمي أصيل يتميز بـ: Hungarian soup or stew of meat and vegetables seasoned with paprika؟,A) Goulash | B) Borscht | C) Stroganoff | D) Paprikash,A
283,Cooking,Easy,Multiple Choice,[120] ما هو المكون الغذائي الذي يُعرف بأنه: Italian cured meat prepared from pork jowl or cheeks؟,A) Lard | B) Pancetta | C) Tallow | D) Guanciale,D
284,Cooking,Easy,Multiple Choice,[206] ما هو المكون الغذائي الذي يُعرف بأنه: subterranean ascomycete fungus prized as a culinary delicacy؟,A) Truffle | B) Portobello | C) Shiitake | D) Morel,A
285,Cooking,Easy,Multiple Choice,[332] ما هو المكون الغذائي الذي يُعرف بأنه: flowering plant in the amaranth family grown as a grain crop؟,A) Barley | B) Quinoa | C) Bulgur | D) Couscous,B
286,Cooking,Easy,Multiple Choice,[395] ما هو المكون الغذائي الذي يُعرف بأنه: spice made from the seeds of several plants in the ginger family؟,A) Clove | B) Allspice | C) Star anise | D) Cardamom,D
287,Cooking,Hard,Multiple Choice,[122] فن الطبخ العالمي المتقدم: أي طبق إقليمي أصيل يتميز بـ: northern Italian rice dish cooked with broth until creamy consistency؟,A) Risotto | B) Paella | C) Pilaf | D) Congee,A
288,Cooking,Easy,Multiple Choice,[70] ما هو المكون الغذائي الذي يُعرف بأنه: fresh green leaves of the coriander plant widely used in salsa؟,A) Mint | B) Dill | C) Tarragon | D) Cilantro,D
289,Cooking,Easy,Multiple Choice,[159] ما هو المكون الغذائي الذي يُعرف بأنه: Italian cured pork belly seasoned with salt and spices؟,A) Prosciutto | B) Salami | C) Chorizo | D) Pancetta,D
290,Cooking,Hard,Multiple Choice,"[41] فن الطبخ العالمي المتقدم: أي طبق إقليمي أصيل يتميز بـ: Spanish rice dish featuring saffron, vegetables, chicken, and seafood؟",A) Risotto | B) Paella | C) Biryani | D) Jambalaya,B
291,Cooking,Medium,Multiple Choice,"[70] في فن الطهي الاحترافي، ما هي الطريقة التي تصف: oxidation of sugar, a process used widely in cooking for sweet nutty flavor؟",A) Fermentation | B) Coagulation | C) Maceration | D) Caramelization,D
292,Cooking,Hard,Multiple Choice,[142] فن الطبخ العالمي المتقدم: أي طبق إقليمي أصيل يتميز بـ: northern Italian rice dish cooked with broth until creamy consistency؟,A) Paella | B) Risotto | C) Pilaf | D) Congee,B
293,Cooking,Easy,Typing,لغز الطبخ: southern Italian cheese traditionally made from Italian buffalo milk. اكتب الكلمة الصحيحة.,,mozzarella
294,Cooking,Easy,Multiple Choice,[373] ما هو المكون الغذائي الذي يُعرف بأنه: middle eastern condiment made from toasted ground hulled sesame؟,A) Hummus | B) Tzatziki | C) Pesto | D) Tahini,D
295,Cooking,Easy,Multiple Choice,[250] ما هو المكون الغذائي الذي يُعرف بأنه: fresh green leaves of the coriander plant widely used in salsa؟,A) Cilantro | B) Mint | C) Dill | D) Tarragon,A
296,Cooking,Easy,Multiple Choice,[129] ما هو المكون الغذائي الذي يُعرف بأنه: fragrant evergreen herb with needle-like leaves used in roasting؟,A) Thyme | B) Basil | C) Rosemary | D) Parsley,C
297,Cooking,Hard,Multiple Choice,[40] فن الطبخ العالمي المتقدم: أي طبق إقليمي أصيل يتميز بـ: Hungarian soup or stew of meat and vegetables seasoned with paprika؟,A) Goulash | B) Borscht | C) Stroganoff | D) Paprikash,A
298,Cooking,Hard,Multiple Choice,[39] فن الطبخ العالمي المتقدم: أي طبق إقليمي أصيل يتميز بـ: South American seafood dish where raw fish is cured in fresh citrus juices؟,A) Tartare | B) Carpaccio | C) Poke | D) Ceviche,D
299,Cooking,Easy,Typing,[45] لغز الطبخ: eukaryotic single-celled microorganism used in baking to leaven bread. اكتب الكلمة الصحيحة.,,yeast
300,Cooking,Hard,Multiple Choice,"فن الطبخ العالمي المتقدم: أي طبق إقليمي أصيل يتميز بـ: French Provençal stewed vegetable dish featuring eggplant, zucchini, and peppers؟",A) Bouillabaisse | B) Cassoulet | C) Coq au vin | D) Ratatouille,D
301,Cooking,Medium,Multiple Choice,[238] في فن الطهي الاحترافي، ما هي الطريقة التي تصف: softening fruit by soaking it in liquid and sugar؟,A) Reduction | B) Confit | C) Maceration | D) Infusion,C
302,Cooking,Medium,Multiple Choice,[174] في فن الطهي الاحترافي، ما هي الطريقة التي تصف: cooking food gently submerged in liquid below boiling point؟,A) Boiling | B) Poaching | C) Simmering | D) Scalding,B
303,Cooking,Medium,Multiple Choice,[92] في فن الطهي الاحترافي، ما هي الطريقة التي تصف: cooking food in vacuum-sealed pouches at a precise low temperature؟,A) Sous-vide | B) Deep-frying | C) Roasting | D) Grilling,A
304,Cooking,Easy,Multiple Choice,[366] ما هو المكون الغذائي الذي يُعرف بأنه: subterranean ascomycete fungus prized as a culinary delicacy؟,A) Portobello | B) Shiitake | C) Morel | D) Truffle,D
305,Cooking,Easy,Typing,[98] لغز الطبخ: Italian dry-cured ham that is usually thinly sliced and served uncooked. اكتب الكلمة الصحيحة.,,prosciutto
306,Cooking,Easy,Typing,[99] لغز الطبخ: Italian cured pork belly seasoned with salt and spices. اكتب الكلمة الصحيحة.,,pancetta
307,Cooking,Easy,Multiple Choice,[169] ما هو المكون الغذائي الذي يُعرف بأنه: fragrant evergreen herb with needle-like leaves used in roasting؟,A) Rosemary | B) Thyme | C) Basil | D) Parsley,A
308,Cooking,Hard,Multiple Choice,"[141] فن الطبخ العالمي المتقدم: أي طبق إقليمي أصيل يتميز بـ: Spanish rice dish featuring saffron, vegetables, chicken, and seafood؟",A) Risotto | B) Paella | C) Biryani | D) Jambalaya,B
309,Cooking,Easy,Multiple Choice,[372] ما هو المكون الغذائي الذي يُعرف بأنه: flowering plant in the amaranth family grown as a grain crop؟,A) Barley | B) Bulgur | C) Quinoa | D) Couscous,C
310,Cooking,Medium,Multiple Choice,[93] في فن الطهي الاحترافي، ما هي الطريقة التي تصف: cooking procedure in which alcohol is added to a hot pan to create flames؟,A) Deglazing | B) Flambé | C) Sautéing | D) Caramelizing,B
311,Cooking,Easy,Multiple Choice,[377] ما هو المكون الغذائي الذي يُعرف بأنه: creamy Italian cheese coagulated by the addition of citric acid؟,A) Mascarpone | B) Ricotta | C) Cream cheese | D) Quark,A
312,Cooking,Medium,Multiple Choice,[123] في فن الطهي الاحترافي، ما هي الطريقة التي تصف: cooking procedure in which alcohol is added to a hot pan to create flames؟,A) Deglazing | B) Flambé | C) Sautéing | D) Caramelizing,B
313,Cooking,Easy,Multiple Choice,"[368] ما هو المكون الغذائي الذي يُعرف بأنه: dark, concentrated, and intensely flavored vinegar originating in Italy؟",A) Balsamic | B) Apple cider | C) White vinegar | D) Rice vinegar,A
314,Cooking,Medium,Multiple Choice,[94] في فن الطهي الاحترافي، ما هي الطريقة التي تصف: adding liquid to a hot pan to dissolve browned food residue؟,A) Reducing | B) Emulsifying | C) Clarifying | D) Deglazing,D
315,Cooking,Medium,Multiple Choice,"[60] في فن الطهي الاحترافي، ما هي الطريقة التي تصف: preserving food through addition of salt, nitrates, nitrite, or sugar؟",A) Cure | B) Pasteurization | C) Fermentation | D) Pickling,A
316,Cooking,Easy,Typing,لغز الطبخ: flowering plant in the amaranth family grown as a grain crop. اكتب الكلمة الصحيحة.,,quinoa
317,Cooking,Easy,Multiple Choice,[103] ما هو المكون الغذائي الذي يُعرف بأنه: flavoring derived from orchids of the genus Vanilla؟,A) Almond | B) Vanilla | C) Cinnamon | D) Mint,B
318,Cooking,Medium,Multiple Choice,[182] في فن الطهي الاحترافي، ما هي الطريقة التي تصف: cooking food in vacuum-sealed pouches at a precise low temperature؟,A) Deep-frying | B) Roasting | C) Sous-vide | D) Grilling,C
319,Cooking,Medium,Multiple Choice,[143] في فن الطهي الاحترافي، ما هي الطريقة التي تصف: combination-cooking method using wet and dry heats: browning then simmering؟,A) Stewing | B) Roasting | C) Poaching | D) Braising,D
320,Cooking,Easy,Typing,لغز الطبخ: fresh green leaves of the coriander plant widely used in salsa. اكتب الكلمة الصحيحة.,,cilantro
321,Cooking,Easy,Multiple Choice,[179] ما هو المكون الغذائي الذي يُعرف بأنه: Italian cured pork belly seasoned with salt and spices؟,A) Prosciutto | B) Salami | C) Chorizo | D) Pancetta,D
322,Cooking,Easy,Multiple Choice,[52] ما هو المكون الغذائي الذي يُعرف بأنه: flowering plant in the amaranth family grown as a grain crop؟,A) Barley | B) Bulgur | C) Couscous | D) Quinoa,D
323,Cooking,Easy,Multiple Choice,[280] ما هو المكون الغذائي الذي يُعرف بأنه: Italian cured meat prepared from pork jowl or cheeks؟,A) Lard | B) Guanciale | C) Pancetta | D) Tallow,B
324,Cooking,Easy,Multiple Choice,[306] ما هو المكون الغذائي الذي يُعرف بأنه: subterranean ascomycete fungus prized as a culinary delicacy؟,A) Portobello | B) Truffle | C) Shiitake | D) Morel,B
325,Cooking,Hard,Multiple Choice,[120] فن الطبخ العالمي المتقدم: أي طبق إقليمي أصيل يتميز بـ: Hungarian soup or stew of meat and vegetables seasoned with paprika؟,A) Borscht | B) Stroganoff | C) Paprikash | D) Goulash,D
326,Cooking,Easy,Typing,[69] لغز الطبخ: fragrant evergreen herb with needle-like leaves used in roasting. اكتب الكلمة الصحيحة.,,rosemary
327,Cooking,Easy,Multiple Choice,[185] ما هو المكون الغذائي الذي يُعرف بأنه: eukaryotic single-celled microorganism used in baking to leaven bread؟,A) Baking soda | B) Baking powder | C) Cream of tartar | D) Yeast,D
328,Cooking,Easy,Typing,[38] لغز الطبخ: Italian dry-cured ham that is usually thinly sliced and served uncooked. اكتب الكلمة الصحيحة.,,prosciutto
329,Cooking,Hard,Multiple Choice,فن الطبخ العالمي المتقدم: أي طبق إقليمي أصيل يتميز بـ: Hungarian soup or stew of meat and vegetables seasoned with paprika؟,A) Borscht | B) Goulash | C) Stroganoff | D) Paprikash,B
330,Cooking,Easy,Multiple Choice,"[84] ما هو المكون الغذائي الذي يُعرف بأنه: colorless, flavorless food ingredient derived from collagen؟",A) Gelatin | B) Agar-agar | C) Pectin | D) Starch,A
331,Cooking,Easy,Multiple Choice,[397] ما هو المكون الغذائي الذي يُعرف بأنه: creamy Italian cheese coagulated by the addition of citric acid؟,A) Ricotta | B) Cream cheese | C) Mascarpone | D) Quark,C
332,Cooking,Medium,Typing,[31] تحدي تقنيات الطهي: scalding vegetables in boiling water then plunging into ice water. اكتب اسم التقنية بدقة.,,blanching
333,Cooking,Hard,Multiple Choice,[38] فن الطبخ العالمي المتقدم: أي طبق إقليمي أصيل يتميز بـ: traditional Mexican dish consisting of a folded tortilla filled with meat and salsa؟,A) Burrito | B) Enchilada | C) Tacos | D) Quesadilla,C
334,Cooking,Easy,Multiple Choice,[63] ما هو المكون الغذائي الذي يُعرف بأنه: flavoring derived from orchids of the genus Vanilla؟,A) Vanilla | B) Almond | C) Cinnamon | D) Mint,A
335,Cooking,Easy,Multiple Choice,ما هو المكون الغذائي الذي يُعرف بأنه: spice made from the seeds of several plants in the ginger family؟,A) Clove | B) Cardamom | C) Allspice | D) Star anise,B
336,Cooking,Hard,Multiple Choice,[105] فن الطبخ العالمي المتقدم: أي طبق إقليمي أصيل يتميز بـ: Japanese dish of prepared vinegared rice accompanied by seafood and vegetables؟,A) Sashimi | B) Ramen | C) Sushi | D) Tempura,C
337,Cooking,Easy,Multiple Choice,[318] ما هو المكون الغذائي الذي يُعرف بأنه: Italian dry-cured ham that is usually thinly sliced and served uncooked؟,A) Pancetta | B) Prosciutto | C) Guanciale | D) Bacon,B
338,Cooking,Easy,Typing,[42] لغز الطبخ: expensive golden-red spice harvested from crocus flowers. اكتب الكلمة الصحيحة.,,saffron
339,Cooking,Medium,Typing,[42] تحدي تقنيات الطهي: allowing bread dough to rise one final time before baking. اكتب اسم التقنية بدقة.,,proofing
340,Cooking,Hard,Multiple Choice,[80] فن الطبخ العالمي المتقدم: أي طبق إقليمي أصيل يتميز بـ: Hungarian soup or stew of meat and vegetables seasoned with paprika؟,A) Borscht | B) Goulash | C) Stroganoff | D) Paprikash,B
341,Cooking,Medium,Typing,[32] تحدي تقنيات الطهي: cooking food in vacuum-sealed pouches at a precise low temperature. اكتب اسم التقنية بدقة.,,sous-vide
342,Cooking,Easy,Multiple Choice,[369] ما هو المكون الغذائي الذي يُعرف بأنه: fragrant evergreen herb with needle-like leaves used in roasting؟,A) Thyme | B) Rosemary | C) Basil | D) Parsley,B
343,Cooking,Medium,Multiple Choice,"[135] في فن الطهي الاحترافي، ما هي الطريقة التي تصف: preserving food through addition of salt, nitrates, nitrite, or sugar؟",A) Pasteurization | B) Fermentation | C) Cure | D) Pickling,C
344,Cooking,Medium,Multiple Choice,[204] في فن الطهي الاحترافي، ما هي الطريقة التي تصف: cooking food gently submerged in liquid below boiling point؟,A) Boiling | B) Simmering | C) Scalding | D) Poaching,D
345,Cooking,Easy,Typing,[35] لغز الطبخ: spice made from the seeds of several plants in the ginger family. اكتب الكلمة الصحيحة.,,cardamom
346,Cooking,Easy,Multiple Choice,[349] ما هو المكون الغذائي الذي يُعرف بأنه: fragrant evergreen herb with needle-like leaves used in roasting؟,A) Thyme | B) Basil | C) Rosemary | D) Parsley,C
347,Cooking,Easy,Multiple Choice,"[394] ما هو المكون الغذائي الذي يُعرف بأنه: japanese horseradish known for its sharp, pungent green paste؟",A) Horseradish | B) Mustard | C) Wasabi | D) Ginger,C
348,Cooking,Medium,Typing,[27] تحدي تقنيات الطهي: allowing bread dough to rise one final time before baking. اكتب اسم التقنية بدقة.,,proofing
349,Cooking,Easy,Multiple Choice,[111] ما هو المكون الغذائي الذي يُعرف بأنه: southern Italian cheese traditionally made from Italian buffalo milk؟,A) Mozzarella | B) Brie | C) Feta | D) Ricotta,A
350,Cooking,Easy,Multiple Choice,[195] ما هو المكون الغذائي الذي يُعرف بأنه: spice made from the seeds of several plants in the ginger family؟,A) Clove | B) Cardamom | C) Allspice | D) Star anise,B
351,Cooking,Hard,Multiple Choice,[94] فن الطبخ العالمي المتقدم: أي طبق إقليمي أصيل يتميز بـ: traditional Provençal fish stew originating from the port city of Marseille؟,A) Chowder | B) Bisque | C) Gumbo | D) Bouillabaisse,D
352,Cooking,Easy,Typing,[82] لغز الطبخ: expensive golden-red spice harvested from crocus flowers. اكتب الكلمة الصحيحة.,,saffron
353,Cooking,Easy,Multiple Choice,[378] ما هو المكون الغذائي الذي يُعرف بأنه: Italian dry-cured ham that is usually thinly sliced and served uncooked؟,A) Pancetta | B) Guanciale | C) Prosciutto | D) Bacon,C
354,Cooking,Easy,Multiple Choice,[313] ما هو المكون الغذائي الذي يُعرف بأنه: middle eastern condiment made from toasted ground hulled sesame؟,A) Tahini | B) Hummus | C) Tzatziki | D) Pesto,A
355,Cooking,Hard,Multiple Choice,[92] فن الطبخ العالمي المتقدم: أي طبق إقليمي أصيل يتميز بـ: northern Italian rice dish cooked with broth until creamy consistency؟,A) Paella | B) Risotto | C) Pilaf | D) Congee,B
356,Cooking,Easy,Multiple Choice,[125] ما هو المكون الغذائي الذي يُعرف بأنه: eukaryotic single-celled microorganism used in baking to leaven bread؟,A) Baking soda | B) Baking powder | C) Cream of tartar | D) Yeast,D
357,Cooking,Easy,Multiple Choice,"[154] ما هو المكون الغذائي الذي يُعرف بأنه: japanese horseradish known for its sharp, pungent green paste؟",A) Horseradish | B) Wasabi | C) Mustard | D) Ginger,B
358,Cooking,Easy,Typing,لغز الطبخ: Italian cured meat prepared from pork jowl or cheeks. اكتب الكلمة الصحيحة.,,guanciale
359,Cooking,Easy,Multiple Choice,"[396] ما هو المكون الغذائي الذي يُعرف بأنه: botanical variety of the onion with a mild, delicate flavor؟",A) Shallot | B) Leek | C) Garlic | D) Scallion,A
360,Cooking,Easy,Multiple Choice,[77] ما هو المكون الغذائي الذي يُعرف بأنه: creamy Italian cheese coagulated by the addition of citric acid؟,A) Ricotta | B) Cream cheese | C) Quark | D) Mascarpone,D
361,Cooking,Easy,Typing,"لغز الطبخ: colorless, flavorless food ingredient derived from collagen. اكتب الكلمة الصحيحة.",,gelatin
362,Cooking,Medium,Multiple Choice,[206] في فن الطهي الاحترافي، ما هي الطريقة التي تصف: gradually raising temperature of eggs or chocolate without curdling or seizing؟,A) Proofing | B) Curdling | C) Tempering | D) Binding,C
363,Cooking,Easy,Multiple Choice,[172] ما هو المكون الغذائي الذي يُعرف بأنه: flowering plant in the amaranth family grown as a grain crop؟,A) Barley | B) Bulgur | C) Couscous | D) Quinoa,D
364,Cooking,Easy,Multiple Choice,[321] ما هو المكون الغذائي الذي يُعرف بأنه: red pepper spice commonly used for color and smoky flavor؟,A) Oregano | B) Cumin | C) Paprika | D) Nutmeg,C
365,Cooking,Easy,Typing,[29] لغز الطبخ: fragrant evergreen herb with needle-like leaves used in roasting. اكتب الكلمة الصحيحة.,,rosemary
366,Cooking,Medium,Multiple Choice,[228] في فن الطهي الاحترافي، ما هي الطريقة التي تصف: cooking procedure in which alcohol is added to a hot pan to create flames؟,A) Deglazing | B) Sautéing | C) Flambé | D) Caramelizing,C
367,Cooking,Easy,Multiple Choice,[49] ما هو المكون الغذائي الذي يُعرف بأنه: fragrant evergreen herb with needle-like leaves used in roasting؟,A) Thyme | B) Rosemary | C) Basil | D) Parsley,B
368,Cooking,Medium,Multiple Choice,[136] في فن الطهي الاحترافي، ما هي الطريقة التي تصف: scalding vegetables in boiling water then plunging into ice water؟,A) Poaching | B) Steaming | C) Blanching | D) Braising,C
369,Cooking,Easy,Multiple Choice,"[304] ما هو المكون الغذائي الذي يُعرف بأنه: colorless, flavorless food ingredient derived from collagen؟",A) Agar-agar | B) Gelatin | C) Pectin | D) Starch,B
370,Cooking,Hard,Multiple Choice,[95] فن الطبخ العالمي المتقدم: أي طبق إقليمي أصيل يتميز بـ: Japanese dish of prepared vinegared rice accompanied by seafood and vegetables؟,A) Sashimi | B) Ramen | C) Sushi | D) Tempura,C
371,Cooking,Easy,Typing,[59] لغز الطبخ: Italian cured pork belly seasoned with salt and spices. اكتب الكلمة الصحيحة.,,pancetta
372,Cooking,Easy,Typing,[41] لغز الطبخ: red pepper spice commonly used for color and smoky flavor. اكتب الكلمة الصحيحة.,,paprika
373,Cooking,Hard,Typing,[15] تحدي كبار الطهاة: ما هو اسم الطبق الشهير الموصوف بـ 'Japanese dish of prepared vinegared rice accompanied by seafood and vegetables'؟ اكتب الاسم بدقة.,,sushi
374,Cooking,Easy,Multiple Choice,"[328] ما هو المكون الغذائي الذي يُعرف بأنه: dark, concentrated, and intensely flavored vinegar originating in Italy؟",A) Balsamic | B) Apple cider | C) White vinegar | D) Rice vinegar,A
375,Cooking,Easy,Typing,[93] لغز الطبخ: middle eastern condiment made from toasted ground hulled sesame. اكتب الكلمة الصحيحة.,,tahini
376,Cooking,Hard,Multiple Choice,[49] فن الطبخ العالمي المتقدم: أي طبق إقليمي أصيل يتميز بـ: South American seafood dish where raw fish is cured in fresh citrus juices؟,A) Tartare | B) Carpaccio | C) Ceviche | D) Poke,C
377,Cooking,Medium,Multiple Choice,[106] في فن الطهي الاحترافي، ما هي الطريقة التي تصف: scalding vegetables in boiling water then plunging into ice water؟,A) Poaching | B) Steaming | C) Blanching | D) Braising,C
378,Cooking,Easy,Multiple Choice,[261] ما هو المكون الغذائي الذي يُعرف بأنه: red pepper spice commonly used for color and smoky flavor؟,A) Oregano | B) Cumin | C) Nutmeg | D) Paprika,D
379,Cooking,Easy,Typing,[73] لغز الطبخ: middle eastern condiment made from toasted ground hulled sesame. اكتب الكلمة الصحيحة.,,tahini
380,Cooking,Easy,Multiple Choice,[305] ما هو المكون الغذائي الذي يُعرف بأنه: eukaryotic single-celled microorganism used in baking to leaven bread؟,A) Baking soda | B) Baking powder | C) Yeast | D) Cream of tartar,C
381,Cooking,Medium,Multiple Choice,[118] في فن الطهي الاحترافي، ما هي الطريقة التي تصف: softening fruit by soaking it in liquid and sugar؟,A) Maceration | B) Reduction | C) Confit | D) Infusion,A
382,Cooking,Medium,Multiple Choice,[213] في فن الطهي الاحترافي، ما هي الطريقة التي تصف: cooking procedure in which alcohol is added to a hot pan to create flames؟,A) Deglazing | B) Sautéing | C) Caramelizing | D) Flambé,D
383,Cooking,Easy,Typing,"[56] لغز الطبخ: botanical variety of the onion with a mild, delicate flavor. اكتب الكلمة الصحيحة.",,shallot
384,Cooking,Easy,Multiple Choice,[218] ما هو المكون الغذائي الذي يُعرف بأنه: Italian dry-cured ham that is usually thinly sliced and served uncooked؟,A) Prosciutto | B) Pancetta | C) Guanciale | D) Bacon,A
385,Cooking,Medium,Typing,تحدي تقنيات الطهي: culinary knife cut where food is cut into long thin strips. اكتب اسم التقنية بدقة.,,julienne
386,Cooking,Easy,Multiple Choice,[242] ما هو المكون الغذائي الذي يُعرف بأنه: expensive golden-red spice harvested from crocus flowers؟,A) Turmeric | B) Saffron | C) Cardamom | D) Ginger,B
387,Cooking,Medium,Multiple Choice,[162] في فن الطهي الاحترافي، ما هي الطريقة التي تصف: allowing bread dough to rise one final time before baking؟,A) Kneading | B) Folding | C) Proofing | D) Scoring,C
388,Cooking,Hard,Typing,[14] تحدي كبار الطهاة: ما هو اسم الطبق الشهير الموصوف بـ 'traditional Provençal fish stew originating from the port city of Marseille'؟ اكتب الاسم بدقة.,,bouillabaisse
389,Cooking,Hard,Typing,[38] تحدي كبار الطهاة: ما هو اسم الطبق الشهير الموصوف بـ 'traditional Mexican dish consisting of a folded tortilla filled with meat and salsa'؟ اكتب الاسم بدقة.,,tacos
390,Cooking,Medium,Multiple Choice,[140] في فن الطهي الاحترافي، ما هي الطريقة التي تصف: culinary knife cut where food is cut into long thin strips؟,A) Brunoise | B) Chiffonade | C) Mirepoix | D) Julienne,D
391,Cooking,Medium,Multiple Choice,[172] في فن الطهي الاحترافي، ما هي الطريقة التي تصف: culinary knife cut where food is first julienned and then cut into tiny cubes؟,A) Batonnet | B) Paysanne | C) Rondelle | D) Brunoise,D
392,Cooking,Easy,Multiple Choice,"[27] ما هو المكون الغذائي الذي يُعرف بأنه: hard, granular Italian cheese made from cow milk؟",A) Cheddar | B) Parmesan | C) Gouda | D) Mozzarella,B
393,Cooking,Easy,Multiple Choice,[282] ما هو المكون الغذائي الذي يُعرف بأنه: expensive golden-red spice harvested from crocus flowers؟,A) Saffron | B) Turmeric | C) Cardamom | D) Ginger,A
394,Cooking,Easy,Multiple Choice,"[296] ما هو المكون الغذائي الذي يُعرف بأنه: botanical variety of the onion with a mild, delicate flavor؟",A) Shallot | B) Leek | C) Garlic | D) Scallion,A
395,Cooking,Easy,Typing,"[64] لغز الطبخ: colorless, flavorless food ingredient derived from collagen. اكتب الكلمة الصحيحة.",,gelatin
396,Cooking,Easy,Multiple Choice,"ما هو المكون الغذائي الذي يُعرف بأنه: hard, granular Italian cheese made from cow milk؟",A) Cheddar | B) Gouda | C) Parmesan | D) Mozzarella,C
397,Cooking,Easy,Multiple Choice,"[267] ما هو المكون الغذائي الذي يُعرف بأنه: hard, granular Italian cheese made from cow milk؟",A) Cheddar | B) Gouda | C) Mozzarella | D) Parmesan,D
398,Cooking,Medium,Multiple Choice,[78] في فن الطهي الاحترافي، ما هي الطريقة التي تصف: cooking procedure in which alcohol is added to a hot pan to create flames؟,A) Deglazing | B) Flambé | C) Sautéing | D) Caramelizing,B
399,Cooking,Easy,Multiple Choice,[191] ما هو المكون الغذائي الذي يُعرف بأنه: southern Italian cheese traditionally made from Italian buffalo milk؟,A) Brie | B) Mozzarella | C) Feta | D) Ricotta,B
400,Cooking,Easy,Typing,[57] لغز الطبخ: creamy Italian cheese coagulated by the addition of citric acid. اكتب الكلمة الصحيحة.,,mascarpone
401,Cooking,Hard,Multiple Choice,[116] فن الطبخ العالمي المتقدم: أي طبق إقليمي أصيل يتميز بـ: large range of small Chinese Cantonese dishes served with tea in steamer baskets؟,A) Dumpling | B) Dim sum | C) Bao | D) Spring roll,B
402,Cooking,Easy,Multiple Choice,[235] ما هو المكون الغذائي الذي يُعرف بأنه: spice made from the seeds of several plants in the ginger family؟,A) Clove | B) Cardamom | C) Allspice | D) Star anise,B
403,Cooking,Medium,Multiple Choice,[22] في فن الطهي الاحترافي، ما هي الطريقة التي تصف: culinary knife cut where food is first julienned and then cut into tiny cubes؟,A) Batonnet | B) Brunoise | C) Paysanne | D) Rondelle,B
404,Cooking,Hard,Multiple Choice,[128] فن الطبخ العالمي المتقدم: أي طبق إقليمي أصيل يتميز بـ: traditional Mexican dish consisting of a folded tortilla filled with meat and salsa؟,A) Burrito | B) Enchilada | C) Quesadilla | D) Tacos,D
405,Cooking,Medium,Multiple Choice,[89] في فن الطهي الاحترافي، ما هي الطريقة التي تصف: cooking food slowly in fat or sugar syrup at low temperature؟,A) Broiling | B) Searing | C) Confit | D) Smoking,C
406,Cooking,Medium,Typing,تحدي تقنيات الطهي: cooking procedure in which alcohol is added to a hot pan to create flames. اكتب اسم التقنية بدقة.,,flambé
407,Cooking,Easy,Multiple Choice,"[376] ما هو المكون الغذائي الذي يُعرف بأنه: botanical variety of the onion with a mild, delicate flavor؟",A) Shallot | B) Leek | C) Garlic | D) Scallion,A
408,Cooking,Easy,Multiple Choice,[392] ما هو المكون الغذائي الذي يُعرف بأنه: flowering plant in the amaranth family grown as a grain crop؟,A) Barley | B) Quinoa | C) Bulgur | D) Couscous,B
409,Cooking,Easy,Multiple Choice,[37] ما هو المكون الغذائي الذي يُعرف بأنه: creamy Italian cheese coagulated by the addition of citric acid؟,A) Ricotta | B) Cream cheese | C) Mascarpone | D) Quark,C
410,Cooking,Hard,Typing,[25] تحدي كبار الطهاة: ما هو اسم الطبق الشهير الموصوف بـ 'Japanese dish of prepared vinegared rice accompanied by seafood and vegetables'؟ اكتب الاسم بدقة.,,sushi
411,Cooking,Medium,Multiple Choice,[229] في فن الطهي الاحترافي، ما هي الطريقة التي تصف: adding liquid to a hot pan to dissolve browned food residue؟,A) Reducing | B) Emulsifying | C) Deglazing | D) Clarifying,C
412,Cooking,Hard,Typing,تحدي كبار الطهاة: ما هو اسم الطبق الشهير الموصوف بـ 'South American seafood dish where raw fish is cured in fresh citrus juices'؟ اكتب الاسم بدقة.,,ceviche
413,Cooking,Hard,Multiple Choice,[137] فن الطبخ العالمي المتقدم: أي طبق إقليمي أصيل يتميز بـ: layered eggplant and minced meat casserole topped with béchamel sauce؟,A) Lasagna | B) Pastitsio | C) Shepherd's pie | D) Moussaka,D
414,Cooking,Hard,Multiple Choice,"[23] فن الطبخ العالمي المتقدم: أي طبق إقليمي أصيل يتميز بـ: French Provençal stewed vegetable dish featuring eggplant, zucchini, and peppers؟",A) Bouillabaisse | B) Cassoulet | C) Coq au vin | D) Ratatouille,D
415,Cooking,Easy,Multiple Choice,[61] ما هو المكون الغذائي الذي يُعرف بأنه: red pepper spice commonly used for color and smoky flavor؟,A) Oregano | B) Cumin | C) Paprika | D) Nutmeg,C
416,Cooking,Medium,Multiple Choice,[237] في فن الطهي الاحترافي، ما هي الطريقة التي تصف: allowing bread dough to rise one final time before baking؟,A) Kneading | B) Proofing | C) Folding | D) Scoring,B
417,Cooking,Hard,Multiple Choice,[72] فن الطبخ العالمي المتقدم: أي طبق إقليمي أصيل يتميز بـ: northern Italian rice dish cooked with broth until creamy consistency؟,A) Paella | B) Pilaf | C) Risotto | D) Congee,C
418,Cooking,Medium,Multiple Choice,[203] في فن الطهي الاحترافي، ما هي الطريقة التي تصف: combination-cooking method using wet and dry heats: browning then simmering؟,A) Stewing | B) Roasting | C) Poaching | D) Braising,D
419,Cooking,Medium,Multiple Choice,[194] في فن الطهي الاحترافي، ما هي الطريقة التي تصف: cooking food slowly in fat or sugar syrup at low temperature؟,A) Broiling | B) Searing | C) Confit | D) Smoking,C
420,Cooking,Easy,Multiple Choice,"[74] ما هو المكون الغذائي الذي يُعرف بأنه: japanese horseradish known for its sharp, pungent green paste؟",A) Horseradish | B) Mustard | C) Wasabi | D) Ginger,C
421,Cooking,Easy,Typing,[81] لغز الطبخ: red pepper spice commonly used for color and smoky flavor. اكتب الكلمة الصحيحة.,,paprika
422,Cooking,Hard,Multiple Choice,[98] فن الطبخ العالمي المتقدم: أي طبق إقليمي أصيل يتميز بـ: traditional Mexican dish consisting of a folded tortilla filled with meat and salsa؟,A) Burrito | B) Enchilada | C) Tacos | D) Quesadilla,C
423,Cooking,Easy,Multiple Choice,ما هو المكون الغذائي الذي يُعرف بأنه: red pepper spice commonly used for color and smoky flavor؟,A) Paprika | B) Oregano | C) Cumin | D) Nutmeg,A
424,Cooking,Medium,Multiple Choice,[132] في فن الطهي الاحترافي، ما هي الطريقة التي تصف: allowing bread dough to rise one final time before baking؟,A) Proofing | B) Kneading | C) Folding | D) Scoring,A
425,Cooking,Easy,Multiple Choice,[197] ما هو المكون الغذائي الذي يُعرف بأنه: creamy Italian cheese coagulated by the addition of citric acid؟,A) Ricotta | B) Cream cheese | C) Quark | D) Mascarpone,D
426,Cooking,Easy,Multiple Choice,[26] ما هو المكون الغذائي الذي يُعرف بأنه: subterranean ascomycete fungus prized as a culinary delicacy؟,A) Truffle | B) Portobello | C) Shiitake | D) Morel,A
427,Cooking,Medium,Multiple Choice,في فن الطهي الاحترافي، ما هي الطريقة التي تصف: culinary knife cut where food is first julienned and then cut into tiny cubes؟,A) Batonnet | B) Brunoise | C) Paysanne | D) Rondelle,B
428,Cooking,Easy,Multiple Choice,"[287] ما هو المكون الغذائي الذي يُعرف بأنه: hard, granular Italian cheese made from cow milk؟",A) Parmesan | B) Cheddar | C) Gouda | D) Mozzarella,A
429,Cooking,Easy,Multiple Choice,[365] ما هو المكون الغذائي الذي يُعرف بأنه: eukaryotic single-celled microorganism used in baking to leaven bread؟,A) Baking soda | B) Yeast | C) Baking powder | D) Cream of tartar,B
430,Cooking,Easy,Multiple Choice,[155] ما هو المكون الغذائي الذي يُعرف بأنه: spice made from the seeds of several plants in the ginger family؟,A) Clove | B) Allspice | C) Star anise | D) Cardamom,D
431,Cooking,Easy,Multiple Choice,[302] ما هو المكون الغذائي الذي يُعرف بأنه: expensive golden-red spice harvested from crocus flowers؟,A) Saffron | B) Turmeric | C) Cardamom | D) Ginger,A
432,Cooking,Hard,Typing,تحدي كبار الطهاة: ما هو اسم الطبق الشهير الموصوف بـ 'Hungarian soup or stew of meat and vegetables seasoned with paprika'؟ اكتب الاسم بدقة.,,goulash
433,Cooking,Easy,Multiple Choice,[97] ما هو المكون الغذائي الذي يُعرف بأنه: creamy Italian cheese coagulated by the addition of citric acid؟,A) Ricotta | B) Mascarpone | C) Cream cheese | D) Quark,B
434,Cooking,Hard,Multiple Choice,فن الطبخ العالمي المتقدم: أي طبق إقليمي أصيل يتميز بـ: Japanese dish of prepared vinegared rice accompanied by seafood and vegetables؟,A) Sashimi | B) Ramen | C) Tempura | D) Sushi,D
435,Cooking,Medium,Typing,[57] تحدي تقنيات الطهي: allowing bread dough to rise one final time before baking. اكتب اسم التقنية بدقة.,,proofing
436,Cooking,Easy,Multiple Choice,[29] ما هو المكون الغذائي الذي يُعرف بأنه: fragrant evergreen herb with needle-like leaves used in roasting؟,A) Thyme | B) Basil | C) Parsley | D) Rosemary,D
437,Cooking,Easy,Typing,[43] لغز الطبخ: flavoring derived from orchids of the genus Vanilla. اكتب الكلمة الصحيحة.,,vanilla
438,Cooking,Medium,Multiple Choice,[104] في فن الطهي الاحترافي، ما هي الطريقة التي تصف: cooking food slowly in fat or sugar syrup at low temperature؟,A) Confit | B) Broiling | C) Searing | D) Smoking,A
439,Cooking,Easy,Multiple Choice,[162] ما هو المكون الغذائي الذي يُعرف بأنه: expensive golden-red spice harvested from crocus flowers؟,A) Turmeric | B) Cardamom | C) Ginger | D) Saffron,D
440,Cooking,Hard,Multiple Choice,[58] فن الطبخ العالمي المتقدم: أي طبق إقليمي أصيل يتميز بـ: traditional Mexican dish consisting of a folded tortilla filled with meat and salsa؟,A) Tacos | B) Burrito | C) Enchilada | D) Quesadilla,A
441,Cooking,Medium,Multiple Choice,[231] في فن الطهي الاحترافي، ما هي الطريقة التي تصف: shredding or finely cutting leafy vegetables or herbs into thin ribbons؟,A) Julienne | B) Dice | C) Chiffonade | D) Mince,C
442,Cooking,Hard,Typing,[20] تحدي كبار الطهاة: ما هو اسم الطبق الشهير الموصوف بـ 'Hungarian soup or stew of meat and vegetables seasoned with paprika'؟ اكتب الاسم بدقة.,,goulash
443,Cooking,Medium,Multiple Choice,[43] في فن الطهي الاحترافي، ما هي الطريقة التي تصف: softening fruit by soaking it in liquid and sugar؟,A) Maceration | B) Reduction | C) Confit | D) Infusion,A
444,Cooking,Hard,Multiple Choice,[127] فن الطبخ العالمي المتقدم: أي طبق إقليمي أصيل يتميز بـ: layered eggplant and minced meat casserole topped with béchamel sauce؟,A) Lasagna | B) Pastitsio | C) Shepherd's pie | D) Moussaka,D
445,Cooking,Easy,Multiple Choice,"[96] ما هو المكون الغذائي الذي يُعرف بأنه: botanical variety of the onion with a mild, delicate flavor؟",A) Leek | B) Shallot | C) Garlic | D) Scallion,B
446,Cooking,Medium,Multiple Choice,[122] في فن الطهي الاحترافي، ما هي الطريقة التي تصف: cooking food in vacuum-sealed pouches at a precise low temperature؟,A) Deep-frying | B) Roasting | C) Sous-vide | D) Grilling,C
447,Cooking,Easy,Typing,[22] لغز الطبخ: expensive golden-red spice harvested from crocus flowers. اكتب الكلمة الصحيحة.,,saffron
448,Cooking,Medium,Typing,"[40] تحدي تقنيات الطهي: oxidation of sugar, a process used widely in cooking for sweet nutty flavor. اكتب اسم التقنية بدقة.",,caramelization
449,Cooking,Easy,Multiple Choice,[241] ما هو المكون الغذائي الذي يُعرف بأنه: red pepper spice commonly used for color and smoky flavor؟,A) Oregano | B) Cumin | C) Paprika | D) Nutmeg,C
450,Cooking,Medium,Multiple Choice,[61] في فن الطهي الاحترافي، ما هي الطريقة التي تصف: scalding vegetables in boiling water then plunging into ice water؟,A) Blanching | B) Poaching | C) Steaming | D) Braising,A
451,Cooking,Easy,Multiple Choice,ما هو المكون الغذائي الذي يُعرف بأنه: creamy Italian cheese coagulated by the addition of citric acid؟,A) Mascarpone | B) Ricotta | C) Cream cheese | D) Quark,A
452,Cooking,Hard,Multiple Choice,[96] فن الطبخ العالمي المتقدم: أي طبق إقليمي أصيل يتميز بـ: large range of small Chinese Cantonese dishes served with tea in steamer baskets؟,A) Dumpling | B) Dim sum | C) Bao | D) Spring roll,B
453,Cooking,Easy,Multiple Choice,[186] ما هو المكون الغذائي الذي يُعرف بأنه: subterranean ascomycete fungus prized as a culinary delicacy؟,A) Truffle | B) Portobello | C) Shiitake | D) Morel,A
454,Cooking,Medium,Multiple Choice,[44] في فن الطهي الاحترافي، ما هي الطريقة التي تصف: cooking food slowly in fat or sugar syrup at low temperature؟,A) Broiling | B) Searing | C) Smoking | D) Confit,D
455,Cooking,Easy,Multiple Choice,[393] ما هو المكون الغذائي الذي يُعرف بأنه: middle eastern condiment made from toasted ground hulled sesame؟,A) Hummus | B) Tzatziki | C) Tahini | D) Pesto,C
456,Cooking,Easy,Typing,[46] لغز الطبخ: subterranean ascomycete fungus prized as a culinary delicacy. اكتب الكلمة الصحيحة.,,truffle
457,Cooking,Easy,Multiple Choice,[80] ما هو المكون الغذائي الذي يُعرف بأنه: Italian cured meat prepared from pork jowl or cheeks؟,A) Lard | B) Pancetta | C) Guanciale | D) Tallow,C
458,Cooking,Easy,Multiple Choice,[90] ما هو المكون الغذائي الذي يُعرف بأنه: fresh green leaves of the coriander plant widely used in salsa؟,A) Mint | B) Cilantro | C) Dill | D) Tarragon,B
459,Cooking,Medium,Multiple Choice,[53] في فن الطهي الاحترافي، ما هي الطريقة التي تصف: combination-cooking method using wet and dry heats: browning then simmering؟,A) Stewing | B) Roasting | C) Poaching | D) Braising,D
460,Cooking,Easy,Multiple Choice,[389] ما هو المكون الغذائي الذي يُعرف بأنه: fragrant evergreen herb with needle-like leaves used in roasting؟,A) Thyme | B) Rosemary | C) Basil | D) Parsley,B
461,Cooking,Easy,Multiple Choice,[343] ما هو المكون الغذائي الذي يُعرف بأنه: flavoring derived from orchids of the genus Vanilla؟,A) Vanilla | B) Almond | C) Cinnamon | D) Mint,A
462,Cooking,Hard,Multiple Choice,[47] فن الطبخ العالمي المتقدم: أي طبق إقليمي أصيل يتميز بـ: layered eggplant and minced meat casserole topped with béchamel sauce؟,A) Lasagna | B) Moussaka | C) Pastitsio | D) Shepherd's pie,B
463,Cooking,Medium,Multiple Choice,[77] في فن الطهي الاحترافي، ما هي الطريقة التي تصف: cooking food in vacuum-sealed pouches at a precise low temperature؟,A) Deep-frying | B) Roasting | C) Grilling | D) Sous-vide,D
464,Cooking,Easy,Multiple Choice,[166] ما هو المكون الغذائي الذي يُعرف بأنه: subterranean ascomycete fungus prized as a culinary delicacy؟,A) Portobello | B) Truffle | C) Shiitake | D) Morel,B
465,Cooking,Easy,Typing,لغز الطبخ: spice made from the seeds of several plants in the ginger family. اكتب الكلمة الصحيحة.,,cardamom
466,Cooking,Medium,Multiple Choice,[201] في فن الطهي الاحترافي، ما هي الطريقة التي تصف: shredding or finely cutting leafy vegetables or herbs into thin ribbons؟,A) Julienne | B) Dice | C) Chiffonade | D) Mince,C
467,Cooking,Easy,Multiple Choice,"[268] ما هو المكون الغذائي الذي يُعرف بأنه: dark, concentrated, and intensely flavored vinegar originating in Italy؟",A) Balsamic | B) Apple cider | C) White vinegar | D) Rice vinegar,A
468,Cooking,Easy,Multiple Choice,[41] ما هو المكون الغذائي الذي يُعرف بأنه: red pepper spice commonly used for color and smoky flavor؟,A) Oregano | B) Paprika | C) Cumin | D) Nutmeg,B
469,Cooking,Medium,Multiple Choice,"[105] في فن الطهي الاحترافي، ما هي الطريقة التي تصف: preserving food through addition of salt, nitrates, nitrite, or sugar؟",A) Pasteurization | B) Fermentation | C) Cure | D) Pickling,C
470,Cooking,Easy,Multiple Choice,"[134] ما هو المكون الغذائي الذي يُعرف بأنه: japanese horseradish known for its sharp, pungent green paste؟",A) Wasabi | B) Horseradish | C) Mustard | D) Ginger,A
471,Cooking,Medium,Typing,[53] تحدي تقنيات الطهي: combination-cooking method using wet and dry heats: browning then simmering. اكتب اسم التقنية بدقة.,,braising
472,Cooking,Medium,Multiple Choice,[226] في فن الطهي الاحترافي، ما هي الطريقة التي تصف: scalding vegetables in boiling water then plunging into ice water؟,A) Poaching | B) Blanching | C) Steaming | D) Braising,B
473,Cooking,Easy,Multiple Choice,[143] ما هو المكون الغذائي الذي يُعرف بأنه: flavoring derived from orchids of the genus Vanilla؟,A) Almond | B) Vanilla | C) Cinnamon | D) Mint,B
474,Cooking,Easy,Multiple Choice,[312] ما هو المكون الغذائي الذي يُعرف بأنه: flowering plant in the amaranth family grown as a grain crop؟,A) Barley | B) Bulgur | C) Quinoa | D) Couscous,C
475,Cooking,Easy,Multiple Choice,[339] ما هو المكون الغذائي الذي يُعرف بأنه: Italian cured pork belly seasoned with salt and spices؟,A) Prosciutto | B) Pancetta | C) Salami | D) Chorizo,B
476,Cooking,Medium,Multiple Choice,[33] في فن الطهي الاحترافي، ما هي الطريقة التي تصف: cooking procedure in which alcohol is added to a hot pan to create flames؟,A) Deglazing | B) Sautéing | C) Flambé | D) Caramelizing,C
477,Cooking,Medium,Typing,[24] تحدي تقنيات الطهي: cooking food gently submerged in liquid below boiling point. اكتب اسم التقنية بدقة.,,poaching
478,Cooking,Easy,Typing,[83] لغز الطبخ: flavoring derived from orchids of the genus Vanilla. اكتب الكلمة الصحيحة.,,vanilla
479,Cooking,Hard,Multiple Choice,[132] فن الطبخ العالمي المتقدم: أي طبق إقليمي أصيل يتميز بـ: northern Italian rice dish cooked with broth until creamy consistency؟,A) Risotto | B) Paella | C) Pilaf | D) Congee,A
480,Cooking,Easy,Multiple Choice,[371] ما هو المكون الغذائي الذي يُعرف بأنه: southern Italian cheese traditionally made from Italian buffalo milk؟,A) Mozzarella | B) Brie | C) Feta | D) Ricotta,A
481,Cooking,Medium,Multiple Choice,[124] في فن الطهي الاحترافي، ما هي الطريقة التي تصف: adding liquid to a hot pan to dissolve browned food residue؟,A) Deglazing | B) Reducing | C) Emulsifying | D) Clarifying,A
482,Cooking,Easy,Multiple Choice,[301] ما هو المكون الغذائي الذي يُعرف بأنه: red pepper spice commonly used for color and smoky flavor؟,A) Oregano | B) Cumin | C) Paprika | D) Nutmeg,C
483,Cooking,Easy,Typing,"[28] لغز الطبخ: dark, concentrated, and intensely flavored vinegar originating in Italy. اكتب الكلمة الصحيحة.",,balsamic
484,Cooking,Medium,Multiple Choice,[209] في فن الطهي الاحترافي، ما هي الطريقة التي تصف: cooking food slowly in fat or sugar syrup at low temperature؟,A) Confit | B) Broiling | C) Searing | D) Smoking,A
485,Cooking,Easy,Multiple Choice,"[208] ما هو المكون الغذائي الذي يُعرف بأنه: dark, concentrated, and intensely flavored vinegar originating in Italy؟",A) Apple cider | B) White vinegar | C) Balsamic | D) Rice vinegar,C
486,Cooking,Hard,Multiple Choice,[109] فن الطبخ العالمي المتقدم: أي طبق إقليمي أصيل يتميز بـ: South American seafood dish where raw fish is cured in fresh citrus juices؟,A) Ceviche | B) Tartare | C) Carpaccio | D) Poke,A
487,Cooking,Easy,Typing,[89] لغز الطبخ: fragrant evergreen herb with needle-like leaves used in roasting. اكتب الكلمة الصحيحة.,,rosemary
488,Cooking,Hard,Multiple Choice,[35] فن الطبخ العالمي المتقدم: أي طبق إقليمي أصيل يتميز بـ: Japanese dish of prepared vinegared rice accompanied by seafood and vegetables؟,A) Sashimi | B) Ramen | C) Sushi | D) Tempura,C
489,Cooking,Medium,Multiple Choice,[42] في فن الطهي الاحترافي، ما هي الطريقة التي تصف: allowing bread dough to rise one final time before baking؟,A) Proofing | B) Kneading | C) Folding | D) Scoring,A
490,Cooking,Hard,Multiple Choice,[67] فن الطبخ العالمي المتقدم: أي طبق إقليمي أصيل يتميز بـ: layered eggplant and minced meat casserole topped with béchamel sauce؟,A) Lasagna | B) Pastitsio | C) Moussaka | D) Shepherd's pie,C
491,Cooking,Easy,Multiple Choice,"[254] ما هو المكون الغذائي الذي يُعرف بأنه: japanese horseradish known for its sharp, pungent green paste؟",A) Horseradish | B) Mustard | C) Ginger | D) Wasabi,D
492,Cooking,Medium,Multiple Choice,[232] في فن الطهي الاحترافي، ما هي الطريقة التي تصف: culinary knife cut where food is first julienned and then cut into tiny cubes؟,A) Batonnet | B) Paysanne | C) Rondelle | D) Brunoise,D
493,Cooking,Easy,Multiple Choice,[118] ما هو المكون الغذائي الذي يُعرف بأنه: Italian dry-cured ham that is usually thinly sliced and served uncooked؟,A) Pancetta | B) Guanciale | C) Bacon | D) Prosciutto,D
494,Cooking,Hard,Multiple Choice,[136] فن الطبخ العالمي المتقدم: أي طبق إقليمي أصيل يتميز بـ: large range of small Chinese Cantonese dishes served with tea in steamer baskets؟,A) Dim sum | B) Dumpling | C) Bao | D) Spring roll,A
495,Cooking,Easy,Multiple Choice,"[236] ما هو المكون الغذائي الذي يُعرف بأنه: botanical variety of the onion with a mild, delicate flavor؟",A) Leek | B) Garlic | C) Scallion | D) Shallot,D
496,Cooking,Hard,Multiple Choice,[159] فن الطبخ العالمي المتقدم: أي طبق إقليمي أصيل يتميز بـ: South American seafood dish where raw fish is cured in fresh citrus juices؟,A) Tartare | B) Carpaccio | C) Ceviche | D) Poke,C
497,Cooking,Hard,Multiple Choice,[160] فن الطبخ العالمي المتقدم: أي طبق إقليمي أصيل يتميز بـ: Hungarian soup or stew of meat and vegetables seasoned with paprika؟,A) Borscht | B) Stroganoff | C) Paprikash | D) Goulash,D
498,Cooking,Easy,Multiple Choice,"[374] ما هو المكون الغذائي الذي يُعرف بأنه: japanese horseradish known for its sharp, pungent green paste؟",A) Horseradish | B) Wasabi | C) Mustard | D) Ginger,B
499,Cooking,Hard,Multiple Choice,"[71] فن الطبخ العالمي المتقدم: أي طبق إقليمي أصيل يتميز بـ: Spanish rice dish featuring saffron, vegetables, chicken, and seafood؟",A) Risotto | B) Paella | C) Biryani | D) Jambalaya,B
500,Cooking,Medium,Multiple Choice,[34] في فن الطهي الاحترافي، ما هي الطريقة التي تصف: adding liquid to a hot pan to dissolve browned food residue؟,A) Reducing | B) Emulsifying | C) Clarifying | D) Deglazing,D
501,Cooking,Easy,Typing,[75] لغز الطبخ: spice made from the seeds of several plants in the ginger family. اكتب الكلمة الصحيحة.,,cardamom
502,Cooking,Medium,Multiple Choice,[66] في فن الطهي الاحترافي، ما هي الطريقة التي تصف: shredding or finely cutting leafy vegetables or herbs into thin ribbons؟,A) Julienne | B) Chiffonade | C) Dice | D) Mince,B
503,Cooking,Easy,Typing,[65] لغز الطبخ: eukaryotic single-celled microorganism used in baking to leaven bread. اكتب الكلمة الصحيحة.,,yeast
504,Cooking,Medium,Multiple Choice,[125] في فن الطهي الاحترافي، ما هي الطريقة التي تصف: culinary knife cut where food is cut into long thin strips؟,A) Brunoise | B) Chiffonade | C) Mirepoix | D) Julienne,D
505,Cooking,Easy,Multiple Choice,[110] ما هو المكون الغذائي الذي يُعرف بأنه: fresh green leaves of the coriander plant widely used in salsa؟,A) Mint | B) Dill | C) Tarragon | D) Cilantro,D
506,Cooking,Easy,Multiple Choice,[160] ما هو المكون الغذائي الذي يُعرف بأنه: Italian cured meat prepared from pork jowl or cheeks؟,A) Lard | B) Guanciale | C) Pancetta | D) Tallow,B
507,Cooking,Easy,Multiple Choice,ما هو المكون الغذائي الذي يُعرف بأنه: Italian cured meat prepared from pork jowl or cheeks؟,A) Guanciale | B) Lard | C) Pancetta | D) Tallow,A
508,Cooking,Easy,Multiple Choice,"[168] ما هو المكون الغذائي الذي يُعرف بأنه: dark, concentrated, and intensely flavored vinegar originating in Italy؟",A) Apple cider | B) White vinegar | C) Rice vinegar | D) Balsamic,D
509,Cooking,Hard,Multiple Choice,[52] فن الطبخ العالمي المتقدم: أي طبق إقليمي أصيل يتميز بـ: northern Italian rice dish cooked with broth until creamy consistency؟,A) Paella | B) Risotto | C) Pilaf | D) Congee,B
510,Cooking,Medium,Multiple Choice,"في فن الطهي الاحترافي، ما هي الطريقة التي تصف: preserving food through addition of salt, nitrates, nitrite, or sugar؟",A) Pasteurization | B) Fermentation | C) Cure | D) Pickling,C
511,Cooking,Hard,Multiple Choice,[75] فن الطبخ العالمي المتقدم: أي طبق إقليمي أصيل يتميز بـ: Japanese dish of prepared vinegared rice accompanied by seafood and vegetables؟,A) Sushi | B) Sashimi | C) Ramen | D) Tempura,A
512,Cooking,Hard,Typing,"تحدي كبار الطهاة: ما هو اسم الطبق الشهير الموصوف بـ 'French Provençal stewed vegetable dish featuring eggplant, zucchini, and peppers'؟ اكتب الاسم بدقة.",,ratatouille
513,Cooking,Easy,Multiple Choice,"[24] ما هو المكون الغذائي الذي يُعرف بأنه: colorless, flavorless food ingredient derived from collagen؟",A) Agar-agar | B) Gelatin | C) Pectin | D) Starch,B
514,Cooking,Easy,Multiple Choice,[291] ما هو المكون الغذائي الذي يُعرف بأنه: southern Italian cheese traditionally made from Italian buffalo milk؟,A) Brie | B) Feta | C) Mozzarella | D) Ricotta,C
515,Cooking,Medium,Multiple Choice,[131] في فن الطهي الاحترافي، ما هي الطريقة التي تصف: gradually raising temperature of eggs or chocolate without curdling or seizing؟,A) Tempering | B) Proofing | C) Curdling | D) Binding,A
516,Cooking,Medium,Multiple Choice,[74] في فن الطهي الاحترافي، ما هي الطريقة التي تصف: cooking food slowly in fat or sugar syrup at low temperature؟,A) Confit | B) Broiling | C) Searing | D) Smoking,A
517,Cooking,Hard,Multiple Choice,"[13] فن الطبخ العالمي المتقدم: أي طبق إقليمي أصيل يتميز بـ: French Provençal stewed vegetable dish featuring eggplant, zucchini, and peppers؟",A) Bouillabaisse | B) Ratatouille | C) Cassoulet | D) Coq au vin,B
518,Cooking,Easy,Multiple Choice,[225] ما هو المكون الغذائي الذي يُعرف بأنه: eukaryotic single-celled microorganism used in baking to leaven bread؟,A) Baking soda | B) Yeast | C) Baking powder | D) Cream of tartar,B
519,Cooking,Hard,Multiple Choice,[102] فن الطبخ العالمي المتقدم: أي طبق إقليمي أصيل يتميز بـ: northern Italian rice dish cooked with broth until creamy consistency؟,A) Paella | B) Pilaf | C) Congee | D) Risotto,D
520,Cooking,Easy,Multiple Choice,[163] ما هو المكون الغذائي الذي يُعرف بأنه: flavoring derived from orchids of the genus Vanilla؟,A) Almond | B) Vanilla | C) Cinnamon | D) Mint,B
521,Cooking,Medium,Multiple Choice,[215] في فن الطهي الاحترافي، ما هي الطريقة التي تصف: culinary knife cut where food is cut into long thin strips؟,A) Brunoise | B) Julienne | C) Chiffonade | D) Mirepoix,B
522,Cooking,Medium,Multiple Choice,[141] في فن الطهي الاحترافي، ما هي الطريقة التي تصف: shredding or finely cutting leafy vegetables or herbs into thin ribbons؟,A) Julienne | B) Dice | C) Chiffonade | D) Mince,C
523,Cooking,Hard,Multiple Choice,[16] فن الطبخ العالمي المتقدم: أي طبق إقليمي أصيل يتميز بـ: large range of small Chinese Cantonese dishes served with tea in steamer baskets؟,A) Dumpling | B) Bao | C) Dim sum | D) Spring roll,C
524,Cooking,Easy,Multiple Choice,[138] ما هو المكون الغذائي الذي يُعرف بأنه: Italian dry-cured ham that is usually thinly sliced and served uncooked؟,A) Pancetta | B) Guanciale | C) Bacon | D) Prosciutto,D
525,Cooking,Hard,Multiple Choice,[29] فن الطبخ العالمي المتقدم: أي طبق إقليمي أصيل يتميز بـ: South American seafood dish where raw fish is cured in fresh citrus juices؟,A) Tartare | B) Ceviche | C) Carpaccio | D) Poke,B
526,Cooking,Hard,Multiple Choice,[88] فن الطبخ العالمي المتقدم: أي طبق إقليمي أصيل يتميز بـ: traditional Mexican dish consisting of a folded tortilla filled with meat and salsa؟,A) Tacos | B) Burrito | C) Enchilada | D) Quesadilla,A
527,Cooking,Hard,Typing,[18] تحدي كبار الطهاة: ما هو اسم الطبق الشهير الموصوف بـ 'traditional Mexican dish consisting of a folded tortilla filled with meat and salsa'؟ اكتب الاسم بدقة.,,tacos
528,Cooking,Medium,Multiple Choice,[65] في فن الطهي الاحترافي، ما هي الطريقة التي تصف: culinary knife cut where food is cut into long thin strips؟,A) Brunoise | B) Chiffonade | C) Julienne | D) Mirepoix,C
529,Cooking,Medium,Multiple Choice,[111] في فن الطهي الاحترافي، ما هي الطريقة التي تصف: shredding or finely cutting leafy vegetables or herbs into thin ribbons؟,A) Julienne | B) Dice | C) Mince | D) Chiffonade,D
530,Cooking,Medium,Multiple Choice,[198] في فن الطهي الاحترافي، ما هي الطريقة التي تصف: cooking procedure in which alcohol is added to a hot pan to create flames؟,A) Deglazing | B) Flambé | C) Sautéing | D) Caramelizing,B
531,Cooking,Easy,Multiple Choice,[46] ما هو المكون الغذائي الذي يُعرف بأنه: subterranean ascomycete fungus prized as a culinary delicacy؟,A) Truffle | B) Portobello | C) Shiitake | D) Morel,A
532,Cooking,Easy,Typing,[85] لغز الطبخ: eukaryotic single-celled microorganism used in baking to leaven bread. اكتب الكلمة الصحيحة.,,yeast
533,Cooking,Easy,Multiple Choice,[145] ما هو المكون الغذائي الذي يُعرف بأنه: eukaryotic single-celled microorganism used in baking to leaven bread؟,A) Yeast | B) Baking soda | C) Baking powder | D) Cream of tartar,A
534,Cooking,Hard,Multiple Choice,[119] فن الطبخ العالمي المتقدم: أي طبق إقليمي أصيل يتميز بـ: South American seafood dish where raw fish is cured in fresh citrus juices؟,A) Tartare | B) Carpaccio | C) Ceviche | D) Poke,C
535,Cooking,Easy,Multiple Choice,"[156] ما هو المكون الغذائي الذي يُعرف بأنه: botanical variety of the onion with a mild, delicate flavor؟",A) Leek | B) Garlic | C) Scallion | D) Shallot,D
536,Cooking,Hard,Multiple Choice,"[73] فن الطبخ العالمي المتقدم: أي طبق إقليمي أصيل يتميز بـ: French Provençal stewed vegetable dish featuring eggplant, zucchini, and peppers؟",A) Bouillabaisse | B) Cassoulet | C) Ratatouille | D) Coq au vin,C
537,Cooking,Medium,Typing,تحدي تقنيات الطهي: scalding vegetables in boiling water then plunging into ice water. اكتب اسم التقنية بدقة.,,blanching
538,Cooking,Hard,Multiple Choice,"[103] فن الطبخ العالمي المتقدم: أي طبق إقليمي أصيل يتميز بـ: French Provençal stewed vegetable dish featuring eggplant, zucchini, and peppers؟",A) Bouillabaisse | B) Ratatouille | C) Cassoulet | D) Coq au vin,B
539,Cooking,Hard,Multiple Choice,[42] فن الطبخ العالمي المتقدم: أي طبق إقليمي أصيل يتميز بـ: northern Italian rice dish cooked with broth until creamy consistency؟,A) Paella | B) Risotto | C) Pilaf | D) Congee,B
540,Cooking,Medium,Multiple Choice,"[100] في فن الطهي الاحترافي، ما هي الطريقة التي تصف: oxidation of sugar, a process used widely in cooking for sweet nutty flavor؟",A) Fermentation | B) Coagulation | C) Caramelization | D) Maceration,C
541,Cooking,Hard,Typing,تحدي كبار الطهاة: ما هو اسم الطبق الشهير الموصوف بـ 'layered eggplant and minced meat casserole topped with béchamel sauce'؟ اكتب الاسم بدقة.,,moussaka
542,Cooking,Medium,Multiple Choice,[69] في فن الطهي الاحترافي، ما هي الطريقة التي تصف: cooking food gently submerged in liquid below boiling point؟,A) Boiling | B) Simmering | C) Poaching | D) Scalding,C
543,Cooking,Medium,Multiple Choice,[189] في فن الطهي الاحترافي، ما هي الطريقة التي تصف: cooking food gently submerged in liquid below boiling point؟,A) Boiling | B) Simmering | C) Scalding | D) Poaching,D
544,Cooking,Easy,Multiple Choice,[362] ما هو المكون الغذائي الذي يُعرف بأنه: expensive golden-red spice harvested from crocus flowers؟,A) Saffron | B) Turmeric | C) Cardamom | D) Ginger,A
545,Cooking,Medium,Multiple Choice,في فن الطهي الاحترافي، ما هي الطريقة التي تصف: softening fruit by soaking it in liquid and sugar؟,A) Reduction | B) Maceration | C) Confit | D) Infusion,B
546,Cooking,Medium,Typing,تحدي تقنيات الطهي: gradually raising temperature of eggs or chocolate without curdling or seizing. اكتب اسم التقنية بدقة.,,tempering
547,Cooking,Easy,Multiple Choice,[115] ما هو المكون الغذائي الذي يُعرف بأنه: spice made from the seeds of several plants in the ginger family؟,A) Clove | B) Cardamom | C) Allspice | D) Star anise,B
548,Cooking,Easy,Typing,"[36] لغز الطبخ: botanical variety of the onion with a mild, delicate flavor. اكتب الكلمة الصحيحة.",,shallot
549,Cooking,Easy,Typing,[25] لغز الطبخ: eukaryotic single-celled microorganism used in baking to leaven bread. اكتب الكلمة الصحيحة.,,yeast
550,Cooking,Medium,Multiple Choice,[173] في فن الطهي الاحترافي، ما هي الطريقة التي تصف: combination-cooking method using wet and dry heats: browning then simmering؟,A) Stewing | B) Braising | C) Roasting | D) Poaching,B
551,Cooking,Medium,Typing,[29] تحدي تقنيات الطهي: cooking food slowly in fat or sugar syrup at low temperature. اكتب اسم التقنية بدقة.,,confit
552,Cooking,Hard,Typing,[32] تحدي كبار الطهاة: ما هو اسم الطبق الشهير الموصوف بـ 'northern Italian rice dish cooked with broth until creamy consistency'؟ اكتب الاسم بدقة.,,risotto
553,Cooking,Easy,Multiple Choice,"[364] ما هو المكون الغذائي الذي يُعرف بأنه: colorless, flavorless food ingredient derived from collagen؟",A) Gelatin | B) Agar-agar | C) Pectin | D) Starch,A
554,Cooking,Easy,Typing,[53] لغز الطبخ: middle eastern condiment made from toasted ground hulled sesame. اكتب الكلمة الصحيحة.,,tahini
555,Cooking,Easy,Typing,"[27] لغز الطبخ: hard, granular Italian cheese made from cow milk. اكتب الكلمة الصحيحة.",,parmesan
556,Cooking,Easy,Multiple Choice,[341] ما هو المكون الغذائي الذي يُعرف بأنه: red pepper spice commonly used for color and smoky flavor؟,A) Oregano | B) Paprika | C) Cumin | D) Nutmeg,B
557,Cooking,Easy,Typing,[100] لغز الطبخ: Italian cured meat prepared from pork jowl or cheeks. اكتب الكلمة الصحيحة.,,guanciale
558,Cooking,Hard,Typing,[28] تحدي كبار الطهاة: ما هو اسم الطبق الشهير الموصوف بـ 'traditional Mexican dish consisting of a folded tortilla filled with meat and salsa'؟ اكتب الاسم بدقة.,,tacos
559,Cooking,Medium,Multiple Choice,في فن الطهي الاحترافي، ما هي الطريقة التي تصف: allowing bread dough to rise one final time before baking؟,A) Kneading | B) Folding | C) Proofing | D) Scoring,C
560,Cooking,Easy,Multiple Choice,[171] ما هو المكون الغذائي الذي يُعرف بأنه: southern Italian cheese traditionally made from Italian buffalo milk؟,A) Mozzarella | B) Brie | C) Feta | D) Ricotta,A
561,Cooking,Hard,Multiple Choice,[158] فن الطبخ العالمي المتقدم: أي طبق إقليمي أصيل يتميز بـ: traditional Mexican dish consisting of a folded tortilla filled with meat and salsa؟,A) Burrito | B) Tacos | C) Enchilada | D) Quesadilla,B
562,Cooking,Hard,Multiple Choice,[57] فن الطبخ العالمي المتقدم: أي طبق إقليمي أصيل يتميز بـ: layered eggplant and minced meat casserole topped with béchamel sauce؟,A) Lasagna | B) Moussaka | C) Pastitsio | D) Shepherd's pie,B
563,Cooking,Easy,Multiple Choice,[45] ما هو المكون الغذائي الذي يُعرف بأنه: eukaryotic single-celled microorganism used in baking to leaven bread؟,A) Yeast | B) Baking soda | C) Baking powder | D) Cream of tartar,A
564,Cooking,Hard,Typing,تحدي كبار الطهاة: ما هو اسم الطبق الشهير الموصوف بـ 'northern Italian rice dish cooked with broth until creamy consistency'؟ اكتب الاسم بدقة.,,risotto
565,Cooking,Medium,Multiple Choice,[24] في فن الطهي الاحترافي، ما هي الطريقة التي تصف: cooking food gently submerged in liquid below boiling point؟,A) Boiling | B) Simmering | C) Scalding | D) Poaching,D
566,Cooking,Easy,Multiple Choice,"[207] ما هو المكون الغذائي الذي يُعرف بأنه: hard, granular Italian cheese made from cow milk؟",A) Cheddar | B) Gouda | C) Parmesan | D) Mozzarella,C
567,Cooking,Easy,Multiple Choice,[86] ما هو المكون الغذائي الذي يُعرف بأنه: subterranean ascomycete fungus prized as a culinary delicacy؟,A) Portobello | B) Truffle | C) Shiitake | D) Morel,B
568,Cooking,Easy,Multiple Choice,[357] ما هو المكون الغذائي الذي يُعرف بأنه: creamy Italian cheese coagulated by the addition of citric acid؟,A) Ricotta | B) Cream cheese | C) Mascarpone | D) Quark,C
569,Cooking,Hard,Multiple Choice,[139] فن الطبخ العالمي المتقدم: أي طبق إقليمي أصيل يتميز بـ: South American seafood dish where raw fish is cured in fresh citrus juices؟,A) Ceviche | B) Tartare | C) Carpaccio | D) Poke,A
570,Cooking,Easy,Multiple Choice,"[248] ما هو المكون الغذائي الذي يُعرف بأنه: dark, concentrated, and intensely flavored vinegar originating in Italy؟",A) Apple cider | B) Balsamic | C) White vinegar | D) Rice vinegar,B
571,Cooking,Medium,Multiple Choice,[221] في فن الطهي الاحترافي، ما هي الطريقة التي تصف: gradually raising temperature of eggs or chocolate without curdling or seizing؟,A) Tempering | B) Proofing | C) Curdling | D) Binding,A
572,Cooking,Medium,Multiple Choice,[187] في فن الطهي الاحترافي، ما هي الطريقة التي تصف: culinary knife cut where food is first julienned and then cut into tiny cubes؟,A) Batonnet | B) Brunoise | C) Paysanne | D) Rondelle,B
573,Cooking,Easy,Multiple Choice,[322] ما هو المكون الغذائي الذي يُعرف بأنه: expensive golden-red spice harvested from crocus flowers؟,A) Turmeric | B) Cardamom | C) Ginger | D) Saffron,D
574,Cooking,Easy,Multiple Choice,[245] ما هو المكون الغذائي الذي يُعرف بأنه: eukaryotic single-celled microorganism used in baking to leaven bread؟,A) Baking soda | B) Baking powder | C) Cream of tartar | D) Yeast,D
575,Cooking,Medium,Multiple Choice,[35] في فن الطهي الاحترافي، ما هي الطريقة التي تصف: culinary knife cut where food is cut into long thin strips؟,A) Julienne | B) Brunoise | C) Chiffonade | D) Mirepoix,A
576,Cooking,Easy,Typing,[80] لغز الطبخ: Italian cured meat prepared from pork jowl or cheeks. اكتب الكلمة الصحيحة.,,guanciale
577,Cooking,Easy,Multiple Choice,[298] ما هو المكون الغذائي الذي يُعرف بأنه: Italian dry-cured ham that is usually thinly sliced and served uncooked؟,A) Pancetta | B) Guanciale | C) Bacon | D) Prosciutto,D
578,Cooking,Easy,Multiple Choice,[75] ما هو المكون الغذائي الذي يُعرف بأنه: spice made from the seeds of several plants in the ginger family؟,A) Clove | B) Cardamom | C) Allspice | D) Star anise,B
579,Cooking,Medium,Multiple Choice,[57] في فن الطهي الاحترافي، ما هي الطريقة التي تصف: allowing bread dough to rise one final time before baking؟,A) Kneading | B) Folding | C) Proofing | D) Scoring,C
580,Cooking,Medium,Multiple Choice,[218] في فن الطهي الاحترافي، ما هي الطريقة التي تصف: combination-cooking method using wet and dry heats: browning then simmering؟,A) Stewing | B) Roasting | C) Poaching | D) Braising,D
581,Cooking,Hard,Multiple Choice,"[81] فن الطبخ العالمي المتقدم: أي طبق إقليمي أصيل يتميز بـ: Spanish rice dish featuring saffron, vegetables, chicken, and seafood؟",A) Risotto | B) Paella | C) Biryani | D) Jambalaya,B
582,Cooking,Easy,Multiple Choice,[326] ما هو المكون الغذائي الذي يُعرف بأنه: subterranean ascomycete fungus prized as a culinary delicacy؟,A) Portobello | B) Truffle | C) Shiitake | D) Morel,B
583,Cooking,Easy,Multiple Choice,[23] ما هو المكون الغذائي الذي يُعرف بأنه: flavoring derived from orchids of the genus Vanilla؟,A) Almond | B) Cinnamon | C) Mint | D) Vanilla,D
584,Cooking,Hard,Typing,"[23] تحدي كبار الطهاة: ما هو اسم الطبق الشهير الموصوف بـ 'French Provençal stewed vegetable dish featuring eggplant, zucchini, and peppers'؟ اكتب الاسم بدقة.",,ratatouille
585,Cooking,Medium,Multiple Choice,[170] في فن الطهي الاحترافي، ما هي الطريقة التي تصف: culinary knife cut where food is cut into long thin strips؟,A) Brunoise | B) Chiffonade | C) Julienne | D) Mirepoix,C
586,Cooking,Medium,Multiple Choice,"[180] في فن الطهي الاحترافي، ما هي الطريقة التي تصف: preserving food through addition of salt, nitrates, nitrite, or sugar؟",A) Cure | B) Pasteurization | C) Fermentation | D) Pickling,A
587,Cooking,Easy,Multiple Choice,"[344] ما هو المكون الغذائي الذي يُعرف بأنه: colorless, flavorless food ingredient derived from collagen؟",A) Agar-agar | B) Pectin | C) Gelatin | D) Starch,C
588,Cooking,Easy,Multiple Choice,[266] ما هو المكون الغذائي الذي يُعرف بأنه: subterranean ascomycete fungus prized as a culinary delicacy؟,A) Portobello | B) Shiitake | C) Truffle | D) Morel,C
589,Cooking,Easy,Multiple Choice,[92] ما هو المكون الغذائي الذي يُعرف بأنه: flowering plant in the amaranth family grown as a grain crop؟,A) Quinoa | B) Barley | C) Bulgur | D) Couscous,A
590,Cooking,Medium,Typing,[36] تحدي تقنيات الطهي: shredding or finely cutting leafy vegetables or herbs into thin ribbons. اكتب اسم التقنية بدقة.,,chiffonade
591,Cooking,Easy,Multiple Choice,[358] ما هو المكون الغذائي الذي يُعرف بأنه: Italian dry-cured ham that is usually thinly sliced and served uncooked؟,A) Pancetta | B) Guanciale | C) Bacon | D) Prosciutto,D
592,Cooking,Hard,Typing,[34] تحدي كبار الطهاة: ما هو اسم الطبق الشهير الموصوف بـ 'traditional Provençal fish stew originating from the port city of Marseille'؟ اكتب الاسم بدقة.,,bouillabaisse
593,Cooking,Medium,Typing,[43] تحدي تقنيات الطهي: softening fruit by soaking it in liquid and sugar. اكتب اسم التقنية بدقة.,,maceration
594,Cooking,Hard,Typing,تحدي كبار الطهاة: ما هو اسم الطبق الشهير الموصوف بـ 'large range of small Chinese Cantonese dishes served with tea in steamer baskets'؟ اكتب الاسم بدقة.,,dim sum
595,Cooking,Medium,Multiple Choice,[80] في فن الطهي الاحترافي، ما هي الطريقة التي تصف: culinary knife cut where food is cut into long thin strips؟,A) Brunoise | B) Chiffonade | C) Mirepoix | D) Julienne,D
596,Cooking,Easy,Multiple Choice,[331] ما هو المكون الغذائي الذي يُعرف بأنه: southern Italian cheese traditionally made from Italian buffalo milk؟,A) Brie | B) Feta | C) Ricotta | D) Mozzarella,D
597,Cooking,Hard,Multiple Choice,[134] فن الطبخ العالمي المتقدم: أي طبق إقليمي أصيل يتميز بـ: traditional Provençal fish stew originating from the port city of Marseille؟,A) Chowder | B) Bouillabaisse | C) Bisque | D) Gumbo,B
598,Cooking,Easy,Multiple Choice,[51] ما هو المكون الغذائي الذي يُعرف بأنه: southern Italian cheese traditionally made from Italian buffalo milk؟,A) Brie | B) Feta | C) Mozzarella | D) Ricotta,C
599,Cooking,Medium,Multiple Choice,[161] في فن الطهي الاحترافي، ما هي الطريقة التي تصف: gradually raising temperature of eggs or chocolate without curdling or seizing؟,A) Proofing | B) Curdling | C) Tempering | D) Binding,C
600,Cooking,Medium,Typing,تحدي تقنيات الطهي: combination-cooking method using wet and dry heats: browning then simmering. اكتب اسم التقنية بدقة.,,braising
601,Cooking,Easy,Multiple Choice,[338] ما هو المكون الغذائي الذي يُعرف بأنه: Italian dry-cured ham that is usually thinly sliced and served uncooked؟,A) Pancetta | B) Guanciale | C) Prosciutto | D) Bacon,C
602,Cooking,Medium,Multiple Choice,[127] في فن الطهي الاحترافي، ما هي الطريقة التي تصف: culinary knife cut where food is first julienned and then cut into tiny cubes؟,A) Batonnet | B) Brunoise | C) Paysanne | D) Rondelle,B
603,Cooking,Hard,Typing,[26] تحدي كبار الطهاة: ما هو اسم الطبق الشهير الموصوف بـ 'large range of small Chinese Cantonese dishes served with tea in steamer baskets'؟ اكتب الاسم بدقة.,,dim sum
604,Cooking,Hard,Typing,[37] تحدي كبار الطهاة: ما هو اسم الطبق الشهير الموصوف بـ 'layered eggplant and minced meat casserole topped with béchamel sauce'؟ اكتب الاسم بدقة.,,moussaka
605,Cooking,Hard,Typing,تحدي كبار الطهاة: ما هو اسم الطبق الشهير الموصوف بـ 'traditional Mexican dish consisting of a folded tortilla filled with meat and salsa'؟ اكتب الاسم بدقة.,,tacos
606,Cooking,Hard,Multiple Choice,[125] فن الطبخ العالمي المتقدم: أي طبق إقليمي أصيل يتميز بـ: Japanese dish of prepared vinegared rice accompanied by seafood and vegetables؟,A) Sashimi | B) Sushi | C) Ramen | D) Tempura,B
607,Cooking,Easy,Multiple Choice,[35] ما هو المكون الغذائي الذي يُعرف بأنه: spice made from the seeds of several plants in the ginger family؟,A) Cardamom | B) Clove | C) Allspice | D) Star anise,A
608,Cooking,Easy,Multiple Choice,[295] ما هو المكون الغذائي الذي يُعرف بأنه: spice made from the seeds of several plants in the ginger family؟,A) Clove | B) Allspice | C) Star anise | D) Cardamom,D
609,Cooking,Easy,Typing,[49] لغز الطبخ: fragrant evergreen herb with needle-like leaves used in roasting. اكتب الكلمة الصحيحة.,,rosemary
610,Cooking,Medium,Multiple Choice,[99] في فن الطهي الاحترافي، ما هي الطريقة التي تصف: cooking food gently submerged in liquid below boiling point؟,A) Poaching | B) Boiling | C) Simmering | D) Scalding,A
611,Cooking,Medium,Typing,تحدي تقنيات الطهي: adding liquid to a hot pan to dissolve browned food residue. اكتب اسم التقنية بدقة.,,deglazing
612,Cooking,Easy,Multiple Choice,[253] ما هو المكون الغذائي الذي يُعرف بأنه: middle eastern condiment made from toasted ground hulled sesame؟,A) Hummus | B) Tzatziki | C) Tahini | D) Pesto,C
613,Cooking,Hard,Multiple Choice,"فن الطبخ العالمي المتقدم: أي طبق إقليمي أصيل يتميز بـ: Spanish rice dish featuring saffron, vegetables, chicken, and seafood؟",A) Risotto | B) Biryani | C) Jambalaya | D) Paella,D
614,Cooking,Easy,Multiple Choice,[157] ما هو المكون الغذائي الذي يُعرف بأنه: creamy Italian cheese coagulated by the addition of citric acid؟,A) Mascarpone | B) Ricotta | C) Cream cheese | D) Quark,A
615,Cooking,Easy,Multiple Choice,ما هو المكون الغذائي الذي يُعرف بأنه: fresh green leaves of the coriander plant widely used in salsa؟,A) Mint | B) Dill | C) Tarragon | D) Cilantro,D
616,Cooking,Easy,Typing,"[54] لغز الطبخ: japanese horseradish known for its sharp, pungent green paste. اكتب الكلمة الصحيحة.",,wasabi
617,Cooking,Medium,Multiple Choice,[138] في فن الطهي الاحترافي، ما هي الطريقة التي تصف: cooking procedure in which alcohol is added to a hot pan to create flames؟,A) Deglazing | B) Flambé | C) Sautéing | D) Caramelizing,B
618,Cooking,Medium,Multiple Choice,[23] في فن الطهي الاحترافي، ما هي الطريقة التي تصف: combination-cooking method using wet and dry heats: browning then simmering؟,A) Braising | B) Stewing | C) Roasting | D) Poaching,A
619,Cooking,Easy,Typing,[78] لغز الطبخ: Italian dry-cured ham that is usually thinly sliced and served uncooked. اكتب الكلمة الصحيحة.,,prosciutto
620,Cooking,Easy,Multiple Choice,"[124] ما هو المكون الغذائي الذي يُعرف بأنه: colorless, flavorless food ingredient derived from collagen؟",A) Agar-agar | B) Pectin | C) Gelatin | D) Starch,C
621,Cooking,Medium,Typing,[59] تحدي تقنيات الطهي: cooking food slowly in fat or sugar syrup at low temperature. اكتب اسم التقنية بدقة.,,confit
622,Cooking,Easy,Multiple Choice,"ما هو المكون الغذائي الذي يُعرف بأنه: japanese horseradish known for its sharp, pungent green paste؟",A) Horseradish | B) Mustard | C) Wasabi | D) Ginger,C
623,Cooking,Easy,Multiple Choice,[79] ما هو المكون الغذائي الذي يُعرف بأنه: Italian cured pork belly seasoned with salt and spices؟,A) Prosciutto | B) Salami | C) Pancetta | D) Chorizo,C
624,Cooking,Easy,Multiple Choice,[299] ما هو المكون الغذائي الذي يُعرف بأنه: Italian cured pork belly seasoned with salt and spices؟,A) Pancetta | B) Prosciutto | C) Salami | D) Chorizo,A
625,Cooking,Medium,Multiple Choice,[27] في فن الطهي الاحترافي، ما هي الطريقة التي تصف: allowing bread dough to rise one final time before baking؟,A) Kneading | B) Folding | C) Proofing | D) Scoring,C
626,Cooking,Medium,Multiple Choice,[29] في فن الطهي الاحترافي، ما هي الطريقة التي تصف: cooking food slowly in fat or sugar syrup at low temperature؟,A) Broiling | B) Confit | C) Searing | D) Smoking,B
627,Cooking,Hard,Typing,تحدي كبار الطهاة: ما هو اسم الطبق الشهير الموصوف بـ 'traditional Provençal fish stew originating from the port city of Marseille'؟ اكتب الاسم بدقة.,,bouillabaisse
628,Cooking,Medium,Multiple Choice,[98] في فن الطهي الاحترافي، ما هي الطريقة التي تصف: combination-cooking method using wet and dry heats: browning then simmering؟,A) Stewing | B) Roasting | C) Poaching | D) Braising,D
629,Cooking,Medium,Multiple Choice,[159] في فن الطهي الاحترافي، ما هي الطريقة التي تصف: cooking food gently submerged in liquid below boiling point؟,A) Boiling | B) Simmering | C) Poaching | D) Scalding,C
630,Cooking,Medium,Multiple Choice,[96] في فن الطهي الاحترافي، ما هي الطريقة التي تصف: shredding or finely cutting leafy vegetables or herbs into thin ribbons؟,A) Julienne | B) Chiffonade | C) Dice | D) Mince,B
631,Cooking,Easy,Multiple Choice,[211] ما هو المكون الغذائي الذي يُعرف بأنه: southern Italian cheese traditionally made from Italian buffalo milk؟,A) Brie | B) Mozzarella | C) Feta | D) Ricotta,B
632,Cooking,Medium,Multiple Choice,[59] في فن الطهي الاحترافي، ما هي الطريقة التي تصف: cooking food slowly in fat or sugar syrup at low temperature؟,A) Broiling | B) Searing | C) Smoking | D) Confit,D
633,Cooking,Hard,Typing,"[21] تحدي كبار الطهاة: ما هو اسم الطبق الشهير الموصوف بـ 'Spanish rice dish featuring saffron, vegetables, chicken, and seafood'؟ اكتب الاسم بدقة.",,paella
634,Cooking,Easy,Multiple Choice,[320] ما هو المكون الغذائي الذي يُعرف بأنه: Italian cured meat prepared from pork jowl or cheeks؟,A) Lard | B) Pancetta | C) Guanciale | D) Tallow,C
635,Cooking,Hard,Multiple Choice,[90] فن الطبخ العالمي المتقدم: أي طبق إقليمي أصيل يتميز بـ: Hungarian soup or stew of meat and vegetables seasoned with paprika؟,A) Borscht | B) Stroganoff | C) Goulash | D) Paprikash,C
636,Cooking,Medium,Multiple Choice,"[90] في فن الطهي الاحترافي، ما هي الطريقة التي تصف: preserving food through addition of salt, nitrates, nitrite, or sugar؟",A) Pasteurization | B) Fermentation | C) Cure | D) Pickling,C
637,Cooking,Easy,Multiple Choice,[59] ما هو المكون الغذائي الذي يُعرف بأنه: Italian cured pork belly seasoned with salt and spices؟,A) Prosciutto | B) Pancetta | C) Salami | D) Chorizo,B
638,Cooking,Easy,Multiple Choice,[203] ما هو المكون الغذائي الذي يُعرف بأنه: flavoring derived from orchids of the genus Vanilla؟,A) Vanilla | B) Almond | C) Cinnamon | D) Mint,A
639,Cooking,Medium,Multiple Choice,[112] في فن الطهي الاحترافي، ما هي الطريقة التي تصف: culinary knife cut where food is first julienned and then cut into tiny cubes؟,A) Batonnet | B) Brunoise | C) Paysanne | D) Rondelle,B
640,Cooking,Medium,Typing,[58] تحدي تقنيات الطهي: softening fruit by soaking it in liquid and sugar. اكتب اسم التقنية بدقة.,,maceration
641,Cooking,Easy,Multiple Choice,ما هو المكون الغذائي الذي يُعرف بأنه: Italian dry-cured ham that is usually thinly sliced and served uncooked؟,A) Pancetta | B) Guanciale | C) Prosciutto | D) Bacon,C
642,Cooking,Medium,Multiple Choice,"[120] في فن الطهي الاحترافي، ما هي الطريقة التي تصف: preserving food through addition of salt, nitrates, nitrite, or sugar؟",A) Pasteurization | B) Fermentation | C) Pickling | D) Cure,D
643,Cooking,Easy,Typing,[90] لغز الطبخ: fresh green leaves of the coriander plant widely used in salsa. اكتب الكلمة الصحيحة.,,cilantro
644,Cooking,Medium,Multiple Choice,[71] في فن الطهي الاحترافي، ما هي الطريقة التي تصف: gradually raising temperature of eggs or chocolate without curdling or seizing؟,A) Tempering | B) Proofing | C) Curdling | D) Binding,A
645,Cooking,Medium,Typing,"تحدي تقنيات الطهي: oxidation of sugar, a process used widely in cooking for sweet nutty flavor. اكتب اسم التقنية بدقة.",,caramelization
646,Cooking,Medium,Multiple Choice,[109] في فن الطهي الاحترافي، ما هي الطريقة التي تصف: adding liquid to a hot pan to dissolve browned food residue؟,A) Deglazing | B) Reducing | C) Emulsifying | D) Clarifying,A
647,Cooking,Hard,Multiple Choice,[37] فن الطبخ العالمي المتقدم: أي طبق إقليمي أصيل يتميز بـ: layered eggplant and minced meat casserole topped with béchamel sauce؟,A) Lasagna | B) Pastitsio | C) Shepherd's pie | D) Moussaka,D
648,Cooking,Easy,Multiple Choice,[158] ما هو المكون الغذائي الذي يُعرف بأنه: Italian dry-cured ham that is usually thinly sliced and served uncooked؟,A) Pancetta | B) Guanciale | C) Bacon | D) Prosciutto,D
649,Cooking,Easy,Multiple Choice,[173] ما هو المكون الغذائي الذي يُعرف بأنه: middle eastern condiment made from toasted ground hulled sesame؟,A) Hummus | B) Tahini | C) Tzatziki | D) Pesto,B
650,Cooking,Easy,Multiple Choice,[123] ما هو المكون الغذائي الذي يُعرف بأنه: flavoring derived from orchids of the genus Vanilla؟,A) Almond | B) Cinnamon | C) Vanilla | D) Mint,C
651,Cooking,Easy,Multiple Choice,[346] ما هو المكون الغذائي الذي يُعرف بأنه: subterranean ascomycete fungus prized as a culinary delicacy؟,A) Portobello | B) Shiitake | C) Morel | D) Truffle,D
652,Cooking,Hard,Typing,[24] تحدي كبار الطهاة: ما هو اسم الطبق الشهير الموصوف بـ 'traditional Provençal fish stew originating from the port city of Marseille'؟ اكتب الاسم بدقة.,,bouillabaisse
653,Cooking,Medium,Typing,"[55] تحدي تقنيات الطهي: oxidation of sugar, a process used widely in cooking for sweet nutty flavor. اكتب اسم التقنية بدقة.",,caramelization
654,Cooking,Easy,Multiple Choice,[69] ما هو المكون الغذائي الذي يُعرف بأنه: fragrant evergreen herb with needle-like leaves used in roasting؟,A) Thyme | B) Basil | C) Parsley | D) Rosemary,D
655,Cooking,Medium,Multiple Choice,[133] في فن الطهي الاحترافي، ما هي الطريقة التي تصف: softening fruit by soaking it in liquid and sugar؟,A) Reduction | B) Confit | C) Infusion | D) Maceration,D
656,Cooking,Easy,Multiple Choice,"[314] ما هو المكون الغذائي الذي يُعرف بأنه: japanese horseradish known for its sharp, pungent green paste؟",A) Horseradish | B) Wasabi | C) Mustard | D) Ginger,B
657,Cooking,Medium,Typing,تحدي تقنيات الطهي: cooking food gently submerged in liquid below boiling point. اكتب اسم التقنية بدقة.,,poaching
658,Cooking,Medium,Typing,[56] تحدي تقنيات الطهي: gradually raising temperature of eggs or chocolate without curdling or seizing. اكتب اسم التقنية بدقة.,,tempering
659,Cooking,Easy,Multiple Choice,[72] ما هو المكون الغذائي الذي يُعرف بأنه: flowering plant in the amaranth family grown as a grain crop؟,A) Barley | B) Bulgur | C) Couscous | D) Quinoa,D
660,Cooking,Easy,Multiple Choice,[271] ما هو المكون الغذائي الذي يُعرف بأنه: southern Italian cheese traditionally made from Italian buffalo milk؟,A) Brie | B) Mozzarella | C) Feta | D) Ricotta,B
661,Cooking,Hard,Multiple Choice,[62] فن الطبخ العالمي المتقدم: أي طبق إقليمي أصيل يتميز بـ: northern Italian rice dish cooked with broth until creamy consistency؟,A) Paella | B) Pilaf | C) Risotto | D) Congee,C
662,Cooking,Hard,Typing,"تحدي كبار الطهاة: ما هو اسم الطبق الشهير الموصوف بـ 'Spanish rice dish featuring saffron, vegetables, chicken, and seafood'؟ اكتب الاسم بدقة.",,paella
663,Cooking,Easy,Typing,"[87] لغز الطبخ: hard, granular Italian cheese made from cow milk. اكتب الكلمة الصحيحة.",,parmesan
664,Cooking,Medium,Multiple Choice,في فن الطهي الاحترافي، ما هي الطريقة التي تصف: cooking procedure in which alcohol is added to a hot pan to create flames؟,A) Deglazing | B) Sautéing | C) Flambé | D) Caramelizing,C
665,Cooking,Hard,Typing,"[13] تحدي كبار الطهاة: ما هو اسم الطبق الشهير الموصوف بـ 'French Provençal stewed vegetable dish featuring eggplant, zucchini, and peppers'؟ اكتب الاسم بدقة.",,ratatouille
666,Cooking,Easy,Typing,[62] لغز الطبخ: expensive golden-red spice harvested from crocus flowers. اكتب الكلمة الصحيحة.,,saffron
667,Cooking,Easy,Multiple Choice,[190] ما هو المكون الغذائي الذي يُعرف بأنه: fresh green leaves of the coriander plant widely used in salsa؟,A) Mint | B) Dill | C) Cilantro | D) Tarragon,C
668,Cooking,Medium,Multiple Choice,[110] في فن الطهي الاحترافي، ما هي الطريقة التي تصف: culinary knife cut where food is cut into long thin strips؟,A) Brunoise | B) Chiffonade | C) Mirepoix | D) Julienne,D
669,Cooking,Easy,Multiple Choice,[351] ما هو المكون الغذائي الذي يُعرف بأنه: southern Italian cheese traditionally made from Italian buffalo milk؟,A) Mozzarella | B) Brie | C) Feta | D) Ricotta,A
670,Cooking,Medium,Multiple Choice,[101] في فن الطهي الاحترافي، ما هي الطريقة التي تصف: gradually raising temperature of eggs or chocolate without curdling or seizing؟,A) Tempering | B) Proofing | C) Curdling | D) Binding,A
671,Cooking,Easy,Multiple Choice,[189] ما هو المكون الغذائي الذي يُعرف بأنه: fragrant evergreen herb with needle-like leaves used in roasting؟,A) Thyme | B) Basil | C) Parsley | D) Rosemary,D
672,Cooking,Medium,Multiple Choice,[139] في فن الطهي الاحترافي، ما هي الطريقة التي تصف: adding liquid to a hot pan to dissolve browned food residue؟,A) Reducing | B) Emulsifying | C) Deglazing | D) Clarifying,C
673,Cooking,Easy,Multiple Choice,[22] ما هو المكون الغذائي الذي يُعرف بأنه: expensive golden-red spice harvested from crocus flowers؟,A) Turmeric | B) Saffron | C) Cardamom | D) Ginger,B
674,Cooking,Easy,Typing,"[44] لغز الطبخ: colorless, flavorless food ingredient derived from collagen. اكتب الكلمة الصحيحة.",,gelatin
675,Cooking,Easy,Typing,لغز الطبخ: eukaryotic single-celled microorganism used in baking to leaven bread. اكتب الكلمة الصحيحة.,,yeast
676,Cooking,Easy,Typing,[32] لغز الطبخ: flowering plant in the amaranth family grown as a grain crop. اكتب الكلمة الصحيحة.,,quinoa
677,Cooking,Hard,Multiple Choice,[70] فن الطبخ العالمي المتقدم: أي طبق إقليمي أصيل يتميز بـ: Hungarian soup or stew of meat and vegetables seasoned with paprika؟,A) Goulash | B) Borscht | C) Stroganoff | D) Paprikash,A
678,Cooking,Hard,Multiple Choice,[76] فن الطبخ العالمي المتقدم: أي طبق إقليمي أصيل يتميز بـ: large range of small Chinese Cantonese dishes served with tea in steamer baskets؟,A) Dumpling | B) Bao | C) Dim sum | D) Spring roll,C
679,Cooking,Hard,Typing,[17] تحدي كبار الطهاة: ما هو اسم الطبق الشهير الموصوف بـ 'layered eggplant and minced meat casserole topped with béchamel sauce'؟ اكتب الاسم بدقة.,,moussaka
680,Cooking,Medium,Multiple Choice,[147] في فن الطهي الاحترافي، ما هي الطريقة التي تصف: allowing bread dough to rise one final time before baking؟,A) Kneading | B) Folding | C) Scoring | D) Proofing,D
681,Cooking,Medium,Multiple Choice,[153] في فن الطهي الاحترافي، ما هي الطريقة التي تصف: cooking procedure in which alcohol is added to a hot pan to create flames؟,A) Deglazing | B) Sautéing | C) Flambé | D) Caramelizing,C
682,Cooking,Easy,Multiple Choice,[399] ما هو المكون الغذائي الذي يُعرف بأنه: Italian cured pork belly seasoned with salt and spices؟,A) Prosciutto | B) Pancetta | C) Salami | D) Chorizo,B
683,Cooking,Medium,Typing,[20] تحدي تقنيات الطهي: culinary knife cut where food is cut into long thin strips. اكتب اسم التقنية بدقة.,,julienne
684,Cooking,Medium,Multiple Choice,[79] في فن الطهي الاحترافي، ما هي الطريقة التي تصف: adding liquid to a hot pan to dissolve browned food residue؟,A) Reducing | B) Emulsifying | C) Clarifying | D) Deglazing,D
685,Cooking,Medium,Multiple Choice,[137] في فن الطهي الاحترافي، ما هي الطريقة التي تصف: cooking food in vacuum-sealed pouches at a precise low temperature؟,A) Deep-frying | B) Roasting | C) Grilling | D) Sous-vide,D
686,Cooking,Easy,Multiple Choice,[137] ما هو المكون الغذائي الذي يُعرف بأنه: creamy Italian cheese coagulated by the addition of citric acid؟,A) Ricotta | B) Cream cheese | C) Quark | D) Mascarpone,D
687,Cooking,Easy,Multiple Choice,[95] ما هو المكون الغذائي الذي يُعرف بأنه: spice made from the seeds of several plants in the ginger family؟,A) Clove | B) Allspice | C) Star anise | D) Cardamom,D
688,Cooking,Easy,Multiple Choice,"[188] ما هو المكون الغذائي الذي يُعرف بأنه: dark, concentrated, and intensely flavored vinegar originating in Italy؟",A) Apple cider | B) White vinegar | C) Rice vinegar | D) Balsamic,D
689,Cooking,Hard,Multiple Choice,[59] فن الطبخ العالمي المتقدم: أي طبق إقليمي أصيل يتميز بـ: South American seafood dish where raw fish is cured in fresh citrus juices؟,A) Tartare | B) Ceviche | C) Carpaccio | D) Poke,B
690,Cooking,Medium,Typing,تحدي تقنيات الطهي: allowing bread dough to rise one final time before baking. اكتب اسم التقنية بدقة.,,proofing
691,Cooking,Hard,Multiple Choice,"[133] فن الطبخ العالمي المتقدم: أي طبق إقليمي أصيل يتميز بـ: French Provençal stewed vegetable dish featuring eggplant, zucchini, and peppers؟",A) Ratatouille | B) Bouillabaisse | C) Cassoulet | D) Coq au vin,A
692,Cooking,Medium,Multiple Choice,[21] في فن الطهي الاحترافي، ما هي الطريقة التي تصف: shredding or finely cutting leafy vegetables or herbs into thin ribbons؟,A) Chiffonade | B) Julienne | C) Dice | D) Mince,A
693,Cooking,Easy,Multiple Choice,[252] ما هو المكون الغذائي الذي يُعرف بأنه: flowering plant in the amaranth family grown as a grain crop؟,A) Barley | B) Bulgur | C) Couscous | D) Quinoa,D
694,Cooking,Easy,Multiple Choice,"[244] ما هو المكون الغذائي الذي يُعرف بأنه: colorless, flavorless food ingredient derived from collagen؟",A) Agar-agar | B) Pectin | C) Gelatin | D) Starch,C
695,Cooking,Easy,Multiple Choice,"[388] ما هو المكون الغذائي الذي يُعرف بأنه: dark, concentrated, and intensely flavored vinegar originating in Italy؟",A) Apple cider | B) White vinegar | C) Balsamic | D) Rice vinegar,C
696,Cooking,Easy,Multiple Choice,[383] ما هو المكون الغذائي الذي يُعرف بأنه: flavoring derived from orchids of the genus Vanilla؟,A) Almond | B) Cinnamon | C) Vanilla | D) Mint,C
697,Cooking,Easy,Multiple Choice,"[108] ما هو المكون الغذائي الذي يُعرف بأنه: dark, concentrated, and intensely flavored vinegar originating in Italy؟",A) Apple cider | B) White vinegar | C) Rice vinegar | D) Balsamic,D
698,Cooking,Medium,Typing,[23] تحدي تقنيات الطهي: combination-cooking method using wet and dry heats: browning then simmering. اكتب اسم التقنية بدقة.,,braising
699,Cooking,Hard,Multiple Choice,"[63] فن الطبخ العالمي المتقدم: أي طبق إقليمي أصيل يتميز بـ: French Provençal stewed vegetable dish featuring eggplant, zucchini, and peppers؟",A) Ratatouille | B) Bouillabaisse | C) Cassoulet | D) Coq au vin,A
700,Cooking,Medium,Multiple Choice,[223] في فن الطهي الاحترافي، ما هي الطريقة التي تصف: softening fruit by soaking it in liquid and sugar؟,A) Maceration | B) Reduction | C) Confit | D) Infusion,A
701,Cooking,Easy,Multiple Choice,"[194] ما هو المكون الغذائي الذي يُعرف بأنه: japanese horseradish known for its sharp, pungent green paste؟",A) Wasabi | B) Horseradish | C) Mustard | D) Ginger,A
702,Cooking,Medium,Multiple Choice,[154] في فن الطهي الاحترافي، ما هي الطريقة التي تصف: adding liquid to a hot pan to dissolve browned food residue؟,A) Deglazing | B) Reducing | C) Emulsifying | D) Clarifying,A
703,Cooking,Hard,Multiple Choice,"[151] فن الطبخ العالمي المتقدم: أي طبق إقليمي أصيل يتميز بـ: Spanish rice dish featuring saffron, vegetables, chicken, and seafood؟",A) Risotto | B) Biryani | C) Jambalaya | D) Paella,D
704,Cooking,Easy,Typing,[31] لغز الطبخ: southern Italian cheese traditionally made from Italian buffalo milk. اكتب الكلمة الصحيحة.,,mozzarella
705,Cooking,Easy,Multiple Choice,[237] ما هو المكون الغذائي الذي يُعرف بأنه: creamy Italian cheese coagulated by the addition of citric acid؟,A) Ricotta | B) Cream cheese | C) Mascarpone | D) Quark,C
706,Cooking,Easy,Multiple Choice,[363] ما هو المكون الغذائي الذي يُعرف بأنه: flavoring derived from orchids of the genus Vanilla؟,A) Almond | B) Cinnamon | C) Vanilla | D) Mint,C
707,Cooking,Hard,Multiple Choice,[114] فن الطبخ العالمي المتقدم: أي طبق إقليمي أصيل يتميز بـ: traditional Provençal fish stew originating from the port city of Marseille؟,A) Chowder | B) Bisque | C) Gumbo | D) Bouillabaisse,D
708,Cooking,Easy,Multiple Choice,"[28] ما هو المكون الغذائي الذي يُعرف بأنه: dark, concentrated, and intensely flavored vinegar originating in Italy؟",A) Balsamic | B) Apple cider | C) White vinegar | D) Rice vinegar,A
709,Cooking,Hard,Multiple Choice,[15] فن الطبخ العالمي المتقدم: أي طبق إقليمي أصيل يتميز بـ: Japanese dish of prepared vinegared rice accompanied by seafood and vegetables؟,A) Sashimi | B) Ramen | C) Sushi | D) Tempura,C
710,Cooking,Medium,Typing,[28] تحدي تقنيات الطهي: softening fruit by soaking it in liquid and sugar. اكتب اسم التقنية بدقة.,,maceration
711,Cooking,Medium,Multiple Choice,[152] في فن الطهي الاحترافي، ما هي الطريقة التي تصف: cooking food in vacuum-sealed pouches at a precise low temperature؟,A) Sous-vide | B) Deep-frying | C) Roasting | D) Grilling,A
712,Cooking,Easy,Multiple Choice,[161] ما هو المكون الغذائي الذي يُعرف بأنه: red pepper spice commonly used for color and smoky flavor؟,A) Oregano | B) Cumin | C) Paprika | D) Nutmeg,C
713,Cooking,Hard,Multiple Choice,"[113] فن الطبخ العالمي المتقدم: أي طبق إقليمي أصيل يتميز بـ: French Provençal stewed vegetable dish featuring eggplant, zucchini, and peppers؟",A) Bouillabaisse | B) Ratatouille | C) Cassoulet | D) Coq au vin,B
714,Cooking,Hard,Multiple Choice,"[43] فن الطبخ العالمي المتقدم: أي طبق إقليمي أصيل يتميز بـ: French Provençal stewed vegetable dish featuring eggplant, zucchini, and peppers؟",A) Ratatouille | B) Bouillabaisse | C) Cassoulet | D) Coq au vin,A
715,Cooking,Easy,Typing,"[94] لغز الطبخ: japanese horseradish known for its sharp, pungent green paste. اكتب الكلمة الصحيحة.",,wasabi
716,Cooking,Medium,Multiple Choice,[166] في فن الطهي الاحترافي، ما هي الطريقة التي تصف: scalding vegetables in boiling water then plunging into ice water؟,A) Poaching | B) Blanching | C) Steaming | D) Braising,B
717,Cooking,Easy,Multiple Choice,[380] ما هو المكون الغذائي الذي يُعرف بأنه: Italian cured meat prepared from pork jowl or cheeks؟,A) Lard | B) Guanciale | C) Pancetta | D) Tallow,B
718,Cooking,Easy,Multiple Choice,[311] ما هو المكون الغذائي الذي يُعرف بأنه: southern Italian cheese traditionally made from Italian buffalo milk؟,A) Brie | B) Mozzarella | C) Feta | D) Ricotta,B
719,Cooking,Hard,Multiple Choice,[100] فن الطبخ العالمي المتقدم: أي طبق إقليمي أصيل يتميز بـ: Hungarian soup or stew of meat and vegetables seasoned with paprika؟,A) Borscht | B) Stroganoff | C) Paprikash | D) Goulash,D
720,Cooking,Hard,Typing,"[33] تحدي كبار الطهاة: ما هو اسم الطبق الشهير الموصوف بـ 'French Provençal stewed vegetable dish featuring eggplant, zucchini, and peppers'؟ اكتب الاسم بدقة.",,ratatouille
721,Cooking,Hard,Multiple Choice,[28] فن الطبخ العالمي المتقدم: أي طبق إقليمي أصيل يتميز بـ: traditional Mexican dish consisting of a folded tortilla filled with meat and salsa؟,A) Burrito | B) Enchilada | C) Quesadilla | D) Tacos,D
722,Cooking,Easy,Typing,[30] لغز الطبخ: fresh green leaves of the coriander plant widely used in salsa. اكتب الكلمة الصحيحة.,,cilantro
723,Cooking,Easy,Typing,[66] لغز الطبخ: subterranean ascomycete fungus prized as a culinary delicacy. اكتب الكلمة الصحيحة.,,truffle
724,Cooking,Hard,Multiple Choice,[19] فن الطبخ العالمي المتقدم: أي طبق إقليمي أصيل يتميز بـ: South American seafood dish where raw fish is cured in fresh citrus juices؟,A) Tartare | B) Carpaccio | C) Poke | D) Ceviche,D
725,Cooking,Easy,Typing,"[88] لغز الطبخ: dark, concentrated, and intensely flavored vinegar originating in Italy. اكتب الكلمة الصحيحة.",,balsamic
726,Cooking,Medium,Multiple Choice,[185] في فن الطهي الاحترافي، ما هي الطريقة التي تصف: culinary knife cut where food is cut into long thin strips؟,A) Brunoise | B) Chiffonade | C) Mirepoix | D) Julienne,D
727,Cooking,Hard,Multiple Choice,[20] فن الطبخ العالمي المتقدم: أي طبق إقليمي أصيل يتميز بـ: Hungarian soup or stew of meat and vegetables seasoned with paprika؟,A) Borscht | B) Stroganoff | C) Goulash | D) Paprikash,C
728,Cooking,Easy,Multiple Choice,[333] ما هو المكون الغذائي الذي يُعرف بأنه: middle eastern condiment made from toasted ground hulled sesame؟,A) Hummus | B) Tzatziki | C) Tahini | D) Pesto,C
729,Cooking,Easy,Multiple Choice,"[264] ما هو المكون الغذائي الذي يُعرف بأنه: colorless, flavorless food ingredient derived from collagen؟",A) Agar-agar | B) Gelatin | C) Pectin | D) Starch,B
730,Cooking,Medium,Multiple Choice,في فن الطهي الاحترافي، ما هي الطريقة التي تصف: cooking food in vacuum-sealed pouches at a precise low temperature؟,A) Deep-frying | B) Sous-vide | C) Roasting | D) Grilling,B
731,Cooking,Hard,Multiple Choice,[45] فن الطبخ العالمي المتقدم: أي طبق إقليمي أصيل يتميز بـ: Japanese dish of prepared vinegared rice accompanied by seafood and vegetables؟,A) Sashimi | B) Ramen | C) Tempura | D) Sushi,D
732,Cooking,Easy,Multiple Choice,ما هو المكون الغذائي الذي يُعرف بأنه: Italian cured pork belly seasoned with salt and spices؟,A) Prosciutto | B) Salami | C) Pancetta | D) Chorizo,C
733,Cooking,Easy,Multiple Choice,[375] ما هو المكون الغذائي الذي يُعرف بأنه: spice made from the seeds of several plants in the ginger family؟,A) Clove | B) Allspice | C) Cardamom | D) Star anise,C
734,Cooking,Easy,Multiple Choice,[317] ما هو المكون الغذائي الذي يُعرف بأنه: creamy Italian cheese coagulated by the addition of citric acid؟,A) Ricotta | B) Mascarpone | C) Cream cheese | D) Quark,B
735,Cooking,Medium,Multiple Choice,"[45] في فن الطهي الاحترافي، ما هي الطريقة التي تصف: preserving food through addition of salt, nitrates, nitrite, or sugar؟",A) Pasteurization | B) Fermentation | C) Cure | D) Pickling,C
736,Cooking,Easy,Typing,لغز الطبخ: flavoring derived from orchids of the genus Vanilla. اكتب الكلمة الصحيحة.,,vanilla
737,Cooking,Medium,Multiple Choice,في فن الطهي الاحترافي، ما هي الطريقة التي تصف: combination-cooking method using wet and dry heats: browning then simmering؟,A) Stewing | B) Braising | C) Roasting | D) Poaching,B
738,Cooking,Hard,Typing,[22] تحدي كبار الطهاة: ما هو اسم الطبق الشهير الموصوف بـ 'northern Italian rice dish cooked with broth until creamy consistency'؟ اكتب الاسم بدقة.,,risotto
739,Cooking,Easy,Multiple Choice,[355] ما هو المكون الغذائي الذي يُعرف بأنه: spice made from the seeds of several plants in the ginger family؟,A) Clove | B) Cardamom | C) Allspice | D) Star anise,B
740,Cooking,Medium,Multiple Choice,"[30] في فن الطهي الاحترافي، ما هي الطريقة التي تصف: preserving food through addition of salt, nitrates, nitrite, or sugar؟",A) Pasteurization | B) Fermentation | C) Pickling | D) Cure,D
741,Cooking,Easy,Multiple Choice,[277] ما هو المكون الغذائي الذي يُعرف بأنه: creamy Italian cheese coagulated by the addition of citric acid؟,A) Mascarpone | B) Ricotta | C) Cream cheese | D) Quark,A
742,Cooking,Easy,Typing,[79] لغز الطبخ: Italian cured pork belly seasoned with salt and spices. اكتب الكلمة الصحيحة.,,pancetta
743,Cooking,Medium,Multiple Choice,[230] في فن الطهي الاحترافي، ما هي الطريقة التي تصف: culinary knife cut where food is cut into long thin strips؟,A) Julienne | B) Brunoise | C) Chiffonade | D) Mirepoix,A
744,Cooking,Hard,Multiple Choice,[25] فن الطبخ العالمي المتقدم: أي طبق إقليمي أصيل يتميز بـ: Japanese dish of prepared vinegared rice accompanied by seafood and vegetables؟,A) Sashimi | B) Ramen | C) Sushi | D) Tempura,C
745,Cooking,Medium,Multiple Choice,[233] في فن الطهي الاحترافي، ما هي الطريقة التي تصف: combination-cooking method using wet and dry heats: browning then simmering؟,A) Braising | B) Stewing | C) Roasting | D) Poaching,A
746,Cooking,Medium,Multiple Choice,"[160] في فن الطهي الاحترافي، ما هي الطريقة التي تصف: oxidation of sugar, a process used widely in cooking for sweet nutty flavor؟",A) Caramelization | B) Fermentation | C) Coagulation | D) Maceration,A
747,Cooking,Medium,Multiple Choice,[52] في فن الطهي الاحترافي، ما هي الطريقة التي تصف: culinary knife cut where food is first julienned and then cut into tiny cubes؟,A) Brunoise | B) Batonnet | C) Paysanne | D) Rondelle,A
748,Cooking,Easy,Multiple Choice,[82] ما هو المكون الغذائي الذي يُعرف بأنه: expensive golden-red spice harvested from crocus flowers؟,A) Turmeric | B) Cardamom | C) Saffron | D) Ginger,C
749,Cooking,Hard,Typing,[35] تحدي كبار الطهاة: ما هو اسم الطبق الشهير الموصوف بـ 'Japanese dish of prepared vinegared rice accompanied by seafood and vegetables'؟ اكتب الاسم بدقة.,,sushi
750,Cooking,Easy,Multiple Choice,[290] ما هو المكون الغذائي الذي يُعرف بأنه: fresh green leaves of the coriander plant widely used in salsa؟,A) Mint | B) Dill | C) Tarragon | D) Cilantro,D
751,Cooking,Medium,Multiple Choice,[48] في فن الطهي الاحترافي، ما هي الطريقة التي تصف: cooking procedure in which alcohol is added to a hot pan to create flames؟,A) Deglazing | B) Flambé | C) Sautéing | D) Caramelizing,B
752,Cooking,Easy,Multiple Choice,[353] ما هو المكون الغذائي الذي يُعرف بأنه: middle eastern condiment made from toasted ground hulled sesame؟,A) Hummus | B) Tzatziki | C) Tahini | D) Pesto,C
753,Cooking,Easy,Multiple Choice,"[167] ما هو المكون الغذائي الذي يُعرف بأنه: hard, granular Italian cheese made from cow milk؟",A) Parmesan | B) Cheddar | C) Gouda | D) Mozzarella,A
754,Cooking,Hard,Multiple Choice,[145] فن الطبخ العالمي المتقدم: أي طبق إقليمي أصيل يتميز بـ: Japanese dish of prepared vinegared rice accompanied by seafood and vegetables؟,A) Sashimi | B) Ramen | C) Tempura | D) Sushi,D
755,Cooking,Medium,Multiple Choice,"[220] في فن الطهي الاحترافي، ما هي الطريقة التي تصف: oxidation of sugar, a process used widely in cooking for sweet nutty flavor؟",A) Fermentation | B) Coagulation | C) Caramelization | D) Maceration,C
756,Cooking,Easy,Typing,[51] لغز الطبخ: southern Italian cheese traditionally made from Italian buffalo milk. اكتب الكلمة الصحيحة.,,mozzarella
757,Cooking,Easy,Multiple Choice,"[307] ما هو المكون الغذائي الذي يُعرف بأنه: hard, granular Italian cheese made from cow milk؟",A) Cheddar | B) Parmesan | C) Gouda | D) Mozzarella,B
758,Cooking,Hard,Multiple Choice,"[33] فن الطبخ العالمي المتقدم: أي طبق إقليمي أصيل يتميز بـ: French Provençal stewed vegetable dish featuring eggplant, zucchini, and peppers؟",A) Bouillabaisse | B) Cassoulet | C) Ratatouille | D) Coq au vin,C
759,Cooking,Medium,Multiple Choice,[168] في فن الطهي الاحترافي، ما هي الطريقة التي تصف: cooking procedure in which alcohol is added to a hot pan to create flames؟,A) Deglazing | B) Flambé | C) Sautéing | D) Caramelizing,B
760,Cooking,Easy,Multiple Choice,[58] ما هو المكون الغذائي الذي يُعرف بأنه: Italian dry-cured ham that is usually thinly sliced and served uncooked؟,A) Pancetta | B) Guanciale | C) Prosciutto | D) Bacon,C
761,Cooking,Medium,Multiple Choice,[47] في فن الطهي الاحترافي، ما هي الطريقة التي تصف: cooking food in vacuum-sealed pouches at a precise low temperature؟,A) Deep-frying | B) Sous-vide | C) Roasting | D) Grilling,B
762,Cooking,Easy,Multiple Choice,[81] ما هو المكون الغذائي الذي يُعرف بأنه: red pepper spice commonly used for color and smoky flavor؟,A) Paprika | B) Oregano | C) Cumin | D) Nutmeg,A
763,Cooking,Hard,Multiple Choice,[74] فن الطبخ العالمي المتقدم: أي طبق إقليمي أصيل يتميز بـ: traditional Provençal fish stew originating from the port city of Marseille؟,A) Chowder | B) Bisque | C) Bouillabaisse | D) Gumbo,C
764,Cooking,Medium,Multiple Choice,[36] في فن الطهي الاحترافي، ما هي الطريقة التي تصف: shredding or finely cutting leafy vegetables or herbs into thin ribbons؟,A) Julienne | B) Dice | C) Chiffonade | D) Mince,C
765,Cooking,Easy,Typing,[23] لغز الطبخ: flavoring derived from orchids of the genus Vanilla. اكتب الكلمة الصحيحة.,,vanilla
766,Cooking,Hard,Multiple Choice,"[61] فن الطبخ العالمي المتقدم: أي طبق إقليمي أصيل يتميز بـ: Spanish rice dish featuring saffron, vegetables, chicken, and seafood؟",A) Risotto | B) Paella | C) Biryani | D) Jambalaya,B
767,Cooking,Medium,Multiple Choice,[188] في فن الطهي الاحترافي، ما هي الطريقة التي تصف: combination-cooking method using wet and dry heats: browning then simmering؟,A) Stewing | B) Roasting | C) Braising | D) Poaching,C
768,Cooking,Easy,Multiple Choice,[257] ما هو المكون الغذائي الذي يُعرف بأنه: creamy Italian cheese coagulated by the addition of citric acid؟,A) Ricotta | B) Cream cheese | C) Quark | D) Mascarpone,D
769,Cooking,Easy,Multiple Choice,[170] ما هو المكون الغذائي الذي يُعرف بأنه: fresh green leaves of the coriander plant widely used in salsa؟,A) Cilantro | B) Mint | C) Dill | D) Tarragon,A
770,Cooking,Hard,Multiple Choice,"[53] فن الطبخ العالمي المتقدم: أي طبق إقليمي أصيل يتميز بـ: French Provençal stewed vegetable dish featuring eggplant, zucchini, and peppers؟",A) Ratatouille | B) Bouillabaisse | C) Cassoulet | D) Coq au vin,A
771,Cooking,Easy,Multiple Choice,"[294] ما هو المكون الغذائي الذي يُعرف بأنه: japanese horseradish known for its sharp, pungent green paste؟",A) Horseradish | B) Mustard | C) Ginger | D) Wasabi,D
772,Cooking,Medium,Multiple Choice,[107] في فن الطهي الاحترافي، ما هي الطريقة التي تصف: cooking food in vacuum-sealed pouches at a precise low temperature؟,A) Deep-frying | B) Roasting | C) Grilling | D) Sous-vide,D
773,Cooking,Medium,Multiple Choice,"[225] في فن الطهي الاحترافي، ما هي الطريقة التي تصف: preserving food through addition of salt, nitrates, nitrite, or sugar؟",A) Pasteurization | B) Fermentation | C) Pickling | D) Cure,D
774,Cooking,Easy,Multiple Choice,[217] ما هو المكون الغذائي الذي يُعرف بأنه: creamy Italian cheese coagulated by the addition of citric acid؟,A) Ricotta | B) Mascarpone | C) Cream cheese | D) Quark,B
775,Cooking,Medium,Multiple Choice,[76] في فن الطهي الاحترافي، ما هي الطريقة التي تصف: scalding vegetables in boiling water then plunging into ice water؟,A) Poaching | B) Blanching | C) Steaming | D) Braising,B
776,Cooking,Medium,Multiple Choice,[26] في فن الطهي الاحترافي، ما هي الطريقة التي تصف: gradually raising temperature of eggs or chocolate without curdling or seizing؟,A) Tempering | B) Proofing | C) Curdling | D) Binding,A
777,Cooking,Hard,Multiple Choice,[126] فن الطبخ العالمي المتقدم: أي طبق إقليمي أصيل يتميز بـ: large range of small Chinese Cantonese dishes served with tea in steamer baskets؟,A) Dumpling | B) Dim sum | C) Bao | D) Spring roll,B
778,Cooking,Medium,Typing,[54] تحدي تقنيات الطهي: cooking food gently submerged in liquid below boiling point. اكتب اسم التقنية بدقة.,,poaching
779,Cooking,Medium,Multiple Choice,[148] في فن الطهي الاحترافي، ما هي الطريقة التي تصف: softening fruit by soaking it in liquid and sugar؟,A) Reduction | B) Confit | C) Infusion | D) Maceration,D
780,Cooking,Hard,Multiple Choice,[140] فن الطبخ العالمي المتقدم: أي طبق إقليمي أصيل يتميز بـ: Hungarian soup or stew of meat and vegetables seasoned with paprika؟,A) Borscht | B) Stroganoff | C) Goulash | D) Paprikash,C
781,Cooking,Medium,Multiple Choice,[86] في فن الطهي الاحترافي، ما هي الطريقة التي تصف: gradually raising temperature of eggs or chocolate without curdling or seizing؟,A) Proofing | B) Curdling | C) Binding | D) Tempering,D
782,Cooking,Easy,Multiple Choice,[62] ما هو المكون الغذائي الذي يُعرف بأنه: expensive golden-red spice harvested from crocus flowers؟,A) Turmeric | B) Cardamom | C) Saffron | D) Ginger,C
783,Cooking,Easy,Multiple Choice,[192] ما هو المكون الغذائي الذي يُعرف بأنه: flowering plant in the amaranth family grown as a grain crop؟,A) Quinoa | B) Barley | C) Bulgur | D) Couscous,A
784,Cooking,Easy,Multiple Choice,[285] ما هو المكون الغذائي الذي يُعرف بأنه: eukaryotic single-celled microorganism used in baking to leaven bread؟,A) Yeast | B) Baking soda | C) Baking powder | D) Cream of tartar,A
785,Cooking,Medium,Typing,"تحدي تقنيات الطهي: preserving food through addition of salt, nitrates, nitrite, or sugar. اكتب اسم التقنية بدقة.",,cure
786,Cooking,Easy,Multiple Choice,"[347] ما هو المكون الغذائي الذي يُعرف بأنه: hard, granular Italian cheese made from cow milk؟",A) Cheddar | B) Parmesan | C) Gouda | D) Mozzarella,B
787,Cooking,Easy,Multiple Choice,"[104] ما هو المكون الغذائي الذي يُعرف بأنه: colorless, flavorless food ingredient derived from collagen؟",A) Agar-agar | B) Pectin | C) Starch | D) Gelatin,D
788,Cooking,Medium,Multiple Choice,[81] في فن الطهي الاحترافي، ما هي الطريقة التي تصف: shredding or finely cutting leafy vegetables or herbs into thin ribbons؟,A) Julienne | B) Chiffonade | C) Dice | D) Mince,B
789,Cooking,Medium,Multiple Choice,[41] في فن الطهي الاحترافي، ما هي الطريقة التي تصف: gradually raising temperature of eggs or chocolate without curdling or seizing؟,A) Tempering | B) Proofing | C) Curdling | D) Binding,A
790,Cooking,Easy,Multiple Choice,"[227] ما هو المكون الغذائي الذي يُعرف بأنه: hard, granular Italian cheese made from cow milk؟",A) Cheddar | B) Parmesan | C) Gouda | D) Mozzarella,B
791,Cooking,Medium,Typing,[22] تحدي تقنيات الطهي: culinary knife cut where food is first julienned and then cut into tiny cubes. اكتب اسم التقنية بدقة.,,brunoise
792,Cooking,Easy,Multiple Choice,"[136] ما هو المكون الغذائي الذي يُعرف بأنه: botanical variety of the onion with a mild, delicate flavor؟",A) Leek | B) Garlic | C) Scallion | D) Shallot,D
793,Cooking,Easy,Multiple Choice,[91] ما هو المكون الغذائي الذي يُعرف بأنه: southern Italian cheese traditionally made from Italian buffalo milk؟,A) Brie | B) Feta | C) Mozzarella | D) Ricotta,C
794,Cooking,Easy,Multiple Choice,[78] ما هو المكون الغذائي الذي يُعرف بأنه: Italian dry-cured ham that is usually thinly sliced and served uncooked؟,A) Prosciutto | B) Pancetta | C) Guanciale | D) Bacon,A
795,Cooking,Easy,Multiple Choice,[183] ما هو المكون الغذائي الذي يُعرف بأنه: flavoring derived from orchids of the genus Vanilla؟,A) Almond | B) Vanilla | C) Cinnamon | D) Mint,B
796,Cooking,Easy,Multiple Choice,[390] ما هو المكون الغذائي الذي يُعرف بأنه: fresh green leaves of the coriander plant widely used in salsa؟,A) Mint | B) Dill | C) Tarragon | D) Cilantro,D
797,Cooking,Easy,Multiple Choice,[381] ما هو المكون الغذائي الذي يُعرف بأنه: red pepper spice commonly used for color and smoky flavor؟,A) Oregano | B) Cumin | C) Nutmeg | D) Paprika,D
798,Cooking,Medium,Multiple Choice,[108] في فن الطهي الاحترافي، ما هي الطريقة التي تصف: cooking procedure in which alcohol is added to a hot pan to create flames؟,A) Deglazing | B) Flambé | C) Sautéing | D) Caramelizing,B
799,Cooking,Easy,Multiple Choice,[259] ما هو المكون الغذائي الذي يُعرف بأنه: Italian cured pork belly seasoned with salt and spices؟,A) Pancetta | B) Prosciutto | C) Salami | D) Chorizo,A
800,Cooking,Medium,Multiple Choice,[84] في فن الطهي الاحترافي، ما هي الطريقة التي تصف: cooking food gently submerged in liquid below boiling point؟,A) Boiling | B) Simmering | C) Scalding | D) Poaching,D
801,Cooking,Easy,Multiple Choice,[153] ما هو المكون الغذائي الذي يُعرف بأنه: middle eastern condiment made from toasted ground hulled sesame؟,A) Hummus | B) Tzatziki | C) Tahini | D) Pesto,C
802,Cooking,Easy,Typing,[63] لغز الطبخ: flavoring derived from orchids of the genus Vanilla. اكتب الكلمة الصحيحة.,,vanilla
803,Cooking,Medium,Multiple Choice,"[115] في فن الطهي الاحترافي، ما هي الطريقة التي تصف: oxidation of sugar, a process used widely in cooking for sweet nutty flavor؟",A) Fermentation | B) Coagulation | C) Maceration | D) Caramelization,D
804,Cooking,Easy,Multiple Choice,[303] ما هو المكون الغذائي الذي يُعرف بأنه: flavoring derived from orchids of the genus Vanilla؟,A) Almond | B) Cinnamon | C) Mint | D) Vanilla,D
805,Cooking,Easy,Multiple Choice,[205] ما هو المكون الغذائي الذي يُعرف بأنه: eukaryotic single-celled microorganism used in baking to leaven bread؟,A) Baking soda | B) Baking powder | C) Yeast | D) Cream of tartar,C
806,Cooking,Medium,Multiple Choice,[17] في فن الطهي الاحترافي، ما هي الطريقة التي تصف: cooking food in vacuum-sealed pouches at a precise low temperature؟,A) Sous-vide | B) Deep-frying | C) Roasting | D) Grilling,A
807,Cooking,Hard,Multiple Choice,[18] فن الطبخ العالمي المتقدم: أي طبق إقليمي أصيل يتميز بـ: traditional Mexican dish consisting of a folded tortilla filled with meat and salsa؟,A) Burrito | B) Enchilada | C) Quesadilla | D) Tacos,D
808,Cooking,Easy,Multiple Choice,[42] ما هو المكون الغذائي الذي يُعرف بأنه: expensive golden-red spice harvested from crocus flowers؟,A) Turmeric | B) Saffron | C) Cardamom | D) Ginger,B
809,Cooking,Medium,Multiple Choice,[178] في فن الطهي الاحترافي، ما هي الطريقة التي تصف: softening fruit by soaking it in liquid and sugar؟,A) Reduction | B) Maceration | C) Confit | D) Infusion,B
810,Cooking,Medium,Multiple Choice,[114] في فن الطهي الاحترافي، ما هي الطريقة التي تصف: cooking food gently submerged in liquid below boiling point؟,A) Boiling | B) Poaching | C) Simmering | D) Scalding,B
811,Cooking,Medium,Multiple Choice,[192] في فن الطهي الاحترافي، ما هي الطريقة التي تصف: allowing bread dough to rise one final time before baking؟,A) Kneading | B) Folding | C) Scoring | D) Proofing,D
812,Cooking,Medium,Multiple Choice,"[240] في فن الطهي الاحترافي، ما هي الطريقة التي تصف: preserving food through addition of salt, nitrates, nitrite, or sugar؟",A) Pasteurization | B) Fermentation | C) Cure | D) Pickling,C
813,Cooking,Medium,Typing,تحدي تقنيات الطهي: softening fruit by soaking it in liquid and sugar. اكتب اسم التقنية بدقة.,,maceration
814,Cooking,Easy,Multiple Choice,"[127] ما هو المكون الغذائي الذي يُعرف بأنه: hard, granular Italian cheese made from cow milk؟",A) Parmesan | B) Cheddar | C) Gouda | D) Mozzarella,A
815,Cooking,Medium,Multiple Choice,[167] في فن الطهي الاحترافي، ما هي الطريقة التي تصف: cooking food in vacuum-sealed pouches at a precise low temperature؟,A) Deep-frying | B) Roasting | C) Grilling | D) Sous-vide,D
816,Cooking,Medium,Multiple Choice,"[190] في فن الطهي الاحترافي، ما هي الطريقة التي تصف: oxidation of sugar, a process used widely in cooking for sweet nutty flavor؟",A) Fermentation | B) Coagulation | C) Caramelization | D) Maceration,C
817,Cooking,Hard,Multiple Choice,[64] فن الطبخ العالمي المتقدم: أي طبق إقليمي أصيل يتميز بـ: traditional Provençal fish stew originating from the port city of Marseille؟,A) Chowder | B) Bisque | C) Gumbo | D) Bouillabaisse,D
818,Cooking,Medium,Multiple Choice,[177] في فن الطهي الاحترافي، ما هي الطريقة التي تصف: allowing bread dough to rise one final time before baking؟,A) Proofing | B) Kneading | C) Folding | D) Scoring,A
819,Cooking,Hard,Multiple Choice,[87] فن الطبخ العالمي المتقدم: أي طبق إقليمي أصيل يتميز بـ: layered eggplant and minced meat casserole topped with béchamel sauce؟,A) Lasagna | B) Pastitsio | C) Shepherd's pie | D) Moussaka,D
820,Cooking,Hard,Multiple Choice,"[143] فن الطبخ العالمي المتقدم: أي طبق إقليمي أصيل يتميز بـ: French Provençal stewed vegetable dish featuring eggplant, zucchini, and peppers؟",A) Ratatouille | B) Bouillabaisse | C) Cassoulet | D) Coq au vin,A
821,Cooking,Medium,Typing,[38] تحدي تقنيات الطهي: combination-cooking method using wet and dry heats: browning then simmering. اكتب اسم التقنية بدقة.,,braising
822,Cooking,Easy,Typing,"[96] لغز الطبخ: botanical variety of the onion with a mild, delicate flavor. اكتب الكلمة الصحيحة.",,shallot
823,Cooking,Easy,Multiple Choice,"[308] ما هو المكون الغذائي الذي يُعرف بأنه: dark, concentrated, and intensely flavored vinegar originating in Italy؟",A) Apple cider | B) White vinegar | C) Rice vinegar | D) Balsamic,D
824,Cooking,Easy,Multiple Choice,[281] ما هو المكون الغذائي الذي يُعرف بأنه: red pepper spice commonly used for color and smoky flavor؟,A) Paprika | B) Oregano | C) Cumin | D) Nutmeg,A
825,Cooking,Easy,Multiple Choice,[359] ما هو المكون الغذائي الذي يُعرف بأنه: Italian cured pork belly seasoned with salt and spices؟,A) Pancetta | B) Prosciutto | C) Salami | D) Chorizo,A
826,Cooking,Easy,Multiple Choice,[182] ما هو المكون الغذائي الذي يُعرف بأنه: expensive golden-red spice harvested from crocus flowers؟,A) Turmeric | B) Cardamom | C) Saffron | D) Ginger,C
827,Cooking,Easy,Multiple Choice,[379] ما هو المكون الغذائي الذي يُعرف بأنه: Italian cured pork belly seasoned with salt and spices؟,A) Pancetta | B) Prosciutto | C) Salami | D) Chorizo,A
828,Cooking,Easy,Multiple Choice,[135] ما هو المكون الغذائي الذي يُعرف بأنه: spice made from the seeds of several plants in the ginger family؟,A) Clove | B) Allspice | C) Cardamom | D) Star anise,C
829,Cooking,Medium,Multiple Choice,[211] في فن الطهي الاحترافي، ما هي الطريقة التي تصف: scalding vegetables in boiling water then plunging into ice water؟,A) Blanching | B) Poaching | C) Steaming | D) Braising,A
830,Cooking,Hard,Multiple Choice,[147] فن الطبخ العالمي المتقدم: أي طبق إقليمي أصيل يتميز بـ: layered eggplant and minced meat casserole topped with béchamel sauce؟,A) Lasagna | B) Moussaka | C) Pastitsio | D) Shepherd's pie,B
831,Cooking,Easy,Multiple Choice,[181] ما هو المكون الغذائي الذي يُعرف بأنه: red pepper spice commonly used for color and smoky flavor؟,A) Oregano | B) Cumin | C) Paprika | D) Nutmeg,C
832,Cooking,Medium,Multiple Choice,[134] في فن الطهي الاحترافي، ما هي الطريقة التي تصف: cooking food slowly in fat or sugar syrup at low temperature؟,A) Broiling | B) Confit | C) Searing | D) Smoking,B
833,Cooking,Easy,Multiple Choice,"[336] ما هو المكون الغذائي الذي يُعرف بأنه: botanical variety of the onion with a mild, delicate flavor؟",A) Shallot | B) Leek | C) Garlic | D) Scallion,A
834,Cooking,Medium,Multiple Choice,"[210] في فن الطهي الاحترافي، ما هي الطريقة التي تصف: preserving food through addition of salt, nitrates, nitrite, or sugar؟",A) Pasteurization | B) Fermentation | C) Pickling | D) Cure,D
835,Cooking,Easy,Multiple Choice,[233] ما هو المكون الغذائي الذي يُعرف بأنه: middle eastern condiment made from toasted ground hulled sesame؟,A) Hummus | B) Tzatziki | C) Tahini | D) Pesto,C
836,Cooking,Easy,Multiple Choice,[50] ما هو المكون الغذائي الذي يُعرف بأنه: fresh green leaves of the coriander plant widely used in salsa؟,A) Cilantro | B) Mint | C) Dill | D) Tarragon,A
837,Cooking,Hard,Multiple Choice,فن الطبخ العالمي المتقدم: أي طبق إقليمي أصيل يتميز بـ: layered eggplant and minced meat casserole topped with béchamel sauce؟,A) Lasagna | B) Moussaka | C) Pastitsio | D) Shepherd's pie,B
838,Cooking,Easy,Multiple Choice,ما هو المكون الغذائي الذي يُعرف بأنه: flavoring derived from orchids of the genus Vanilla؟,A) Vanilla | B) Almond | C) Cinnamon | D) Mint,A
839,Cooking,Easy,Multiple Choice,[251] ما هو المكون الغذائي الذي يُعرف بأنه: southern Italian cheese traditionally made from Italian buffalo milk؟,A) Mozzarella | B) Brie | C) Feta | D) Ricotta,A
840,Cooking,Medium,Multiple Choice,[129] في فن الطهي الاحترافي، ما هي الطريقة التي تصف: cooking food gently submerged in liquid below boiling point؟,A) Boiling | B) Simmering | C) Scalding | D) Poaching,D
841,Cooking,Easy,Multiple Choice,[98] ما هو المكون الغذائي الذي يُعرف بأنه: Italian dry-cured ham that is usually thinly sliced and served uncooked؟,A) Pancetta | B) Guanciale | C) Bacon | D) Prosciutto,D
842,Cooking,Hard,Multiple Choice,[149] فن الطبخ العالمي المتقدم: أي طبق إقليمي أصيل يتميز بـ: South American seafood dish where raw fish is cured in fresh citrus juices؟,A) Tartare | B) Carpaccio | C) Ceviche | D) Poke,C
843,Cooking,Easy,Multiple Choice,[99] ما هو المكون الغذائي الذي يُعرف بأنه: Italian cured pork belly seasoned with salt and spices؟,A) Pancetta | B) Prosciutto | C) Salami | D) Chorizo,A
844,Cooking,Medium,Multiple Choice,[18] في فن الطهي الاحترافي، ما هي الطريقة التي تصف: cooking procedure in which alcohol is added to a hot pan to create flames؟,A) Deglazing | B) Sautéing | C) Flambé | D) Caramelizing,C
845,Cooking,Easy,Multiple Choice,ما هو المكون الغذائي الذي يُعرف بأنه: fragrant evergreen herb with needle-like leaves used in roasting؟,A) Thyme | B) Basil | C) Parsley | D) Rosemary,D
846,Cooking,Medium,Multiple Choice,[16] في فن الطهي الاحترافي، ما هي الطريقة التي تصف: scalding vegetables in boiling water then plunging into ice water؟,A) Blanching | B) Poaching | C) Steaming | D) Braising,A
847,Cooking,Medium,Multiple Choice,[102] في فن الطهي الاحترافي، ما هي الطريقة التي تصف: allowing bread dough to rise one final time before baking؟,A) Kneading | B) Folding | C) Proofing | D) Scoring,C
848,Cooking,Medium,Multiple Choice,في فن الطهي الاحترافي، ما هي الطريقة التي تصف: gradually raising temperature of eggs or chocolate without curdling or seizing؟,A) Proofing | B) Curdling | C) Tempering | D) Binding,C
849,Cooking,Hard,Typing,[29] تحدي كبار الطهاة: ما هو اسم الطبق الشهير الموصوف بـ 'South American seafood dish where raw fish is cured in fresh citrus juices'؟ اكتب الاسم بدقة.,,ceviche
850,Cooking,Medium,Typing,"[60] تحدي تقنيات الطهي: preserving food through addition of salt, nitrates, nitrite, or sugar. اكتب اسم التقنية بدقة.",,cure
851,Cooking,Hard,Multiple Choice,[106] فن الطبخ العالمي المتقدم: أي طبق إقليمي أصيل يتميز بـ: large range of small Chinese Cantonese dishes served with tea in steamer baskets؟,A) Dumpling | B) Dim sum | C) Bao | D) Spring roll,B
852,Cooking,Easy,Multiple Choice,[309] ما هو المكون الغذائي الذي يُعرف بأنه: fragrant evergreen herb with needle-like leaves used in roasting؟,A) Rosemary | B) Thyme | C) Basil | D) Parsley,A
853,Cooking,Easy,Multiple Choice,[337] ما هو المكون الغذائي الذي يُعرف بأنه: creamy Italian cheese coagulated by the addition of citric acid؟,A) Mascarpone | B) Ricotta | C) Cream cheese | D) Quark,A
854,Cooking,Easy,Multiple Choice,[223] ما هو المكون الغذائي الذي يُعرف بأنه: flavoring derived from orchids of the genus Vanilla؟,A) Almond | B) Cinnamon | C) Vanilla | D) Mint,C
855,Cooking,Easy,Multiple Choice,"[276] ما هو المكون الغذائي الذي يُعرف بأنه: botanical variety of the onion with a mild, delicate flavor؟",A) Leek | B) Garlic | C) Shallot | D) Scallion,C
856,Cooking,Easy,Multiple Choice,"[284] ما هو المكون الغذائي الذي يُعرف بأنه: colorless, flavorless food ingredient derived from collagen؟",A) Gelatin | B) Agar-agar | C) Pectin | D) Starch,A
857,Cooking,Easy,Multiple Choice,"[216] ما هو المكون الغذائي الذي يُعرف بأنه: botanical variety of the onion with a mild, delicate flavor؟",A) Leek | B) Garlic | C) Scallion | D) Shallot,D
858,Cooking,Medium,Multiple Choice,[142] في فن الطهي الاحترافي، ما هي الطريقة التي تصف: culinary knife cut where food is first julienned and then cut into tiny cubes؟,A) Batonnet | B) Paysanne | C) Rondelle | D) Brunoise,D
859,Cooking,Medium,Multiple Choice,في فن الطهي الاحترافي، ما هي الطريقة التي تصف: cooking food gently submerged in liquid below boiling point؟,A) Boiling | B) Simmering | C) Poaching | D) Scalding,C
860,Cooking,Medium,Multiple Choice,[87] في فن الطهي الاحترافي، ما هي الطريقة التي تصف: allowing bread dough to rise one final time before baking؟,A) Proofing | B) Kneading | C) Folding | D) Scoring,A
861,Cooking,Easy,Multiple Choice,[31] ما هو المكون الغذائي الذي يُعرف بأنه: southern Italian cheese traditionally made from Italian buffalo milk؟,A) Mozzarella | B) Brie | C) Feta | D) Ricotta,A
862,Cooking,Medium,Multiple Choice,[164] في فن الطهي الاحترافي، ما هي الطريقة التي تصف: cooking food slowly in fat or sugar syrup at low temperature؟,A) Broiling | B) Searing | C) Smoking | D) Confit,D
863,Cooking,Medium,Multiple Choice,[191] في فن الطهي الاحترافي، ما هي الطريقة التي تصف: gradually raising temperature of eggs or chocolate without curdling or seizing؟,A) Tempering | B) Proofing | C) Curdling | D) Binding,A
864,Cooking,Hard,Multiple Choice,[48] فن الطبخ العالمي المتقدم: أي طبق إقليمي أصيل يتميز بـ: traditional Mexican dish consisting of a folded tortilla filled with meat and salsa؟,A) Tacos | B) Burrito | C) Enchilada | D) Quesadilla,A
865,Cooking,Medium,Typing,[47] تحدي تقنيات الطهي: cooking food in vacuum-sealed pouches at a precise low temperature. اكتب اسم التقنية بدقة.,,sous-vide
866,Cooking,Medium,Multiple Choice,في فن الطهي الاحترافي، ما هي الطريقة التي تصف: shredding or finely cutting leafy vegetables or herbs into thin ribbons؟,A) Chiffonade | B) Julienne | C) Dice | D) Mince,A
867,Cooking,Hard,Typing,"[31] تحدي كبار الطهاة: ما هو اسم الطبق الشهير الموصوف بـ 'Spanish rice dish featuring saffron, vegetables, chicken, and seafood'؟ اكتب الاسم بدقة.",,paella
868,Cooking,Easy,Multiple Choice,[231] ما هو المكون الغذائي الذي يُعرف بأنه: southern Italian cheese traditionally made from Italian buffalo milk؟,A) Brie | B) Feta | C) Ricotta | D) Mozzarella,D
869,Cooking,Easy,Multiple Choice,[329] ما هو المكون الغذائي الذي يُعرف بأنه: fragrant evergreen herb with needle-like leaves used in roasting؟,A) Thyme | B) Basil | C) Parsley | D) Rosemary,D
870,Cooking,Medium,Multiple Choice,[83] في فن الطهي الاحترافي، ما هي الطريقة التي تصف: combination-cooking method using wet and dry heats: browning then simmering؟,A) Braising | B) Stewing | C) Roasting | D) Poaching,A
871,Cooking,Easy,Multiple Choice,[101] ما هو المكون الغذائي الذي يُعرف بأنه: red pepper spice commonly used for color and smoky flavor؟,A) Oregano | B) Cumin | C) Paprika | D) Nutmeg,C
872,Cooking,Easy,Typing,لغز الطبخ: subterranean ascomycete fungus prized as a culinary delicacy. اكتب الكلمة الصحيحة.,,truffle
873,Cooking,Hard,Multiple Choice,[99] فن الطبخ العالمي المتقدم: أي طبق إقليمي أصيل يتميز بـ: South American seafood dish where raw fish is cured in fresh citrus juices؟,A) Ceviche | B) Tartare | C) Carpaccio | D) Poke,A
874,Cooking,Hard,Multiple Choice,فن الطبخ العالمي المتقدم: أي طبق إقليمي أصيل يتميز بـ: traditional Mexican dish consisting of a folded tortilla filled with meat and salsa؟,A) Burrito | B) Tacos | C) Enchilada | D) Quesadilla,B
875,Cooking,Easy,Typing,"لغز الطبخ: japanese horseradish known for its sharp, pungent green paste. اكتب الكلمة الصحيحة.",,wasabi
876,Cooking,Easy,Multiple Choice,[175] ما هو المكون الغذائي الذي يُعرف بأنه: spice made from the seeds of several plants in the ginger family؟,A) Clove | B) Cardamom | C) Allspice | D) Star anise,B
877,Cooking,Medium,Multiple Choice,[28] في فن الطهي الاحترافي، ما هي الطريقة التي تصف: softening fruit by soaking it in liquid and sugar؟,A) Reduction | B) Maceration | C) Confit | D) Infusion,B
878,Cooking,Easy,Multiple Choice,[43] ما هو المكون الغذائي الذي يُعرف بأنه: flavoring derived from orchids of the genus Vanilla؟,A) Almond | B) Cinnamon | C) Vanilla | D) Mint,C
879,Cooking,Easy,Multiple Choice,[60] ما هو المكون الغذائي الذي يُعرف بأنه: Italian cured meat prepared from pork jowl or cheeks؟,A) Lard | B) Pancetta | C) Guanciale | D) Tallow,C
880,Cooking,Hard,Multiple Choice,"[51] فن الطبخ العالمي المتقدم: أي طبق إقليمي أصيل يتميز بـ: Spanish rice dish featuring saffron, vegetables, chicken, and seafood؟",A) Paella | B) Risotto | C) Biryani | D) Jambalaya,A
881,Cooking,Easy,Multiple Choice,[133] ما هو المكون الغذائي الذي يُعرف بأنه: middle eastern condiment made from toasted ground hulled sesame؟,A) Hummus | B) Tahini | C) Tzatziki | D) Pesto,B
882,Cooking,Hard,Multiple Choice,"[31] فن الطبخ العالمي المتقدم: أي طبق إقليمي أصيل يتميز بـ: Spanish rice dish featuring saffron, vegetables, chicken, and seafood؟",A) Paella | B) Risotto | C) Biryani | D) Jambalaya,A
883,Cooking,Easy,Multiple Choice,[55] ما هو المكون الغذائي الذي يُعرف بأنه: spice made from the seeds of several plants in the ginger family؟,A) Cardamom | B) Clove | C) Allspice | D) Star anise,A
884,Cooking,Hard,Typing,[19] تحدي كبار الطهاة: ما هو اسم الطبق الشهير الموصوف بـ 'South American seafood dish where raw fish is cured in fresh citrus juices'؟ اكتب الاسم بدقة.,,ceviche
885,Cooking,Medium,Multiple Choice,[184] في فن الطهي الاحترافي، ما هي الطريقة التي تصف: adding liquid to a hot pan to dissolve browned food residue؟,A) Reducing | B) Emulsifying | C) Deglazing | D) Clarifying,C
886,Cooking,Medium,Multiple Choice,[119] في فن الطهي الاحترافي، ما هي الطريقة التي تصف: cooking food slowly in fat or sugar syrup at low temperature؟,A) Broiling | B) Searing | C) Smoking | D) Confit,D
887,Cooking,Medium,Typing,[21] تحدي تقنيات الطهي: shredding or finely cutting leafy vegetables or herbs into thin ribbons. اكتب اسم التقنية بدقة.,,chiffonade
888,Cooking,Medium,Multiple Choice,[151] في فن الطهي الاحترافي، ما هي الطريقة التي تصف: scalding vegetables in boiling water then plunging into ice water؟,A) Blanching | B) Poaching | C) Steaming | D) Braising,A
889,Cooking,Medium,Multiple Choice,[37] في فن الطهي الاحترافي، ما هي الطريقة التي تصف: culinary knife cut where food is first julienned and then cut into tiny cubes؟,A) Brunoise | B) Batonnet | C) Paysanne | D) Rondelle,A
890,Cooking,Hard,Multiple Choice,فن الطبخ العالمي المتقدم: أي طبق إقليمي أصيل يتميز بـ: northern Italian rice dish cooked with broth until creamy consistency؟,A) Paella | B) Pilaf | C) Congee | D) Risotto,D
891,Cooking,Easy,Multiple Choice,[32] ما هو المكون الغذائي الذي يُعرف بأنه: flowering plant in the amaranth family grown as a grain crop؟,A) Barley | B) Bulgur | C) Quinoa | D) Couscous,C
892,Cooking,Medium,Typing,[44] تحدي تقنيات الطهي: cooking food slowly in fat or sugar syrup at low temperature. اكتب اسم التقنية بدقة.,,confit
893,Cooking,Easy,Multiple Choice,[310] ما هو المكون الغذائي الذي يُعرف بأنه: fresh green leaves of the coriander plant widely used in salsa؟,A) Mint | B) Cilantro | C) Dill | D) Tarragon,B
894,Cooking,Easy,Multiple Choice,"[228] ما هو المكون الغذائي الذي يُعرف بأنه: dark, concentrated, and intensely flavored vinegar originating in Italy؟",A) Balsamic | B) Apple cider | C) White vinegar | D) Rice vinegar,A
895,Cooking,Medium,Multiple Choice,[64] في فن الطهي الاحترافي، ما هي الطريقة التي تصف: adding liquid to a hot pan to dissolve browned food residue؟,A) Reducing | B) Emulsifying | C) Clarifying | D) Deglazing,D
896,Cooking,Medium,Multiple Choice,[58] في فن الطهي الاحترافي، ما هي الطريقة التي تصف: softening fruit by soaking it in liquid and sugar؟,A) Reduction | B) Maceration | C) Confit | D) Infusion,B
897,Cooking,Medium,Multiple Choice,في فن الطهي الاحترافي، ما هي الطريقة التي تصف: adding liquid to a hot pan to dissolve browned food residue؟,A) Reducing | B) Deglazing | C) Emulsifying | D) Clarifying,B
898,Cooking,Medium,Multiple Choice,[199] في فن الطهي الاحترافي، ما هي الطريقة التي تصف: adding liquid to a hot pan to dissolve browned food residue؟,A) Deglazing | B) Reducing | C) Emulsifying | D) Clarifying,A
899,Cooking,Easy,Multiple Choice,[65] ما هو المكون الغذائي الذي يُعرف بأنه: eukaryotic single-celled microorganism used in baking to leaven bread؟,A) Yeast | B) Baking soda | C) Baking powder | D) Cream of tartar,A
900,Cooking,Easy,Typing,"[68] لغز الطبخ: dark, concentrated, and intensely flavored vinegar originating in Italy. اكتب الكلمة الصحيحة.",,balsamic
901,Cooking,Hard,Multiple Choice,[146] فن الطبخ العالمي المتقدم: أي طبق إقليمي أصيل يتميز بـ: large range of small Chinese Cantonese dishes served with tea in steamer baskets؟,A) Dumpling | B) Bao | C) Dim sum | D) Spring roll,C
902,Cooking,Easy,Multiple Choice,ما هو المكون الغذائي الذي يُعرف بأنه: subterranean ascomycete fungus prized as a culinary delicacy؟,A) Portobello | B) Shiitake | C) Truffle | D) Morel,C
903,Cooking,Easy,Multiple Choice,[100] ما هو المكون الغذائي الذي يُعرف بأنه: Italian cured meat prepared from pork jowl or cheeks؟,A) Lard | B) Guanciale | C) Pancetta | D) Tallow,B
904,Cooking,Easy,Multiple Choice,"[327] ما هو المكون الغذائي الذي يُعرف بأنه: hard, granular Italian cheese made from cow milk؟",A) Cheddar | B) Gouda | C) Parmesan | D) Mozzarella,C
905,Cooking,Hard,Multiple Choice,[156] فن الطبخ العالمي المتقدم: أي طبق إقليمي أصيل يتميز بـ: large range of small Chinese Cantonese dishes served with tea in steamer baskets؟,A) Dumpling | B) Bao | C) Spring roll | D) Dim sum,D
906,Cooking,Easy,Multiple Choice,[85] ما هو المكون الغذائي الذي يُعرف بأنه: eukaryotic single-celled microorganism used in baking to leaven bread؟,A) Baking soda | B) Yeast | C) Baking powder | D) Cream of tartar,B
907,Cooking,Hard,Multiple Choice,[108] فن الطبخ العالمي المتقدم: أي طبق إقليمي أصيل يتميز بـ: traditional Mexican dish consisting of a folded tortilla filled with meat and salsa؟,A) Burrito | B) Enchilada | C) Tacos | D) Quesadilla,C
908,Cooking,Easy,Multiple Choice,"[348] ما هو المكون الغذائي الذي يُعرف بأنه: dark, concentrated, and intensely flavored vinegar originating in Italy؟",A) Apple cider | B) White vinegar | C) Rice vinegar | D) Balsamic,D
909,Cooking,Medium,Typing,"[25] تحدي تقنيات الطهي: oxidation of sugar, a process used widely in cooking for sweet nutty flavor. اكتب اسم التقنية بدقة.",,caramelization
910,Cooking,Hard,Multiple Choice,[66] فن الطبخ العالمي المتقدم: أي طبق إقليمي أصيل يتميز بـ: large range of small Chinese Cantonese dishes served with tea in steamer baskets؟,A) Dumpling | B) Dim sum | C) Bao | D) Spring roll,B
911,Cooking,Medium,Multiple Choice,[207] في فن الطهي الاحترافي، ما هي الطريقة التي تصف: allowing bread dough to rise one final time before baking؟,A) Kneading | B) Proofing | C) Folding | D) Scoring,B
912,Cooking,Easy,Multiple Choice,[122] ما هو المكون الغذائي الذي يُعرف بأنه: expensive golden-red spice harvested from crocus flowers؟,A) Turmeric | B) Cardamom | C) Saffron | D) Ginger,C
913,Cooking,Hard,Multiple Choice,[89] فن الطبخ العالمي المتقدم: أي طبق إقليمي أصيل يتميز بـ: South American seafood dish where raw fish is cured in fresh citrus juices؟,A) Ceviche | B) Tartare | C) Carpaccio | D) Poke,A
914,Cooking,Easy,Multiple Choice,ما هو المكون الغذائي الذي يُعرف بأنه: eukaryotic single-celled microorganism used in baking to leaven bread؟,A) Baking soda | B) Baking powder | C) Yeast | D) Cream of tartar,C
915,Cooking,Easy,Typing,[40] لغز الطبخ: Italian cured meat prepared from pork jowl or cheeks. اكتب الكلمة الصحيحة.,,guanciale
916,Cooking,Easy,Typing,[97] لغز الطبخ: creamy Italian cheese coagulated by the addition of citric acid. اكتب الكلمة الصحيحة.,,mascarpone
917,Cooking,Easy,Multiple Choice,ما هو المكون الغذائي الذي يُعرف بأنه: flowering plant in the amaranth family grown as a grain crop؟,A) Barley | B) Bulgur | C) Couscous | D) Quinoa,D
918,Cooking,Medium,Multiple Choice,[56] في فن الطهي الاحترافي، ما هي الطريقة التي تصف: gradually raising temperature of eggs or chocolate without curdling or seizing؟,A) Proofing | B) Curdling | C) Binding | D) Tempering,D
919,Cooking,Easy,Multiple Choice,[226] ما هو المكون الغذائي الذي يُعرف بأنه: subterranean ascomycete fungus prized as a culinary delicacy؟,A) Truffle | B) Portobello | C) Shiitake | D) Morel,A
920,Cooking,Medium,Multiple Choice,[155] في فن الطهي الاحترافي، ما هي الطريقة التي تصف: culinary knife cut where food is cut into long thin strips؟,A) Brunoise | B) Julienne | C) Chiffonade | D) Mirepoix,B
921,Cooking,Easy,Multiple Choice,ما هو المكون الغذائي الذي يُعرف بأنه: expensive golden-red spice harvested from crocus flowers؟,A) Turmeric | B) Saffron | C) Cardamom | D) Ginger,B
922,Cooking,Easy,Multiple Choice,"[184] ما هو المكون الغذائي الذي يُعرف بأنه: colorless, flavorless food ingredient derived from collagen؟",A) Agar-agar | B) Pectin | C) Starch | D) Gelatin,D
923,Cooking,Easy,Multiple Choice,[258] ما هو المكون الغذائي الذي يُعرف بأنه: Italian dry-cured ham that is usually thinly sliced and served uncooked؟,A) Prosciutto | B) Pancetta | C) Guanciale | D) Bacon,A
924,Cooking,Easy,Multiple Choice,[297] ما هو المكون الغذائي الذي يُعرف بأنه: creamy Italian cheese coagulated by the addition of citric acid؟,A) Ricotta | B) Cream cheese | C) Quark | D) Mascarpone,D
925,Cooking,Easy,Multiple Choice,[152] ما هو المكون الغذائي الذي يُعرف بأنه: flowering plant in the amaranth family grown as a grain crop؟,A) Barley | B) Bulgur | C) Couscous | D) Quinoa,D
926,Cooking,Medium,Multiple Choice,[146] في فن الطهي الاحترافي، ما هي الطريقة التي تصف: gradually raising temperature of eggs or chocolate without curdling or seizing؟,A) Tempering | B) Proofing | C) Curdling | D) Binding,A
927,Cooking,Easy,Multiple Choice,"[76] ما هو المكون الغذائي الذي يُعرف بأنه: botanical variety of the onion with a mild, delicate flavor؟",A) Shallot | B) Leek | C) Garlic | D) Scallion,A
928,Cooking,Medium,Multiple Choice,"[150] في فن الطهي الاحترافي، ما هي الطريقة التي تصف: preserving food through addition of salt, nitrates, nitrite, or sugar؟",A) Pasteurization | B) Fermentation | C) Cure | D) Pickling,C
929,Cooking,Easy,Typing,"[76] لغز الطبخ: botanical variety of the onion with a mild, delicate flavor. اكتب الكلمة الصحيحة.",,shallot
930,Cooking,Medium,Typing,[19] تحدي تقنيات الطهي: adding liquid to a hot pan to dissolve browned food residue. اكتب اسم التقنية بدقة.,,deglazing
931,Cooking,Easy,Multiple Choice,[232] ما هو المكون الغذائي الذي يُعرف بأنه: flowering plant in the amaranth family grown as a grain crop؟,A) Barley | B) Bulgur | C) Quinoa | D) Couscous,C
932,Cooking,Easy,Multiple Choice,[275] ما هو المكون الغذائي الذي يُعرف بأنه: spice made from the seeds of several plants in the ginger family؟,A) Clove | B) Allspice | C) Star anise | D) Cardamom,D
933,Cooking,Easy,Multiple Choice,[146] ما هو المكون الغذائي الذي يُعرف بأنه: subterranean ascomycete fungus prized as a culinary delicacy؟,A) Portobello | B) Truffle | C) Shiitake | D) Morel,B
934,Cooking,Medium,Multiple Choice,[67] في فن الطهي الاحترافي، ما هي الطريقة التي تصف: culinary knife cut where food is first julienned and then cut into tiny cubes؟,A) Batonnet | B) Brunoise | C) Paysanne | D) Rondelle,B
935,Cooking,Hard,Multiple Choice,"[123] فن الطبخ العالمي المتقدم: أي طبق إقليمي أصيل يتميز بـ: French Provençal stewed vegetable dish featuring eggplant, zucchini, and peppers؟",A) Bouillabaisse | B) Ratatouille | C) Cassoulet | D) Coq au vin,B
936,Cooking,Hard,Multiple Choice,[46] فن الطبخ العالمي المتقدم: أي طبق إقليمي أصيل يتميز بـ: large range of small Chinese Cantonese dishes served with tea in steamer baskets؟,A) Dumpling | B) Bao | C) Dim sum | D) Spring roll,C
937,Cooking,Medium,Multiple Choice,[193] في فن الطهي الاحترافي، ما هي الطريقة التي تصف: softening fruit by soaking it in liquid and sugar؟,A) Reduction | B) Confit | C) Infusion | D) Maceration,D
938,Cooking,Hard,Multiple Choice,[107] فن الطبخ العالمي المتقدم: أي طبق إقليمي أصيل يتميز بـ: layered eggplant and minced meat casserole topped with béchamel sauce؟,A) Moussaka | B) Lasagna | C) Pastitsio | D) Shepherd's pie,A
939,Cooking,Easy,Multiple Choice,[105] ما هو المكون الغذائي الذي يُعرف بأنه: eukaryotic single-celled microorganism used in baking to leaven bread؟,A) Baking soda | B) Baking powder | C) Cream of tartar | D) Yeast,D
940,Cooking,Easy,Typing,"[24] لغز الطبخ: colorless, flavorless food ingredient derived from collagen. اكتب الكلمة الصحيحة.",,gelatin
941,Cooking,Easy,Multiple Choice,"[68] ما هو المكون الغذائي الذي يُعرف بأنه: dark, concentrated, and intensely flavored vinegar originating in Italy؟",A) Balsamic | B) Apple cider | C) White vinegar | D) Rice vinegar,A
942,Cooking,Medium,Multiple Choice,[126] في فن الطهي الاحترافي، ما هي الطريقة التي تصف: shredding or finely cutting leafy vegetables or herbs into thin ribbons؟,A) Julienne | B) Dice | C) Mince | D) Chiffonade,D
943,Cooking,Easy,Multiple Choice,[325] ما هو المكون الغذائي الذي يُعرف بأنه: eukaryotic single-celled microorganism used in baking to leaven bread؟,A) Baking soda | B) Baking powder | C) Yeast | D) Cream of tartar,C
944,Cooking,Medium,Multiple Choice,[88] في فن الطهي الاحترافي، ما هي الطريقة التي تصف: softening fruit by soaking it in liquid and sugar؟,A) Reduction | B) Maceration | C) Confit | D) Infusion,B
945,Cooking,Easy,Multiple Choice,[93] ما هو المكون الغذائي الذي يُعرف بأنه: middle eastern condiment made from toasted ground hulled sesame؟,A) Hummus | B) Tzatziki | C) Tahini | D) Pesto,C
946,Cooking,Medium,Multiple Choice,[181] في فن الطهي الاحترافي، ما هي الطريقة التي تصف: scalding vegetables in boiling water then plunging into ice water؟,A) Poaching | B) Steaming | C) Braising | D) Blanching,D
947,Cooking,Medium,Multiple Choice,[234] في فن الطهي الاحترافي، ما هي الطريقة التي تصف: cooking food gently submerged in liquid below boiling point؟,A) Boiling | B) Simmering | C) Poaching | D) Scalding,C
948,Cooking,Medium,Multiple Choice,[156] في فن الطهي الاحترافي، ما هي الطريقة التي تصف: shredding or finely cutting leafy vegetables or herbs into thin ribbons؟,A) Julienne | B) Dice | C) Chiffonade | D) Mince,C
949,Cooking,Easy,Multiple Choice,[260] ما هو المكون الغذائي الذي يُعرف بأنه: Italian cured meat prepared from pork jowl or cheeks؟,A) Lard | B) Guanciale | C) Pancetta | D) Tallow,B
950,Cooking,Easy,Multiple Choice,"[354] ما هو المكون الغذائي الذي يُعرف بأنه: japanese horseradish known for its sharp, pungent green paste؟",A) Horseradish | B) Mustard | C) Ginger | D) Wasabi,D
951,Cooking,Easy,Multiple Choice,[370] ما هو المكون الغذائي الذي يُعرف بأنه: fresh green leaves of the coriander plant widely used in salsa؟,A) Mint | B) Dill | C) Cilantro | D) Tarragon,C
952,Cooking,Easy,Typing,[77] لغز الطبخ: creamy Italian cheese coagulated by the addition of citric acid. اكتب الكلمة الصحيحة.,,mascarpone
953,Cooking,Medium,Multiple Choice,[197] في فن الطهي الاحترافي، ما هي الطريقة التي تصف: cooking food in vacuum-sealed pouches at a precise low temperature؟,A) Deep-frying | B) Roasting | C) Grilling | D) Sous-vide,D
954,Cooking,Easy,Multiple Choice,[272] ما هو المكون الغذائي الذي يُعرف بأنه: flowering plant in the amaranth family grown as a grain crop؟,A) Quinoa | B) Barley | C) Bulgur | D) Couscous,A
955,Cooking,Hard,Multiple Choice,"[111] فن الطبخ العالمي المتقدم: أي طبق إقليمي أصيل يتميز بـ: Spanish rice dish featuring saffron, vegetables, chicken, and seafood؟",A) Risotto | B) Paella | C) Biryani | D) Jambalaya,B
956,Cooking,Easy,Multiple Choice,[66] ما هو المكون الغذائي الذي يُعرف بأنه: subterranean ascomycete fungus prized as a culinary delicacy؟,A) Truffle | B) Portobello | C) Shiitake | D) Morel,A
957,Cooking,Easy,Multiple Choice,"[356] ما هو المكون الغذائي الذي يُعرف بأنه: botanical variety of the onion with a mild, delicate flavor؟",A) Leek | B) Garlic | C) Scallion | D) Shallot,D
958,Cooking,Easy,Multiple Choice,[270] ما هو المكون الغذائي الذي يُعرف بأنه: fresh green leaves of the coriander plant widely used in salsa؟,A) Mint | B) Cilantro | C) Dill | D) Tarragon,B
959,Cooking,Hard,Multiple Choice,فن الطبخ العالمي المتقدم: أي طبق إقليمي أصيل يتميز بـ: South American seafood dish where raw fish is cured in fresh citrus juices؟,A) Tartare | B) Carpaccio | C) Ceviche | D) Poke,C
960,Cooking,Easy,Multiple Choice,[400] ما هو المكون الغذائي الذي يُعرف بأنه: Italian cured meat prepared from pork jowl or cheeks؟,A) Lard | B) Guanciale | C) Pancetta | D) Tallow,B
961,Cooking,Easy,Typing,[21] لغز الطبخ: red pepper spice commonly used for color and smoky flavor. اكتب الكلمة الصحيحة.,,paprika
962,Cooking,Medium,Multiple Choice,[62] في فن الطهي الاحترافي، ما هي الطريقة التي تصف: cooking food in vacuum-sealed pouches at a precise low temperature؟,A) Sous-vide | B) Deep-frying | C) Roasting | D) Grilling,A
963,Cooking,Easy,Multiple Choice,[292] ما هو المكون الغذائي الذي يُعرف بأنه: flowering plant in the amaranth family grown as a grain crop؟,A) Barley | B) Quinoa | C) Bulgur | D) Couscous,B
964,Cooking,Medium,Multiple Choice,[113] في فن الطهي الاحترافي، ما هي الطريقة التي تصف: combination-cooking method using wet and dry heats: browning then simmering؟,A) Stewing | B) Braising | C) Roasting | D) Poaching,B
965,Cooking,Easy,Multiple Choice,[126] ما هو المكون الغذائي الذي يُعرف بأنه: subterranean ascomycete fungus prized as a culinary delicacy؟,A) Truffle | B) Portobello | C) Shiitake | D) Morel,A
966,Cooking,Easy,Typing,"[67] لغز الطبخ: hard, granular Italian cheese made from cow milk. اكتب الكلمة الصحيحة.",,parmesan
967,Cooking,Easy,Multiple Choice,[83] ما هو المكون الغذائي الذي يُعرف بأنه: flavoring derived from orchids of the genus Vanilla؟,A) Almond | B) Vanilla | C) Cinnamon | D) Mint,B
968,Cooking,Easy,Multiple Choice,"[56] ما هو المكون الغذائي الذي يُعرف بأنه: botanical variety of the onion with a mild, delicate flavor؟",A) Leek | B) Garlic | C) Scallion | D) Shallot,D
969,Cooking,Hard,Multiple Choice,[115] فن الطبخ العالمي المتقدم: أي طبق إقليمي أصيل يتميز بـ: Japanese dish of prepared vinegared rice accompanied by seafood and vegetables؟,A) Sashimi | B) Ramen | C) Sushi | D) Tempura,C
970,Cooking,Easy,Multiple Choice,[315] ما هو المكون الغذائي الذي يُعرف بأنه: spice made from the seeds of several plants in the ginger family؟,A) Clove | B) Allspice | C) Cardamom | D) Star anise,C
971,Cooking,Easy,Multiple Choice,[386] ما هو المكون الغذائي الذي يُعرف بأنه: subterranean ascomycete fungus prized as a culinary delicacy؟,A) Portobello | B) Truffle | C) Shiitake | D) Morel,B
972,Cooking,Easy,Multiple Choice,[39] ما هو المكون الغذائي الذي يُعرف بأنه: Italian cured pork belly seasoned with salt and spices؟,A) Prosciutto | B) Pancetta | C) Salami | D) Chorizo,B
973,Cooking,Hard,Multiple Choice,[12] فن الطبخ العالمي المتقدم: أي طبق إقليمي أصيل يتميز بـ: northern Italian rice dish cooked with broth until creamy consistency؟,A) Paella | B) Pilaf | C) Risotto | D) Congee,C
974,Cooking,Hard,Multiple Choice,[32] فن الطبخ العالمي المتقدم: أي طبق إقليمي أصيل يتميز بـ: northern Italian rice dish cooked with broth until creamy consistency؟,A) Paella | B) Risotto | C) Pilaf | D) Congee,B
975,Cooking,Easy,Multiple Choice,"[288] ما هو المكون الغذائي الذي يُعرف بأنه: dark, concentrated, and intensely flavored vinegar originating in Italy؟",A) Balsamic | B) Apple cider | C) White vinegar | D) Rice vinegar,A
976,Cooking,Easy,Multiple Choice,[300] ما هو المكون الغذائي الذي يُعرف بأنه: Italian cured meat prepared from pork jowl or cheeks؟,A) Lard | B) Pancetta | C) Guanciale | D) Tallow,C
977,Cooking,Easy,Multiple Choice,[131] ما هو المكون الغذائي الذي يُعرف بأنه: southern Italian cheese traditionally made from Italian buffalo milk؟,A) Brie | B) Feta | C) Mozzarella | D) Ricotta,C
978,Cooking,Medium,Multiple Choice,[97] في فن الطهي الاحترافي، ما هي الطريقة التي تصف: culinary knife cut where food is first julienned and then cut into tiny cubes؟,A) Brunoise | B) Batonnet | C) Paysanne | D) Rondelle,A
979,Cooking,Easy,Multiple Choice,"[144] ما هو المكون الغذائي الذي يُعرف بأنه: colorless, flavorless food ingredient derived from collagen؟",A) Agar-agar | B) Pectin | C) Gelatin | D) Starch,C
980,Cooking,Easy,Typing,[92] لغز الطبخ: flowering plant in the amaranth family grown as a grain crop. اكتب الكلمة الصحيحة.,,quinoa
981,Cooking,Easy,Typing,[61] لغز الطبخ: red pepper spice commonly used for color and smoky flavor. اكتب الكلمة الصحيحة.,,paprika
982,Cooking,Easy,Multiple Choice,"[176] ما هو المكون الغذائي الذي يُعرف بأنه: botanical variety of the onion with a mild, delicate flavor؟",A) Shallot | B) Leek | C) Garlic | D) Scallion,A
983,Cooking,Medium,Multiple Choice,[31] في فن الطهي الاحترافي، ما هي الطريقة التي تصف: scalding vegetables in boiling water then plunging into ice water؟,A) Poaching | B) Steaming | C) Blanching | D) Braising,C
984,Cooking,Easy,Typing,"لغز الطبخ: hard, granular Italian cheese made from cow milk. اكتب الكلمة الصحيحة.",,parmesan
985,Cooking,Medium,Multiple Choice,[39] في فن الطهي الاحترافي، ما هي الطريقة التي تصف: cooking food gently submerged in liquid below boiling point؟,A) Poaching | B) Boiling | C) Simmering | D) Scalding,A
986,Cooking,Hard,Multiple Choice,[112] فن الطبخ العالمي المتقدم: أي طبق إقليمي أصيل يتميز بـ: northern Italian rice dish cooked with broth until creamy consistency؟,A) Paella | B) Pilaf | C) Risotto | D) Congee,C
987,Cooking,Easy,Multiple Choice,[21] ما هو المكون الغذائي الذي يُعرف بأنه: red pepper spice commonly used for color and smoky flavor؟,A) Paprika | B) Oregano | C) Cumin | D) Nutmeg,A
988,Cooking,Medium,Multiple Choice,[208] في فن الطهي الاحترافي، ما هي الطريقة التي تصف: softening fruit by soaking it in liquid and sugar؟,A) Reduction | B) Confit | C) Maceration | D) Infusion,C
989,Cooking,Medium,Multiple Choice,[224] في فن الطهي الاحترافي، ما هي الطريقة التي تصف: cooking food slowly in fat or sugar syrup at low temperature؟,A) Confit | B) Broiling | C) Searing | D) Smoking,A
990,Cooking,Easy,Multiple Choice,"[387] ما هو المكون الغذائي الذي يُعرف بأنه: hard, granular Italian cheese made from cow milk؟",A) Cheddar | B) Gouda | C) Mozzarella | D) Parmesan,D
991,Cooking,Medium,Typing,[34] تحدي تقنيات الطهي: adding liquid to a hot pan to dissolve browned food residue. اكتب اسم التقنية بدقة.,,deglazing
992,Cooking,Medium,Typing,تحدي تقنيات الطهي: shredding or finely cutting leafy vegetables or herbs into thin ribbons. اكتب اسم التقنية بدقة.,,chiffonade
993,Cooking,Medium,Multiple Choice,"[85] في فن الطهي الاحترافي، ما هي الطريقة التي تصف: oxidation of sugar, a process used widely in cooking for sweet nutty flavor؟",A) Caramelization | B) Fermentation | C) Coagulation | D) Maceration,A
994,Cooking,Easy,Multiple Choice,[151] ما هو المكون الغذائي الذي يُعرف بأنه: southern Italian cheese traditionally made from Italian buffalo milk؟,A) Brie | B) Mozzarella | C) Feta | D) Ricotta,B
995,Cooking,Easy,Multiple Choice,[330] ما هو المكون الغذائي الذي يُعرف بأنه: fresh green leaves of the coriander plant widely used in salsa؟,A) Cilantro | B) Mint | C) Dill | D) Tarragon,A
996,Cooking,Easy,Multiple Choice,"[44] ما هو المكون الغذائي الذي يُعرف بأنه: colorless, flavorless food ingredient derived from collagen؟",A) Agar-agar | B) Gelatin | C) Pectin | D) Starch,B
997,Cooking,Easy,Multiple Choice,[117] ما هو المكون الغذائي الذي يُعرف بأنه: creamy Italian cheese coagulated by the addition of citric acid؟,A) Ricotta | B) Mascarpone | C) Cream cheese | D) Quark,B
998,Cooking,Medium,Multiple Choice,[49] في فن الطهي الاحترافي، ما هي الطريقة التي تصف: adding liquid to a hot pan to dissolve browned food residue؟,A) Deglazing | B) Reducing | C) Emulsifying | D) Clarifying,A
999,Cooking,Hard,Multiple Choice,[69] فن الطبخ العالمي المتقدم: أي طبق إقليمي أصيل يتميز بـ: South American seafood dish where raw fish is cured in fresh citrus juices؟,A) Tartare | B) Carpaccio | C) Ceviche | D) Poke,C
1000,Cooking,Medium,Multiple Choice,[144] في فن الطهي الاحترافي، ما هي الطريقة التي تصف: cooking food gently submerged in liquid below boiling point؟,A) Boiling | B) Simmering | C) Poaching | D) Scalding,C
