number,subject,difficulty,question_type,question,multiple_choices,answer
1,History,Easy,Multiple Choice,أي حضارة نهرية قديمة نشأت وازدهرت على ضفاف نهر النيل في شمال شرق إفريقيا؟,A) مصر القديمة | B) بلاد الرافدين | C) وادي السند | D) اليونان القديمة,A
2,History,Easy,Multiple Choice,من هو أول إمبراطور لروما، الذي حكم في أعقاب سقوط الجمهورية الرومانية ودشن عصر السلام الروماني (باكس رومانا)؟,A) يوليوس قيصر | B) أغسطس / أوكتافيان | C) نيرون | D) كاليغولا,B
3,History,Easy,Multiple Choice,أي مدينة-دولة يونانية قديمة اشتهرت بانضباطها العسكري الصارم ونظامها القتالي الفريد وحكم الملكين؟,A) أثينا | B) كورنثوس | C) إسبرطة | D) طيبة,C
4,History,Easy,Multiple Choice,ما هو المجمع الجنائزي الحجري الهائل على هضبة الجيزة الذي بُني ليكون مقبرة لفرعون الأسرة الرابعة خوفو؟,A) هرم زوسر المدرج | B) الهرم الأحمر | C) وادي الملوك | D) الهرم الأكبر بالجيزة,D
5,History,Easy,Multiple Choice,أي ملك بابلي اشتهر بوضع واحدة من أقدم المدونات القانونية المكتوبة في التاريخ والقائمة على مبدأ 'العين بالعين'؟,A) حمورابي | B) نبوخذ نصر الثاني | C) سرجون الأكدي | D) جلجامش,A
6,History,Easy,Multiple Choice,في عام 44 ق.م، أي دكتاتور روماني اغتيل في مجلس الشيوخ في 'عيد منتصف مارس' على يد مجموعة من الشيوخ بينهم بروتوس؟,A) مارك أنطوني | B) يوليوس قيصر | C) بومبي الكبير | D) شيشرون,B
7,History,Easy,Multiple Choice,ما هي المعركة الحاسمة عام 490 ق.م التي هزم فيها الجيش الأثيني غزواً فارسياً ضخماً، وألهمت سباق الجري الأولمبي الشهير؟,A) معركة ترموبيل | B) معركة سلاميس | C) معركة ماراثون | D) معركة بلاتيا,C
8,History,Easy,Multiple Choice,من هو الفرعون الصغير الشهير الذي اكتشف عالم الآثار هوارد كارتر مقبرته الذهبية السليمة بالكامل تقريباً عام 1922؟,A) إخناتون | B) رمسيس الثاني | C) تحتمس الثالث | D) توت عنخ آمون,D
9,History,Easy,Multiple Choice,من هو الملك المقدوني الشاب الذي فتح الإمبراطورية الفارسية وأسس إمبراطورية امتدت من اليونان إلى شمال غرب الهند قبل وفاته عن 32 عاماً؟,A) الإسكندر الأكبر | B) فيليب الثاني | C) بريكليس | D) سلوقس,A
10,History,Easy,Multiple Choice,أي قائد عسكري قرطاجي قاد فيلة الحرب عبر جبال الألب لغزو شبه الجزيرة الإيطالية خلال الحرب البونيقية الثانية؟,A) حملقار برقا | B) حنبعل برقا | C) صدربعل | D) سكيبيو الإفريقي,B
11,History,Easy,Multiple Choice,ما هو نظام الحكم الذي يعني حرفياً 'حكم الشعب' ورسخته مدينة-دولة أثينا في القرن الخامس قبل الميلاد؟,A) الأوليغارشية | B) الملكية | C) الديمقراطية | D) الطغيان,C
12,History,Easy,Multiple Choice,ما هو نظام الكتابة المعتمد على علامات إسفينية على ألواح الطين الرطبة والذي طوره السومريون القدماء في بلاد الرافدين؟,A) الهيروغليفية | B) الأبجدية الفينيقية | C) الخط الخطي ب | D) الكتابة المسمارية,D
13,History,Easy,Multiple Choice,من هي آخر حكام المملكة البطلمية في مصر، واشتهرت بعلاقاتها السياسية مع يوليوس قيصر ومارك أنطوني؟,A) كليوباترا السابعة | B) نفرتيتي | C) حتشبسوت | D) أرسينوي الرابعة,A
14,History,Easy,Multiple Choice,ما هو المدرج الحجري الروماني الضخم المكتمل عام 80 م في عهد الإمبراطور تيتوس واستضاف قتالات المجالدين والعروض العامة؟,A) سيرك ماكسيموس | B) الكولوسيوم | C) البانثيون | D) المنتدى الروماني,B
15,History,Easy,Multiple Choice,في عام 480 ق.م، أي ملك إسبرطي قاد الوقفة الأسطورية لـ 300 محارب إسبرطي وحلفائهم ضد الحشود الفارسية عند ممر ترموبيل؟,A) باوسانياس | B) أجيس الثاني | C) ليونيداس الأول | D) كليومينس,C
16,History,Easy,Multiple Choice,من هو أول إمبراطور وحد الصين ووحد المقاييس والموازين والكتابة، ودُفن مع جيش التيراكوتا الفخاري المهيب؟,A) هان وودي | B) تانغ تايزونغ | C) قوبلاي خان | D) تشين شي هوانغ,D
17,History,Easy,Multiple Choice,أي نهر إيطالي عبره يوليوس قيصر مع فيلقه عام 49 ق.م معلناً العصيان وبدء الحرب الأهلية بعبارته 'رُمي النرد'؟,A) الروبيكون | B) التيبر | C) الدانوب | D) الراين,A
18,History,Easy,Multiple Choice,أي شعب تجاري بحري قديم على سواحل المتوسط ابتكر أول أبجدية صوتية واسعة الانتشار أثرت في الأبجديتين اليونانية واللاتينية؟,A) الحثيون | B) الفينيقيون | C) الفلسطينيون القدماء | D) البابليون,B
19,History,Easy,Multiple Choice,ما هو المعبد الرخامي الأثيني المهيب المكرس للإلهة أثينا والمشيد على قمة أكروبوليس أثينا تحت قيادة بريكليس؟,A) معبد زيوس | B) الإريختيون | C) البارثينون | D) معبد أبولو,C
20,History,Easy,Multiple Choice,أي إحدى عجائب الدنيا السبع القديمة شيدها الملك نبوخذ نصر الثاني في بلاد الرافدين لزوجته أميتيس التي اشتاقت لجبال بلادها الخضراء؟,A) عملاق رودس | B) منارة الإسكندرية | C) ضريح موسولوس | D) حدائق بابل المعلقة,D
21,History,Easy,Multiple Choice,ما هو العصر التاريخي الذي امتد لقرنين من الاستقرار والسلام والازدهار عبر الإمبراطورية الرومانية وبدأ بحكم أغسطس؟,A) باكس رومانا / السلام الروماني | B) باكس مونغوليكا | C) الحقبة الجميلة | D) باكس بريتانيكا,A
22,History,Easy,Multiple Choice,من هي ملكة الأسرة الثامنة عشرة المصرية التي حكمت كفرعون لأكثر من عقدين ورُسمت في المعابد باللحية المستعارة التقليدية؟,A) نفرتيتي | B) حتشبسوت | C) كليوباترا | D) سوبك نفرو,B
23,History,Easy,Multiple Choice,ما هي سلسلة الحروب التاريخية الثلاث التي خاضتها الجمهورية الرومانية ضد إمبراطورية قرطاج البحرية بين 264 و146 ق.م؟,A) الحروب البيلوبونيزية | B) الحروب الفارسية | C) الحروب البونيقية | D) حروب الغال,C
24,History,Easy,Multiple Choice,أي فيلسوف يوناني حُكم عليه بالإعدام في أثينا عام 399 ق.م بتجرع سم الشوكران بتهمة إفساد الشباب وإنكار آلهة المدينة؟,A) أفلاطون | B) أرسطو | C) أبيقور | D) سقراط,D
25,History,Easy,Multiple Choice,ما هو الحجر الغرانيتي الذي عثر عليه جنود فرنسيون في مصر عام 1799 وضم مرسوماً بثلاث لغات فك شفرة الهيروغليفية؟,A) حجر رشيد | B) لوحة نارمر | C) بردية آني | D) حجر باليرمو,A
26,History,Easy,Multiple Choice,ما هي شبكة الطرق التجارية البرية القديمة التي ربطت الصين وآسيا الوسطى والهند بالبحر الأبيض المتوسط لقرون؟,A) الطريق الملكي | B) طريق الحرير | C) طريق الكهرمان | D) طريق البخور,B
27,History,Easy,Multiple Choice,ما هي المدينة الرومانية قرب نابولي التي دُفنت وحُفظت بالكامل تحت الرماد البركاني إثر ثوران بركان فيزوف عام 79 م؟,A) أوستيا | B) كابوا | C) بومبي | D) رافينا,C
28,History,Easy,Multiple Choice,من هو مؤسس الإمبراطورية الأخمينية الفارسية في القرن السادس ق.م وصاحب الأسطوانة الشهيرة في حقوق الشعوب وتحرير اليهود من بابل؟,A) داريوس الكبير | B) خشايارشا الأول | C) أرتحششتا | D) قورش الكبير,D
29,History,Easy,Multiple Choice,ما هي الحرب الطويلة المدمرة (431-404 ق.م) التي دارت بين حلف الديلوس بقيادة أثينا والحلف البيلوبونيزي بقيادة إسبرطة؟,A) الحرب البيلوبونيزية | B) حرب طروادة | C) الحرب الكورنثية | D) الحرب البونيقية,A
30,History,Easy,Multiple Choice,من هو فرعون الأسرة التاسعة عشرة صاحب أطول فترة حكم (66 عاماً) وشيد معبد أبو سمبل وخاض معركة قادش ضد الحثيين؟,A) تحتمس الأول | B) رمسيس الثاني / رمسيس الأكبر | C) أمنحتب الثالث | D) سيتي الأول,B
31,History,Easy,Multiple Choice,في المجتمع الروماني القديم، ماذا كان يُطلق على طبقة النبلاء والأشراف الأثرياء في مواجهة عامة الشعب (العامة)؟,A) الفرسان (إيكويتس) | B) التريبيون | C) الباتريسيان / النبلاء (Patricians) | D) البروليتاريا,C
32,History,Easy,Multiple Choice,ما هو الجدار الدفاعي الحجري الضخم الذي شيده إمبراطور روماني عام 122 م عبر شمال إنجلترا لصد هجمات القبائل الشمالية؟,A) جدار أنطونيوس | B) السور السرفياني | C) الأسوار الأوريليانية | D) جدار هادريان,D
33,History,Easy,Multiple Choice,أي حاكم من بلاد الرافدين وحد مدن سومر وأكد في القرن 24 ق.م مؤسساً أول إمبراطورية متعددة الأعراق في التاريخ المكتوب؟,A) سرجون الأكدي / سرجون العظيم | B) أورنمو | C) نرام سين | D) آشوربانيبال,A
34,History,Easy,Multiple Choice,من هو الفرعون الذي تخلى عن التعددية الدينية التقليدية ودعا لعبادة إله الشمس الواحد 'آتون' وغير اسمه ونقل العاصمة؟,A) توت عنخ آمون | B) إخناتون / أمنحتب الرابع | C) رمسيس الأول | D) حورمحب,B
35,History,Easy,Multiple Choice,في عام 480 ق.م، ما المعركة البحرية التاريخية في المضائق قرب أثينا التي سحق فيها الأسطول اليوناني أسطول الفرس بقيادة خشايارشا؟,A) معركة أكتيوم | B) معركة ليبانتو | C) معركة سلاميس | D) معركة نافارين,C
36,History,Easy,Multiple Choice,من هو المجالد التراقي الذي قاد أكبر ثورة للعبيد ضد الجمهورية الرومانية بين عامي 73 و71 ق.م في حرب العبيد الثالثة؟,A) كريكسوس | B) أونوماوس | C) غانيكوس | D) سبارتاكوس,D
37,History,Easy,Multiple Choice,ما هي أعظم مكتبات العالم القديم التي تأسست في مصر في العهد البطلمي وكانت مركزاً رائداً للعلوم والترجمة؟,A) مكتبة الإسكندرية | B) مكتبة بيرغامون | C) مكتبة سيلسوس | D) مكتبة آشوربانيبال,A
38,History,Easy,Multiple Choice,أي قائد روماني هزم القائد القرطاجي حنبعل في معركة زاما عام 202 ق.م منهياً الحرب البونيقية الثانية ومكتسباً لقباً تشريفياً؟,A) فابيوس مكسيموس | B) سكيبيو الإفريقي | C) ماركوس مارسيلوس | D) كاتو الأكبر,B
39,History,Easy,Multiple Choice,ما هي الحضارة البرونزية القديمة التي ازدهرت في جزيرة كريت وتمحورت حول قصر كنوسوس الأسطوري؟,A) الحضارة الموكيانية | B) الحضارة الكيكلادية | C) الحضارة المينوية | D) الحضارة الإتروسكانية,C
40,History,Easy,Multiple Choice,من هو الإمبراطور الروماني الذي جعل المسيحية الديانة المفضلة ونقل عاصمة الإمبراطورية إلى بيزنطة (القسطنطينية) عام 330 م؟,A) دقلديانوس | B) ماركوس أوريليوس | C) تراجان | D) قسطنطين العظيم,D
41,History,Easy,Multiple Choice,ما هو العام الميلادي الذي يحدده المؤرخون تقليدياً كسقوط للإمبراطورية الرومانية الغربية بعد خلع رومولوس أوغستولوس؟,A) 476 م | B) 410 م | C) 395 م | D) 500 م,A
42,History,Easy,Multiple Choice,ما هو التشكيل العسكري اليوناني الشهير للمشاة المدرعين (الهوبليت) الذين يصطفون كتفاً بكتف بتروس متداخلة ورماح مشرعة؟,A) الفيلق | B) الفيلانكس / الكتيبة السلامية | C) الكوهورت | D) السينتوري,B
43,History,Easy,Multiple Choice,وفقاً للأسطورة الرومانية، من هما التوأمان اللذان أرضعتهما الذئبة وأسسا مدينة روما القديمة في عام 753 ق.م؟,A) كاستور وبولوكس | B) هيكتور وباريس | C) رومولوس ورموس | D) تيبيريوس وغايوس,C
44,History,Easy,Typing,ما هو النهر الإفريقي المكون من 5 أحرف الذي كان شريان الحياة لقيام حضارة مصر القديمة؟,,النيل
45,History,Easy,Typing,ما اسم المدينة الإيطالية القديمة المكون من 4 أحرف التي تأسست عام 753 ق.م وأصبحت قلب إمبراطورية عالمية؟,,روما
46,History,Easy,Typing,ما اسم المدينة-الدولة اليونانية العسكرية المحاربة التي هزمت أثينا في الحرب البيلوبونيزية (إسبـ...)?,,إسبرطة
47,History,Easy,Typing,ما هو اللقب والاسم الإمبراطوري لأول إمبراطور روماني وكان يدعى أوكتافيان (أغسـ...)?,,أغسطس
48,History,Easy,Typing,ما اسم القائد القرطاجي المكون من 5 أحرف الذي قاد الفيلة عبر جبال الألب ضد روما؟,,حنبعل
49,History,Easy,Typing,ما هو اللقب الملكي الذي كان يطلق على ملوك وحكام مصر القديمة المكون من 5 أحرف؟,,فرعون
50,History,Easy,Typing,ما اسم الفيلسوف الأثيني الشهير الذي حُكم عليه بالإعدام بشرب سم الشوكران عام 399 ق.م؟,,سقراط
51,History,Medium,Multiple Choice,ما هي معاهدة السلام التاريخية الموقعة عام 1259 ق.م بين رمسيس الثاني والملك خاتوشيلي الثالث وتعد أقدم معاهدة سلام مكتوبة في التاريخ؟,A) معاهدة فرساي | B) سلام كالياس | C) معاهدة نيكياس | D) معاهدة قادش,D
52,History,Medium,Multiple Choice,في الجمهورية الرومانية، ما هما المنصبان الساميان اللذان كان يُنتخب شاغلوهما سنوياً لإدارة الدولة وقيادة الجيوش؟,A) القنصلان (Consuls) | B) التريبيون | C) البريتور | D) الرقباء (سينسور),A
53,History,Medium,Multiple Choice,أي ملك آشوري جمع مكتبة ملكية ضخمة ضمت أكثر من 30 ألف لوح مسماري في نينوى، وحفظت ملحمة جلجامش؟,A) سنحاريب | B) آشوربانيبال | C) تغلث فلاسر الثالث | D) شلمنصر الخامس,B
54,History,Medium,Multiple Choice,في عام 31 ق.م، ما هي المعركة البحرية الفاصلة قبالة سواحل اليونان التي هزم فيها أوكتافيان الأسطول المشترك لمارك أنطوني وكليوباترا؟,A) معركة سلاميس | B) معركة كاناي | C) معركة أكتيوم البحرية | D) معركة فارسالوس,C
55,History,Medium,Multiple Choice,من هو الزعيم الأثيني الذي قاد العصر الذهبي لأثينا وعزز ديمقراطيتها وألقى خطبته الجنائزية الشهيرة التي دونها ثوسيديديس؟,A) سولون | B) كليستينس | C) ثميستوكليس | D) بريكليس,D
56,History,Medium,Multiple Choice,في عام 216 ق.م، ما المعركة التاريخية في جنوب إيطاليا التي نفذ فيها حنبعل حركة تطويق مزدوجة أباد فيها نحو 70 ألف جندي روماني؟,A) معركة كاناي | B) معركة بحيرة تراسيمينو | C) معركة تريبيا | D) معركة زاما,A
57,History,Medium,Multiple Choice,من هو المشرع الأثيني في القرن السادس ق.م الذي أرسى أسس الديمقراطية بإلغاء عبودية الديون وإصلاح المواطنة؟,A) دراكو | B) سولون | C) بيسيستراتوس | D) إفيالتس,B
58,History,Medium,Multiple Choice,أي إمبراطور روماني بنى 'القصر الذهبي' الباذخ وألقى باللوم على المسيحيين في حريق روما الكبير عام 64 م؟,A) كاليغولا | B) تيبيريوس | C) نيرون | D) دوميتيان,C
59,History,Medium,Multiple Choice,ما هو الهرم المدرج المكتمل في سقارة والذي صممه المهندس والوزير الملكي إمحوتب لفرعونه؟,A) سنفرو | B) منقرع | C) وناس | D) زوسر,D
60,History,Medium,Multiple Choice,ما هو الحلف السياسي السري الذي تشكل عام 60 ق.م وضم يوليوس قيصر وبومبي الكبير وماركوس كراسوس؟,A) الثلاثية الأولى / التريومفيراتوس الأول | B) التريومفيراتوس الثاني | C) مجلس الشيوخ | D) تحالف غراكي,A
61,History,Medium,Multiple Choice,أي ملك فارسي بنى العاصمة الاحتفالية الفخمة برسيبوليس (تخت جمشيد) ومد حدود الإمبراطورية لأقصى اتساع جغرافي؟,A) قمبيز الثاني | B) داريوس الأول / داريوس الكبير | C) قورش الأصغر | D) خشايارشا الثاني,B
62,History,Medium,Multiple Choice,أي فيلسوف رواقي حكم كإمبراطور روماني من 161 إلى 180 م ودون تأملاته الفلسفية الشخصية في كتاب 'التأملات' في معسكراته الحربية؟,A) تراجان | B) هادريان | C) ماركوس أوريليوس | D) أنطونيوس بيوس,C
63,History,Medium,Multiple Choice,ما هو الحلف العسكري للمدن اليونانية الذي تأسس عام 478 ق.م في جزيرة مقدسة ببحر إيجة لمواصلة قتال الفرس؟,A) الحلف البيلوبونيزي | B) الحلف الآخائي | C) الحلف البويوتي | D) الحلف الديلي,D
64,History,Medium,Multiple Choice,أي إمبراطور موري للهند اعتنق البوذية بعد أن روعته مجازر حرب كالينغا عام 261 ق.م ونقش مراسيم التسامح على الصخور والأعمدة؟,A) أشوكا العظيم | B) شاندراغوبتا م Battuta | C) بيندوسارا | D) هارشا,A
65,History,Medium,Multiple Choice,في عام 378 م، ما هي الهزيمة الرومانية الكارثية ضد القوط الغربيين التي قُتل فيها الإمبراطور فالنس في أرض المعركة؟,A) معركة السهول الكاتالونية | B) معركة أدريانوبل / أدرنة | C) معركة شالون | D) معركة جسر ميلفيو,B
66,History,Medium,Multiple Choice,أي حضارة قديمة في حوض نهر السند اشتهرت بتخطيطها العمراني المتقن وشبكات الصرف الصحي المتطورة والحمام الكبير؟,A) بلاد الرافدين | B) سومر | C) حضارة وادي السند / هارابا | D) عيلام,C
67,History,Medium,Multiple Choice,أي قائد روماني أصلح الجيش عام 107 ق.م بإلغاء شرط ملكية الأراضي وإنشاء جيش نظامي محترف يدين بالولاء لقادته؟,A) لوسيوس كورنيليوس سولا | B) بومبي | C) سكيبيو إيميليانوس | D) غايوس ماريوس,D
68,History,Medium,Multiple Choice,ما هو الطريق الملكي الفارسي الممتد لأكثر من 1600 ميل من شوشان إلى ساردس وسمح لسعاة البريد بنقل الرسائل عبر الإمبراطورية في أيام؟,A) الطريق الملكي | B) طريق الملوك | C) طريق الحرير السريع | D) طريق أبيا,A
69,History,Medium,Multiple Choice,في عام 338 ق.م، ما المعركة التي سحق فيها فيليب الثاني المقدوني جيوش أثينا وطيبة مجتمعة، منهياً استقلال المدن اليونانية؟,A) معركة مانتينيا | B) معركة خايرونيا | C) معركة ليوكترا | D) معركة كورونيا,B
70,History,Medium,Multiple Choice,أي إمبراطور روماني قسم إدارة الإمبراطورية رسمياً إلى نصفين شرقي وغربي عبر نظام 'الحكم الرباعي' (التتراركية) عام 293 م؟,A) قسطنطين | B) أوريليان | C) دقلديانوس | D) كلاوديوس غوثيكوس,C
71,History,Medium,Multiple Choice,في عام 494 ق.م، ما الأسلوب الاحتجاجي الدرامي الذي اتبعه عامة روما ضد استبداد النبلاء بالخروج الجماعي التام من المدينة والإضراب؟,A) ثورة الإخوة غراكي | B) الحرب الاجتماعية | C) مؤامرة كاتيلينا | D) الانفصال العام للعامة,D
72,History,Medium,Multiple Choice,أي حضارة بحرية تمركزت في لبنان الحديث واشتهرت بإنتاج وتجارة الصباغ الأرجواني الصوري الملكي المستخرج من قواقع الموريكس؟,A) الفينيقيون | B) الفلسطينيون القدماء | C) الآراميون | D) الأنباط,A
73,History,Medium,Multiple Choice,أي إمبراطور روماني وسع الإمبراطورية لأقصى اتساع جغرافي في تاريخها عام 117 م بفتحه لداسيا وضم بلاد الرافدين؟,A) أغسطس | B) تراجان | C) هادريان | D) فسباسيان,B
74,History,Medium,Multiple Choice,من هو المؤرخ اليوناني الشهير في القرن الخامس ق.م مؤلف 'تاريخ الحرب البيلوبونيزية' ومؤسس معايير التوثيق الصارم والواقعية السياسية؟,A) هيرودوت | B) زينوفون | C) ثوسيديديس | D) بوليبيوس,C
75,History,Medium,Multiple Choice,ما هي اللوحة الحجرية المصرية من نحو 3100 ق.م التي تصور الملك نارمر يصرع أعداءه وتعد أقدم وثيقة توحد القطرين المصريين؟,A) حجر رشيد | B) قائمة ملوك تورينو | C) قائمة ملوك أبيدوس | D) لوحة نارمر,D
76,History,Medium,Typing,ما اسم الزعيم الأثيني المكون من 7 أحرف الذي بنى البارثينون وقاد العصر الذهبي لأثينا؟,,بريكليس
77,History,Medium,Typing,ما هو اللقب الدستوري باللاتينية المكون من 4 أحرف لأعلى حاكمين منتخبين في الجمهورية الرومانية؟,,قنصل
78,History,Medium,Typing,ما اسم الإمبراطور الهندي العظيم الذي اعتنق ونشر البوذية بعد حرب كالينغا الدامية (أشـ...)?,,أشوكا
79,History,Medium,Typing,ما اسم المدينة الرومانية المكون من 5 أحرف التي طمرها رماد بركان فيزوف عام 79 م؟,,بومبي
80,History,Medium,Typing,ما اسم الإمبراطور الروماني الذي قسم الإمبراطورية لنظام الحكم الرباعي عام 293 م (دقلـ...)?,,دقلديانوس
81,History,Hard,Multiple Choice,في عام 53 ق.م، أي عضو في الحكم الثلاثي وأثرى رجل في روما هُزم وقُتل على يد رماة الخيول البارثيين في معركة حران (كارهاي)؟,A) ماركوس ليسينيوس كراسوس | B) بومبي الكبير | C) مارك أنطوني | D) لوكولوس,A
82,History,Hard,Multiple Choice,أي فرعون من الأسرة الثانية عشرة المصرية اشتهر بفتح مناجم الفيروز والنحاس في سيناء واستكمال مشروعات الري الضخمة في بحيرة موريس؟,A) سنوسرت الأول | B) أمنمحات الثالث | C) منتوحوتب الثاني | D) سنوسرت الثالث,B
83,History,Hard,Multiple Choice,في عام 371 ق.م، أي قائد عسكري طيبي بارع استخدم تشكيل المعركة المائل في ليوكترا ليحطم هيمنة إسبرطة العسكرية للأبد؟,A) بيلوبيداس | B) غورغيداس | C) إبامينونداس | D) ديموستينس,C
84,History,Hard,Multiple Choice,ما هي سلسلة الحروب الأهلية الدامية (91-87 ق.م) التي خاضتها روما ضد حلفائها الإيطاليين الذين طالبوا بالحصول على المواطنة الرومانية الكاملة؟,A) حروب العبيد | B) حرب يوغرطة | C) الحروب الميثريداتية | D) الحرب الاجتماعية / حرب الحلفاء,D
85,History,Hard,Multiple Choice,من هو آخر ملوك الإمبراطورية البابلية الحديثة، الذي أهمل الإله مردوخ مفضلاً إله القمر سين قبل سقوط بابل أمام قورش الكبير؟,A) نبونيد | B) بلشاصر | C) نرغال شراصر | D) لَباشي مردوخ,A
86,History,Hard,Multiple Choice,في عام 9 م، أي زعيم جرماني من قبيلة الشيروسكيين نصب كميناً أباد فيه ثلاثة فيالق رومانية بقيادة فاروس في غابة تويتوبورغ؟,A) ماروبودووس | B) أرمينيوس / هيرمان | C) سيغيستيس | D) ألاريك,B
87,History,Hard,Multiple Choice,ما هو المرسوم الإمبراطوري الروماني الصادر عام 212 م عن الإمبراطور كاراكلا ومنح المواطنة الرومانية الكاملة لجميع الأحرار في الإمبراطورية؟,A) مرسوم ميلانو | B) مرسوم الأسعار | C) مرسوم كاراكلا / الدستور الأنطوني | D) قانون هورتينسيا,C
88,History,Hard,Multiple Choice,من هو الملك الحثي الذي قاد جيش العجلات الحربية ضد رمسيس الثاني في معركة قادش الكبرى نحو 1274 ق.م؟,A) سوبيلوليوما الأول | B) مورشيلي الثاني | C) تودخاليا الرابع | D) مواتالي الثاني,D
89,History,Hard,Multiple Choice,في عام 415 ق.م، ما هي الحملة العسكرية البحرية الكارثية التي شنتها أثينا أثناء الحرب البيلوبونيزية وانتهت بإبادة أسطولها وجيشها بالكامل؟,A) الحملة الصقلية | B) معركة أمفيبوليس | C) حملة ميلوس | D) الحملة الأيونية,A
90,History,Hard,Multiple Choice,ما هو القانون الروماني الصادر عام 287 ق.م وجعل جميع قرارات مجلس العامة (الاستفتاءات) ملزمة قانونياً لكافة المواطنين بما فيهم النبلاء؟,A) قانون كانوليا | B) قانون هورتينسيا | C) قانون ليكينيا سيكستيا | D) قانون سمبرونيا,B
91,History,Hard,Multiple Choice,أي حضارة قديمة في آسيا الصغرى (تركيا الحديثة) عاصمتها خاتوشا وكانت أول إمبراطورية كبرى تتقن صهر وتشكيل الحديد على نطاق واسع؟,A) ميتاني | B) الحوريون | C) الحثيون | D) الليديون,C
92,History,Hard,Multiple Choice,في عام 331 ق.م، ما هي المعركة الفاصلة قرب أربيل الحالية التي هزم فيها الإسكندر الأكبر الملك الفارسي داريوس الثالث منهياً إمبراطوريته؟,A) معركة نهر غرانيكوس | B) معركة إسوس | C) معركة البوابة الفارسية | D) معركة غوغميلا,D
93,History,Hard,Multiple Choice,من هو آخر إمبراطور روماني وثني (حكم 361-363 م) حاول إحياء الديانة الهلنستية التقليدية وقُتل في حربه ضد الساسانيين؟,A) يوليان المرتد | B) قسطنطيوس الثاني | C) جوفيان | D) غراتيان,A
94,History,Hard,Multiple Choice,ما هو الخط البرونزي المكتشف في جزيرة كريت والذي فك رموزه مايكل فنتريس عام 1952 مبيناً أنه شكل عتيق من اللغة اليونانية الموكيانية؟,A) الخطي أ | B) الخطي ب | C) خط فايستوس | D) المقطعية القبرصية,B
95,History,Hard,Multiple Choice,أي إمبراطور روماني حاسم في أزمة القرن الثالث نجح في استعادة وحدة الإمبراطورية بهزيمة مملكتي الغال وتدمر ونال لقب 'معيد النظام للعالم'؟,A) كلاوديوس غوثيكوس | B) بروبوس | C) أوريليان | D) كاروس,C
96,History,Hard,Multiple Choice,ما هي النصوص الفارسية المقدسة للديانة الزرادشتية القديمة التي تضم الترانيم (الغاثات) المنسوبة للنبي زرادشت؟,A) الفيدا | B) الأوبانيشاد | C) أردا فيراف | D) الأفيستا,D
97,History,Hard,Multiple Choice,أي مصلح سياسي أثيني أطاح بالأرستقراطية عام 508 ق.م وقسم المواطنين إلى عشر قبائل جغرافية مؤسساً الديمقراطية الأثينية الفعلية؟,A) كليستينس | B) سولون | C) إفيالتس | D) أريستيدس,A
98,History,Hard,Typing,ما اسم العضو الثلاثي الروماني الأثرى في روما الذي قُتل في معركة حران ضد البارثيين عام 53 ق.م؟,,كراسوس
99,History,Hard,Typing,ما اسم موقع المعركة الفاصلة عام 331 ق.م التي هزم فيها الإسكندر الملك داريوس الثالث (غوغمـ...)?,,غوغميلا
100,History,Hard,Typing,ما اسم الإمبراطور الروماني الذي هزم الملكة زنوبيا ملكة تدمر ونال لقب معيد النظام للعالم (أوريـ...)?,,أوريليان
101,History,Easy,Multiple Choice,ما هي الكاتدرائية البيزنطية ذات القبة الهائلة في القسطنطينية التي شيدها الإمبراطور جستنيان الأول عام 537 م وحُولت لاحقاً إلى مسجد؟,A) كاتدرائية القديس مرقس | B) آيا صوفيا | C) كاتدرائية نوتردام | D) كاتدرائية القديس بطرس,B
102,History,Easy,Multiple Choice,ما هي الوثيقة الإنجليزية التاريخية الكبرى الموقعة من الملك جون عام 1215 في رانيميد والتي حدت من سلطة الملك المطلقة وأرست سيادة القانون؟,A) شرعة الحقوق الإنجليزية | B) ملتمس الحق | C) الماغنا كارتا / الميثاق الأعظم (Magna Carta) | D) كتاب ونشيستر (دومزدي),C
103,History,Easy,Multiple Choice,ما هو الوباء الكارثي الناتج عن بكتيريا اليرسينية الطاعونية الذي فتك بثلث إلى نصف سكان أوروبا بين عامي 1347 و1351؟,A) الطاعون الأنطوني | B) طاعون جستنيان | C) الإنفلونزا الإسبانية | D) الموت الأسود / الطاعون الدبلي,D
104,History,Easy,Multiple Choice,من هو القائد المغولي الذي وحد القبائل البدوية عام 1206 وأسس أكبر إمبراطورية قارية متصلة في التاريخ امتدت من الصين إلى أوروبا الشرقية؟,A) جنكيز خان | B) قوبلاي خان | C) أوقطاي خان | D) تيمورلنك,A
105,History,Easy,Multiple Choice,من هي الفتاة الفلاحية الفرنسية الشابة التي قادت القوات الفرنسية لرفع حصار أورليان خلال حرب المائة عام وأُحرقت على قيد الحياة عام 1431؟,A) إليانور الآكيتانية | B) جان دارك / عذراء أورليان | C) كاترين دي ميديتشي | D) ماري أنطوانيت,B
106,History,Easy,Multiple Choice,في عام 1066، أي دوق للنورماندي غزا إنجلترا وهزم الملك الأنجلوسكسوني هارولد غودوينسون في معركة هاستنغز وتوج ملكاً؟,A) ريتشارد قلب الأسد | B) هنري الثاني | C) وليم الفاتح | D) إدوارد المعترف,C
107,History,Easy,Multiple Choice,من هو القائد المسلم والسلطان الأيوبي لمصر والشام الذي استرد القدس من الصليبيين عام 1187 في أعقاب معركة حطين؟,A) الظاهر بيبرس | B) نور الدين زنكي | C) هارون الرشيد | D) صلاح الدين الأيوبي,D
108,History,Easy,Multiple Choice,أي ملك للفرنجة توجه البابا ليو الثالث في روما يوم عيد الميلاد عام 800 م كأول إمبراطور روماني مقدس موحداً غرب أوروبا؟,A) شارلمان / شارل العظيم | B) كلوفيس الأول | C) شارل مارتيل | D) لويس الورع,A
109,History,Easy,Multiple Choice,ما هو الصرح الأكاديمي والمكتبة العلمية الكبرى في بغداد التي بلغت ذروتها في العصر العباسي الذهبي في عهد المأمون لرعاية الترجمة والتأليف؟,A) جامعة الأزهر | B) بيت الحكمة | C) المدرسة النظامية | D) مكتبة قرطبة,B
110,History,Easy,Multiple Choice,في عام 1095، أي بابا ألقى خطبته الشهيرة في مجمع كليرمونت داعياً الفرسان المسيحيين للزحف نحو المشرق وإطلاق الحملة الصليبية الأولى؟,A) البابا غريغوري السابع | B) البابا إينوسنت الثالث | C) البابا أوربان الثاني | D) البابا بونيفاس الثامن,C
111,History,Easy,Multiple Choice,من هو حفيد جنكيز خان الذي أسس سلالة يوان في الصين ونقل العاصمة إلى بكين الحالية واستقبل الرحالة ماركو بولو؟,A) باتو خان | B) جغطاي خان | C) هولاكو خان | D) قوبلاي خان,D
112,History,Easy,Multiple Choice,ما هي الطبقة العسكرية الوراثية من الفرسان والمحاربين النبلاء في اليابان الإقطاعية الذين التزموا بميثاق شرف البوشيدو وخدموا الدايميو؟,A) الساموراي | B) النينجا | C) الرونين | D) الآشيغارو,A
113,History,Easy,Multiple Choice,ما هي عاصمة الإمبراطورية البيزنطية العريقة التي فتحها العثمانيون بقيادة السلطان محمد الفاتح في مايو 1453؟,A) أنطاكية | B) القسطنطينية | C) الإسكندرية | D) رافينا,B
114,History,Easy,Multiple Choice,أي ملك إنجليزي قاد الحملة الصليبية الثالثة واشتهر بشجاعته ومبارزاته ضد جيوش صلاح الدين ملقباً بـ 'قلب الأسد'؟,A) الملك جون | B) إدوارد الأول | C) ريتشارد الأول / قلب الأسد | D) هنري الخامس,C
115,History,Easy,Multiple Choice,ما هي المدونة القانونية الرومانية الشاملة الصادرة بأمر الإمبراطور البيزنطي جستنيان الأول بين 529 و534 م وشكلت أساس القانون المدني الحديث؟,A) الألواح الاثنا عشر | B) قانون ثيودوسيوس | C) مرسوم ميلانو | D) قانون جستنيان / كوربوس يوريس سيفيليس,D
116,History,Easy,Multiple Choice,ما هو الصراع العسكري الطويل الذي امتد متقطعاً بين إنجلترا وفرنسا من 1337 إلى 1453 للسيطرة على العرش والأراضي الفرنسية؟,A) حرب المائة عام | B) حرب الوردتين | C) حرب الثلاثين عاماً | D) حرب السنوات السبع,A
117,History,Easy,Multiple Choice,أي خلافة إسلامية اتخذت من دمشق عاصمة لها من 661 إلى 750 م وامتدت فتوحاتها من شمال إفريقيا والأندلس إلى حدود الصين؟,A) الخلافة العباسية | B) الخلافة الأموية | C) الخلافة الفاطمية | D) الخلافة العثمانية,B
118,History,Easy,Multiple Choice,أي زعيم للفايكنج أسس دوقية نورماندي في شمال فرنسا عام 911 م بعد توقيع معاهدة سان كلير سور إبت مع الملك شارل البسيط؟,A) راغنار لوثبروك | B) بيورن إيرونسايد | C) رولو | D) إيفار الكسيح,C
119,History,Easy,Multiple Choice,من هو الرحالة المسلم الطنجي الذي طاف أكثر من 73 ألف ميل عبر إفريقيا والشرق الأوسط والهند وجزر المالديف والصين ودوّن رحلته في كتاب شهير؟,A) أحمد بن فضلان | B) الإدريسي | C) ليو الإفريقي | D) ابن بطوطة,D
120,History,Easy,Multiple Choice,في عام 1415، ما هي المعركة التي انتصر فيها جيش رماة القوس الطويل الإنجليزي بقيادة هنري الخامس على الفرسان الفرنسيين في الوحل؟,A) معركة أجينكور | B) معركة كريسي | C) معركة بواتييه | D) معركة بوسورث,A
121,History,Easy,Multiple Choice,أي خلافة إسلامية حكمت من بغداد من عام 750 إلى 1258 م، وشهدت أوج الازدهار العلمي والثقافي والفلسفي في العصر الذهبي للإسلام؟,A) الخلافة الأموية | B) الخلافة العباسية | C) السلطنة المملوكية | D) الدولة السلجوقية,B
122,History,Easy,Multiple Choice,ما هي العاصمة الإمبراطورية المسيحية البيزنطية التي تعرضت للنهب والسلب المروع على يد فرسان الحملة الصليبية الرابعة عام 1204؟,A) روما | B) البندقية | C) القسطنطينية | D) القدس,C
123,History,Easy,Multiple Choice,من هو الخليفة العباسي الخامس صاحب البلاط الباذخ في بغداد والذي اشتهر عصره في حكايات 'ألف ليلة وليلة' والرسائل المتبادلة مع شارلمان؟,A) أبو جعفر المنصور | B) عبد الله المأمون | C) المتوكل على الله | D) هارون الرشيد,D
124,History,Easy,Multiple Choice,ما هو النظام الاجتماعي والاقتصادي والسياسي الذي ساد أوروبا في العصور الوسطى وقام على حيازة الأرض مقابل الولاء العسكري وخدمة الفلاحين؟,A) الإقطاع / الإقطاعية (Feudalism) | B) التجsummaryية (المركنتيلية) | C) الرأسمالية | D) الاشتراكية,A
125,History,Easy,Multiple Choice,في عام 732 م، أي قائد للفرنجة هزم الجيش الأموي بقيادة عبد الرحمن الغافقي في معركة بلاط الشهداء (بواتييه) موقفاً تقدم المسلمين شمالاً؟,A) بيبين القصير | B) شارل مارتيل / المطرقة | C) شارلمان | D) كلوفيس الأول,B
126,History,Easy,Multiple Choice,ما هو القصر والقلعة المغاربية الأندلسية البديعة في غرناطة التي شيدها بنو الأحمر واشتهرت بأفنيتها وزخارفها الهندسية المائية الفريدة؟,A) جامع قرطبة | B) قصر إشبيلية | C) قصر الحمراء | D) مدينة الزهراء,C
127,History,Easy,Multiple Choice,ما هو الحدث التاريخي المأساوي عام 1258 م الذي مثل النهاية الكارثية للخلافة العباسية عندما دمرت الجيوش المغولية بقيادة هولاكو حاضرة الخلافة؟,A) حصار دمشق | B) حصار حلب | C) حصار سمرقند | D) سقوط وسقوط بغداد,D
128,History,Easy,Multiple Choice,ما هو اللقب الياباني الذي حمله القادة العسكريون الذين حكموا اليابان فعلياً كدكتاتوريين عسكريين من 1192 حتى استعادة ميجي عام 1868؟,A) الشوغون | B) الدايميو | C) الشينسينغومي | D) التايكو,A
129,History,Easy,Multiple Choice,من هو المكتشف الإسكندنافي من الفايكنج الذي وصل إلى أمريكا الشمالية (فينلاند) نحو عام 1000 م، قبل كولومبوس بنحو خمسة قرون؟,A) إريك الأحمر | B) ليف إريكسون | C) هارالد هارد Rada | D) سفين فوركبيرد,B
130,History,Easy,Multiple Choice,ما هو المسح الإحصائي الشامل للأراضي والأملاك والضرائب في إنجلترا الذي أمر بإجرائه الملك وليم الفاتح عام 1086 م؟,A) الميثاق الأعظم | B) السجل الأنجلوسكسوني | C) كتاب ونشيستر / كتاب دومزدي | D) نسيج بايو,C
131,History,Easy,Multiple Choice,في عام 1260 م، ما هي المعركة الفاصلة في فلسطين التي أوقف فيها المماليك بقيادة قطز وبيبرس الزحف المغولي الكاسح غرباً لأول مرة؟,A) معركة حطين | B) معركة اليرموك | C) معركة ملاذكرد | D) معركة عين جالوت,D
132,History,Easy,Multiple Choice,ما هي القطعة المطرزة الشهيرة التي يبلغ طولها نحو 70 متراً وتصور بالرسوم أحداث الغزو النورماندي لإنجلترا ومعركة هاستنغز عام 1066؟,A) نسيج بايو | B) لوحة غنت | C) كتاب كيلز | D) إنجيل ليندسفارن,A
133,History,Easy,Multiple Choice,من هي الدوقة والملكة المؤثرة في العصور الوسطى التي كانت ملكة لفرنسا بزواجها من لويس السابع ثم أصبحت ملكة لإنجلترا بزواجها من هنري الثاني؟,A) بلانش القشتالية | B) إليانور الآكيتانية | C) إيزابيلا الفرنسية | D) مارغريت الأنجوية,B
134,History,Easy,Multiple Choice,في عام 1071 م، ما المعركة التي انتصر فيها السلاجقة الأتراك بقيادة ألب أرسلان على البيزنطيين وأسروا الإمبراطور رومانوس الرابع؟,A) معركة اليرموك | B) معركة دوريلايوم | C) معركة ملاذكرد | D) معركة ميريوكيفالون,C
135,History,Easy,Multiple Choice,ما هي الرهبنة العسكرية الصليبية التي تأسست عام 1119 لحماية الحجاج المسيحيين وقمعها الملك الفرنسي فيليب الرابع وحل البابا نظامها عام 1307؟,A) فرسان الإسبتارية | B) فرسان التوتون | C) فرسان سانتياغو | D) فرسان الهيكل / فرسان المعبد,D
136,History,Easy,Multiple Choice,ما هي سلسلة الحروب الأهلية الإنجليزية في القرن الخامس عشر للظفر بالعرش بين أسرتي لانكاستر ويورك ذواتي الوردتين الحمراء والبيضاء؟,A) حرب الوردتين | B) حرب المائة عام | C) الحرب الأهلية الإنجليزية | D) حرب الخلافة الإسبانية,A
137,History,Easy,Multiple Choice,من هو الطبيب والفيلسوف المسلم العبقري من بخارى مؤلف 'القانون في الطب' الذي ظل المرجع الطبي الأول في أوروبا والعالم لعدة قرون؟,A) أبو بكر الرازي | B) ابن سينا / أفيسينا | C) الفارابي | D) البيروني,B
138,History,Easy,Multiple Choice,في المدن الأوروبية في العصور الوسطى، ماذا كانت تُسمى روابط الحرفيين والتجار التي تنظم الإنتاج والأجور وتدرب المبتدئين؟,A) الأديرة | B) الكوميونات | C) نقابات الحرف والتجارة / الغيلد | D) الإقطاعيات,C
139,History,Easy,Multiple Choice,من هو عالم الرياضيات والفلك المسلم في العصر العباسي مؤلف 'الكتاب المختصر في حساب الجبر والمقابلة' ومؤسس علم الجبر والخوارزميات؟,A) عمر الخيام | B) الكندي | C) نصير الدين الطوسي | D) محمد بن موسى الخوارزمي,D
140,History,Easy,Multiple Choice,ما هي آخر ممالك المسلمين في الأندلس التي سقطت في يناير 1492 بيد الملكين الكاثوليكيين فرديناند وإيزابيلا منهية حروب الاسترداد؟,A) غرناطة | B) قرطبة | C) إشبيلية | D) طليطلة,A
141,History,Easy,Multiple Choice,ما هي الثورة الشعبية الكبرى في إنجلترا عام 1381 التي قادها فلاحون وعمال زحفوا إلى لندن وطالبوا بإلغاء القنانة وقابلوا الملك الشاب ريتشارد الثاني؟,A) تمرد جاك كيد | B) ثورة الفلاحين الإنجليزية / تمرد وات تايلر | C) حج النعمة | D) تمرد مونماوث,B
142,History,Easy,Multiple Choice,ما هو المصطلح الياباني الذي يعني 'الرياح الإلهية' وأُطلق على الأعاصير البحرية التي دمرت أساطيل الغزو المغولي لقوبلاي خان عامي 1274 و1281؟,A) تسونامي | B) كوروشيو | C) كاميكازي | D) كاتانا,C
143,History,Easy,Multiple Choice,أي إمبراطور روماني مقدس غرق في نهر ساليف في الأناضول أثناء قيادته للجيش الألماني في الحملة الصليبية الثالثة عام 1190 م؟,A) هنري الرابع | B) أوتو الأول | C) فريدريك الثاني | D) فريدريك الأول بربروسا,D
144,History,Easy,Typing,ما هو اللقب العسكري الياباني الإقطاعي المكون من 5 أحرف الذي كان يحكم به العسكريون البلاد؟,,شوغون
145,History,Easy,Typing,في أي عام ميلادي مكون من 4 أرقام وقع الملك جون وثيقة الماغنا كارتا في إنجلترا؟,,1215
146,History,Easy,Typing,ما هو الاسم الأول للقائد المغولي الذي وحد القبائل وأسس إمبراطورية المغول (جنـ...)?,,جنكيز
147,History,Easy,Typing,ما اسم المدينة الفرنسية التي حررتها جان دارك عام 1429 المكون من 6 أحرف؟,,أورليان
148,History,Easy,Typing,ما هو الاسم الأول للسلطان الناصر محرر القدس في معركة حطين عام 1187 (صلـ...)?,,صلاح
149,History,Easy,Typing,ما هو العنصر المعماري النصف كروي الهائل الذي ميز سقف كاتدرائية آيا صوفيا في القسطنطينية؟,,قبة
150,History,Easy,Typing,ما هو الاسم الأول للملك الإنجليزي الملقب بقلب الأسد الذي شارك في الحملة الصليبية الثالثة؟,,ريتشارد
151,History,Medium,Multiple Choice,في عام 1389، ما هي المعركة الشهيرة في البلقان التي انتصر فيها الجيش العثماني للسلطان مراد الأول على الجيش الصربي للأمير لازار؟,A) معركة قوصوه / كوسوفو | B) معركة نيكوبوليس | C) معركة فارنا | D) معركة موهاكس,A
152,History,Medium,Multiple Choice,ما هي المعاهدة الموقعة عام 843 م التي قسمت إمبراطورية شارلمان بين أحفاده الثلاثة، ممهدة لظهور فرنسا وألمانيا التاريخيتين؟,A) معاهدة ميرسن | B) معاهدة فردان | C) معاهدة تروا | D) معاهدة فورمس,B
153,History,Medium,Multiple Choice,من هو الفيلسوف والطبيب المسلم الأندلسي من قرطبة الذي اشتهر بشروحاته العميقة لأرسطو وأثرت فلسفته العقلانية بعمق في فكر أوروبا؟,A) أبو حامد الغزالي | B) ابن طفيل | C) ابن رشد / أفيرويس | D) ابن حزم,C
154,History,Medium,Multiple Choice,أي إمبراطور روماني مقدس أُجبر على الوقوف حافي القدمين في الثلج ثلاثة أيام في كانوسا عام 1077 لنيل عفو البابا غريغوري السابع؟,A) هنري الثالث | B) فريدريك بربروسا | C) أوتو الثالث | D) هنري الرابع,D
155,History,Medium,Multiple Choice,في عام 1242 م، أي أمير لنوفغورود قاد القوات الروسية لهزيمة فرسان التوتون في معركة الجليد الشهيرة فوق بحيرة بيبوس المتجمدة؟,A) ألكسندر نيفسكي | B) ديمتري دونسكوي | C) إيفان كاليتا | D) فلاديمير العظيم,A
156,History,Medium,Multiple Choice,من هو الفاتح الأوزبكي التيموري العرج الذي أسس الإمبراطورية التيمورية، واجتاح دلهي ودمشق وبغداد، وأسر السلطان العثماني بايزيد عام 1402؟,A) بابر | B) تيمورلنك / تيمور الأعرج | C) أولوغ بيك | D) شاه رخ,B
157,History,Medium,Multiple Choice,أي لاهوتي وفيلسوف دومينيكاني إيطالي في القرن الثالث عشر وفق بين الفلسفة الأرسطية والعقيدة المسيحية في مؤلفه الضخم 'الخلاصة اللاهوتية'؟,A) دونس سكوتس | B) وليم الأوكامي | C) توما الأكويني | D) بيتر أبيلارد,C
158,History,Medium,Multiple Choice,ما هو التمرد الصقلي العنيف في القرن الثالث عشر ضد الحكم الأنجوي الفرنسي الذي اندلع مع صلاة غروب عيد الفصح عام 1282 م؟,A) ثورة الجاكية | B) ثورة تشيومبي | C) عصبة كامبراي | D) صلاة الغروب الصقلية,D
159,History,Medium,Multiple Choice,ما هو الحلف التجاري والدفاعي لمدن وتجار شمال أوروبا الذي هيمن على التجارة البحرية عبر بحر البلطيق وبحر الشمال في العصور الوسطى؟,A) الرابطة الهانزية | B) الحلف اللومباردي | C) الحلف الشوابي | D) موانئ سينك,A
160,History,Medium,Multiple Choice,في عام 1356 م، ما هو المرسوم الذهبي للإمبراطور تشارلز الرابع الذي حدد انتخاب إمبراطور الرومانية المقدسة بمجلس مكون من كم ناخباً أميرياً؟,A) خمسة ناخبين | B) سبعة ناخبين أمراء | C) تسعة ناخبين | D) اثنا عشر ناخباً,B
161,History,Medium,Multiple Choice,ما هي المعركة التاريخية عام 1380 م التي انتصر فيها الأمير ديمتري دونسكوي أمير موسكو على قوات القبيلة الذهبية المغولية بقيادة ماماي؟,A) معركة نهر كالك | B) معركة نهر سيت | C) معركة كوليكوفو | D) معركة نهر أوغرا,C
162,History,Medium,Multiple Choice,من هو الطبيب والجراح المسلم الأندلسي من قرطبة الملقب بأبي الجراحة الحديثة وصمم أكثر من 200 أداة جراحية في كتابه 'التصريف لمن عجز عن التأليف'؟,A) ابن زهر | B) ابن النفيس | C) ابن البيطار | D) أبو القاسم الزهراوي,D
163,History,Medium,Multiple Choice,ما هي القبائل البدوية المحاربة القادمة من آسيا الوسطى بقيادة أتيلا في القرن الخامس الميلادي التي روعت أرجاء الإمبراطورية الرومانية؟,A) الهون | B) الآفار | C) المجريون | D) البلغار,A
164,History,Medium,Multiple Choice,في عام 1485، ما المعركة التي حسمت حرب الوردتين بمقتل الملك ريتشارد الثالث وانتصار هنري تيودور وتأسيس أسرة تيودور الملكية؟,A) معركة توكسبوري | B) معركة بوسورث فيلد | C) معركة توتون | D) معركة سانت ألبانز,B
165,History,Medium,Multiple Choice,أي راهب ومؤلف ويلزي في القرن الثاني عشر كتب 'تاريخ ملوك بريطانيا' عام 1136 وروج لقصص الملك آرثر والساحر ميرلين وكاميلوت؟,A) بيدا المحترم | B) جيرالد الويلزي | C) جيفري أوف مونموث | D) كريتيان دي تروا,C
166,History,Medium,Multiple Choice,من هو الطبيب العربي الدمشقي في القرن الثالث عشر الذي اكتشف الدورة الدموية الصغرى (الرئوية) بدقة قبل وليم هارفي بثلاثة قرون؟,A) ابن سينا | B) الرازي | C) الحسن بن الهيثم | D) ابن النفيس,D
167,History,Medium,Multiple Choice,في عام 1212 م، ما المعركة الفاصلة في الأندلس التي انتصر فيها التحالف المسيحي على الموحدين وغيرت مسار حروب الاسترداد لصالح الممالك الشمالية؟,A) معركة العقاب / لاس نافاس دي تولوسا | B) معركة الأرك | C) معركة سيمانقة | D) معركة الزلاقة,A
168,History,Medium,Multiple Choice,ما هي الفترة البابوية من 1309 إلى 1377 التي أقام خلالها سبعة باباوات متتالين في فرنسا بدلاً من روما وعُرفت بـ 'سبي بابل للبابوية'؟,A) الانشقاق الغربي | B) بابوية أفينيون | C) الحقبة المجمعية | D) مجمع كونستانس,B
169,History,Medium,Multiple Choice,من هو الشاعر الإنجليزي في القرن الرابع عشر مؤلف 'حكايات كانتربري' التي قدمت لوحة اجتماعية ثرية لحجاج في طريقهم لكاتدرائية كانتربري؟,A) جون غاور | B) وليم لانغلاند | C) جيفري تشوسر | D) توماس مالوري,C
170,History,Medium,Multiple Choice,ما هو السلاح الحارق الكيميائي للأسطول البيزنطي الذي يقذف سائلاً يشتعل فوق سطح الماء وصد به البيزنطيون حصارين بحريين للقسطنطينية؟,A) النابالم | B) البارود | C) نار الجحيم | D) النار الإغريقية,D
171,History,Medium,Multiple Choice,أي إمبراطور لإمبراطورية مالي قام برحلة حج أسطورية إلى مكة عام 1324 ووزع كميات هائلة من الذهب أدت لانخفاض قيمته في القاهرة لعقد كامل؟,A) منسا موسى | B) سوندياتا كيتا | C) أسكيا محمد | D) سني علي,A
172,History,Medium,Multiple Choice,في عام 1122 م، ما هو الاتفاق المبرم بين البابا كاليستوس الثاني والإمبراطور هنري الخامس وأنهى المرحلة الأولى من نزاع التقليد الكنسي؟,A) صلح أوغسبورغ | B) اتفاقية فورمس / كونكوردات فورمس | C) مرسوم فورمس | D) معاهدة كونستانس,B
173,History,Medium,Multiple Choice,من هو الدايميو المحارب الذي بدأ توحيد اليابان في فترة المقاطعات المتحاربة واستخدم نيران البنادق المتتالية ببراعة في معركة ناغاشينو 1575؟,A) تويوتومي هيديوشي | B) توكوغاوا إياسو | C) أودا نوبوناغا | D) تاكيدا شينغن,C
174,History,Medium,Multiple Choice,ما هي معركة عام 1346 في حرب المائة عام التي أسقطت فيها السهام الإنجليزية الطويلة فرسان فرنسا المدرعين ممهدة لأفول عصر الفرسان؟,A) معركة بواتييه | B) معركة أجينكور | C) معركة باتاي | D) معركة كريسي,D
175,History,Medium,Multiple Choice,من هو القائد العسكري البيزنطي العبقري للإمبراطور جستنيان الأول الذي قاد حملات استعادة شمال إفريقيا من الوندال وإيطاليا من القوط الشرقيين؟,A) بيليساريوس | B) نارسيس | C) جون تروغليتا | D) موندوس,A
176,History,Medium,Typing,ما اسم إمبراطور الفرنجة المتوج في روما عام 800 م المكون من 6 أحرف (شارلـ...)?,,شارلمان
177,History,Medium,Typing,ما اسم اللاهوتي الإيطالي مؤلف الخلاصة اللاهوتية في القرن الثالث عشر توما الـ (أكو...)?,,الأكويني
178,History,Medium,Typing,ما اسم الرابطة التجارية لمدن شمال أوروبا على بحر البلطيق المكون من 7 أحرف (هانـ...)?,,الهانزية
179,History,Medium,Typing,ما اسم إمبراطور مالي الثري صاحب رحلة الحج الذهبية عام 1324 المكون من 4 أحرف؟,,موسى
180,History,Medium,Typing,ما اسم القائد العسكري البيزنطي فاتح إيطاليا وشمال إفريقيا لجستنيان الأول (بيليـ...)?,,بيليساريوس
181,History,Hard,Multiple Choice,في عام 1410، ما هي المعركة الفاصلة التي سحق فيها التحالف البولندي الليتواني الملكي بقيادة ياغيلو القوة العسكرية لفرسان التيوتون؟,A) معركة بحيرة بيبوس | B) معركة غرونفالد / تاننبرغ الأولى | C) معركة موهي | D) معركة ليغنيتسا,B
182,History,Hard,Multiple Choice,ما هي المجموعة القانونية البيزنطية الصادرة عن الإمبراطور ليو الثالث الإيساوري عام 726 م باليونانية لتحل محل مدونة جستنيان بروح مسيحية؟,A) الباسيليكا | B) الهكسابيبلوس | C) الإكلوغا | D) النوموقانون,C
183,History,Hard,Multiple Choice,في عام 1241، ما هي المعركة في سيليزيا التي سحقت فيها القوات المغولية جيشاً متحالفاً من الفرسان البولنديين والألمان وفرسان الهيكل والتيوتون؟,A) معركة موهي | B) معركة نهر كالك | C) معركة كوليكوفو | D) معركة ليغنيتسا,D
184,History,Hard,Multiple Choice,من هو المؤرخ والفيلسوف التونسي الرائد في القرن الرابع عشر مؤلف 'المقدمة' ومؤسس علم الاجتماع وفلسفة العمران البشري؟,A) ابن خلدون | B) الطبري | C) ابن الأثير | D) المسعودي,A
185,History,Hard,Multiple Choice,ما هي الوثيقة البابوية المكونة من 27 بنداً أصدرها البابا غريغوري السابع عام 1075 معلناً السيادة المطلقة للبابا وحقه في خلع الأباطرة؟,A) مرسوم أونام سانكتام | B) إملاءات البابا / ديكتاتوس باباي | C) المرسوم الذهبي | D) الراعي الأبدي,B
186,History,Hard,Multiple Choice,من هو القائد العسكري الفرنسي البارز الملقب بـ 'صقر بريتاني' الذي عينه شارل الخامس قائداً أعلى للجيش واستعاد أراضي فرنسا بحرب استنزاف؟,A) أوليفيه دي كليسون | B) جان دي دونوا | C) برتراند دو غيكلان | D) جيل دي رايس,C
187,History,Hard,Multiple Choice,ما هو الحدث الكنسي التاريخي عام 1054 م الذي أحدث الانقسام العقائدي والإداري الدائم بين الكنيسة الكاثوليكية الرومانية والكنيسة الأرثوذكسية الشرقية؟,A) الانشقاق الغربي | B) الانشقاق الفوتي | C) مجمع خلقيدونية | D) الانشقاق العظيم / الشرق والغرب,D
188,History,Hard,Multiple Choice,في عام 1176 م، ما هي المعركة التي انتصر فيها جيش مشاة عصبة لومبارديا الإيطالية على فرسان الإمبراطور فريدريك بربروسا؟,A) معركة لينيانو | B) معركة كامبالدينو | C) معركة مونتابيرتي | D) معركة ميلوريا,A
189,History,Hard,Multiple Choice,من هو الفيلسوف والراهب الفرنسيسكاني الإنجليزي في القرن الثالث عشر الملقب بـ 'المعلم المدهش' ودعا للمنهج التجريبي والبصريات في 'العمل الأكبر'؟,A) روبرت غروسيتيست | B) روجر بيكون | C) جون دونس سكوتس | D) وليم الأوكامي,B
190,History,Hard,Multiple Choice,ما هو المرسوم البابوي الصادر عام 1302 عن البابا بونيفاس الثامن في صراعه مع ملك فرنسا فيليب الرابع مؤكداً أنه لا خلاص خارج الكنيسة الكاثوليكية؟,A) رجال الدين والعلمانيون | B) استمع يا بني | C) أونام سانكتام | D) بين أشياء أخرى,C
191,History,Hard,Multiple Choice,أي عاصمة تاريخية لدولة الروس على نهر الدنيبر دمرتها وأحرقتها جيوش المغول بقيادة باتو وسوبوتاي عام 1240 م؟,A) نوفغورود | B) بسكوف | C) سمولينسك | D) كييف,D
192,History,Hard,Multiple Choice,في عام 1284، ما المعركة البحرية في البحر التيراني (معركة ميلوريا) التي حطمت فيها جمهورية جنوة القوة البحرية لجمهورية منافسة للأبد؟,A) بيزا | B) البندقية | C) أمالفي | D) راغوزا,A
193,History,Hard,Multiple Choice,ما هو المجمع المسكوني الكنسي بين 1414 و1418 الذي أنهى الانشقاق البابوي الغربي وانتخب البابا مارتن الخامس وحكم بإحراق يان هوس؟,A) مجمع بازل | B) مجمع كونستانس | C) مجمع فلورنسا | D) مجمع ترينت,B
194,History,Hard,Multiple Choice,من هو الوزير السلجوقي العبقري مؤلف كتاب 'سياست نامة' (سير الملوك) وأسس شبكة المدارس النظامية الكبرى في بغداد ونيسابور؟,A) الكندري | B) فخر الملك | C) نظام الملك | D) عمر الخيام,C
195,History,Hard,Multiple Choice,في عام 1386 م، ما هو الاتحاد الذي نشأ بزواج الملكة يادفيغا ملكة بولندا من دوق ليتوانيا الأكبر يوغيلا موحداً المملكتين في قوة عظمى؟,A) اتحاد لوبلين | B) اتحاد كالمار | C) اتحاد بريست | D) اتحاد كريفو,D
196,History,Hard,Multiple Choice,أي إمبراطور بيزنطي ألف الدليل العسكري التكتيكي الشهير 'التكتيكا' عام 905 م متناولاً تكتيكات قتال العرب والسلاف والفرنجة؟,A) ليو السادس الحكيم | B) باسل الأول | C) قسطنطين السابع | D) رومانوس الأول,A
197,History,Hard,Multiple Choice,ما هي ثورة عمال تمشيط الصوف والعمال غير الممثلين في فلورنسا عام 1378 التي سيطرت على قصر السيادة وأقامت حكومة شعبية مؤقتة؟,A) ثورة الجاكية | B) ثورة تشيومبي | C) ثورة البابوان | D) ثورة الفلاحين,B
198,History,Hard,Typing,ما اسم العائلة للمؤرخ التونسي مؤلف المقدمة مؤسس علم الاجتماع عبد الرحمن بن (خلـ...)?,,خلدون
199,History,Hard,Typing,ما اسم المعركة البولندية التي هُزم فيها فرسان التيوتون عام 1410 (غرونـ...)?,,غرونفالد
200,History,Hard,Typing,ما اسم المجمع الكنسي (1414-1418) الذي أنهى الانشقاق الغربي وأحرق يان هوس (كونسـ...)?,,كونستانس
201,History,Easy,Multiple Choice,في عام 1492، أي بحار جنوي أبحر تحت رعاية التاج الإسباني وعبر الأطلسي مدشناً الاتصال الأوروبي الدائم بالأمريكتين؟,A) فرديناند ماجلان | B) فاسكو دا غاما | C) كريستوفر كولومبوس | D) أمريغو فيسبوتشي,C
202,History,Easy,Multiple Choice,أي راهب وعالم لاهوت ألماني أطلق شرارة الإصلاح البروتستانتي عام 1517 بتعليق أطروحاته الـ 95 على باب كنيسة فيتنبرغ؟,A) جان كالفن | B) هولدريش زوينكلي | C) ديسيديريوس إيراسموس | D) مارتن لوثر,D
203,History,Easy,Multiple Choice,من هو العبقري الإيطالي في عصر النهضة الذي رسم 'الموناليزا' و'العشاء الأخير' وصمم مخططات طليعية للآلات الطائرة والتشريح؟,A) ليوناردو دا فينشي | B) ميكيلانجيلو بوناروتي | C) رافائيل سانزيو | D) دوناتيلو,A
204,History,Easy,Multiple Choice,أي بحار ومكتشف برتغالي قاد أول رحلة بحرية أوروبية مباشرة من أوروبا إلى الهند بالدوران حول رأس الرجاء الصالح عام 1498؟,A) بارتولوميو دياز | B) فاسكو دا غاما | C) ألفونسو دي ألبوكيرك | D) الأمير هنري الملاح,B
205,History,Easy,Multiple Choice,من هو المخترع الألماني الذي ابتكر آلة الطباعة الميكانيكية ذات الحروف المعدنية المتحركة في أوروبا نحو عام 1440 وطبع إنجيله الشهير؟,A) ألبرخت دورر | B) بيتر شوافر | C) يوهانس غوتنبرغ | D) وليم كاكستون,C
206,History,Easy,Multiple Choice,أي ملك إنجليزي من أسرة تيودور انفصل عن الكنيسة الكاثوليكية بروما ليطلق زوجته كاترين الأراغونية، مؤسساً كنيسة إنجلترا عام 1534؟,A) هنري السابع | B) إدوارد السادس | C) جيمس الأول | D) هنري الثامن,D
207,History,Easy,Multiple Choice,أي بحار برتغالي أبحر لصالح التاج الإسباني وقاد أول بعثة بحرية حققت الطواف والدوران حول الكرة الأرضية بين 1519 و1522؟,A) فرديناند ماجلان | B) إرنان كورتيس | C) فرانسيسكو بيزارو | D) خوان سيباستيان إلكانو,A
208,History,Easy,Multiple Choice,أي غازٍ وفاتح إسباني (كونكيستدور) قاد الحملة التي أسقطت إمبراطورية الأزتيك في تينوتشتيتلان والإمبراطور موكتيزوما الثاني (1519-1521)؟,A) فرانسيسكو بيزارو | B) إرنان كورتيس | C) دييغو دي ألماغرو | D) فاسكو نونيز دي بالبوا,B
209,History,Easy,Multiple Choice,من هو سلطان الدولة العثمانية صاحب أطول فترة حكم، واشتهر في الغرب بلقب 'العظيم' وفي الشرق بـ 'القانوني' لتشريعاته؟,A) محمد الفاتح | B) سليم الأول | C) سليمان القانوني / العظيم | D) مراد الرابع,C
210,History,Easy,Multiple Choice,أي ملك فرنسي لُقب بـ 'الملك الشمس' ورسخ الحكم الملكي المطلق في فرنسا وشيد قصر فرساي الباذخ؟,A) لويس الثالث عشر | B) لويس الخامس عشر | C) لويس السادس عشر | D) لويس الرابع عشر,D
211,History,Easy,Multiple Choice,أي فنان ونحات إيطالي عبقري في عصر النهضة نحت تمثال 'داود' الرخامي وأمضى أربع سنوات يرسم جداريات سقف كنيسة سيستينا؟,A) ميكيلانجيلو | B) ليوناردو دا فينشي | C) رافائيل | D) ساندرو بوتيتشيلي,A
212,History,Easy,Multiple Choice,أي غازٍ إسباني قاد غزو إمبراطورية الإنكا في جبال الأنديز ببيرو في ثلاثينيات القرن السادس عشر وأسر وأعدم الإمبراطور أتاوالبا؟,A) إرنان كورتيس | B) فرانسيسكو بيزارو | C) إرناندو دي سوتو | D) فرانسيسكو دي أوريانا,B
213,History,Easy,Multiple Choice,أي فيلسوف ودبلوماسي فلورنسي ألف كتاب 'الأمير' عام 1513 ودافع فيه عن مبدأ أن الغاية تبرر الوسيلة وأن يُهاب الحاكم خير من أن يُحب؟,A) بالداساري كاستيليوني | B) فرانشيسكو غوتشارديني | C) نيكولو مكيافيلي | D) جيوفاني بوكاتشيو,C
214,History,Easy,Multiple Choice,في عام 1588، ما هو الأسطول البحري الإسباني العظيم المرسل من الملك فيليب الثاني لغزو إنجلترا ودمرته السفن الإنجليزية والعواصف العاتية؟,A) العصبة المقدسة | B) الأسطول العظيم | C) سرب قادس | D) الأرمادا الإسبانية,D
215,History,Easy,Multiple Choice,أي إمبراطور مغولي للهند (حكم 1556-1605) وسع الإمبراطورية ورسخ التسامح الديني وأسس مبدأ 'الصلح الكل' بين المسلمين والهندوس؟,A) أكبر العظيم / جلال الدين أكبر | B) بابر | C) همايون | D) أورنكزيب,A
216,History,Easy,Multiple Choice,ما هي معاهدة عام 1494 بين إسبانيا والبرتغال التي قسمت أراضي العالم الجديد المكتشف خارج أوروبا بخط وهمي غرب جزر الرأس الأخضر؟,A) معاهدة سرقسطة | B) معاهدة توردسيلاس | C) معاهدة أوترخت | D) معاهدة مدريد,B
217,History,Easy,Multiple Choice,ما هي معاهدة السلام الكبرى الموقعة عام 1648 وأنهت حرب الثلاثين عاماً في الإمبراطورية الرومانية المقدسة مرسية مبدأ سيادة الدول القومية؟,A) صلح أوغسبورغ | B) معاهدة أوترخت | C) صلح وستفاليا | D) مرسوم نانت,C
218,History,Easy,Multiple Choice,ما هو الضريح الأيقوني من الرخام الأبيض في أغرا الذي شيده الإمبراطور المغولي شاه جهان عام 1632 لزوجته الراحلة ممتاز محل؟,A) ضريح همايون | B) القلعة الحمراء | C) فاتحبور سيكري | D) تاج محل,D
219,History,Easy,Multiple Choice,أي عالم فلك ورياضيات وفيزياء إنجليزي نشر 'الأصول الرياضية للفلسفة الطبيعية' عام 1687 صائغاً قوانين الحركة والجاذبية الكونية؟,A) السير إسحاق نيوتن | B) غاليليو غاليلي | C) يوهانس كيبلر | D) روبرت هوك,A
220,History,Easy,Multiple Choice,أي عالم فلك بولندي طرح النموذج الثوري لمركزية الشمس ودوران الأرض والكواكب حولها في كتابه عام 1543؟,A) يوهانس كيبلر | B) نيكولاس كوبرنيكوس | C) تيخو براهي | D) جوردانو برونو,B
221,History,Easy,Multiple Choice,ما هو المصطلح التاريخي الدال على التبادل البيولوجي والزراعي الواسع للنباتات والحيوانات والأمراض بين نصفي الكرة الأرضية بعد 1492؟,A) المثلث الأطلسي | B) تجارة طريق الحرير | C) التبادل الكولومبي | D) التحول العالمي,C
222,History,Easy,Multiple Choice,أي ملكة تيودورية حكمت إنجلترا لـ 44 عاماً (1558-1603) وشهد عهدها العصر الذهبي الأدبي وهزيمة الأرمادا ولُقبت بـ 'الملكة العذراء'؟,A) ماري الأولى (الدموية) | B) ماري ملكة اسكتلندا | C) الليدي جين غري | D) إليزابيث الأولى (Elizabeth I),D
223,History,Easy,Multiple Choice,أي مصلح ديني ولاهوتي فرنسي قاد الإصلاح البروتستانتي في جنيف وأسس مذهباً مسيحياً يرتكز على عقيدة القضاء والقدر المطلق؟,A) جان كالفن | B) مارتن لوثر | C) هولدريش زوينكلي | D) فيليب ميلانكتون,A
224,History,Easy,Multiple Choice,ما هي فرقة المشاة العسكرية النخبوية في الجيش العثماني التي كانت تشكل الحرس الخاص للسلطان وجُند أفرادها بنظام الدوشيرمة؟,A) السباهية | B) الإنكشارية | C) المماليك | D) الغزاة,B
225,History,Easy,Multiple Choice,في عام 1688، ما هو الحدث السلمي في إنجلترا الذي عُزل فيه الملك جيمس الثاني وتوجت ابنته ماري وزوجها وليم أورانج ملكين دستورياً؟,A) الحرب الأهلية الإنجليزية | B) استرداد الملكية | C) الثورة المجيدة | D) مؤامرة البارود,C
226,History,Easy,Multiple Choice,أي قيصر روسي من أسرة رومانوف قاد تحديث وتغريب روسيا وأسس عاصمتها الجديدة على بحر البلطيق وأمر النبلاء بحلق لحاهم؟,A) إيفان الرهيب | B) كاترين العظيمة | C) ألكسندر الأول | D) بطرس الأكبر / بيتر الأول,D
227,History,Easy,Multiple Choice,في عام 1598، ما هو المرسوم الملكي لهنري الرابع ملك فرنسا الذي منح البروتستانت الفرنسيين (الهوغونوت) حريات دينية وأنهى الحروب الدينية؟,A) مرسوم نانت | B) صلح أوغسبورغ | C) مرسوم فونتينبلو | D) معاهدة كاتو-كامبريسيس,A
228,History,Easy,Multiple Choice,أي عالم فلك وفيزياء إيطالي استخدم التلسكوب المحسن عام 1609 ليكتشف أقمار المشتري وتضاريس القمر، مؤيداً نظرية كوبرنيكوس؟,A) يوهانس كيبلر | B) غاليليو غاليلي | C) تيخو براهي | D) كريستيان هوغنس,B
229,History,Easy,Multiple Choice,ما هو الصراع الديني والسياسي الكارثي الذي دمر وسط أوروبا من 1618 إلى 1648 وبدأ بحادثة رمي النواب من نافذة براغ وقضى على الملايين؟,A) حرب الثمانين عاماً | B) حرب الخلافة الإسبانية | C) حرب الثلاثين عاماً | D) حرب السنوات السبع,C
230,History,Easy,Multiple Choice,أي فيلسوف إنجليزي ألف كتاب 'اللفياثان' عام 1651 معتبراً أن حياة الإنسان في حالة الطبيعة 'مقرفة، وحشية، وقصيرة' تتطلب سلطة دولة مطلقة؟,A) جون لوك | B) فرانسيس بيكون | C) ديفيد هيوم | D) توماس هوبز,D
231,History,Easy,Multiple Choice,أي فيلسوف إنجليزي ألف 'رسالتين في الحكم المدني' عام 1689 مدافعاً عن الحقوق الطبيعية للإنسان في الحياة والحرية والملكية والعقد الاجتماعي؟,A) جون لوك | B) توماس هوبز | C) جان جاك روسو | D) مونتسكيو,A
232,History,Easy,Multiple Choice,ما هي العائلة المصرفية والسياسية البارزة في فلورنسا التي وظفت ثرواتها الطائلة في رعاية فناني عصر النهضة العظام كميكيلانجيلو وبوتيتشيلي؟,A) البورجيا | B) آل ميديتشي | C) السفورزا | D) الفيسكونتي,B
233,History,Easy,Multiple Choice,في عام 1571 م، ما المعركة البحرية الشهيرة في خليج باتراس التي هزم فيها أسطول العصبة المقدسة الأسطول العثماني في البحر المتوسط؟,A) معركة بريفيزا | B) معركة جربة | C) معركة ليبانتو | D) معركة نافارين,C
234,History,Easy,Multiple Choice,أي مجمع ومجلس إمبراطوري عُقد عام 1521 بحضور الإمبراطور شارل الخامس ودُعي فيه مارتن لوثر للرجوع عن أفكاره ورُفض طلبه ليعلن خارجاً عن القانون؟,A) مجمع كونستانس | B) صلح أوغسبورغ | C) مجلس شباير | D) مجلس فورمس / دايت فورمس,D
235,History,Easy,Multiple Choice,ما هي إمبراطورية أمريكا الوسطى القديمة التي كانت عاصمتها تينوتشتيتلان المبنية وسط بحيرة تيكسكوكو وحكمها موكتيزوما الثاني عند وصول الإسبان؟,A) إمبراطورية الأزتيك | B) المايا | C) الإنكا | D) الأولمك,A
236,History,Easy,Multiple Choice,ما هي الإمبراطورية العظيمة في جبال الأنديز بأمريكا الجنوبية وعاصمتها كوزكو، وبنت معقل ماتشو بيتشو وشبكة واسعة من الطرق المعبدة؟,A) المويسكا | B) إمبراطورية الإنكا | C) الشافين | D) التيواناكو,B
237,History,Easy,Multiple Choice,من هو الفيلسوف والأديب الفرنسي في عصر التنوير مؤلف رواية 'كانديد' وكان من أشد المدافعين عن حرية التعبير وحرية الاعتقاد والتسامح؟,A) مونتسكيو | B) دنيس ديدرو | C) فولتير | D) جان جاك روسو,C
238,History,Easy,Multiple Choice,أي فيلسوف سياسي فرنسي ألف 'روح القوانين' عام 1748 ووضع نظرية الفصل بين السلطات الثلاث: التنفيذية والتشريعية والقضائية؟,A) فولتير | B) جان جاك روسو | C) توماس بين | D) البارون دي مونتسكيو,D
239,History,Easy,Multiple Choice,ما هي المؤامرة الكاثوليكية الشهيرة في إنجلترا عام 1605 التي قادها غاي فوكس لنسف مبنى البرلمان واغتيال الملك جيمس الأول؟,A) مؤامرة البارود | B) مؤامرة بابنغتون | C) مؤامرة ريدولفي | D) مؤامرة راي هاوس,A
240,History,Easy,Multiple Choice,ما هي الشركة التجارية الهولندية التأسيس عام 1602 التي أصبحت أول شركة مساهمة عامة تطرح أسهماً واحتكرت تجارة التوابل في جزر الهند الشرقية؟,A) شركة الهند الشرقية البريطانية | B) شركة الهند الشرقية الهولندية | C) شركة الهند الشرقية الفرنسية | D) شركة خليج هدسون,B
241,History,Easy,Multiple Choice,ما هو الصلح الموقع عام 1555 في الإمبراطورية الرومانية المقدسة الذي رسخ مبدأ 'الناس على دين ملوكهم' بين الأمراء اللوثريين والكاثوليك؟,A) صلح وستفاليا | B) مرسوم فورمس | C) صلح أوغسبورغ | D) معاهدة توردسيلاس,C
242,History,Easy,Multiple Choice,في عام 1649، أي ملك لإنجلترا حُوكم بتهمة الخيانة العظمى ضد شعبه وأُعدم بقطع رأسه علناً في وايتهول خلال الحرب الأهلية الإنجليزية؟,A) جيمس الأول | B) تشارلز الثاني | C) جيمس الثاني | D) تشارلز الأول,D
243,History,Easy,Multiple Choice,من هو القائد العسكري والبيوريتاني الإنجليزي الذي حكم إنجلترا واسكتلندا وإيرلندا بصفته 'اللورد الحامي' للكومنولث من 1653 حتى وفاته عام 1658؟,A) أوليفر كرومويل | B) جون بيم | C) توماس فيرفاكس | D) جورج مونك,A
244,History,Easy,Typing,ما اسم الراهب الألماني المكون من 4 أحرف الذي علق أطروحاته وأطلق حركة الإصلاح الديني عام 1517؟,,لوثر
245,History,Easy,Typing,ما اسم القصر الملكي الفرنسي الفخم المكون من 5 أحرف الذي بناه لويس الرابع عشر خارج باريس؟,,فرساي
246,History,Easy,Typing,ما اسم المدينة الإيطالية مهد عصر النهضة وعاصمة إقليم توسكانا المكون من 7 أحرف (فلورنـ...)?,,فلورنسا
247,History,Easy,Typing,ما اسم عائلة التاجر والرحالة البندقي الشهير ماركو الذي زار بلاط قوبلاي خان (بـ...)?,,بولو
248,History,Easy,Typing,ما الاسم الشائع للإمبراطور المغولي العظيم جلال الدين الذي حكم الهند بتسامح ديني (أكـ...)?,,أكبر
249,History,Easy,Typing,ما اسم الأسطول الحربي الإسباني الشهير المكون من 7 أحرف الذي دمرته إنجلترا عام 1588؟,,أرمادا
250,History,Easy,Typing,ما اسم الفيلسوف الإنجليزي مؤلف كتاب اللفياثان عام 1651 المكون من 4 أحرف (هو...)?,,هوبز
251,History,Medium,Multiple Choice,ما هو المجمع الكنسي الكاثوليكي المسكوني (1545-1563) الذي مثل جوهر الإصلاح الكاثوليكي المضاد وأكد العقائد الكاثوليكية ضد البروتستانتية؟,A) مجمع كونستانس | B) مجمع ترينت / ترينتو | C) مجمع بازل | D) مجمع الفاتيكان الأول,B
252,History,Medium,Multiple Choice,أي مصلح بروتستانتي سويسري قاد الإصلاح في زيورخ وبشر مباشرة من العهد الجديد وخاض مناظرة ماربورغ اللاهوتية مع مارتن لوثر؟,A) جان كالفن | B) هاينريش بولينغر | C) هولدريش زوينكلي | D) تيودور بيزا,C
253,History,Medium,Multiple Choice,في عام 1683، أي حصار عثماني لعاصمة نمساوية كبرى قاده قره مصطفى باشا وكُسر بهجوم فرسان مجنحين بقيادة الملك البولندي يوحنا الثالث سوبيسكي؟,A) حصار بلغراد | B) حصار بودابست | C) حصار براغ | D) حصار فيينا,D
254,History,Medium,Multiple Choice,من هو الفارس الإسباني مؤسس الرهبنة اليسوعية (جمعية يسوع) عام 1540 مؤلف 'الرياضات الروحية' لمواجهة المد البروتستانتي بالطاعة للبابا؟,A) إغناطيوس دي لويولا | B) فرانسيس خافيير | C) تيريزا الأفيلية | D) يوحنا الصليب,A
255,History,Medium,Multiple Choice,أي ملك سويدي وعبقري عسكري لُقب بـ 'أسد الشمال' وطور التكتيكات العسكرية المشتركة والمدفعية في حرب الثلاثين عاماً وقُتل في لوتزن 1632؟,A) شارل الثاني عشر | B) غوستاف أدولفوس / غوستاف الثاني | C) إريك الرابع عشر | D) غوستاف فاسا,B
256,History,Medium,Multiple Choice,ما هي الحرب الأهلية التي اندلعت في إنجلترا واسكتلندا وإيرلندا بين 1642 و1651 بين أنصار الملك (الفرسان) وأنصار البرلمان (الرؤوس المستديرة)؟,A) حرب الوردتين | B) الثورة المجيدة | C) الحرب الأهلية الإنجليزية | D) الثورة اليعقوبية,C
257,History,Medium,Multiple Choice,أي أمير برتغالي لُقب بـ 'الملاح' وأسس مدرسة للملاحة وبناء السفن في ساغريس ودشن عصر الاستكشافات الجغرافية البرتغالية الكبرى؟,A) الملك مانويل الأول | B) الملك جون الثاني | C) الأمير بيدرو | D) الأمير هنري الملاح,D
258,History,Medium,Multiple Choice,ما هو الصراع العالمي الواسع (1756-1763) بين بريطانيا وبروسيا ضد فرنسا والنمسا وروسيا وشمل معارك في أوروبا وأمريكا والهند؟,A) حرب السنوات السبع | B) حرب الخلافة الإسبانية | C) حرب الخلافة النمساوية | D) حرب عصبة أوغسبورغ,A
259,History,Medium,Multiple Choice,أي ملك لبروسيا لُقب بـ 'العظيم' (حكم 1740-1786) كحاكم مستنير استولى على سيليزيا وأصلح الجيش البروسي وكان صديقاً للفيلسوف فولتير؟,A) فريدريك وليم الأول | B) فريدريك العظيم / فريدريك الثاني | C) فريدريك وليم الثاني | D) وليم الأول,B
260,History,Medium,Multiple Choice,ما هي مدينة تعدين الفضة الجبلية الشهيرة في بوليفيا الحالية التي كانت أغنى وأعلى مدن العالم في القرن السادس عشر ومولت إمبراطورية إسبانيا؟,A) ليما | B) زاكاتيكاس | C) بوتوسي | D) غواناخواتو,C
261,History,Medium,Multiple Choice,أي كاردينال وسياسي فرنسي عمل كرئيس لوزراء الملك لويس الثالث عشر من 1624 حتى وفاته 1642 ورسخ السلطة الملكية وقوض آل هابسبورغ؟,A) الكاردينال مازاران | B) جان باتيست كولبير | C) الكاردينال فلوري | D) الكاردينال ريشيليو,D
262,History,Medium,Multiple Choice,ما هي المذبحة الدموية المروعة التي وقعت في باريس وفرنسا عام 1572 وقُتل فيها آلاف البروتستانت الهوغونوت أثناء احتفالات زفاف هنري نافار؟,A) مذبحة سان بارثولوميو | B) مذبحة واسي | C) مذبحة ميريندول | D) مذبحة سان برايس,A
263,History,Medium,Multiple Choice,ما هي الإمبراطورية الفارسية التي أسسها الشاه إسماعيل الأول في القرن السادس عشر وجعلت المذهب الشيعي الإثني عشري ديناً رسمياً للدولة في صراعها مع العثمانيين؟,A) الدولة القاجارية | B) الدولة الصفوية | C) الدولة التيمورية | D) الدولة الأفشارية,B
264,History,Medium,Multiple Choice,ما هي سياسة العزلة والانغلاق الوطني الصارم في اليابان في عهد توكوغاوا والتي حظرت سفر اليابانيين ودخول الأجانب عدا نافذة دوجيما في ناغازاكي؟,A) سانكين كوتاي | B) بوشيدو | C) ساكوكو | D) باكوماتسو,C
265,History,Medium,Multiple Choice,أي طبيب إنجليزي نشر بحثه عام 1628 وقدم أول وصف دقيق ومتكامل للدورة الدموية الكبرى وضخ القلب للدم عبر الشرايين والأوردة؟,A) إدوارد جينر | B) روبرت بويل | C) توماس سيدنهام | D) وليم هارفي,D
266,History,Medium,Multiple Choice,أي فيلسوف تنويري فرنسي سويسري ألف 'العقد الاجتماعي' عام 1762 وافتتحه بمقولته الشهيرة: 'يولد الإنسان حراً، ولكنه في كل مكان مكبل بالأغلال'؟,A) جان جاك روسو | B) دنيس ديدرو | C) فولتير | D) الماركيز دي كوندورسيه,A
267,History,Medium,Multiple Choice,في عام 1685، أي ملك فرنسي ألغى مرسوم نانت التسامحي بموجب مرسوم فونتينبلو، مما أجبر مئات الآلاف من الهوغونوت البروتستانت على الفرار من فرنسا؟,A) لويس الثالث عشر | B) لويس الرابع عشر | C) لويس الخامس عشر | D) لويس السادس عشر,B
268,History,Medium,Multiple Choice,من هو الرسام الهولندي العبقري في العصر الذهبي الهولندي صاحب اللوحات الشهيرة 'دورية الليل' و'درس التشريح للدكتور تولب' وبورتريهاته الذاتية؟,A) يوهانس فيرمير | B) فرانس هالس | C) رامبرانت فان راين | D) يان ستين,C
269,History,Medium,Multiple Choice,ما هو المذهب الاقتصادي الذي ساد أوروبا بين القرنين 16 و18 واعتبر ثروة الأمة تقاس بمقدار ما تملكه من ذهب وفضة عبر ميزان تجاري رابح واحتكار المستعمرات؟,A) الفيزيوقراطية | B) دعه يعمل دعه يمر | C) الإقطاعية | D) التجsummaryية / المركنتيلية,D
270,History,Medium,Multiple Choice,أي فيلسوف وقانوني إنجليزي رائد وضع أسس المنهج العلمي الاستقرائي القائم على التجربة والملاحظة في كتابه 'الأورغانون الجديد' عام 1620؟,A) فرانسيس بيكون | B) رينيه ديكارت | C) جون لوك | D) توماس هوبز,A
271,History,Medium,Multiple Choice,في عام 1709، ما هي المعركة الكبرى في أوكرانيا التي سحق فيها القيصر بطرس الأكبر جيش الملك السويدي شارل الثاني عشر في الحرب الشمالية العظمى؟,A) معركة نارفا | B) معركة بولتافا | C) معركة هانكو | D) معركة ليسنايا,B
272,History,Medium,Multiple Choice,ما هو القانون الإنجليزي لعام 1673 الذي اشترط على كل من يشغل منصباً مدنياً أو عسكرياً أن يتناول القربان وفق طقوس الكنيسة الإنجليزية وينكر الاستحالة الجوهرية؟,A) قانون التوحيد | B) قانون التسامح | C) قانون الاختبار / تيست آكت | D) قانون التجمعات غير القانونية,C
273,History,Medium,Multiple Choice,ما هي الموسوعة الفرنسية المعرفية الكبرى متعددة المجلدات الصادرة بإشراف دنيس ديدرو ودالمبير بين 1751 و1772 لنشر الفكر التنويري والعلمي؟,A) القاموس التاريخي | B) مقال عن المنهج | C) روح القوانين | D) الإنسيكلوبيديا / الموسوعة,D
274,History,Medium,Multiple Choice,من هو الفيلسوف والاقتصادي الاسكتلندي الرائد مؤلف كتاب 'ثروة الأمم' عام 1776 ومؤسس الاقتصاد الكلاسيكي صاحب نظرية 'اليد الخفية'؟,A) آدم سميث | B) ديفيد هيوم | C) جون ستيوارت ميل | D) توماس مالتوس,A
275,History,Medium,Multiple Choice,أي عالم فلك ورياضيات ألماني صاغ القوانين الثلاثة لحركة الكواكب وأثبت أن مدارات الكواكب حول الشمس بيضاوية إهليلجية وليست دوائر كاملة؟,A) تيخو براهي | B) يوهانس كيبلر | C) كريستيان هوغنس | D) إدموند هالي,B
276,History,Medium,Typing,ما اسم المدينة الإيطالية التي احتضنت المجمع الكاثوليكي المضاد للإصلاح بين 1545 و1563 (ترينـ...)?,,ترينتو
277,History,Medium,Typing,ما اسم العاصمة النمساوية التي صدت الحصار العثماني الشهير عام 1683 المكون من 5 أحرف؟,,فيينا
278,History,Medium,Typing,ما اسم الكاردينال ورئيس وزراء فرنسا القوي في عهد لويس الثالث عشر (ريشيـ...)?,,ريشيليو
279,History,Medium,Typing,ما اسم الرسام الهولندي الشهير صاحب لوحة دورية الليل المكون من 7 أحرف (رامبـ...)?,,رامبرانت
280,History,Medium,Typing,ما اسم عالم الفلك الألماني صاحب قوانين حركة الكواكب الإهليلجية المكون من 5 أحرف (كيبـ...)?,,كيبلر
281,History,Hard,Multiple Choice,في عام 1526 م، أي قائد من نسل تيمورلنك وجنكيز خان هزم سلطان دلهي إبراهيم لودي في معركة باني بت الأولى ليؤسس الإمبراطورية المغولية في الهند؟,A) همايون | B) بيرم خان | C) بابر | D) شير شاه سوري,C
282,History,Hard,Multiple Choice,ما هي الحادثة الشهيرة عام 1618 في بوهيميا حيث ألقى النبلاء البروتستانت ممثلي الإمبراطور الكاثوليكي من نافذة قصر براغ في كومة سماد مشعلين حرب الثلاثين عاماً؟,A) انتفاضة براغ | B) ميثاق بازل | C) رسالة الجلالة | D) قذف براغ / واقعة رمي النواب من النافذة,D
283,History,Hard,Multiple Choice,من هو القائد العسكري والمرتزق البوهيمي الشهير الذي قاد الجيوش الإمبراطورية لفرديناند الثاني في حرب الثلاثين عاماً واغتيل عام 1634 للاشتباه بخيانته؟,A) ألبرشت فون فالنشتاين | B) الكونت تيلي | C) غوتفريد بابنهايم | D) يوهان فون فيرت,A
284,History,Hard,Multiple Choice,ما هو المرسوم الدستوري الإمبراطوري الصادر عام 1713 عن الإمبراطور تشارلز السادس لضمان عدم تجزئة أراضي هابسبورغ وتوريث ابنته ماريا تيريزا للعرش؟,A) المرسوم الذهبي | B) المرسوم العملي / العقوبة البراغماتية | C) مرسوم الاسترداد | D) معاهدة راستات,B
285,History,Hard,Multiple Choice,في عام 1572، أي نائب للملك الإسباني في بيرو أمر بغزو معقل فيلكابامبا وأسر وإعدام آخر حكام الإنكا توباك أمارو الأول؟,A) بلاسكو نونيز فيلا | B) بيدرو دي لا غاسكا | C) فرانسيسكو دي توليدو | D) أنطونيو دي ميندوزا,C
286,History,Hard,Multiple Choice,ما هو الاتفاق المبرم عام 1555 في الإمبراطورية الرومانية المقدسة الذي اعترف بالوجود القانوني المشترك للكاثوليكية واللوثرية وفق قاعدة 'دين الحاكم دين الإقليم'؟,A) مرسوم نانت | B) معاهدة باساو | C) مؤقت أوغسبورغ | D) صلح أوغسبورغ الديني,D
287,History,Hard,Multiple Choice,ما هي الهستيريا السياسية الكاذبة في إنجلترا (1678-1681) التي لفقها تيتوس أوتس مدعياً مؤامرة يسوعية لاغتيال الملك تشارلز الثاني وتنصيب شقيقه الكاثوليكي جيمس؟,A) المؤامرة البابوية | B) مؤامرة راي هاوس | C) مؤامرة بابنغتون | D) مؤامرة حوض الوجبة,A
288,History,Hard,Multiple Choice,أي مهندس ومعماري عبقري في عصر النهضة حل اللغز الهندسي المعقد لتشييد القبة الثمانية الطوبية العملاقة لكاتدرائية فلورنسا دون سقالات خشبية مركزية؟,A) ليون باتيستا ألبيرتي | B) فيليبو برونليسكي | C) دوناتو برامانتي | D) أندريا بالاديو,B
289,History,Hard,Multiple Choice,ما هو القانون الصادر عن البرلمان الإنجليزي عام 1701 الذي حسم خلافة العرش الإنجليزي في الأميرة البروتستانتية صوفيا الهانوفرية وذريتها غير الكاثوليك؟,A) قانون الاتحاد | B) شرعة الحقوق | C) قانون التولية والوراثة | D) قانون السنوات الثلاث,C
290,History,Hard,Multiple Choice,في عام 1509، أي نائب للملك البرتغالي سحق الأسطول المشترك لمماليك مصر وغوجارات وكاليكوت في معركة ديو البحرية مؤمناً السيطرة البرتغالية على المحيط الهندي؟,A) ألفونسو دي ألبوكيرك | B) تريستاو دا كونها | C) دوارتي باتشيكو | D) فرانسيسكو دي ألميدا,D
291,History,Hard,Multiple Choice,ما هي الجماعة المسيحية الراديكالية التي ظهرت خلال الحرب الأهلية الإنجليزية بقيادة جيرارد وينستانلي وطالبت بالملكية المشاعة للأراضي وإلغاء الملكية الفردية؟,A) الحفارون / الحفارون الحقيقيون (The Diggers) | B) المسوون (الليفيلرز) | C) أنصار الملكية الخامسة | D) الموغليتونيون,A
292,History,Hard,Multiple Choice,أي فيلسوف وقانوني إيطالي تنويري نشر 'في الجرائم والعقوبات' عام 1764 مؤسساً علم العقاب الحديث ومناهضاً للتعذيب وعقوبة الإعدام؟,A) جامباتيستا فيكو | B) تشيزاري بيكاريا | C) بييترو فيري | D) أنطونيو جينوفيزي,B
293,History,Hard,Multiple Choice,ما هي المعركة البحرية عام 1639 في القنال الإنجليزي التي سحق فيها الأسطول الهولندي بقيادة مارتن ترومب أسطول الأرمادا الإسبانية منهية سيادة إسبانيا البحرية؟,A) معركة جبل طارق | B) معركة شيفينينغن | C) معركة الداونز | D) معركة تيسل,C
294,History,Hard,Multiple Choice,ما هو العرش الإمبراطوري المغولي المرصع بالجواهر والياقوت والزمرد الذي نهبه الحاكم الفارسي نادر شاه بعد اجتياحه لدلهي ومجزرتها عام 1739؟,A) عرش سليمان | B) العرش الرخامي | C) العرش العاجي | D) عرش الطاووس,D
295,History,Hard,Multiple Choice,في عام 1629، أي إمبراطور روماني مقدس أصدر 'مرسوم الاسترداد' لاستعادة جميع الأراضي الكنسية التي علمنها البروتستانت منذ 1552 مؤججاً الحرب؟,A) فرديناند الثاني | B) ماتياس | C) فرديناند الأول | D) رودولف الثاني,A
296,History,Hard,Multiple Choice,أي عالم إنجليزي متعدد المواهب ابتكر المصطلح البيولوجي 'الخلية' في كتابه 'الميكروغرافيا' عام 1665 بعد فحص مسام الفلين بالمجهر؟,A) أنطوني فان ليفينهوك | B) روبرت هوك | C) وليم هارفي | D) جون راي,B
297,History,Hard,Multiple Choice,ما هي معاهدة عام 1713 التي أنهت حرب الخلافة الإسبانية وثبتت فيليب الخامس ملكاً لإسبانيا شريطة عدم اتحاد التاجين الفرنسي والإسباني أبداً؟,A) معاهدة راستات | B) معاهدة إكس لا شابيل | C) معاهدة أوترخت | D) معاهدة باريس,C
298,History,Hard,Typing,ما اسم الفاتح التيموري مؤسس الإمبراطورية المغولية في الهند عام 1526 المكون من 4 أحرف؟,,بابر
299,History,Hard,Typing,ما اسم المهندس المعماري العبقري الذي صمم قبة كاتدرائية فلورنسا الشهيرة (برونيلـ...)?,,برونليسكي
300,History,Hard,Typing,ما اسم القائد العسكري الإمبراطوري الذي اغتيل عام 1634 في حرب الثلاثين عاماً (فالنـ...)?,,فالنشتاين
301,History,Easy,Multiple Choice,في 4 يوليو 1776، ما هي الوثيقة التاريخية التي اعتمدها الكونغرس القاري الثاني معلناً استقلال المستعمرات الأمريكية الـ 13 عن التاج البريطاني؟,A) مواد الاتحاد الكونفدرالي | B) دستور الولايات المتحدة | C) شرعة الحقوق | D) وثيقة إعلان الاستقلال الأمريكي,D
302,History,Easy,Multiple Choice,ما هو الحدث الثوري التاريخي في 14 يوليو 1789 في باريس حين اقتحم الثوار قلعة وسجناً شهيراً، مشعلاً الثورة الفرنسية؟,A) اقتحام سجن الباستيل | B) مسيرة النساء إلى فرساي | C) قسم ملعب التنس | D) إعدام لويس السادس عشر,A
303,History,Easy,Multiple Choice,أي قائد عسكري لمع نجمه في الثورة الفرنسية وتوج نفسه إمبراطوراً عام 1804 وفتح معظم أوروبا القارية قبل هزيمته في واترلو؟,A) مكسيميليان روبسبير | B) نابليون بونابرت | C) لويس فيليب | D) شارل ديغول,B
304,History,Easy,Multiple Choice,ما هي المعركة الحاسمة عام 1815 في بلجيكا الحالية التي هزم فيها التحالف السابع بقيادة ويلينغتون وبلوخر نابليون نهائياً ونفاه؟,A) معركة أوسترليتز | B) معركة لايبزيغ | C) معركة واترلو | D) معركة الطرف الأغر,C
305,History,Easy,Multiple Choice,من هو الرئيس السادس عشر للولايات المتحدة الذي قاد الاتحاد خلال الحرب الأهلية الأمريكية وأصدر إعلان تحرير العبيد؟,A) يوليسيس غرانت | B) أندرو جاكسون | C) توماس جيفرسون | D) أبراهام لينكولن,D
306,History,Easy,Multiple Choice,أي مهندس ومخترع اسكتلندي سجل براءة اختراع لمحرك بخاري بمكثف منفصل عام 1769 ومثل القوة الدافعة الكبرى للثورة الصناعية؟,A) جيمس واط | B) جورج ستيفنسون | C) ريتشارد أركرايت | D) روبرت فولتون,A
307,History,Easy,Multiple Choice,أي شخصية نمساوية أدى اغتيالها في سراييفو في 28 يونيو 1914 على يد غافريلو برينسيب إلى اشتعال شرارة الحرب العالمية الأولى؟,A) القيصر فيلهلم الثاني | B) الأرشيدوق فرانتس فرديناند | C) القيصر نيقولا الثاني | D) الملك جورج الخامس,B
308,History,Easy,Multiple Choice,ما هو المرسوم الرئاسي الصادر عن أبراهام لينكولن عام 1863 وأعلن أن جميع المستعبدين في الولايات الكونفدرالية المتمردة أحرار إلى الأبد؟,A) خطاب غيتيسبيرغ | B) قانون إعادة الإعمار | C) إعلان تحرير العبيد | D) قانون كانساس-نبراسكا,C
309,History,Easy,Multiple Choice,في عام 1773، ما هو الاحتجاج الثوري المباشر لجماعة 'أبناء الحرية' في ماساتشوستس بإلقاء 342 صندوق شاي لشركة الهند الشرقية في البحر؟,A) مذبحة بوسطن | B) أعمال شغب قانون الطابع | C) حادثة غاسبي | D) حفلة شاي بوسطن,D
310,History,Easy,Multiple Choice,من هو الزعيم اليعقوبي الراديكالي الذي ترأس لجنة السلامة العامة وقاد 'عهد الإرهاب' بالثورة الفرنسية حتى أُعدم بالمقصلة عام 1794؟,A) مكسيميليان روبسبير | B) جورج دانتون | C) جان بول مارات | D) لويس دو سان جوست,A
311,History,Easy,Multiple Choice,ما هي المعركة البحرية الشهيرة قبالة إسبانيا عام 1805 التي سحق فيها الأسطول الملكي البريطاني بقيادة نيلسون الأسطولين الفرنسي والإسباني؟,A) معركة النيل | B) معركة الطرف الأغر / ترافلغار | C) معركة كوبنهاغن | D) معركة يوتلاند,B
312,History,Easy,Multiple Choice,ما هي معاهدة السلام الموقعة في قاعة المرايا عام 1919 وأنهت رسمياً الحرب العالمية الأولى وفرضت عقوبات قاسية وخسائر إقليمية على ألمانيا؟,A) معاهدة بريست ليتوفسك | B) معاهدة سان جرمان | C) معاهدة فرساي | D) معاهدة سيفر,C
313,History,Easy,Multiple Choice,من هو المستشار البروسي الملقب بـ 'المستشار الحديدي' الذي هندس توحيد الولايات الألمانية بالدم والحديد معلناً الإمبراطورية الألمانية عام 1871؟,A) هيلموت فون مولتكه | B) ألبرشت فون رون | C) الأمير شلودفيغ | D) أوتو فون بسمارك,D
314,History,Easy,Multiple Choice,ما هي الحرب الأهلية الطاحنة (1861-1865) التي خاضتها الولايات الشمالية التابعة للاتحاد ضد إحدى عشرة ولاية جنوبية انفصالية شكلت الكونفدرالية؟,A) الحرب الأهلية الأمريكية | B) الحرب المكسيكية الأمريكية | C) حرب عام 1812 | D) الحرب الإسبانية الأمريكية,A
315,History,Easy,Multiple Choice,ما هو التحول السياسي لعام 1868 في اليابان الذي استعاد فيه الإمبراطور ميجي السلطة الفعلية وأنهى حكم الشوغون وبدأ عصر الحداثة اليابانية؟,A) إصلاح تايكا | B) استعادة ميجي / تجديد ميجي | C) حرب غينبي | D) استعادة كينمو,B
316,History,Easy,Multiple Choice,من هو زعيم الحزب البلشفي الروسي الذي قاد ثورة أكتوبر 1917 وأطاح بالحكومة الروسية المؤقتة مؤسساً أول دولة اشتراكية سوفيتية؟,A) ليون تروتسكي | B) جوزيف ستالين | C) فلاديمير لينين | D) نيكولاي بوخارين,C
317,History,Easy,Multiple Choice,أي ملكة بريطانية امتد حكمها لقرابة 64 عاماً (1837-1901) وشهد عهدها ذروة اتساع الإمبراطورية البريطانية والثورة الصناعية وسمي العصر باسمها؟,A) الملكة آن | B) الملكة إليزابيث الأولى | C) الملكة ماري الثانية | D) الملكة فيكتوريا,D
318,History,Easy,Multiple Choice,في عام 1803، ما هي الصفقة الإقليمية الهائلة التي اشترت بموجبها الولايات المتحدة في عهد توماس جيفرسون 828 ألف ميل مربع من فرنسا مقابل 15 مليون دولار؟,A) صفقة لويزيانا | B) صفقة غادسدن | C) شراء ألاسكا | D) معاهدة فلوريدا,A
319,History,Easy,Multiple Choice,أي فيلسوف واقتصادي سياسي ألماني نشر 'بيان الحزب الشيوعي' مع فريدريك إنجلز عام 1848 وألف مؤلفه النقدي الضخم 'رأس المال'؟,A) ماكس فيبر | B) كارل ماركس | C) فريدريك هيغل | D) ميخائيل باكونين,B
320,History,Easy,Multiple Choice,ما هي معركة الجبهة الغربية عام 1916 في الحرب العالمية الأولى التي استمرت نحو خمسة أشهر وسقط فيها أكثر من مليون ضحية وشهدت أول استخدام للدبابات؟,A) معركة فردان | B) معركة المارن | C) معركة السوم | D) معركة تاننبرغ,C
321,History,Easy,Multiple Choice,من هو الزعيم الثوري الفنزويلي الملقب بـ 'المحرر' (إل ليبرتادور) وقاد حروب استقلال فنزويلا وكولومبيا والإكوادور وبيرو وبوليفيا عن إسبانيا؟,A) خوسيه دي سان مارتين | B) برناردو أوهيغينز | C) أنطونيو خوسيه دي سوكري | D) سيمون بوليفار,D
322,History,Easy,Multiple Choice,ما هي الآلة الميكانيكية التي اخترعها إيلي ويتني عام 1793 لفصل ألياف القطن عن بذوره بسرعة هائلة، وأدت عن غير قصد لتوسع العبودية بالجنوب؟,A) محلج القطن | B) دولاب الغزل المائي | C) النول الآلي | D) المكوك الطائر,A
323,History,Easy,Multiple Choice,أي ملك لفرنسا أُدين بالخيانة العظمى ضد الأمة وأُعدم بالمقصلة مع زوجته ماري أنطوانيت في ساحة الثورة عام 1793؟,A) لويس الرابع عشر | B) لويس السادس عشر | C) لويس الخامس عشر | D) لويس الثامن عشر,B
324,History,Easy,Multiple Choice,ما هو المؤتمر الدبلوماسي الأوروبي الذي انعقد برئاسة كليمنس فون مترنيخ بين 1814 و1815 لإعادة رسم خريطة وتوازن قوى أوروبا بعد سقوط نابليون؟,A) معاهدة أوترخت | B) صلح وستفاليا | C) مؤتمر فيينا | D) مؤتمر برلين,C
325,History,Easy,Multiple Choice,ما هي الحرب التي خاضتها الإمبراطورية الروسية بين 1853 و1856 ضد تحالف ضم الدولة العثمانية وبريطانيا وفرنسا وسردينيا واشتهرت بحصار سيفاستوبول؟,A) الحرب الروسية العثمانية | B) حرب البوير | C) الحرب الفرنسية البروسية | D) حرب القرم,D
326,History,Easy,Multiple Choice,أي قائد عام لجيوش الاتحاد قبل استسلام روبرت لي في أبوماتوكس عام 1865 منهياً الحرب الأهلية الأمريكية وانتُخب لاحقاً رئيساً للولايات المتحدة؟,A) يوليسيس غرانت | B) وليم شيرمان | C) جورج ماكليلان | D) جورج ميد,A
327,History,Easy,Multiple Choice,ما هو المؤتمر الدبلوماسي الأوروبي المنعقد في ألمانيا عامي 1884 و1885 ونظم التوسع واستعمار القوى الأوروبية لإفريقيا (التدافع على إفريقيا)؟,A) مؤتمر فيينا | B) مؤتمر برلين | C) مؤتمر الجزيرة الخضراء | D) اتفاقية لاهاي,B
328,History,Easy,Multiple Choice,من هو المناضل والخطيب الأمريكي الذي فر من العبودية في ماريلاند وأصبح أشهر زعماء حركة إلغاء الرق والمؤلفين والمصلحين في القرن التاسع عشر؟,A) بوكر واشنطن | B) ويليام دوبوي | C) فريدريك دوغلاس | D) ماركوس غارفي,C
329,History,Easy,Multiple Choice,ما هي المعركة التاريخية عام 1805 التي عُرفت بـ 'معركة الأباطرة الثلاثة' وتعتبر أعظم انتصارات نابليون التكتيكية بهزيمة الجيشين الروسي والنمساوي؟,A) معركة يينا-أويرشتيد | B) معركة فريدلاند | C) معركة فاغرام | D) معركة أوسترليتز,D
330,History,Easy,Multiple Choice,ما هي الثورة المسلحة الكبرى في الهند عام 1857 ضد حكم شركة الهند الشرقية البريطانية واندلعت بين الجنود الهنود (السيبوي) بسبب خراطيش البنادق؟,A) ثورة السيبوي / ثورة الهند 1857 | B) ثورة الملاكمين | C) تمرد تايبينغ | D) الحرب الإنجليزية الماراثية,A
331,History,Easy,Multiple Choice,من هي الممرضة البريطانية الملقبة بـ 'السيدة ذات المصباح' التي أصلحت المعايير الصحية للمستشفيات في حرب القرم وأسست التمريض الحديث؟,A) كلارا بارتون | B) فلورنس ناي Nightingale | C) ماري سيكول | D) إديث كافيل,B
332,History,Easy,Multiple Choice,ما هي المعركة الدامية التي استمرت ثلاثة أيام في بنسلفانيا في يوليو 1863 وتعتبر نقطة التحول العسكرية الحاسمة في الحرب الأهلية الأمريكية؟,A) معركة أنتيتام | B) معركة بول ران | C) معركة غيتيسبيرغ | D) معركة شيلوه,C
333,History,Easy,Multiple Choice,ما هي المنظمة الدولية التي تأسست عام 1920 في أعقاب مؤتمر باريس للسلام بهدف منع نشوب الحروب وحفظ السلام العالمي ولكنها فشلت لاحقاً؟,A) الأمم المتحدة | B) المحكمة الدولية | C) الوفاق الأوروبي | D) عصبة الأمم,D
334,History,Easy,Multiple Choice,ما هي الحرب التي خاضتها بريطانيا ضد سلالة تشينغ في الصين بين 1839 و1842 وأجبرت الصين على التنازل عن هونغ كونغ بموجب معاهدة نانكينغ؟,A) حرب الأفيون الأولى | B) حرب السهم | C) ثورة الملاكمين | D) الحرب الصينية الفرنسية,A
335,History,Easy,Multiple Choice,ما هي الحرب التي اندلعت عام 1898 وانتهت بانتصار الولايات المتحدة واستحواذها على بورتوريكو وغوام والفلبين وإنهاء السيطرة الإسبانية على كوبا؟,A) الحرب المكسيكية الأمريكية | B) الحرب الإسبانية الأمريكية | C) حرب عام 1812 | D) حروب الموز,B
336,History,Easy,Multiple Choice,ما هي أطول معارك الحرب العالمية الأولى عام 1916 على الجبهة الغربية وصمد فيها الجيش الفرنسي متبنياً شعار 'لن يمروا!' (Ils ne passeront pas)؟,A) معركة السوم | B) معركة المارن | C) معركة فردان | D) معركة إيبر,C
337,History,Easy,Multiple Choice,ما هي القناة البحرية الاصطناعية التي افتتحت في مصر عام 1869 وربطت البحر المتوسط بالبحر الأحمر واختصرت المسار الملاحي إلى آسيا جذرياً؟,A) قناة بنما | B) قناة كورنث | C) قناة كيل | D) قناة السويس,D
338,History,Easy,Multiple Choice,ما هي أول جمهورية يقودها السود وتستقل في التاريخ الحديث، وأسسها ثوار المستعبدين عام 1804 بعد هزيمة الحملة الفرنسية في سان دومينغو؟,A) هايتي | B) جامايكا | C) كوبا | D) جمهورية الدومينيكان,A
339,History,Easy,Multiple Choice,من هو القائد الوطني الإيطالي الملقب بـ 'بطل العالمين' وقاد حملة الألف صاحب القمصان الحمر لتوحيد جنوب إيطاليا مع شمالها؟,A) كافور | B) جوزيبي غاريبالدي | C) جوزيبي مازيني | D) فيكتور إيمانويل الثاني,B
340,History,Easy,Multiple Choice,ما هي سفينة الركاب البريطانية الضخمة التي نسفتها غواصة ألمانية قبالة سواحل إيرلندا عام 1915 متسببة في مقتل 1198 شخصاً ومثيرة للرأي العام الأمريكي؟,A) تيتانيك | B) بريتانيك | C) لوزيتانيا | D) إس إس ريبابليك,C
341,History,Easy,Multiple Choice,ما هي البرقية الدبلوماسية السرية لوزير الخارجية الألماني عام 1917 عارضاً تحالفاً عسكرياً على المكسيك لاستعادة أراضيها ودفعت أمريكا لدخول الحرب؟,A) برقية إمس | B) برقيات ويلي-نيكي | C) وعد بلفور | D) برقية تسيمرمان,D
342,History,Easy,Multiple Choice,في عام 1781، ما هي المعركة الأمريكية التي حاصرت فيها القوات الأمريكية والفرنسية بقيادة واشنطن وروشانبو الجيش البريطاني للورد كورنواليس مستسلماً؟,A) معركة يوركتاون | B) معركة ساراتوغا | C) معركة بنكر هيل | D) معركة ترنتون,A
343,History,Easy,Multiple Choice,ما هي الكارثة الإنسانية والزراعية الكبرى في إيرلندا (1845-1852) جراء فطر آفة البطاطس وأدت إلى وفاة نحو مليون إنسان وهجرة الملايين؟,A) تطهيرات المرتفعات | B) مجاعة أيرلندا الكبرى / مجاعة البطاطس | C) قصعة الغبار | D) سنة بلا صيف,B
344,History,Easy,Typing,ما اسم السجن والقلعة الباريسية التي اقتحمها الثوار الفرنسيون في 14 يوليو 1789 المكون من 7 أحرف؟,,الباستيل
345,History,Easy,Typing,ما اسم المعركة البلجيكية الشهيرة التي هُزم فيها نابليون نهائياً عام 1815 المكون من 6 أحرف (واتـ...)?,,واترلو
346,History,Easy,Typing,ما اسم عائلة الرئيس الأمريكي السادس عشر الذي ألغى العبودية وقاد الاتحاد في الحرب الأهلية؟,,لينكولن
347,History,Easy,Typing,ما اسم عائلة المهندس الاسكتلندي مخترع المحرك البخاري الحديث المكون من 3 أحرف؟,,واط
348,History,Easy,Typing,ما اسم المدينة البوسنية التي شهدت اغتيال الأرشيدوق فرانتس فرديناند عام 1914 المكون من 7 أحرف؟,,سراييفو
349,History,Easy,Typing,ما اسم الزعيم البلشفي الروسي الذي قاد ثورة أكتوبر 1917 المكون من 5 أحرف؟,,لينين
350,History,Easy,Typing,ما اسم القصر الباريسي الذي شُهد فيه توقيع معاهدة السلام لعام 1919 لإنهاء الحرب العالمية الأولى؟,,فرساي
351,History,Medium,Multiple Choice,ما هي المعركة الحاسمة في نيويورك عام 1777 التي انتصر فيها الأمريكيون وأقنعت فرنسا بالدخول رسمياً كحليف عسكري للثوار الأمريكيين؟,A) معركة بنكر هيل | B) معركة ترنتون | C) معركة ساراتوغا | D) معركة برانديواين,C
352,History,Medium,Multiple Choice,ما هو القسم الشهير الذي أداه نواب الطبقة الثالثة الفرنسيون في يونيو 1789 متعهدين بعدم التفرق حتى وضع دستور مكتوب لفرنسا؟,A) إعلان بيلنيتز | B) الدستور المدني لرجال الدين | C) مراسيم 4 أغسطس | D) قسم ملعب التنس,D
353,History,Medium,Multiple Choice,في عام 1812، ما هي الحملة العسكرية الكارثية للجيش الفرنسي الكبير لنابليون بـ 600 ألف جندي والتي تدمر فيها الجيش وسط الصقيع الروسي القارس؟,A) الغزو الفرنسي لروسيا | B) حرب شبه الجزيرة | C) حرب التحالف الخامس | D) الحملة الفرنسية على مصر,A
354,History,Medium,Multiple Choice,ما هي الحرب التي خاضتها بروسيا ضد فرنسا (1870-1871) وانتهت بأسر نابليون الثالث في سيدان وتوحيد ألمانيا وإعلان الإمبراطورية في فرساي؟,A) الحرب النمساوية البروسية | B) الحرب الفرنسية البروسية | C) حرب شليسفيغ الثانية | D) حرب القرم,B
355,History,Medium,Multiple Choice,من هو القائد الثوري الأسبق للعبيد في هايتي الذي وضع أول دستور استقلالي لسان دومينغو عام 1801 قبل أن يأسره الفرنسيون ويموت في سجنه؟,A) جان جاك ديسالين | B) هنري كريستوف | C) توسان لوفرتور | D) ألكسندر بيتيون,C
356,History,Medium,Multiple Choice,ما هي الحرب الأهلية الدينية الكارثية في الصين (1850-1864) التي قادها هونغ شيوكوان وأودت بحياة ما بين 20 إلى 30 مليون إنسان؟,A) ثورة الملاكمين | B) تمرد نيان | C) ثورة الدونغان | D) تمرد تايبينغ,D
357,History,Medium,Multiple Choice,في عام 1879، ما هي المعركة في جنوب إفريقيا التي سحق فيها 20 ألف محارب زولو مسلحين بالحراب قوة بريطانية نظامية من 1800 جندي؟,A) معركة إيساندلوانا | B) معركة روركس دريفت | C) معركة أولوندي | D) معركة نهر الدم,A
358,History,Medium,Multiple Choice,ما هو الصراع العسكري (1904-1905) الذي انتصرت فيه قوة آسيوية صاعدة على إمبراطورية أوروبية كبرى براً وبحراً في معركة تسوشيما؟,A) الحرب الصينية اليابانية الأولى | B) الحرب الروسية اليابانية | C) حرب الملاكمين | D) حرب بوشين,B
359,History,Medium,Multiple Choice,ما هو البيان الرسمي لوزير الخارجية البريطاني عام 1917 الذي أعلن فيه تأييد بريطانيا لإنشاء وطن قومي للشعب اليهودي في فلسطين؟,A) اتفاقية سايكس بيكو | B) مراسلات الحسين-مكماهون | C) وعد بلفور | D) الكتاب الأبيض لعام 1939,C
360,History,Medium,Multiple Choice,ما هي معركة اليوم الواحد الأكثر دموية في التاريخ الأمريكي (سبتمبر 1862) في ماريلاند وشجعت نتائجها لينكولن على إصدار إعلان التحرير؟,A) معركة فريدريكسبورغ | B) معركة تشانسلورسفيل | C) معركة كولد هاربور | D) معركة أنتيتام / شاربسبورغ,D
361,History,Medium,Multiple Choice,ما هي الحملة البرمائية الفاشلة للحلفاء عام 1915 لاحتلال مضائق الدردنيل وفتح ممر مائي لروسيا وصدها الجيش العثماني ببسالة؟,A) حملة غاليبولي / جناق قلعة | B) حملة سالونيك | C) حملة بلاد الرافدين | D) حملة سيناء وفلسطين,A
362,History,Medium,Multiple Choice,ما هو الحصار الاقتصادي القاري الصادر بمرسوم برلين عام 1806 من نابليون لمنع جميع موانئ أوروبا القارية من التجارة مع بريطانيا؟,A) قوانين الملاحة | B) الحصار القاري / النظام القاري | C) مرسوم برلين | D) أوامر المجلس,B
363,History,Medium,Multiple Choice,من هي الرائدة الأمريكية في حقوق المرأة التي نظمت مؤتمر سينيكا فولز التاريخي عام 1848 وشاركت في كتابة 'إعلان المشاعر' للمطالبة بحق الاقتراع؟,A) سوزان أنتوني | B) لوكريشيا موت | C) إليزابيث كادي ستانتون | D) أليس بول,C
364,History,Medium,Multiple Choice,في عام 1870، أي قوات اقتحمت روما عبر ثغرة بورتا بيا منهية الدولة البابوية ومكملة الوحدة الإيطالية الكاملة وعاصمتها روما؟,A) القمصان الحمر لغاريبالدي | B) درك سردينيا | C) حرس بيمونتي | D) الجيش الملكي الإيطالي للملك فيكتور إيمانويل الثاني,D
365,History,Medium,Multiple Choice,ما هي الأزمة الدبلوماسية الاستعمارية على نهر النيل عام 1898 التي كادت تفجر حرباً بين بريطانيا وفرنسا قبل انسحاب القوات الفرنسية سلمياً؟,A) أزمة فاشودة | B) أزمة أغادير | C) أزمة طنجة | D) غارة جيمسون,A
366,History,Medium,Multiple Choice,ما هي المعركة البحرية الضخمة في بحر الشمال عام 1916 بين الأسطول البريطاني والأسطول الألماني وتعد أكبر صدام للبوارج الحربية في الحرب العالمية الأولى؟,A) معركة جزر فوكلاند | B) معركة يوتلاند | C) معركة كورونيل | D) معركة دوغر بنك,B
367,History,Medium,Multiple Choice,ما هي التسوية الدستورية لعام 1867 التي حولت الإمبراطورية النمساوية إلى ملكية مزدوجة ببرلمانين تحت تاج واحد مكونة النمسا-المجر؟,A) دبلوم أكتوبر | B) براءة اختراع فبراير | C) التسوية النمساوية المجرية | D) معاهدة براغ,C
368,History,Medium,Multiple Choice,أي منظر اشتراكي فرنسي أطلق العبارة الثورية الصادمة الشهيرة 'الملكية هي سرقة!' في كتابه الصادر عام 1840 'ما هي الملكية؟'؟,A) شارل فورييه | B) لويس بلان | C) سان سيمون | D) بيير جوزيف برودون,D
369,History,Medium,Multiple Choice,ما هي المعاهدة القاسية التي وقعتها روسيا السوفيتية مع دول المركز عام 1918 وأخرجت روسيا من الحرب العالمية الأولى بتنازلات إقليمية كبرى؟,A) معاهدة بريست ليتوفسك | B) معاهدة فرساي | C) معاهدة نويي | D) معاهدة تريانون,A
370,History,Medium,Multiple Choice,ما هو الترحيل القسري المؤلم لـ 16 ألفاً من قبيلة الشيروكي الهندية عامي 1838 و1839 غرب المسيسيبي ومات خلاله أكثر من 4 آلاف شخص؟,A) المسيرة الطويلة | B) درب الدموع | C) درب ساند كريك | D) مسيرة ووندد ني,B
371,History,Medium,Multiple Choice,في عام 1866، ما المعركة الفاصلة في بوهيميا التي سحق فيها الجيش البروسي القوات النمساوية مكرساً هيمنة بروسيا التامة على ألمانيا؟,A) معركة سيدان | B) معركة سولفرينو | C) معركة كونيغراتس / سادوفا | D) معركة كوستوزا,C
372,History,Medium,Multiple Choice,ما هي الحركة الشعبية المناهضة للوجود الأجنبي والاستعماري والمسيحي في الصين التي اندلعت عام 1900 وحاصرت الحي الدبلوماسي في بكين؟,A) تمرد تايبينغ | B) تمرد اللوتس الأبيض | C) ثورة شينهاي | D) ثورة الملاكمين,D
373,History,Medium,Multiple Choice,ما هي معركة شمال إيطاليا عام 1859 التي شاهد فظائع جرحاها السويسري هنري دونان، مما دفعه لكتابة ذكرياته وتأسيس منظمة الصليب الأحمر الدولي؟,A) معركة سولفرينو | B) معركة ماجنتا | C) معركة مونتيبيلو | D) معركة سان مارتينو,A
374,History,Medium,Multiple Choice,ما هي الجائحة العالمية الفتاكة التي اندلعت في أواخر الحرب العالمية الأولى (1918-1920) وأصابت ثلث سكان الأرض وقتلت نحو 50 مليون إنسان؟,A) الإنفلونزا الآسيوية | B) الإنفلونزا الإسبانية لعام 1918 | C) إنفلونزا هونغ كونغ | D) الإنفلونزا الروسية,B
375,History,Medium,Multiple Choice,في عام 1914، ما هي المعركة الكبرى على الجبهة الشرقية التي تمكن فيها القائدان الألمانيان هيندنبورغ ولودندورف من تطويق وإبادة الجيش الروسي الثاني؟,A) معركة البحيرات الماسورية | B) معركة لودز | C) معركة تاننبرغ | D) معركة غاليسيا,C
376,History,Medium,Typing,ما اسم المدينة في نيويورك التي شهدت معركة 1777 التي أدخلت فرنسا في حرب الاستقلال (ساراتـ...)?,,ساراتوغا
377,History,Medium,Typing,ما اسم شبه الجزيرة العثمانية التي شهدت الإنزال البرمائي للحلفاء عام 1915 (غاليـ...)?,,غاليبولي
378,History,Medium,Typing,ما اسم المستشار الحديدي الذي وحد ألمانيا عام 1871 المكون من 6 أحرف (بسـ...)?,,بسمارك
379,History,Medium,Typing,ما الكلمة الثانية المكونة من 6 أحرف لمعاهدة خروج روسيا من الحرب عام 1918: بريست ...؟,,ليتوفسك
380,History,Medium,Typing,ما اسم القائد الإيطالي بطل القمصان الحمر الذي ساهم في توحيد إيطاليا (غاريـ...)?,,غاريبالدي
381,History,Hard,Multiple Choice,في عام 1794، ما هو الانقلاب السياسي في المؤتمر الوطني الفرنسي في 9 تيرميدور الذي أطاح بروبسبير وأنهى عهد الإرهاب وأرسله للمقصلة؟,A) تمرد فانديه | B) انتفاضة 12 جيرمينال | C) انقلاب 18 برومير | D) الردة التيرميدورية,D
382,History,Hard,Multiple Choice,ما هي المذبحة التي وقعت في مانشستر بإنجلترا عام 1819 حين هاجم الفرسان بالسيوف تجمعاً سلمياً لـ 60 ألف متظاهر يطالبون بالإصلاح السياسي؟,A) مذبحة بيترلو | B) مذبحة فيذرستون | C) انتفاضة كوبلي | D) تمرد ميرثير,A
383,History,Hard,Multiple Choice,ما هي معركة 1864 في الحرب الأهلية الأمريكية التي صدت فيها خنادق الجنرال روبرت لي الهجمات الجبهوية للاتحاد مكبدة إياه 7 آلاف جندي في أقل من ساعة؟,A) معركة البرية | B) معركة كولد هاربور | C) معركة سبوتسيلفانيا | D) معركة الفوهة,B
384,History,Hard,Multiple Choice,ما هي المعاهدة الموقعة عام 1809 بين الإمبراطورية الروسية والسويد وأنهت الحرب الفنلندية بتنازل السويد عن فنلندا لتصبح دوقية تابعة لروسيا؟,A) معاهدة أبو | B) معاهدة نيستاد | C) معاهدة فريدريكشام | D) معاهدة ستولبوفو,C
385,History,Hard,Multiple Choice,ما هو التمرد العسكري الفاشل في سانت بطرسبرغ في ديسمبر 1825 حين قاد ضباط بالجيش 3 آلاف جندي رفضاً لمبايعة القيصر نيقولا الأول والمطالبة بالدستور؟,A) الانتفاضة البولندية النوفمبرية | B) تمرد بوغاتشيف | C) حركة نارودنيك | D) ثورة الديسمبريين,D
386,History,Hard,Multiple Choice,في عام 1896، ما هي المعركة التاريخية في إثيوبيا التي سحق فيها الإمبراطور منليك الثاني الجيش الإيطالي الغازي محافظاً على استقلال إثيوبيا؟,A) معركة عدوة | B) معركة دوغالي | C) معركة أمبا ألاغي | D) معركة أم درمان,A
387,History,Hard,Multiple Choice,ما هو الهجوم الانتحاري الشهير للفرسان البريطانيين الخفاف في معركة بالاكلافا عام 1854 بحرب القرم تخليداً لقصيدة تينيسون الشهيرة؟,A) هجوم اللواء الثقيل | B) هجوم اللواء الخفيف | C) الخط الأحمر الرفيع | D) هجوم مالاكوف,B
388,History,Hard,Multiple Choice,ما هي المعاهدة السرية لعام 1916 بين بريطانيا وفرنسا بموافقة روسيا لتقاسم مناطق النفوذ والسيطرة على أراضي الدولة العثمانية بعد الحرب؟,A) وعد بلفور | B) معاهدة سيفر | C) اتفاقية سايكس بيكو | D) اتفاقية سان جان دي موريين,C
389,History,Hard,Multiple Choice,ما هي ثورة الأيام الثلاثة المجيدة في فرنسا في يوليو 1830 التي أطاحت بالملك المستبد شارل العاشر ونصبت لويس فيليب ملكاً دستورياً للمواطنين؟,A) الثورة الفرنسية لعام 1848 | B) كومونة باريس | C) ثورة عام 1870 | D) ثورة يوليو 1830,D
390,History,Hard,Multiple Choice,ما هي الحكومة الاشتراكية الثورية التي حكمت باريس من مارس إلى مايو 1871 وقمعتها القوات الحكومية الفرنسية بوحشية في 'الأسبوع الدامي'؟,A) كومونة باريس | B) حكومة الإدارة | C) لجنة الأمن العام | D) المحكمة الثورية,A
391,History,Hard,Multiple Choice,في عام 1866، ما الكيان السياسي الفيدرالي لولايات وسط أوروبا الذي أُنشئ بعد مؤتمر فيينا 1815 وحلته النمسا وبروسيا عقب حرب الأسابيع السبعة؟,A) الرابطة الهانزية | B) الاتحاد الألماني | C) الزولفيرين | D) الاتحاد الألماني الشمالي,B
392,History,Hard,Multiple Choice,ما هي أزمة الجيش الفرنسي عام 1917 في الحرب العالمية الأولى التي اندلعت إثر مذبحة هجوم نيفيل عند شومان دي دام وشهدت رفض نصف الجيش للقتال؟,A) إضراب باريس العام | B) تمردات فردان | C) تمردات الجيش الفرنسي لعام 1917 | D) أزمة فلاندرز,C
393,History,Hard,Multiple Choice,ما هي معاهدة عام 1801 بين القنصل الأول نابليون بونابرت وإمبراطور النمسا وأنهت حرب التحالف الثاني مؤكدة سيطرة فرنسا على الضفة اليسرى للراين؟,A) معاهدة كامبو فورميو | B) معاهدة بريسبورغ | C) معاهدة أميان | D) معاهدة لونيفيل,D
394,History,Hard,Multiple Choice,ما هو التقرير البريطاني الرسمي لعام 1839 حول مستعمرات أمريكا الشمالية بعد التمرد في كندا، وأوصى بتأسيس حكومة مسؤولة واتحاد كندا؟,A) تقرير دورهام | B) تقرير بيل | C) تقرير بلفور | D) قانون أمريكا الشمالية البريطانية,A
395,History,Hard,Multiple Choice,ما هي الحرب التي خاضتها بريطانيا في جنوب إفريقيا (1899-1902) واستخدمت فيها معسكرات الاعتقال وسياسة الأرض المحروقة لإخضاع جمهوريات البوير؟,A) الحرب الإنجليزية الزولوية | B) حرب البوير الثانية | C) حرب ماتابيلي | D) تمرد بامباثا,B
396,History,Hard,Multiple Choice,ما هي الثورة الصينية لعام 1911 التي أطاحت بسلالة تشينغ الحاكمة وأنهت أكثر من ألفي عام من الحكم الإمبراطوري وأقامت الجمهورية الصينية؟,A) ثورة الملاكمين | B) حركة الرابع من مايو | C) ثورة شينهاي لعام 1911 | D) البعثة الشمالية,C
397,History,Hard,Multiple Choice,في عام 1914، ما هي المعركة البحرية قبالة سواحل تشيلي التي شكلت أول هزيمة بحرية بريطانية منذ قرن حين أغرق الأدميرال الألماني غراف شبي طرادين بريطانيين؟,A) معركة جزر فوكلاند | B) معركة دوغر بنك | C) معركة خليج هيليغولاند | D) معركة كورونيل,D
398,History,Hard,Typing,ما اسم موقع المعركة الإثيوبية عام 1896 التي انتصر فيها منليك الثاني على إيطاليا المكون من 4 أحرف؟,,عدوة
399,History,Hard,Typing,ما اسم الحكومة الثورية الاشتراكية التي حكمت باريس عام 1871 وقُمعت في الأسبوع الدامي؟,,كومونة
400,History,Hard,Typing,ما اسم الثورة الصينية لعام 1911 التي أسقطت حكم الأباطرة وسلالة تشينغ (شينـ...)?,,شينهاي
401,History,Easy,Multiple Choice,ما هو الحدث العسكري في 1 سبتمبر 1939 الذي دفع بريطانيا وفرنسا لإعلان الحرب على ألمانيا النازية مشعلاً الحرب العالمية الثانية؟,A) غزو بولندا (The Invasion of Poland) | B) ضم النمسا (الأنشلوس) | C) غزو تشيكوسلوفاكيا | D) إعادة عسكرة راينلاند,A
402,History,Easy,Multiple Choice,في 7 ديسمبر 1941، أي قاعدة بحرية أمريكية في هاواي تعرضت لهجوم جوي ياباني مباغت دفع الولايات المتحدة لدخول الحرب العالمية الثانية؟,A) جزيرة ميدواي | B) بيرل هاربر | C) خليج سوبيك | D) جزيرة ويك,B
403,History,Easy,Multiple Choice,ما هو الإنزال البرمائي الضخم للحلفاء في 6 يونيو 1944 على شواطئ نورماندي بفرنسا لفتح الجبهة الغربية (عملية أوفرلورد)؟,A) عملية الشعلة | B) عملية ماركت غاردن | C) إنزال النورماندي / يوم النصر | D) عملية هاسكي,C
404,History,Easy,Multiple Choice,ما هي معركة المدن الحضرية الشرسة (1942-1943) على نهر الفولغا حيث طوق الجيش الأحمر السوفيتي الجيش السادس الألماني وأباده مغيرة مجرى الحرب؟,A) معركة موسكو | B) معركة كورسك | C) معركة لينينغراد | D) معركة ستالينغراد,D
405,History,Easy,Multiple Choice,من هو رئيس الوزراء البريطاني الذي قاد بريطانيا في أحلك أوقاتها عام 1940 بخطاباته الحماسية الشهيرة واعداً بـ 'الدم والكد والدموع والعرق'؟,A) ونستون تشرشل | B) نيفيل تشامبرلين | C) كليمنت أتلي | D) أنتوني إيدن,A
406,History,Easy,Multiple Choice,في 6 أغسطس 1945، ما هي المدينة اليابانية التي أصبحت أول هدف في التاريخ يُقصف بقنبلة ذرية ألقتها القاذفة 'إينولا غاي'؟,A) طوكيو | B) هيروشيما | C) ناغازاكي | D) أوساكا,B
407,History,Easy,Multiple Choice,ما هو الحاجز الخرساني والأسلاك الشائكة الذي شيدته ألمانيا الشرقية عام 1961 وفصل برلين الغربية حتى سقوطه التاريخي في نوفمبر 1989؟,A) الستار الحديدي | B) خط ماجينو | C) جدار برلين | D) خط سيغفريد,C
408,History,Easy,Multiple Choice,من هو زعيم حركة الاستقلال الهندية السلمية ضد الحكم البريطاني، وقاد مسيرة الملح الشهيرة عام 1930 وفلسفة اللاعنف (ساتياغراها)؟,A) جواهر لال نهرو | B) سوبهاش تشاندرا بوز | C) محمد علي جناح | D) المهاتما غاندي,D
409,History,Easy,Multiple Choice,ما هي الأزمة الكبرى في أكتوبر 1962 بين أمريكا والاتحاد السوفيتي حول نشر صواريخ نووية سوفيتية في كوبا وكادت تشعل حرباً نووية عالمية؟,A) أزمة الصواريخ الكوبية | B) حصار برلين | C) أزمة السويس | D) حادثة طائرة التجسس U-2,A
410,History,Easy,Multiple Choice,من هو الرئيس الأمريكي الذي قاد الولايات المتحدة خلال أزمة الكساد الكبير ومعظم سنوات الحرب العالمية الثانية وفاز بأربع فترات رئاسية؟,A) هربرت هوفر | B) فرانكلين روزفلت | C) هاري ترومان | D) دوايت أيزنهاور,B
411,History,Easy,Multiple Choice,من هو المناضل الإفريقي ضد نظام الفصل العنصري (الأبارتهايد) الذي سُجن 27 عاماً ثم انتُخب كأول رئيس أسود لجنوب إفريقيا عام 1994؟,A) ديزموند توتو | B) ستيف بيكو | C) نيلسون مانديلا | D) ثابو مبيكي,C
412,History,Easy,Multiple Choice,من هو زعيم حركة الحقوق المدنية الأمريكية الذي ألقى خطابه التاريخي الشهير 'لدي حلم' (I Have a Dream) خلال مسيرة واشنطن عام 1963؟,A) مالكوم إكس | B) جون لويس | C) ميدغار إيفرز | D) مارتن لوثر كينغ الابن,D
413,History,Easy,Multiple Choice,ما هي المنظمة الدولية التي تأسست رسمياً في 24 أكتوبر 1945 في سان فرانسيسكو بهدف الحفاظ على السلم والأمن الدوليين؟,A) منظمة الأمم المتحدة (United Nations) | B) عصبة الأمم | C) حلف شمال الأطلسي (الناتو) | D) حلف وارسو,A
414,History,Easy,Multiple Choice,ما هي المعركة البحرية الجوية الحاسمة في المحيط الهادئ في يونيو 1942 التي أغرقت فيها البحرية الأمريكية 4 حاملات طائرات يابانية وغيرت مسار الحرب؟,A) معركة بحر المرجان | B) معركة ميدواي | C) معركة خليج ليتي | D) معركة غوادالكانال,B
415,History,Easy,Multiple Choice,ما هي المبادرة الاقتصادية الأمريكية لعام 1948 التي قدمت أكثر من 13 مليار دولار للمساعدة في إعادة إعمار اقتصادات دول غرب أوروبا المدمرة؟,A) مبدأ ترومان | B) قانون الإعارة والتأجير | C) خطة مارشال | D) خطة داوز,C
416,History,Easy,Multiple Choice,من هو الأمين العام للحزب الشيوعي السوفيتي الذي قاد الاتحاد السوفيتي بقبضة حديدية من 1924 حتى وفاته عام 1953 خلال التصنيع والحرب العالمية؟,A) فلاديمير لينين | B) نيكيتا خروتشوف | C) ليون تروتسكي | D) جوزيف ستالين,D
417,History,Easy,Multiple Choice,ما هو الحلف العسكري الغربي للدفاع الجماعي (المادة 5) الذي وقعت عليه الدول الغربية في واشنطن في أبريل 1949 لمواجهة الخطر السوفيتي؟,A) حلف شمال الأطلسي / الناتو | B) حلف سياتو | C) حلف وارسو | D) حلف السنتو,A
418,History,Easy,Multiple Choice,ما هي الحرب التي دارت بين 1950 و1953 في شبه جزيرة شرق آسيوية بين قوات الأمم المتحدة وقوات شيوعية وانتهت بهدنة عند خط عرض 38؟,A) حرب فيتنام | B) الحرب الكورية | C) حرب الهند الصينية الأولى | D) طوارئ الملايو,B
419,History,Easy,Multiple Choice,ما هو القمر الصناعي السوفيتي الذي أُطلق في 4 أكتوبر 1957 كأول قمر اصطناعي في تاريخ البشرية يدور حول الأرض، مشعلاً سباق الفضاء؟,A) فوستوك 1 | B) لونا 2 | C) سبوتنيك 1 | D) سويوز 1,C
420,History,Easy,Multiple Choice,ما هو المصطلح السياسي الذي صاغه ونستون تشرشل عام 1946 لوصف الخط الحدودي الإيديولوجي والعسكري الفاصل بين أوروبا الشرقية السوفيتية والغرب؟,A) ستار الخيزران | B) جدار برلين | C) خط ماجينو | D) الستار الحديدي,D
421,History,Easy,Multiple Choice,في 20 يوليو 1969، من هو رائد الفضاء الأمريكي الذي أصبح أول إنسان يسير على سطح القمر خلال رحلة أبولو 11؟,A) نيل أرمسترونغ | B) باز ألدرين | C) مايكل كولينز | D) يوري غاغارين,A
422,History,Easy,Multiple Choice,من هو رائد الفضاء السوفيتي الذي دخل التاريخ كأول إنسان يصعد إلى الفضاء الخارجي ويدور حول الأرض على متن مركبة فوستوك 1 عام 1961؟,A) غيرمان تيتوف | B) يوري غاغارين | C) أليكسي ليونوف | D) فالنتينا تيريشكوفا,B
423,History,Easy,Multiple Choice,ما هو الصراع الدامي الطويل في جنوب شرق آسيا إبان الحرب الباردة وانتهى في أبريل 1975 بسقوط سايغون وتوحيد البلاد تحت الحكم الشيوعي؟,A) الحرب الكورية | B) الحرب الأهلية الكمبودية | C) حرب فيتنام | D) الحرب الأهلية في لاوس,C
424,History,Easy,Multiple Choice,في عام 1947، أي دولة إسلامية جديدة تأسست في شبه القارة الهندية بالتزامن مع استقلال الهند بقيادة محمد علي جناح؟,A) بنغلاديش | B) سريلانكا | C) ميانمار | D) باكستان,D
425,History,Easy,Multiple Choice,ما هي المحاكمات العسكرية الدولية الشهيرة (1945-1946) التي حاكمت كبار قادة ألمانيا النازية على جرائم الحرب والجرائم ضد الإنسانية؟,A) محاكمات نورمبرغ | B) محاكمات طوكيو | C) محاكم لاهاي | D) اتفاقيات جنيف,A
426,History,Easy,Multiple Choice,أي زعيم سوفيتي قاد الاتحاد السوفيتي في أواخر الثمانينيات وأطلق سياسات الإصلاح 'غلاسنوست' (الشفافية) و'بيريسترويكا' (إعادة البناء)؟,A) ليونيد بريجنيف | B) ميخائيل غورباتشوف | C) يوري أندروبوف | D) بوريس يلتسين,B
427,History,Easy,Multiple Choice,ما هو المؤتمر الاقتصادي لعام 1944 في نيو هامبشاير الذي وضع أسس النظام المالي الدولي وأنشأ صندوق النقد والبنك الدوليين؟,A) مؤتمر يالتا | B) مؤتمر بوتسدام | C) مؤتمر بريتون وودز | D) مؤتمر جنيف,C
428,History,Easy,Multiple Choice,ما هي العملية الجوية الإنسانية الهائلة للحلفاء (1948-1949) التي نقلت الإمدادات والغذاء عبر آلاف الرحلات لكسر الحصار السوفيتي لبرلين الغربية؟,A) عملية أوفرلورد | B) عملية فيتلز | C) عملية ماركت غاردن | D) جسر برلين الجوي,D
429,History,Easy,Multiple Choice,من هو الزعيم الشيوعي الصيني الذي أعلن تأسيس جمهورية الصين الشعبية من ساحة تيانانمن في بكين في الأول من أكتوبر عام 1949؟,A) ماو تسي تونغ | B) دينغ شياوبينغ | C) تشوان لاي | D) شيانغ كاي شيك,A
430,History,Easy,Multiple Choice,ما هي الفضيحة السياسية الكبرى في الولايات المتحدة في السبعينيات التي ارتبطت باقتحام مقر الحزب الديمقراطي وأجبرت الرئيس نيكسون على الاستقالة عام 1974؟,A) فضيحة تي بوت دوم | B) فضيحة ووترغيت | C) قضية إيران-كونترا | D) فضيحة وايت ووتر,B
431,History,Easy,Multiple Choice,ما هو الحلف العسكري الشرقي الذي تأسس في بولندا عام 1955 كتحالف دفاعي للدول الشيوعية التابعة للاتحاد السوفيتي لمواجهة حلف الناتو؟,A) الكومنترن | B) الكوميكون | C) حلف وارسو | D) اتحاد الكتلة الشرقية,C
432,History,Easy,Multiple Choice,ما هو المؤتمر التاريخي لـ 'الثلاثة الكبار' (روزفلت وتشرشل وستالين) في شبه جزيرة القرم في فبراير 1945 لتخطيط الهزيمة النهائية لألمانيا ومرحلة ما بعد الحرب؟,A) مؤتمر طهران | B) مؤتمر بوتسدام | C) مؤتمر الدار البيضاء | D) مؤتمر يالتا,D
433,History,Easy,Multiple Choice,ما هي اتفاقيات السلام التاريخية عام 1978 في المنتجع الرئاسي الأمريكي برعاية جيمي كارتر بين الرئيس أنور السادات ورئيس وزراء إسرائيل بيغن؟,A) اتفاقيات كامب ديفيد | B) اتفاقيات أوسلو | C) مؤتمر مدريد | D) إعلان بلفور,A
434,History,Easy,Multiple Choice,ما هي الكارثة النووية الكبرى في أوكرانيا السوفيتية عام 1986 إثر انفجار في المفاعل رقم 4 ونشر سحباً إشعاعية خطيرة عبر القارة الأوروبية؟,A) ثري مايل آيلاند | B) كارثة تشيرنوبل | C) فوكوشيما دايتشي | D) كارثة كشتيم,B
435,History,Easy,Multiple Choice,من هو البابا البولندي الأصل الذي انتُخب عام 1978 كأول بابا غير إيطالي منذ 455 عاماً ولعب دوراً معنوياً محورياً في انهيار الشيوعية في أوروبا؟,A) البابا يوحنا الثالث والعشرون | B) البابا بولس السادس | C) البابا يوحنا بولس الثاني | D) البابا بندكت السادس عشر,C
436,History,Easy,Multiple Choice,ما هو الصراع الإقليمي والدولي الذي اندلع في أغسطس 1990 عندما غزا العراق بقيادة صدام حسين دولة الكويت وضمه بالقوة قبل عملية عاصفة الصحراء 1991؟,A) الحرب العراقية الإيرانية | B) الحرب السورية | C) حرب أكتوبر | D) حرب الخليج الثانية,D
437,History,Easy,Multiple Choice,في أي عام تاريخي سقط جدار برلين وتدفقت الجموع الألمانية الشرقية والغربية معلنة نهاية حقبة الانقسام في أوروبا؟,A) 1989 م | B) 1985 م | C) 1991 م | D) 1993 م,A
438,History,Easy,Multiple Choice,في ديسمبر 1991، ما هي القوة العظمى التي حُلّت رسمياً وأُنزل علمها عن الكرملين وتفككت إلى 15 جمهورية مستقلة؟,A) الإمبراطورية البريطانية | B) الاتحاد السوفيتي | C) يوغوسلافيا | D) تشيكوسلوفاكيا,B
439,History,Easy,Multiple Choice,ما هو اتفاق السلام التاريخي الموقع في بلفاست في الجمعة العظيمة عام 1998 وأنهى ثلاثة عقود من الصراع الطائفي العنيف في إيرلندا الشمالية؟,A) المعاهدة الأنجلو-إيرلندية | B) اتفاق صنينغديل | C) اتفاق الجمعة العظيمة / بلفاست | D) إعلان داونينغ ستريت,C
440,History,Easy,Multiple Choice,ما هي المعاهدة الأوروبية التاريخية الموقعة في هولندا عام 1992 وأسست رسمياً الاتحاد الأوروبي ومهدت للعملة الأوروبية الموحدة (اليورو)؟,A) معاهدة روما | B) معاهدة لشبونة | C) اتفاقية شينغن | D) معاهدة ماستريخت,D
441,History,Easy,Multiple Choice,ما هو المبدأ السياسي للرئيس ترومان عام 1947 الذي تعهد بتقديم الدعم المالي والعسكري للدول المهددة بالخطر الشيوعي بدءاً من اليونان وتركيا؟,A) مبدأ ترومان | B) مبدأ أيزنهاور | C) مبدأ مونرو | D) مبدأ نيكسون,A
442,History,Easy,Multiple Choice,ما هو الإنزال العسكري الفاشل لـ 1400 من المنفيين الكوبيين برعاية وكالة المخابرات الأمريكية عام 1961 للإطاحة بنظام فيدل كاسترو؟,A) عملية غوانتانامو | B) غزو خليج الخنازير | C) عملية مانغوس | D) غارة سييرا مايسترا,B
443,History,Easy,Multiple Choice,ما هي نقابة العمال البولندية المستقلة التي تأسست في أحواض غدانسك عام 1980 بقيادة ليخ فاليسا وتحدت الهيمنة الشيوعية؟,A) لجنة الدفاع عن العمال | B) المنتدى المدني | C) حركة تضامن | D) الاتحاد الديمقراطي,C
444,History,Easy,Typing,ما اسم المدينة اليابانية التي أُسقطت عليها أول قنبلة ذرية في 6 أغسطس 1945 (هيروشـ...)?,,هيروشيما
445,History,Easy,Typing,ما اسم العاصمة الألمانية التي فصلها جدار إسمنتي من 1961 حتى 1989 المكون من 5 أحرف؟,,برلين
446,History,Easy,Typing,ما اسم زعيم جنوب إفريقيا المناهض للفصل العنصري الفائز بنوبل للسلام المكون من 7 أحرف؟,,مانديلا
447,History,Easy,Typing,ما اسم القيادي السوفيتي صاحب إصلاحات البيريسترويكا والغلاسنوست المكون من 8 أحرف؟,,غورباتشوف
448,History,Easy,Typing,ما هو الاسم المختصر باللاتينية المكون من 5 أحرف لحلف شمال الأطلسي؟,,الناتو
449,History,Easy,Typing,ما اسم أول قمر صناعي في العالم أطلقه الاتحاد السوفيتي عام 1957 المكون من 7 أحرف؟,,سبوتنيك
450,History,Easy,Typing,ما اسم الرئيس الأمريكي الذي استقال عام 1974 جراء فضيحة ووترغيت المكون من 5 أحرف؟,,نيكسون
451,History,Medium,Multiple Choice,ما هي المعركة المدرعة الهائلة في صيف 1943 بين الجيشين السوفيتي والألماني وتعد أضخم معركة دبابات وصدام مدرع في تاريخ البشرية؟,A) معركة موسكو | B) معركة خاركوف | C) معركة الثغرة | D) معركة كورسك,D
452,History,Medium,Multiple Choice,ما هي الأزمة الدولية عام 1956 التي شنت فيها بريطانيا وفرنسا وإسرائيل عدواناً ثلاثياً على مصر إثر تأميم جمال عبد الناصر لقناة السويس؟,A) العدوان الثلاثي / أزمة السويس | B) حرب الأيام الستة | C) حرب أكتوبر | D) حرب الاستنزاف,A
453,History,Medium,Multiple Choice,ما هي الحرب التي شنتها مصر وسوريا بهجوم مباغت في أكتوبر 1973 لتحرير أراضيهما المحتلة وترافقت مع حظر نفطي عربي غير العالم؟,A) حرب 1967 | B) حرب أكتوبر / حرب العاشر من رمضان | C) حرب فلسطين 1948 | D) حرب لبنان,B
454,History,Medium,Multiple Choice,ما هي العملية العسكرية المظلية للحلفاء في هولندا عام 1944 للاستيلاء على جسور الراين في آرنم وفشلت وعُرفت بـ 'جسر بعيد جداً'؟,A) عملية أوفرلورد | B) عملية فارستي | C) عملية ماركت غاردن | D) عملية دراغون,C
455,History,Medium,Multiple Choice,ما هي المعركة الحصينة في شمال غرب فيتنام عام 1954 التي سحقت فيها قوات فويين جياب القوات الاستعمارية الفرنسية منهية الوجود الفرنسي؟,A) معركة إيا درانغ | B) معركة خي سانه | C) معركة هيو | D) معركة ديين بيين فو,D
456,History,Medium,Multiple Choice,ما هو الحكم القضائي التاريخي للمحكمة العليا الأمريكية عام 1954 الذي قضى بالإجماع بعدم دستورية الفصل العنصري في المدارس العامة؟,A) قضية براون ضد مجلس التعليم | B) قضية بليسي ضد فيرغسون | C) قضية لوفينغ ضد فرجينيا | D) قضية ماربوري ضد ماديسون,A
457,History,Medium,Multiple Choice,ما هو الهجوم العسكري الشامل للجيش الفيتنامي الشمالي والفيتكونغ في مطلع 1968 وشمل 100 مدينة وصدم الرأي العام الأمريكي بخصوص الحرب؟,A) هجوم الفصح | B) هجوم تيت | C) الهجوم الربيعي | D) عملية الرعد المتدحرج,B
458,History,Medium,Multiple Choice,ما هو الهجوم المباغت الأخير للجيش الألماني في شتاء 1944 عبر غابات الأردين في بلجيكا ومثل آخر هجوم نازي كبير على الجبهة الغربية؟,A) الهجوم الربيعي | B) عملية الرياح الشمالية | C) معركة الثغرة / معركة الأردين | D) معركة غابة هورتغن,C
459,History,Medium,Multiple Choice,ما هي الاتفاقيات الدولية الموقعة عام 1975 في فنلندا بين 35 دولة واعترفت بحدود ما بعد الحرب العالمية والتزمت باحترام حقوق الإنسان؟,A) اتفاقيات جنيف | B) اتفاقية دايتون | C) اتفاقيات باريس | D) اتفاقيات هلسنكي,D
460,History,Medium,Multiple Choice,من هي أول رئيسة وزراء لبريطانيا (1979-1990) الملقبة بـ 'المرأة الحديدية' لسياساتها الصارمة وخصخصة الاقتصاد والنصر في حرب الفوكلاند؟,A) مارغريت تاتشر | B) تيريزا ماي | C) الملكة إليزابيث الثانية | D) شيرلي ويليامز,A
461,History,Medium,Multiple Choice,ما هي الحرب الخاطفة في يونيو 1967 التي شنت فيها إسرائيل ضربات استباقية واحتلت سيناء وقطاع غزة والضفة الغربية والقدس الشرقية والجولان؟,A) حرب السويس | B) حرب الأيام الستة / نكسة 1967 | C) حرب الاستنزاف | D) حرب يوم الغفران,B
462,History,Medium,Multiple Choice,من هو المرجع الشيعي الذي قاد الثورة الإسلامية الإيرانية عام 1979 وأطاح بنظام الشاه محمد رضا بهلوي وأسس الجمهورية الإسلامية؟,A) علي خامنئي | B) محمد مصدق | C) آية الله روح الله الخميني | D) أبو الحسن بني صدر,C
463,History,Medium,Multiple Choice,ما هي الثورة الشعبية العارمة في المجر عام 1956 ضد الهيمنة السوفيتية وسحقتها الدبابات السوفيتية التي اجتاحت بودابست بالحديد والنار؟,A) ربيع براغ | B) احتجاجات بوزنان | C) الثورة الرومانية | D) الثورة المجرية لعام 1956,D
464,History,Medium,Multiple Choice,من هو الزعيم الصهيوني الذي تلا وثيقة إعلان قيام دولة إسرائيل في تل أبيب في مايو 1948 وأصبح أول رئيس وزراء لها؟,A) ديفيد بن غوريون | B) حاييم وايزمان | C) غولدا مائير | D) مناحيم بيغن,A
465,History,Medium,Multiple Choice,ما هي الحرب التي دارت عام 1982 لعشرة أسابيع بين الأرجنتين وبريطانيا للسيطرة على جزر متنازع عليها في جنوب المحيط الأطلسي؟,A) نزاع بيغل | B) حرب جزر الفوكلاند / حرب المالوين | C) حرب تشاكو | D) حرب سينيبا,B
466,History,Medium,Multiple Choice,ما هي فترة الانفتاح والإصلاح السياسي في تشيكوسلوفاكيا عام 1968 بقيادة ألكسندر دوبتشيك ('اشتراكية ذات وجه إنساني') وقمعها غزو حلف وارسو؟,A) الثورة المخملية | B) ذوبان الجليد المجري | C) ربيع براغ | D) أكتوبر البولندي,C
467,History,Medium,Multiple Choice,ما هي العملية العسكرية الكبرى التي أطلقتها ألمانيا النازية في 22 يونيو 1941 بأكثر من 3.8 مليون جندي لغزو الاتحاد السوفيتي؟,A) عملية تايفون | B) عملية بلو | C) عملية سيتاديل | D) عملية بارباروسا,D
468,History,Medium,Multiple Choice,ما هي الإبادة الجماعية المروعة في شرق إفريقيا عام 1994 التي ارتكبتها ميليشيات الهوتو وقتلت نحو 800 ألف من أقلية التوتسي في 100 يوم؟,A) الإبادة الجماعية في رواندا | B) إبادة دارفور | C) مذابح بوروندي | D) الحرب الأهلية في الكونغو,A
469,History,Medium,Multiple Choice,ما هو النظام الشيوعي المتطرف في كمبوديا (1975-1979) بقيادة بول بوت وخمير روج ومسؤول عن موت نحو مليوني إنسان في 'حقول القتل'؟,A) باثت لاو | B) كمبوتشيا الديمقراطية | C) جمهورية فيتنام الديمقراطية | D) الجبهة الوطنية الموحدة,B
470,History,Medium,Multiple Choice,ما هي اتفاقية السلام الموقعة في قاعدة جوية بأوهايو عام 1995 وأنهت حرب البوسنة والهرسك الدامية وأسست دولة فدرالية بكيانين؟,A) اتفاقيات جنيف | B) اتفاق بريوني | C) اتفاقية دايتون للسلام | D) اتفاق واشنطن,C
471,History,Medium,Multiple Choice,ما هي المعركة الجوية الخالصة في صيف وخريف 1940 في سماء الجزر البريطانية حيث صد سلاح الجو الملكي محاولات الطيران الألماني للسيطرة الجوية؟,A) البليتز | B) عملية أسد البحر | C) الدفاع عن الرايخ | D) معركة بريطانيا الجوية,D
472,History,Medium,Multiple Choice,من هو مستشار ألمانيا الغربية (1982-1998) الملقب بمستشار الوحدة والذي هندس إعادة توحيد شطري ألمانيا سلمياً عام 1990؟,A) هيلموت كول | B) فيلي براندت | C) هيلموت شميت | D) كونراد أديناور,A
473,History,Medium,Multiple Choice,ما هي الحملة العسكرية لستة أشهر في جزر سليمان (1942-1943) ومثلت أول هجوم بري كبير شنته قوات الحلفاء ضد إمبراطورية اليابان؟,A) معركة تاراوا | B) معركة غوادالكانال | C) معركة سايبان | D) معركة بيليليو,B
474,History,Medium,Multiple Choice,ما هي المذبحة التي ارتكبتها شرطة جنوب إفريقيا عام 1960 بفتح النار على محتجين سود سلميين ضد قوانين المرور مما أسفر عن مقتل 69 شخصاً؟,A) انتفاضة سويتو | B) مذبحة بويباتونغ | C) مذبحة شاربفيل | D) مذبحة بيشو,C
475,History,Medium,Multiple Choice,ما هي المعاهدة التاريخية للحد من الصواريخ المضادة للصواريخ الباليستية الموقعة في موسكو عام 1972 بين نيكسون وبريجنيف في حقبة الوفاق؟,A) معاهدة ستارت 1 | B) معاهدة القوات النووية متوسطة المدى | C) معاهدة السماوات المفتوحة | D) محادثات سالت الأولى,D
476,History,Medium,Typing,ما اسم المدينة الروسية التي شهدت أضخم معركة دبابات في التاريخ عام 1943 المكون من 5 أحرف؟,,كورسك
477,History,Medium,Typing,ما اسم عائلة رئيسة وزراء بريطانيا الملقبة بالمرأة الحديدية المكون من 5 أحرف (تاتـ...)?,,تاتشر
478,History,Medium,Typing,ما الكلمة الفرنسية التي تعني 'الحمر' وتكمل اسم نظام بول بوت في كمبوديا: الخمير الـ...؟,,روج
479,History,Medium,Typing,ما اسم عائلة المستشار الألماني الذي وحد شطري ألمانيا عام 1990 المكون من 3 أحرف؟,,كول
480,History,Medium,Typing,ما اسم اتفاقية السلام لعام 1995 التي أنهت حرب البوسنة المكون من 6 أحرف (دايـ...)?,,دايتون
481,History,Hard,Multiple Choice,في صيف 1944، ما هو الهجوم الاستراتيجي السوفيتي الهائل في بيلاروسيا المسمى على اسم جنرال روسي من عام 1812 وسحق مجموعة الجيوش الوسطى الألمانية؟,A) عملية باغراتيون | B) عملية كوتوزوف | C) عملية روميانتسيف | D) عملية أورانوس,A
482,History,Hard,Multiple Choice,ما هو المؤتمر الدبلوماسي السري في طهران عام 1943 الذي كان أول لقاء مباشر وجهاً لوجه لـ 'الثلاثة الكبار' (روزفلت وتشرشل وستالين)؟,A) مؤتمر الدار البيضاء | B) مؤتمر طهران | C) مؤتمر القاهرة | D) مؤتمر كيبيك,B
483,History,Hard,Multiple Choice,ما هي العملية السرية للمخابرات الأمريكية والبريطانية عام 1953 التي دبرت الانقلاب العسكري وأطاحت برئيس وزراء إيران المنتخب محمد مصدق؟,A) عملية بي بي سكسيس | B) عملية غلاديو | C) عملية أياكس | D) عملية الخفاش الأزرق,C
484,History,Hard,Multiple Choice,في ربيع 1943، ما الانتفاضة المسلحة التي قاوم فيها المقاتلون اليهود قوات الأمن الخاصة النازية لشهر كامل قبل إحراق الحي بالكامل في بولندا؟,A) انتفاضة وارسو 1944 | B) انتفاضة غيتو بياليستوك | C) تمرد سوبيبور | D) انتفاضة غيتو وارسو,D
485,History,Hard,Multiple Choice,ما هو الإنزال البرمائي الجريء بقيادة الجنرال دوغلاس ماك آرثر خلف خطوط كوريا الشمالية عام 1950 وقلب موازين الحرب الكورية واستعاد سيول؟,A) إنزال إنتشون | B) معركة محيط بوسان | C) معركة خزان تشوسين | D) معركة وونسان,A
486,History,Hard,Multiple Choice,من هو مستشار ألمانيا الغربية الاشتراكي الديمقراطي الذي قاد سياسة 'الانفتاح نحو الشرق' (أوستبوليتيك) لتطبيع العلاقات مع الكتلة الشرقية وركع في وارسو؟,A) كونراد أديناور | B) فيلي براندت | C) هيلموت شميت | D) لودفيغ إيرهارد,B
487,History,Hard,Multiple Choice,ما هو المؤتمر الدولي المنعقد في قصر سيسيلين هوف قرب برلين في صيف 1945 وأصدر فيه ترومان وأتلي وستالين إنذار الاستسلام غير المشروط لليابان؟,A) مؤتمر يالتا | B) مؤتمر الدار البيضاء | C) مؤتمر بوتسدام | D) مؤتمر سان فرانسيسكو,C
488,History,Hard,Multiple Choice,ما هو الانقلاب المدعوم من المخابرات المركزية الأمريكية في الكونغو عام 1960 وأدى إلى اعتقال واغتيال أول رئيس وزراء شرعي منتخب باتريس لومومبا؟,A) انفصال كاتانغا | B) أزمة ستانليفيل | C) تمرد سيمبا | D) انقلاب موبوتو عام 1960,D
489,History,Hard,Multiple Choice,ما هي المناورة العسكرية للناتو عام 1983 التي حاكت إطلاق ضربة نووية وأثارت ذعراً حقيقياً لدى القيادة السوفيتية من ضربة استباقية وشيكة؟,A) آيبل آرتشر 83 | B) عملية ريان | C) خريف فورج 83 | D) ريفورغر 83,A
490,History,Hard,Multiple Choice,ما هي المذابح وحملات التطهير المروعة في إندونيسيا (1965-1966) التي أعقبت حركة 30 سبتمبر وأسفرت عن صعود سوهارتو ومقتل أكثر من 500 ألف إنسان؟,A) قضية ماديون | B) المجازر الإندونيسية لعام 1965-1966 | C) أعمال شغب مايو 1998 | D) حادثة مالاري,B
491,History,Hard,Multiple Choice,في عام 1942، ما هي المعركة البحرية في المحيط الهادئ التي كانت أول معركة في التاريخ تشتبك فيها حاملات الطائرات دون أن تلمح السفن بعضها بالعين المجردة؟,A) معركة ميدواي | B) معركة بحر الفلبين | C) معركة بحر المرجان | D) معركة جزر سليمان الشرقية,C
492,History,Hard,Multiple Choice,ما هي الانتفاضة الطلابية لتلاميذ المدارس السود في جنوب إفريقيا عام 1976 احتجاجاً على فرض لغة الأفريكانز وواجهتها الشرطة بإطلاق الرصاص الحي؟,A) مذبحة شاربفيل | B) مسيرة لانغا | C) مذبحة بويباتونغ | D) انتفاضة سويتو,D
493,History,Hard,Multiple Choice,في صيف 1944، ما هي الانتفاضة المسلحة لجيش الوطن البولندي السري التي استمرت 63 يوماً لتحرير العاصمة من الاحتلال النازي قبل عبور الجيش الأحمر لنهر فيستولا؟,A) انتفاضة وارسو لعام 1944 | B) انتفاضة غيتو وارسو 1943 | C) عملية العاصفة | D) انتفاضة براغ,A
494,History,Hard,Multiple Choice,ما هي الفضيحة السرية في عهد إدارة ريغان عام 1985 لبيع صواريخ أمريكية سراً لإيران واستخدام العائدات لتمويل متمردي الكونترا في نيكاراغوا؟,A) وثائق البنتاغون | B) قضية إيران-كونترا | C) مفاجأة أكتوبر | D) جلسات استماع تشيرش,B
495,History,Hard,Multiple Choice,في اتفاقية بريتون وودز عام 1944، رُبطت العملات العالمية بالدولار الأمريكي الذي كان بدوره قابلاً للتحويل للذهب عند كم دولاراً للأونصة الواحدة؟,A) 20 دولاراً للأونصة | B) 50 دولاراً للأونصة | C) 35 دولاراً للأونصة | D) 42 دولاراً للأونصة,C
496,History,Hard,Multiple Choice,ما هي الثورة المناهضة للشيوعية عام 1989 في أوروبا الشرقية التي اتسمت بالعنف الدامي وانتهت بمحاكمة وإعدام الدكتاتور نيكولاي تشاوشيسكو وزوجته؟,A) الثورة المخملية | B) الثورة الغنائية | C) التحول البلغاري | D) الثورة الرومانية لعام 1989,D
497,History,Hard,Multiple Choice,ما هي عملية الإجلاء العسكري البحري لبريطانيا في مايو 1940 (عملية دينامو) التي أنقذت أكثر من 338 ألف جندي بريطاني وفرنسي من شواطئ محاصرة؟,A) إجلاء دونكيرك | B) غارة سان نازير | C) غارة دييب | D) إجلاء نارفيك,A
498,History,Hard,Typing,ما اسم العملية الهجومية السوفيتية الكبرى في بيلاروسيا صيف 1944 المكون من 8 أحرف (باغر...)?,,باغراتيون
499,History,Hard,Typing,ما اسم الميناء الساحلي الفرنسي موقع إجلاء جنود الحلفاء المحاصرين عام 1940 (دونـ...)?,,دونكيرك
500,History,Hard,Typing,ما الاسم الكودي للعملية الاستخباراتية التي أطاحت بالدكتور محمد مصدق في إيران عام 1953؟,,أياكس
