number,subject,difficulty,question_type,question,multiple_choices,answer
1,Makeup,Easy,Multiple Choice,ما هو المستحضر التجميلي الذي يوضع على كامل الوجه لتوحيد لون البشرة وإخفاء العيوب؟,A) ملمع الشفاه | B) كريم الأساس | C) الماسكارا | D) محدد الحواجب,B
2,Makeup,Easy,Multiple Choice,أي نوع من كريمات الأساس يُعتبر الأنسب للبشرة الدهنية لتقليل اللمعان الزائد؟,A) الأساس المطفي | B) الأساس الزيتي اللامع | C) الأساس المائي الخفيف | D) بلسم الشفاه الملون,A
3,Makeup,Easy,Multiple Choice,ما هو الغرض الأساسي من استخدام برايمر الوجه قبل تطبيق المكياج؟,A) إزالة المكياج ليلاً | B) تنعيم البشرة ومساعدة المكياج على الثبات لفترة أطول | C) صبغ الحواجب بلون داكن | D) تقشير خلايا الجلد الميتة,B
4,Makeup,Easy,Multiple Choice,ما هو المستحضر المستخدم لتغطية الهالات السوداء تحت العينين والبقع الداكنة بدقة؟,A) البرونزر | B) مثبت الحواجب | C) خافي العيوب | D) محدد الشفاه,C
5,Makeup,Easy,Multiple Choice,أي أداة تجميلية تُستخدم رطبة عادة لدمج كريم الأساس السائل بسلاسة دون خطوط؟,A) مشط الرموش | B) الملقط الدقيق | C) إسفنجة المكياج | D) فرشاة الحواجب المائلة,C
6,Makeup,Easy,Multiple Choice,ما هي البودرة الشفافة الخالية من الصبغة المستخدمة لتثبيت كريم الأساس ومنع لمعان البشرة؟,A) بودرة تسمير الخدود | B) بودرة الشادو البراقة | C) بودرة الحواجب الداكنة | D) البودرة الشفافة,D
7,Makeup,Easy,Multiple Choice,ماذا يعني 'أندرتون البشرة البارد' (Cool Undertone)؟,A) درجات تحتية تميل للوردي أو المحمر أو المزرق | B) درجات تحتية تميل للأصفر والذهبي | C) بشرة لا تحتوي على أي صبغة | D) بشرة برتقالية دافئة,A
8,Makeup,Easy,Multiple Choice,ما هو المستحضر التجميلي الذي يجمع بين الترطيب والتغطية الخفيفة وحماية SPF ويعرف بـ 'بلسم الجمال'؟,A) كريم BB | B) أحمر الشفاه المطفي | C) كحل العيون السائل | D) دهان الحواجب الشمعي,A
9,Makeup,Easy,Multiple Choice,أي لون من مصححات البشرة (Color Corrector) يُستخدم لتحييد وإخفاء الاحمرار والبثور الملتهبة؟,A) المصحح البنفسجي | B) المصحح البرتقالي الداكن | C) المصحح الأخضر | D) المصحح الأبيض البراق,C
10,Makeup,Easy,Multiple Choice,ما هو الرذاذ الذي يُرش على الوجه في نهاية خطوات المكياج لدمج الطبقات وتثبيتها طوال اليوم؟,A) بخاخ التثبيت | B) مزيل طلاء الأظافر | C) ماء التبييض السريع | D) رغوة تنظيف المسام,A
11,Makeup,Easy,Multiple Choice,ما هي تقنية المكياج المعروفة بـ 'البيكينغ' (Baking) للوجه؟,A) استخدام الفرن لتسخين أدوات التجميل | B) غسل الوجه بالماء الساخن قبل الفاونديشن | C) خلط كريم الأساس بالزيت الحار | D) ترك طبقة كثيفة من البودرة الشفافة لدقائق على الكونسيلر لتثبيته بحرارة البشرة,D
12,Makeup,Easy,Multiple Choice,ماذا تعني 'التغطية الكاملة' (Full Coverage) في كريمات الأساس؟,A) إظهار النمش الطبيعي بالكامل | B) تركيبة شفافة جداً كالماء | C) لمعان زيتي شديد على الوجنتين | D) إخفاء كامل للتصبغات والشوائب وتوحيد اللون بنسبة تامة,D
13,Makeup,Easy,Multiple Choice,أي درجة تحتية (Undertone) تميل نحو الظلال الذهبية والصفراء والزيتونية الدافئة؟,A) الأندرتون الدافئ (Warm) | B) الأندرتون البارد (Cool) | C) الأندرتون الأزرق الثلجي | D) الأندرتون الوردي النقي,A
14,Makeup,Easy,Multiple Choice,ما هو كريم 'CC' وما وظيفته الأساسية مقارنة بالمرطب الملون؟,A) كريم مقشر للأحماض | B) جل لتثبيت الرموش | C) كريم تصحيح اللون (Color Correcting Cream) لتوحيد الشحوب والاحمرار | D) صبغة شعر مؤقتة,C
15,Makeup,Easy,Multiple Choice,أي نوع من البرايمر يُفضل استخدامه للبشرة الجافة التي تعاني من التقشر والشحوب؟,A) البرايمر المطفي القابض | B) البرايمر المرطب | C) بودرة الطين الماصة | D) معجون التلك الكثيف,B
16,Makeup,Easy,Multiple Choice,ما هي البودرة المضغوطة (Pressed Powder) وفيمَ تستخدم عادة؟,A) كريم سائل داخل زجاجة | B) رغوة غسيل للوجه | C) بودرة مدمجة في علبة تُستخدم للتعديل السريع وامتصاص اللمعان أثناء التنقل | D) جل لتصفيف الحواجب,C
17,Makeup,Easy,Multiple Choice,ما هي منطقة 'T-Zone' في الوجه والتي تشتهر بكثرة الإفرازات الدهنية؟,A) الجبهة والأنف والذقن | B) الخدان والرقبة فقط | C) جفون العينين والأذنان | D) الشفتان وزوايا الفك,A
18,Makeup,Easy,Multiple Choice,أي لون مصحح يُستخدم لإلغاء الشحوب والنغمات الصفراء غير المرغوبة وإضفاء إشراقة للبشرة الباهتة؟,A) المصحح البنفسجي أو الخزامي | B) المصحح الأخضر | C) المصحح البني الغامق | D) المصحح الأسود الفاحم,A
19,Makeup,Easy,Multiple Choice,ما هي اللمسة النهائية 'الندية' (Dewy Finish) لكريم الأساس؟,A) مظهر بودري خشن وخالٍ من الرطوبة | B) مظهر رطب ومشرق ومتوهج يعكس الضوء بنعومة كبشرة صحية | C) مظهر ملطخ ومتقشر | D) طبقة رمادية شاحبة,B
20,Makeup,Easy,Multiple Choice,ما سبب ظاهرة 'تأكسد كريم الأساس' (Foundation Oxidation) بعد تطبيقه بفترة قصيرة؟,A) برودة الطقس المفاجئة | B) تفاعل مكونات الفاونديشن مع زيوت البشرة والأكسجين مما يجعل لونه أغمق أو مائلاً للبرتقالي | C) زيادة نسبة الماء في الجسم | D) غسل الوجه بالصابون,B
21,Makeup,Easy,Multiple Choice,ما هو كريم الأساس القائم على الماء (Water-based Foundation) ولمن يناسب تحديداً؟,A) دهان زيتي ثقيل لا يزول إلا بالبنزين | B) شمع صلب لتغطية الندوب العميقة | C) بودرة جافة مضغوطة | D) أساس خفيف سريع الامتصاص يناسب البشرة الحساسة والمعرضة لحب الشباب,D
22,Makeup,Easy,Multiple Choice,أي نوع من خافي العيوب يُعد الأفضل لتغطية الهالات الزرقاء والداكنة للبشرات المتوسطة والحنطية؟,A) الكونسيلر الأبيض الثلجي | B) الكونسيلر الأخضر البارد | C) المصحح البرتقالي أو الخوخي | D) البودرة الزرقاء اللامعة,C
23,Makeup,Easy,Typing,ما هو السائل التجميلي الخفيف المستخدم لإزالة مكياج الوجه بلطف بواسطة كريات زيتية مجهرية معلقة في ماء ناعم؟,,ماء ميسيلار
24,Makeup,Easy,Typing,ما الكلمة الواحدة التي تصف لمسة كريم الأساس الرطبة والمتوهجة والندية كقطرات ندى الصباح؟,,ديوي
25,Makeup,Easy,Typing,ما هي الوسادة القماشية المخملية الصغيرة المستخدمة تقليدياً لضغط وتثبيت البودرة السائبة في البشرة؟,,باف
26,Makeup,Easy,Typing,ما هي فئة المستحضرات التي تُوضع مباشرة قبل كريم الأساس لملء المسام وتنعيم ملمس البشرة؟,,برايمر
27,Makeup,Medium,Multiple Choice,لماذا يؤدي خلط برايمر سيليكوني مع فاونديشن مائي إلى تكتل وتدحرج المكياج في هيئة قشور؟,A) لأن البشرة تمتصهما معاً | B) لأن الماء يذيب السيليكون | C) لأن السيليكون يتبخر فوراً | D) لأن السيليكون والماء لا يمتزجان مما يسبب انزلاق الطبقات وانفصالها,D
28,Makeup,Medium,Multiple Choice,أي لون محدد من الكونسيلر المصحح يُستخدم لتحييد درجات البشرة الشاحبة والصفراء الباهتة؟,A) اللافندر | B) الأخضر | C) الأصفر | D) الأحمر,A
29,Makeup,Medium,Multiple Choice,ما سبب ظهور الوميض الشبحي الأبيض (Flashback) في الصور عند استخدام بودرات تحتوي على نسب عالية من السيليكا أو التيتانيوم؟,A) البودرة تذوب بالضوء | B) الجلد يبرد تحت الفلاش | C) جزيئات المعادن تعكس ضوء فلاش الكاميرا المباشر مباشرة إلى العدسة | D) البودرة تمتص الضوء كلياً,C
30,Makeup,Medium,Multiple Choice,أي تركيبة للكونسيلر تُعد الأكثر كثافة وأعلى تغطية لإخفاء التاتو والتصبغات العميقة والندوب؟,A) قلم الإضاءة السائل | B) سيروم الكونسيلر | C) كونسيلر العصا السائل | D) كونسيلر المرطبان الكريمي الكثيف,D
31,Makeup,Medium,Multiple Choice,ما الخاصية اللونية للبشرة ذات الأندرتون الزيتوني (Olive Undertone) في نظرية الألوان الاحترافية؟,A) نغمات وردية ساطعة وزرقاء باردة | B) درجات صفراء ذهبية بمسحة مخضرة خفيفة مميزة | C) نغمات برتقالية حمراء عميقة | D) نغمات بيضاء طباشيرية نقية,B
32,Makeup,Medium,Multiple Choice,ما هو الفارق الوظيفي الجوهري بين بخاخ دمج المكياج (Setting Spray) وبخاخ التثبيت النهائي (Fixing Spray)؟,A) بخاخ التثبيت يزيل المكياج فوراً | B) بخاخ التثبيت مخصص للشعر فقط | C) بخاخ الدمج يدمج طبقات البودرة لمظهر سلس، بينما يحتوي بخاخ التثبيت على بوليمرات تعزل المكياج ضد العرق والاحتكاك | D) بخاخ الدمج خالٍ دائماً من الزيوت,C
33,Makeup,Medium,Multiple Choice,عند تصحيح التصبغات والهالات للبشرات الداكنة والعميقة جداً، ما هو اللون الأكثر فاعلية؟,A) الوردي الفاتح الباستيل | B) الخزامي الشاحب | C) الأخضر النعناعي | D) البرتقالي الغني أو الأحمر,D
34,Makeup,Medium,Multiple Choice,ما المصطلح الذي يطلق على تقنية رش جزيئات كريم الأساس الدقيقة عبر مسدس ضغط هوائي احترافي؟,A) تقنية التنقيط (Stippling) | B) مكياج الإيربراش (Airbrush) | C) تقنية البافينغ | D) الضغط بالإسفنجة,B
35,Makeup,Medium,Multiple Choice,أي مكوّن يُضاف عادة إلى برايمرات إزالة اللمعان لامتصاص الزهم ومنح ملمس مخملي أملس للبشرة؟,A) الديميثيكون | B) حمض الهيالورونيك | C) زيت الزيتون | D) حمض الجليكوليك,A
36,Makeup,Medium,Multiple Choice,ماذا تعني عبارة 'غير مسد للمسام' (Non-comedogenic) المكتوبة على عبوات كريم الأساس؟,A) أنه مقاوم للماء تماماً أثناء السباحة | B) أنه خالٍ تماماً من العطور | C) أنه مُركب خصيصاً بحيث لا يسد المسام ولا يسبب ظهور حب الشباب | D) أنه خالٍ تماماً من الماء,C
37,Makeup,Medium,Multiple Choice,كيف يجب تحضير إسفنجة المكياج قبل دمج كريم الأساس السائل لمنعها من امتصاص كميات زائدة من المنتج؟,A) تجميدها بالثلج | B) غمرها بالماء وعصرها جيداً حتى تصبح رطبة | C) تركها جافة تماماً | D) تشبيعها بالزيت الدافئ,B
38,Makeup,Medium,Multiple Choice,ما الفائدة الأساسية لكريم الأساس البودري المعدني المحتوي على أكسيد الزنك وثاني أكسيد التيتانيوم؟,A) يمنح لمسة نهائية دهنية براقة | B) يصبغ البشرة لمدة 48 ساعة | C) يوفر حماية فيزيائية من الشمس ويهدئ البشرة الحساسة والمتهيجة | D) يلغي الحاجة لتنظيف الوجه,C
39,Makeup,Medium,Multiple Choice,أي منطقة في الجسم تُعتبر الأكثر دقة لاختبار ومطابقة درجة كريم الأساس مع لون البشرة الحقيقي؟,A) باطن المعصم | B) خط الفك نزولاً نحو الرقبة | C) منتصف الجبهة | D) ظهر اليد,B
40,Makeup,Medium,Typing,ما المصطلح الفرنسي لمنظف الوجه المائي المتكامل المكون من كريات زيتية مجهرية منظفة؟,,ماء ميسيلار
41,Makeup,Medium,Typing,ما المصطلح التجميلي الذي يشير إلى الدرجة اللونية الخفية الكامنة تحت سطح الجلد (دافئة أو باردة أو محايدة)؟,,أندرتون
42,Makeup,Medium,Typing,ما هي تقنية المكياج الاحترافية التي يُوضع فيها الكونتور والبلاشر والهايلايتر تحت الفاونديشن وليس فوقه؟,,أندربينتينغ
43,Makeup,Hard,Multiple Choice,في الكيمياء التجميلية، أي نوع من المستحلبات يتكون من قطيرات ماء موزعة داخل طور زيتي خارجي متصل؟,A) مستحلب زيت في ماء (O/W) | B) مستحلب ماء في زيت (W/O) | C) مصفوفة الهيدروجيل | D) معلق الهيدروسول,B
44,Makeup,Hard,Multiple Choice,أي مجموعة من الأكاسيد الصبغية يستخدمها الكيميائيون لابتكار التدرجات الصفراء والحمراء والسوداء في الفاونديشن؟,A) صبغات الكارمين | B) أكاسيد الحديد | C) صبغات الألترامارين الزرقاء | D) صبغات الفثالوسيانين,B
45,Makeup,Hard,Multiple Choice,ما هي الوظيفة الأساسية للميكرو-سفيرات (PMMA) في بودرات التمويه الضوئي عالية الدقة (HD)؟,A) ربط المكياج كصمغ مقاوم للماء | B) تبييض البشرة بشكل دائم | C) امتصاص أشعة الشمس الكيميائية | D) تشتيت الضوء كروياً لتنعيم العيوب والخطوط الدقيقة بصرياً,D
46,Makeup,Hard,Multiple Choice,لماذا يُفضل كريم الأساس المعتمد على السيليكون في التصوير التلفزيوني بدقة 4K مقارنة بمكياج الشحم المسرحي القديم؟,A) لأنه يحاكي معامل الانكسار الضوئي للبشرة ويتحرك بمرونة مع تعابير الوجه دون تخطيط تحت عدسات 4K | B) لأنه يمنع التعرق تماماً | C) لأنه يزول بالماء العادي فقط | D) لأنه شفاف تماماً,A
47,Makeup,Hard,Multiple Choice,ما الخاصية الضوئية لمركب أوكسي كلوريد البزموت التي تمنح توهجاً لؤلؤياً في المكياج المعدني رغم احتمالية تحسس البعض منه؟,A) سرعة التبخر العالية | B) بنيته البلورية الصفائحية التي تعكس الضوء بشكل اتجاهي عاكس | C) احتوائه على نسب عالية من الكبريت | D) النشاط الإشعاعي,B
48,Makeup,Hard,Multiple Choice,أي بوليمر مكوّن للغشاء يُضاف إلى كريمات الأساس المقاومة للنقل والتلطخ لتثبيت الصبغات ضد الزهم والرطوبة؟,A) الجلسرين | B) اللانولين | C) حمض الشمع (ستياريك) | D) تريميثيل سيلوكسي سيليكات (Trimethylsiloxysilicate),D
49,Makeup,Hard,Multiple Choice,ما الغرض الأساسي من إضافة طين الكاولين إلى كريمات الأساس البودرية والبرايمرات المطفية؟,A) تلوين البشرة بالبني الداكن | B) حفظ الزيوت العطرية | C) إضافة بريق لامع | D) امتصاص الزهم الزائد دون الانتفاخ أو تفكيك قوام المستحلب التجميلي,D
50,Makeup,Hard,Multiple Choice,ما التحدي الصياغي الذي يحدث عند إدخال تركيزات عالية من أكسيد الزنك غير المغلف في كريم الأساس السائل؟,A) الشفافية المفرطة للمنتج | B) تحول اللون للأخضر الساطع | C) الذوبان في درجات الحرارة المعتدلة | D) التكتل وظهور طبقة بيضاء طباشيرية كثيفة,D
51,Makeup,Hard,Multiple Choice,في الكيمياء التجميلية، ما المعالجة السطحية التي تُجرى للميكا الاصطناعية لتعزيز التصاقها بالجلد ولمعانها اللؤلؤي؟,A) الكربنة الحرارية | B) التغليف بلورويل ليسين أو الديميثيكون | C) الغسيل بالمبيضات | D) الحفر الحمضي,B
52,Makeup,Hard,Typing,ما هو المركب الكيميائي غير العضوي (صيغته TiO2) الذي يمثل الصبغة البيضاء الأساسية والواقي الفيزيائي في المكياج؟,,ثاني أكسيد التيتانيوم
53,Makeup,Hard,Typing,ما المصطلح الذي يصف اختبار تطابق لون كريم الأساس تحت ضوء النهار والفلورسنت والضوء المتوهج؟,,ميتاميرزم
54,Makeup,Easy,Multiple Choice,ما هو الغرض الأساسي من وضع بودرة أو كريم الكونتور على ملامح الوجه؟,A) خلق ظلال وتحديد ونحت بنية وهيكل الوجه | B) إضافة بريق لامع ساطع | C) ترطيب البشرة الجافة | D) تثبيت مكياج العيون,A
55,Makeup,Easy,Multiple Choice,أي مستحضر يُستخدم على أعلى نقاط الوجه كعظام الخد وجسر الأنف لعكس الضوء وإضفاء إشراقة؟,A) الهايلايتر | B) بودرة التثبيت | C) البرونزر | D) دهان الحواجب,A
56,Makeup,Easy,Multiple Choice,ما هو الفارق اللوني الجوهري بين البرونزر التقليدي والكونتور الحقيقي في المكياج؟,A) البرونزر دافئ بمسحة ذهبية أو برتقالية لمنح الدفء، بينما الكونتور بارد ورمادي لمحاكاة الظل الطبيعي | B) البرونزر أبيض دائماً | C) الكونتور وردي فاقع | D) لا يوجد أي فارق,A
57,Makeup,Easy,Multiple Choice,أين يُوضع الكونتور عادة لخلق إيهام بصري بعظام خدود أكثر ارتفاعاً ونحتاً وبروزاً؟,A) فوق تفاحتي الخد مباشرة | B) تحت الشفة السفلية فقط | C) عبر كامل الجبهة | D) في التجويف الغائر أسفل عظام الخد مباشرة,D
58,Makeup,Easy,Multiple Choice,أي تركيبة لأحمر الخدود تندمج بأعلى سلاسة على البشرة العارية أو فوق الفاونديشن لمظهر ندي وشاب؟,A) البودرة المضغوطة | B) البلاشر الكريمي أو السائل | C) البودرة السائبة المطفية | D) البودرة الحجرية,B
59,Makeup,Easy,Multiple Choice,ما هي فرشاة المكياج ذات الشعيرات المتباعدة الرقيقة على شكل مروحة والمثالية لتوزيع الهايلايتر بنعومة؟,A) فرشاة الآيلاينر المائلة | B) فرشاة الشفاه | C) الفرشاة المروحية | D) فرشاة الكابوكي,C
60,Makeup,Easy,Multiple Choice,ما هي تقنية المكياج التي تعتمد حصراً على استخدام الهايلايتر وإضاءة الوجه دون استخدام أي كونتور داكن؟,A) البيكينغ | B) الأوفرلاينينغ | C) الستروبينغ | D) الكت كريس,C
61,Makeup,Easy,Multiple Choice,ما هي تقنية المكياج الكلاسيكية من السبعينيات والثمانينيات التي تستخدم البلاشر وحده لنحت الخدود والصدغين؟,A) الفويلينغ | B) الدريبينغ | C) التنقيط | D) البافينغ,B
62,Makeup,Easy,Multiple Choice,أي لون بلاشر يُعتبر الأكثر ملاءمة وشهرة لمنح دفء طبيعي وجذاب للبشرات الفاتحة إلى المتوسطة؟,A) الوردي الخوخي | B) الأسود الحالك | C) الفضي النقي | D) الكحلي الداكن,A
63,Makeup,Easy,Multiple Choice,أين يجب وضع لمسة من الهايلايتر السائل على الأنف لإعطاء تأثير رفع خفيف للأرنبة؟,A) عبر فتحات الأنف | B) نقطة صغيرة على رأس الأرنبة وفوق جسر الأنف العلوي | C) تحت حاجز الأنف | D) على جانبي الأنف,B
64,Makeup,Easy,Multiple Choice,ما هي اللمسة النهائية للبرونزر التي تحتوي على بريق ميكرو ناعم لمحاكاة توهج الشمس المشرق؟,A) البرونزر الشفاف | B) البرونزر المطفي | C) البرونزر المضيء أو اللامع | D) البرونزر الطباشيري,C
65,Makeup,Easy,Multiple Choice,لخلق إيهام بصري بفك محدد وأكثر حدة ونحافة، أين يجب دمج بودرة أو كريم الكونتور؟,A) فوق عظام الخدين | B) على طول الحافة السفلية لعظم الفك ونزولاً بخفة نحو الرقبة | C) عبر منتصف الذقن | D) على الصدغين فقط,B
66,Makeup,Easy,Multiple Choice,أي من هذه الطرق تمثل وضعية بلاشر كلاسيكية تمنح مظهراً شاباً نضراً ومقبولاً بالشمس عبر منتصف الوجه؟,A) تمرير البلاشر عبر جسر الأنف رابطاً بين الخدين | B) حول منبت الشعر فقط | C) تحت الذقن حصراً | D) فوق جفون العينين فقط,A
67,Makeup,Easy,Multiple Choice,ما المكون التجميلي المعدني الذي يوفر البريق والانعكاس اللؤلؤي في الهايلايتر البودري؟,A) الميكا | B) نشا الذرة | C) الفحم المنشط | D) شمع العسل,A
68,Makeup,Easy,Multiple Choice,ما الذي يحدث إذا تم توزيع كونتور بارد رمادي على كامل محيط الوجه كما لو كان برونزر؟,A) تصبح البشرة دهنية | B) يبدو الوجه باهتاً ومغبراً ورمادياً بدلاً من المظهر الدافئ المشرق | C) يتحول المكياج إلى شفاف | D) يتحول الوجه لأحمر فاقع,B
69,Makeup,Easy,Multiple Choice,ما شكل فرشاة المكياج ذات الشعيرات المشطوفة المصممة لتلائم انحناء تجويف عظام الخد بدقة لنحت الكونتور؟,A) فرشاة الكونتور المائلة | B) فرشاة الفاونديشن المسطحة | C) فرشاة السبولار | D) الفرشاة المروحية,A
70,Makeup,Easy,Multiple Choice,أي مستحضر خدود سائل يجف ليمنح تدرجاً لونياً ثابتاً يدوم طوال اليوم دون أن يزول بسهولة مع المسح؟,A) برايمر الوجه | B) مورد الخدود والشفاه | C) الكريم البارد | D) بخاخ التثبيت,B
71,Makeup,Easy,Multiple Choice,أين يُوضع الهايلايتر في منطقة العينين لجعل النظرة تبدو أكثر اتساعاً ويقظة وإشراقاً؟,A) الحافة الخارجية للقزحية | B) على مدمع العين الداخلي وتحت عظمة الحاجب | C) على خط الماء الداخلي مباشرة | D) تحت خط الرموش السفلية بالكامل,B
72,Makeup,Easy,Multiple Choice,ما هو الاسم الشائع لقلم التجميل متعدد الاستخدامات المصمم لتلوين العيون والشفاه والخدود معاً؟,A) قلم التلوين الشامل | B) عصا الكونسيلر | C) قلم الماسكارا | D) قلم التثبيت,A
73,Makeup,Easy,Multiple Choice,ما التأثير الأساسي لوضع البلاشر الكريمي بأصابع دافئة مقارنة بالدمج بإسفنجة جافة؟,A) يخلق خطوطاً حادة | B) يمسح الفاونديشن | C) يحول البلاشر لمات | D) حرارة الجسم تدفئ المكونات المطرية مما يمنح دمجاً سلساً يبدو كبشرة طبيعية,D
74,Makeup,Easy,Multiple Choice,أي مستحضر تجميلي يوضع على الرموش مباشرة لمنحها لوناً داكناً وطولاً وكثافة مضاعفة؟,A) ظلال العيون | B) الآيلاينر | C) الماسكارا | D) جل الحواجب,C
75,Makeup,Easy,Multiple Choice,ما هو نمط مكياج العيون الذي يتميز بظلال عيون داكنة مدمجة بسلاسة للخارج من خط الرموش بتدرج ناعم؟,A) العين الدخانية | B) الكت كريس | C) الآيلاينر الجرافيكي | D) عين الهالة,A
76,Makeup,Easy,Typing,ما هو المستحضر التجميلي الذي يوضع لمحاكاة سمرة الشمس وإضفاء دفء وتوهج ذهبي وترابي؟,,برونزر
77,Makeup,Easy,Typing,ما هو مستحضر التجميل العاكس للضوء الذي يوضع على أعلى نقاط الوجه لخلق لمعان وتوهج مشرق؟,,هايلايتر
78,Makeup,Easy,Typing,ما البودرة أو الكريم الذي يمنح تورداً وردياً أو خوخياً نضراً لخدود الوجه؟,,بلاشر
79,Makeup,Easy,Typing,ما هي تقنية المكياج التي تستخدم درجات داكنة باردة لخلق ظلال واقعية وإيهام بالعمق والنحت على الوجه؟,,كونتور
80,Makeup,Medium,Multiple Choice,لماذا يجب أن تحاكي منتجات الكونتور الظلال الطبيعية الرمادية بدلاً من النغمات البرتقالية الدافئة؟,A) لأن الظلال دائماً صفراء | B) لأن الكونتور مصمم ليشبه حروق الشمس | C) لأن النغمات الدافئة تعكس الضوء أكثر | D) لأن الظلال الطبيعية على الوجه رمادية وباردة وغير مشبعة نتيجة غياب الضوء المباشر,D
81,Makeup,Medium,Multiple Choice,ما هي تقنية 'رسم الرقم 3' أو حرف 'E' الشهيرة في توزيع بودرة البرونزر على جانبي الوجه؟,A) تمرير البرونزر من الصدغ، مروراً بأسفل عظمة الخد، ونزولاً إلى خط الفك على شكل رقم 3 | B) وضع ثلاث قطرات من البرونزر على كل جفن | C) دمج البرونزر لمدة 3 دقائق | D) خلط ثلاث بودرات مختلفة,A
82,Makeup,Medium,Multiple Choice,ماذا يحدث عند وضع بلاشر بودري مباشرة فوق فاونديشن سائل رطب دون تثبيته أولاً ببودرة شفافة؟,A) تلتصق البودرة بالبقع الرطبة بشكل غير متساوٍ وتسبب بقعاً ملطخة صعبة الدمج | B) يتحول البلاشر للأخضر | C) تجف البشرة فوراً | D) يتبخر كريم الأساس,A
83,Makeup,Medium,Multiple Choice,أي لون هايلايتر يُعتبر الأكثر تناغماً وجاذبية على البشرات الداكنة والعميقة دون أن يبدو رمادياً أو باهتاً؟,A) الوردي الباهت الصقيعي | B) الأبيض الطباشيري | C) الفضي البارد الثلجي | D) درجات الذهب الغني أو البرونز أو النحاس,D
84,Makeup,Medium,Multiple Choice,ما هو الهايلايتر 'الدويوكروم' (Duochrome) في مستحضرات التجميل الحديثة؟,A) كريم وبودرة معاً | B) هايلايتر للبشرة الدهنية فقط | C) باليت بمرآتين | D) هايلايتر يتغير لونه وانعكاسه بين لونين مميزين بناءً على زاوية سقوط الضوء,D
85,Makeup,Medium,Multiple Choice,أين يجب وضع أحمر الخدود على الوجه الطويل أو البيضاوي لخلق إيهام بصري بالامتلاء والاتزان العرضي؟,A) أفقياً عبر تفاحتي الخدين والدمج نحو الخارج باتجاه الأذنين | B) بخط رأسي بجانب الأنف | C) داخل منبت الشعر فقط | D) نزولاً نحو الرقبة,A
86,Makeup,Medium,Multiple Choice,أي نوع من الفرش يُعد الأفضل لتوزيع البلاشر الكريمي عالي التصبغ بسلاسة دون تحريك طبقة الفاونديشن السفلية؟,A) فرشاة الكونسيلر المسطحة | B) فرشاة التنقيط ثنائية الألياف | C) فرشاة السبولار | D) فرشاة القلم الدقيقة,B
87,Makeup,Medium,Multiple Choice,ما التأثير البصري الذي يتحقق عند رسم خط كونتور رفيع خفيف أسفل الشفة السفلية مباشرة؟,A) يغير لون الشفاه للبنفسجي | B) يجعل الشفة تبدو أصغر حجماً | C) يخلق ظلاً يجعل الشفة السفلية تبدو أكثر امتلاءً وبروزاً | D) يمنع سيلان الروج,C
88,Makeup,Medium,Multiple Choice,ما الميزة الأساسية للهايلايتر والبرونزر المخبوز (Baked) مقارنة بالبودرة المضغوطة العادية؟,A) تبدأ كسوائل تُخبز على بلاط تيراكوتا فتمنح ملمساً حريرياً فائق النعومة وبريقاً غير بودري | B) مقاومتها للماء لـ 72 ساعة | C) خلوها تماماً من الصبغات | D) تجفيفها للبشرة الدهنية تماماً,A
89,Makeup,Medium,Multiple Choice,أي ملمح في الوجه يمكن تقصير طوله بصرياً عبر وضع لمسة خفيفة من كونتور مطفي على أرنبته وأسفله؟,A) عظام الخدود | B) الحواجب | C) عرض الجبهة | D) الأنف,D
90,Makeup,Medium,Multiple Choice,ما هو الفرق في التركيب بين الهايلايتر السائل اللؤلؤي والهايلايتر المحتوي على جليتر بارز؟,A) اللؤلؤي يحتوي على صدف مطحون | B) لا يوجد أي فرق | C) اللؤلؤي يستخدم ميكا دقيقة لمظهر مائي ناعم، بينما الجليتر يحتوي على جزيئات براقة مرئية وكبيرة | D) الجليتر يحتوي على ذهب حقيقي,C
91,Makeup,Medium,Multiple Choice,ما هي التقنية التي تتضمن وضع البلاشر الكريمي أولاً تحت طبقة فاونديشن خفيفة لتورد طبيعي كأنه نابع من داخل الجلد؟,A) الأندربينتينغ | B) البيكينغ | C) الأوفرلاينينغ | D) الفويلينغ,A
92,Makeup,Medium,Multiple Choice,أي صبغة طبيعية حمراء داكنة تُستخرج من حشرة القرمز المجففة وتُستخدم في البلاشر والروج الفاخر؟,A) ثاني أكسيد التيتانيوم | B) أكسيد الحديد الأحمر | C) الكارمين | D) صبغة ريد 40 ليك,C
93,Makeup,Medium,Typing,ما اسم تقنية تطبيق الهايلايتر التي تركز فقط على إضاءة البشرة ولمعانها دون أي كونتور داكن؟,,ستروبينغ
94,Makeup,Medium,Typing,ما هي تقنية دمج ظلال العيون بسلاسة تامة دون أي خطوط حادة أو فواصل قاسية؟,,دمج
95,Makeup,Medium,Typing,ما نوع ظلال العيون ذات المظهر المعدني المنصهر الناتج عن بل الصبغة برذاذ التثبيت؟,,شادو ميتاليك
96,Makeup,Hard,Multiple Choice,لماذا يستبدل الكيميائيون الميكا الطبيعية بالميكا الاصطناعية (Synthetic Fluorphlogopite) في الهايلايترات الفاخرة؟,A) لأن رائحتها زكية | B) لأنها تذوب في ثوانٍ | C) لأنها أعلى نقاءً وشفافية وحواف جزيئاتها أنعم وخالية من مشاكل التعدين الأخلاقية | D) لأنها أرخص من الطباشير,C
97,Makeup,Hard,Multiple Choice,ما الظاهرة الضوئية التي تفسر كيف تعكس جزيئات اللؤلؤ التداخلي في الهايلايتر ألواناً ذهبية أو بنفسجية دون صبغة أساسية؟,A) الانكسار الكلي الداخلي | B) التداخل الموجي البناء في الأغشية الرقيقة | C) أكسدة الصبغة | D) الانبعاث الفلوري تحت الأشعة فوق البنفسجية,B
98,Makeup,Hard,Multiple Choice,في المكياج السينمائي، كيف تؤثر درجة حرارة إضاءة المسرح (التنجستن 3200K مقابل ضوء النهار 5600K) على اختيار ألوان الكونتور؟,A) درجة حرارة الضوء ليس لها أي تأثير | B) إضاءة التنجستن الدافئة تزيد حرارة الظلال مما يتطلب كونتوراً أكثر برودة ورمادية لعدم ظهوره برتقالياً | C) ضوء النهار يخفي الكونتور كلياً | D) التنجستن يحول الظلال لأحمر,B
99,Makeup,Hard,Multiple Choice,ما الدور الوظيفي لستيارات المغنيسيوم (Magnesium Stearate) عند تصنيع البلاشر والبرونزر البودري المضغوط؟,A) تمنع نمو الفطريات | B) تقاوم الماء بالتبخر | C) تضيف صبغة حمراء قوية | D) تعمل كرابط جاف يحسن قابلية الانضغاط والالتصاق بالجلد والانسيابية المخملية للفرشاة,D
100,Makeup,Hard,Multiple Choice,أي زيت رابط يوفر التوازن الأمثل بين سهولة الانسياب والجفاف غير الدهني في أصابع البرونزر الكريمية عالية الصبغة؟,A) الإيزودوديكان مع الكابريليك/كابريك ثلاثي الجليسريد | B) خليط الماء والكحول | C) الزيت المعدني وحده | D) زيت الخروع النقي وحده,A
101,Makeup,Hard,Multiple Choice,ما التعديل الصياغي المطلوب عند تصميم هايلايتر بودري للبشرة الناضجة ذات المسام البارزة والخطوط التعبيرية؟,A) تقليل الجليتر البراق واستخدام لؤلؤ ميكرو دقيق (<20 ميكرون) مع سيليكا التمويه الضوئي | B) زيادة حجم الجزيئات لـ 100 ميكرون | C) إزالة جميع الروابط | D) إضافة التلك وحده,A
102,Makeup,Hard,Multiple Choice,ما الذي يجعل البلاشر 'الكريمي المتحول إلى بودرة' يغير قوامه فوراً عند ملامسته للبشرة ودمجه؟,A) حرارة الجسم تذيب الصبغة | B) التبخر السريع للمذيبات السيليكونية المتطايرة تاركة خلفها البودرات الكروية المثبتة | C) الأكسجين يجمد الزيوت | D) دهون البشرة تحول الكريم لشمع,B
103,Makeup,Hard,Multiple Choice,في كيمياء ظلال العيون، ما الفارق بين الصبغات 'الدويوكروم' والصبغات 'المولتي كروم' (Multichrome)؟,A) المولتي كروم تحتوي على بلورات سائلة | B) الدويوكروم مصنوعة من الذهب الخالص | C) الدويوكروم تعكس لونين مختلفين عبر طبقتين، بينما المولتي كروم تعكس 3 تدرجات لونية أو أكثر عبر طبقات تداخل متعددة | D) لا يوجد أي فارق علمي بينهما,C
104,Makeup,Hard,Multiple Choice,أي صبغة تحظر إدارة الغذاء والدواء الأمريكية (FDA) استخدامها في منطقة العين المباشرة رغم السماح بها أوروبياً؟,A) أزرق الألترامارين | B) أكسيد الحديد الأسود | C) صبغة ريد 40 ليك والكارمين وبعض الصبغات المصنفة كـ 'Pressed Pigments' | D) ثاني أكسيد التيتانيوم,C
105,Makeup,Hard,Typing,ما هي الصبغة الطبيعية الحمراء المستخرجة من إناث حشرات القرمز المجففة والمستخدمة في أحمر الشفاه والخدود الفاخر؟,,كارمين
106,Makeup,Hard,Typing,ما هي المادة الركيزة المعدنية الاصطناعية التي توفر إضاءة لؤلؤية نقية خالية من الشوائب في مستحضرات التجميل الحديثة؟,,ميكا اصطناعية
107,Makeup,Easy,Multiple Choice,ما هي الأداة الميكانيكية المستخدمة للضغط على الرموش الطبيعية وثنيها للأعلى قبل وضع الماسكارا؟,A) الملقط | B) مكبس ثني الرموش | C) مقص الحواجب | D) فرشاة السبولار,B
108,Makeup,Easy,Multiple Choice,ما هي التقنية التي تتضمن رسم الكحل على خط الماء العلوي بين منابت الرموش لتبدو الرموش أكثر كثافة؟,A) الخبز (البيكينغ) | B) التايت لاينينغ (Tightlining) | C) التنقيط | D) رسم الجناح,B
109,Makeup,Easy,Multiple Choice,أي لمسة نهائية لظلال العيون تكون خالية تماماً من اللمعان وتوفر لوناً مخملياً صريحاً ومطفياً؟,A) المطفي | B) المعدني | C) الساتاني | D) الجليتر اللامع,A
110,Makeup,Easy,Multiple Choice,ما هي تقنية مكياج العيون التي يتم فيها تحديد ثنية الجفن بدقة بالكونسيلر لخلق خط حاد ودرامي ومفتوح؟,A) تقنية البافينغ | B) الكت كريس (Cut Crease) | C) العين الدخانية (السموكي) | D) الأندربينتينغ,B
111,Makeup,Easy,Multiple Choice,أي نوع من محددات العيون يأتي في عبوة دائرية (برطمان) ويُوضع بفرشاة مائلة لخطوط دقيقة ومقاومة للتلطخ؟,A) القلم البودري | B) القلم الحبري | C) الآيلاينر الجل | D) قلم الكحل الشمعي,C
112,Makeup,Easy,Multiple Choice,ما المستحضر الذي يُوضع على الجفون العارية أولاً لمنع تخطيط الشادو وتعزيز ثبات ووضوح الألوان؟,A) برايمر العيون | B) زيت الوجه | C) مرطب الشفاه | D) بودرة التثبيت فقط,A
113,Makeup,Easy,Multiple Choice,ما هي تقنية مكياج العيون المعروفة بـ 'Halo Eye' (عين الهالة)؟,A) وضع ظل داكن على الزاويتين الداخلية والخارجية للجفن مع شادو لامع مضيء في منتصف الجفن تماماً | B) عدم وضع ماسكارا نهائياً | C) رسم دوائر حول العينين | D) تحديد العين بالقلم الأبيض فقط,A
114,Makeup,Easy,Multiple Choice,ما نوع الرموش الاصطناعية التي تُركب على هيئة شعيرات مفردة أو حبات مجمعة صغيرة بدلاً من شريط كامل؟,A) الرموش الشريطية | B) الرموش الفردية | C) الرموش ذاتية الالتصاق | D) الرموش المغناطيسية الشريطية,B
115,Makeup,Easy,Multiple Choice,أي تركيبة ماسكارا تنزلق وتزول عن الرموش على شكل 'أنابيب' بوليمرية مرنة بالماء الدافئ دون أن تتلطخ بالزيت؟,A) الماسكارا المقاومة للماء التقليدية | B) ماسكارا الألياف | C) ماسكارا التيوبينغ | D) الماسكارا الشفافة المغذية,C
116,Makeup,Easy,Multiple Choice,ما هو الاسم الشائع للخط المجنح الحاد الممتد من الزاوية الخارجية للعين باتجاه الصدغ؟,A) الكت كريس | B) الآيلاينر المجنح أو عين القطة | C) التايت لاين | D) جناح الهالة,B
117,Makeup,Easy,Multiple Choice,أي لون لقلم العيون يُوضع داخل خط الماء السفلي ليجعل العيون المتعبة تبدو فوراً أوسع وأكثر إشراقاً؟,A) النيود البيج أو الأبيض | B) البني الداكن | C) البنفسجي الغامق | D) الأسود الحالك,A
118,Makeup,Easy,Multiple Choice,عند تركيب الرموش الاصطناعية، كم من الوقت يُفضل ترك الصمغ على الشريط ليصبح لزجاً وجاهزاً للالتصاق؟,A) صفر ثانية | B) 5 دقائق كاملة | C) حوالي 20 إلى 30 ثانية | D) 30 دقيقة,C
119,Makeup,Easy,Multiple Choice,ما هو لون ظل العيون الانتقالي الذي يُوضع في كسرة الجفن أولاً، أغمق قليلاً من لون البشرة، لدمج بقية الألوان بسلاسة؟,A) الظل الداكن للزاوية الخارجية | B) هايلايتر عظمة الحاجب | C) اللون الانتقالي | D) شادو خط الماء,C
120,Makeup,Easy,Multiple Choice,أي نوع من الرموش الاصطناعية يلتصق بالجفن باستخدام مغناطيسات مجهرية متناهية الصغر وآيلاينر يحتوي على أكسيد الحديد؟,A) الرموش المغناطيسية | B) وصلات الرموش الدائمة | C) رموش الريش الاستعراضية | D) الرموش الشريطية بالصمغ,A
121,Makeup,Easy,Multiple Choice,ما المكون الأساسي في الماسكارا المقاومة للماء الذي يجعلها تقاوم الدموع والعرق والماء بكفاءة؟,A) الماء النقي والجلسرين | B) نشا الذرة | C) الشموع الطاردة للماء والسيليكونات المتطايرة | D) خلاصات الفواكه,C
122,Makeup,Easy,Multiple Choice,أي منطقة دقيقة في العين تُعرف بالزاوية الخارجية أو شكل 'V الخارجي' في توزيع ظلال العيون؟,A) مدمع العين الداخلي | B) فوق بؤبؤ العين مباشرة | C) أسفل قوس الحاجب مباشرة | D) المنطقة المثلثة حيث تلتقي كسرة الجفن العلوية مع زاوية خط الرموش الخارجي,D
123,Makeup,Easy,Multiple Choice,ما هي الأداة التجميلية ذات الرأس الحلزوني السلكي المستخدمة لتمشيط الحواجب وتفريق تكتلات الماسكارا؟,A) إسفنجة الدمج | B) فرشاة الشادو المسطحة | C) فرشاة السبولار | D) الفرشاة المروحية,C
124,Makeup,Easy,Multiple Choice,ما الفائدة الأساسية للماسكارا المزدوجة المحتوية على ألياف ميكرو مدمجة (Micro-fibers)؟,A) الاستغناء عن صمغ الرموش | B) التصاق الألياف الدقيقة بأطراف الرموش الطبيعية لمنحها طولاً وكثافة مضاعفة | C) تغيير لون بؤبؤ العين | D) تنظيف العينين,B
125,Makeup,Easy,Multiple Choice,ما هو مستحضر العيون المعدني الأسود التاريخي الذي استُخدم لآلاف السنين في الشرق الأوسط وشمال أفريقيا لتكحيل العين؟,A) الكحل العربي | B) حجر الملاكيت الأخضر | C) الحناء | D) النيلة الزرقاء,A
126,Makeup,Easy,Multiple Choice,أي مستحضر تجميلي يُطبق على الشفاه لمنحها لوناً غنياً وملمساً جذاباً وترطيباً؟,A) أحمر الشفاه | B) الماسكارا | C) البلاشر | D) البرونزر,A
127,Makeup,Easy,Multiple Choice,ما المستحضر الذي يُرسم على المحيط الخارجي للشفاه لتحديد شكلها ومنع تسرب الروج وتلاشيه؟,A) قلم تحديد الشفاه | B) مقشر الشفاه | C) قلم الحواجب | D) الكونسيلر,A
128,Makeup,Easy,Multiple Choice,أي مظهر للشفاه يمنح أعلى درجات اللمعان العاكس مع مظهر مبلل وندي وممتلئ؟,A) ملمع الشفاه (Lip Gloss) | B) الروج المطفي (المات) | C) الروج المخملي | D) صبغة الشفاه البودرية,A
129,Makeup,Easy,Typing,ما هو المستحضر التجميلي المستخدم لتحديد خط الرموش وتكحيل محيط الجفن؟,,آيلاينر
130,Makeup,Easy,Typing,ما هو المستحضر التجميلي الذي يوضع على الجفون لمنحها اللون والعمق والبعد الجمالي؟,,ظلال العيون
131,Makeup,Easy,Typing,ما هو المستحضر اللاصق الذي يوضع على شريط الرموش الاصطناعية لتثبيتها على خط الرموش الطبيعي؟,,صمغ الرموش
132,Makeup,Easy,Typing,ما هي حركة فرشاة الماسكارا (بالتحريك يميناً ويساراً مع الصعود للأعلى) لضمان تغطية الرموش من الجذور للأطراف؟,,التمويج
133,Makeup,Medium,Multiple Choice,ما هي تقنية 'التايت لاينينغ' (Tightlining) ولماذا تُفضل في الإطلالات اليومية الطبيعية؟,A) شد جلد الجفن بشريط لاصق | B) وضع كحل مقاوم للماء بين منابت الرموش العلوية مباشرة لمنح كثافة دون خط ظاهر فوق الجفن | C) وضع آيلاينر سائل على الحاجب | D) تركيب 3 أزواج من الرموش,B
134,Makeup,Medium,Multiple Choice,كيف تعمل ماسكارا 'التيوبينغ' (Tubing Mascara) بشكل مختلف تماماً عن الماسكارا الزيتية أو المقاومة للماء؟,A) تحتوي على بوليمرات تغلف كل رمش بأنبوب مرن بزاوية 360 درجة ينزلق ويزول بضغط الماء الدافئ | B) تحتوي على صمغ يدمج الرموش معاً | C) تصبغ كيراتين الرموش دائماً | D) تذوب بالزيت فوراً,A
135,Makeup,Medium,Multiple Choice,عند وضع ظلال العيون للعيون المبطنة (Hooded Eyes)، أين يجب وضع لون كسرة الجفن ليبقى ظاهراً والعين مفتوحة؟,A) على مدمع العين الداخلي فقط | B) أعلى قليلاً من كسرة الجفن الطبيعية باتجاه عظمة الحاجب ليكون مرئياً عند النظر للأمام | C) داخل ثنية الجفن المخفية فقط | D) تحت خط الرموش السفلية حصراً,B
136,Makeup,Medium,Multiple Choice,ما هي تقنية 'الفويلينغ' (Foiling) في ظلال العيون؟,A) تغليف الجفون برقائق الألومنيوم | B) بل فرشاة الشادو المعدني برذاذ التثبيت أو وسيط دمج للحصول على لمعان معدني سائل وفائق الانعكاس | C) دمج الشادو بإسفنجة جافة | D) خبز الشادو بالبودرة السائبة,B
137,Makeup,Medium,Multiple Choice,لماذا يجب دائماً استخدام مكبس ثني الرموش قبل وضع الماسكارا وليس بعدها مطلقاً؟,A) لأن المكبس يجعل الرموش مستقيمة إذا وُضعت الماسكارا | B) لأن الماسكارا تذيب معدن المكبس | C) لأن الماسكارا تجعل الرموش تلتصق بالوسادة المطاطية مما يؤدي لشد واقتلاع الرموش من جذورها | D) لأن المكبس يتلف لون الماسكارا,C
138,Makeup,Medium,Multiple Choice,ما الغرض الأساسي من وضع قاعدة شادو بيضاء أو بيج لاصقة تحت ظلال العيون النيون والساطعة؟,A) جعل الشادو مقاوماً للماء | B) تبريد درجة حرارة الجفن | C) إخفاء عروق الجفن والعمل كقماش أبيض نقي يبرز النصوع الحقيقي للألوان الفاقعة | D) منع العين من الرمش,C
139,Makeup,Medium,Multiple Choice,أي نمط من الآيلاينر يعتمد على رسم خط جناح جرافيكي جريء يمتد فوق كسرة الجفن دون ملء منتصف الجفن؟,A) التايت لاين | B) عين القطة الكلاسيكية | C) الكحل الدخاني الملطخ | D) الآيلاينر العائم أو الآيلاينر الجرافيكي الفراغي,D
140,Makeup,Medium,Multiple Choice,ما الذي يميز ظلال الجليتر المضغوط عن الظلال المعدنية العادية في التركيب التجميلي؟,A) خلوها التام من الروابط | B) استخدام رقائق ميكرو من مادة PET التجميلية معلقة في قاعدة جل مطرية بدلاً من الميكا المعدنية المطحونة | C) صناعتها من الزجاج المسحوق | D) قابليتها للذوبان التام بالماء,B
141,Makeup,Medium,Multiple Choice,ما التأثير البصري الذي يتحقق عند وضع ظل أسود أو بني داكن مطفي بدقة في الزاوية الخارجية (Outer V) للعين؟,A) تثبيت الكونسيلر | B) جعل العين تبدو دائرية وصغيرة | C) إخفاء احمرار الجفون | D) سحب وتمديد شكل العين ومنحها عمقاً وبعداً كشكل اللوزة المرفوعة,D
142,Makeup,Medium,Multiple Choice,أي مادة لفرشاة الماسكارا تُعد الأنسب لتفريق وتمشيط الرموش الدقيقة وفصلها بدقة دون تكتل؟,A) فرش السيليكون أو الإيلاستومر المرنة ذات الأسنان المشطية المحددة | B) الأعواد القطنية | C) الفرشاة السلكية ذات الألياف الطبيعية الكثيفة | D) الإسفنجة المسطحة,A
143,Makeup,Medium,Multiple Choice,ما هو السبب الأساسي لتساقط الماسكارا وتفتتها في هيئة حبيبات جافة على الخدين خلال اليوم؟,A) وضع طبقات جافة مفرطة أو جفاف تركيبة الماسكارا لانتهاء صلاحيتها أو نقص البوليمرات المرنة | B) شرب الماء البارد | C) كثرة الزيوت الطبيعية | D) كثرة الرمش,A
144,Makeup,Medium,Multiple Choice,ما هو مظهر مكياج العيون المعروف بـ 'سيمي كت كريس' (Semi-cut crease)؟,A) مكياج آيلاينر غير مدمج نهائياً | B) وضع الشادو على عين واحدة فقط | C) استخدام الكونسيلر لتحديد النصف الداخلي فقط من كسرة الجفن مع دمج النصف الخارجي بنعومة | D) قص الجفن بمقص,C
145,Makeup,Medium,Multiple Choice,ما هو الخطر الصحي الجسيم المترتب على استخدام جليتر الحرف والأعمال اليدوية على الجفون بدلاً من الجليتر التجميلي؟,A) ذوبان جليتر الحرف على الجلد | B) نعومة جليتر الحرف المفرطة | C) رائحة جليتر الحرف الكريهة | D) احتواؤه على حواف زجاجية أو معدنية حادة خشنة قد تخدش القرنية وتسبب تلفاً دائماً للبصر,D
146,Makeup,Medium,Typing,ما هو الانحناء المزدوج في قمة منتصف الشفة العليا والذي سمي تيمناً بإله الحب الروماني؟,,قوس كيوبيد
147,Makeup,Medium,Typing,ما هي طريقة تنظيف الحواجب التراثية التي تستخدم خيوطاً قطنية ملتوية تُلف على الجلد لاقتلاع الشعر بدقة؟,,الخيط
148,Makeup,Medium,Typing,ما هو المصطلح الاحترافي لتطبيق كريم الأساس عبر النقر والربت المتكرر بالإسفنجة أو الفرشاة؟,,تنقيط
149,Makeup,Hard,Multiple Choice,لماذا تُصنف باليتات النيون والوردي الفاقع كـ 'Pressed Pigments' بدلاً من 'Eyeshadows' في لوائح الـ FDA الأمريكية؟,A) لأنها مصنوعة من الزيوت فقط | B) لأن لوائح الـ FDA تصنف بعض الملونات كآمنة لبشرة الوجه ولكنها غير معتمدة رسمياً للغشاء المخاطي المباشر للعين | C) لأنها لا تُطبق بالفرش | D) لخلوها من الروابط,B
150,Makeup,Hard,Multiple Choice,ما هو البوليمر المكون للغشاء والمسؤول عن تكنولوجيا تغليف الرموش بأنبوب 360 درجة في ماسكارا التيوبينغ؟,A) شمع العسل وحده | B) الفازلين | C) الزيت المعدني | D) بوليمر أكريلات/إيثيل هكسيل أكريلات أو بولي فينيل بيروليدون,D
151,Makeup,Hard,Multiple Choice,في تاريخ مكياج المسرح والأزياء، من أين استُوحيت تقنية 'الكت كريس' (Cut Crease) تاريخياً؟,A) من تقنيات الكونتور المسرحي الكلاسيكي في أوائل القرن العشرين لمحاكاة محجر عين غائر تحت أضواء المسرح القوية | B) من أقنعة التراجيديا الإغريقية | C) من أقنعة أوبرا بكين الصينية | D) من مكياج مهرجي العصور الوسطى,A
152,Makeup,Hard,Multiple Choice,ما هي المادة اللاصقة الكيميائية شائعة الاستخدام في صمغ الرموش الاصطناعية الاحترافي الخالي من اللاتكس للبشرات الحساسة؟,A) اللاتكس المطاطي الطبيعي | B) كوبوليمر الأكريلات (Acrylates Copolymer) أو البوليبوتين | C) راتنج الفورمالديهايد | D) صمغ السيانوأكريلات السريع,B
153,Makeup,Hard,Multiple Choice,ما المكون الصبغي الذي يمنح الآيلاينر السائل السواد الفاحم الحالك مقارنة بأكاسيد الحديد السوداء العادية؟,A) فحم الشواء المطحون | B) السخام النباتي | C) جزيئات الكربون الأسود النقي الأولية (Carbon Black CI 77266) متناهية الصغر وعالية الامتصاص للضوء | D) أكسيد الحديد الأسود,C
154,Makeup,Hard,Multiple Choice,كيف يقارن معامل الانكسار الضوئي للفلورفلوغوبيت الاصطناعي بالميكا الطبيعية في تركيبات ظلال العيون الفاخرة؟,A) الفلورفلوغوبيت الاصطناعي أعلى نقاءً وشفافية وخالٍ من شوائب الحديد مما يعطي انعكاساً مرآوياً ولوناً مطابقاً للعلبة | B) الميكا الطبيعية شفافة 100% | C) الميكا الطبيعية لا تحتفظ بالصبغة | D) الميكا الاصطناعية تمتص 90% من الضوء,A
155,Makeup,Hard,Multiple Choice,في تصنيع أقلام الروج (Bullet Lipsticks)، ما المعيار الفيزيائي الحاسم الذي يُقاس لضمان عدم انكسار الروج أثناء تطبيقه؟,A) معامل الانكسار | B) نقطة الغليان | C) نقطة الانكسار أو مقاومة الانثناء | D) مؤشر اللزوجة,C
156,Makeup,Hard,Multiple Choice,ما الدور الكيميائي لمادتي البوليبوتين والبوليزوبوتين في تركيبات ملمع الشفاه (Lip Gloss) الحديثة غير اللزجة؟,A) بوليمرات عالية الوزن الجزيئي تمنح القوام والالتصاق والانعكاس اللامع والتحكم في تقليل الالتصاق | B) مواد حافظة ضد الفطريات | C) مذيبات متطايرة | D) صبغات ملونة,A
157,Makeup,Hard,Multiple Choice,ما السبب وراء العيب التجميلي المعروف بـ 'تعرق الروج' (Syneresis) وظهور قطرات زيتية على سطح أحمر الشفاه في الحرارة؟,A) امتصاص النيتروجين الجوي | B) التلوث البكتيري | C) ذوبان ثاني أكسيد التيتانيوم | D) انفصال الطور وهجرة الزيوت السائلة من الشبكة البلورية الشمعية إلى السطح الخارجي للروج,D
158,Makeup,Hard,Typing,ما هي الصبغة الكربونية السوداء الفاحمة النقية (CI 77266) المستخدمة في كحل العيون السائل عالي السواد؟,,كربون بلاك
159,Makeup,Hard,Typing,ما هي الصبغة المعدنية المشتقة من بنية حجر اللازورد (CI 77007) والتي تمنح ظلال عيون زرقاء ملكية زاهية؟,,ألترا مارين
160,Makeup,Easy,Multiple Choice,ما هو مستحضر الحواجب الشمعي الكريمي الغني الذي يأتي في برطمان ويُوضع بفرشاة مائلة لرسم حواجب محددة وجريئة؟,A) صابون الحواجب الشفاف | B) جل ودهان الحواجب | C) بودرة الحواجب السائبة | D) ماء صبغ الحواجب,B
161,Makeup,Easy,Multiple Choice,ما المستحضر الشفاف أو الملون المستخدم لتمشيط وتثبيت شعر الحواجب في مكانها للأعلى طوال اليوم؟,A) مرطب الوجه | B) مثبت الشعر | C) جل الحواجب | D) بودرة التثبيت,C
162,Makeup,Easy,Multiple Choice,ما صيحة الجمال التي تعتمد على تمشيط الحواجب للأعلى باستخدام صابون الجلسرين الرطب لمظهر كثيف ومصفح؟,A) الحواجب المصقولة | B) الحواجب المقصوصة | C) صابون الحواجب | D) المايكرو لاينينغ,C
163,Makeup,Easy,Multiple Choice,أي لمسة نهائية لأحمر الشفاه تكون خالية تماماً من اللمعان وتوفر لوناً كامل التغطية ومقاوماً لنقل اللون؟,A) الملمع (جلوس) | B) المطفي (المات) | C) المعدني | D) الساتاني,B
164,Makeup,Easy,Multiple Choice,ما مستحضر الشفاه شبه الدائم الذي تمتصه الشفاه ليمنحها مسحة لونية طبيعية ثابتة تدوم أثناء الأكل والشرب؟,A) مرطب الشفاه | B) جليتر الشفاه | C) ملمع الشفاه | D) مورد وتنت الشفاه,D
165,Makeup,Easy,Multiple Choice,ما اسم الانحناء المزدوج في منتصف الحافة العلوية لشفة الإنسان العليا؟,A) الحافة القرمزية | B) عمود الفلترم | C) قوس كيوبيد | D) قمة الشفاه,C
166,Makeup,Easy,Multiple Choice,ما هي تقنية المكياج التي يتم فيها رسم محدد الشفاه خارج حدود الشفاه الطبيعية قليلاً لتبدو أكثر امتلاءً؟,A) تقنية الدريبينغ | B) تقنية البيكينغ | C) تقنية الأندرلاينينغ | D) تقنية الأوفرلاينينغ,D
167,Makeup,Easy,Multiple Choice,أي قلم حواجب يتميز بسن رفيع ودقيق للغاية مصمم لرسم خطوط تحاكي شعيرات الحواجب الفردية بدقة؟,A) قلم الكحل | B) القلم المثلث العريض | C) قلم الحواجب الدقيق | D) كرايون الحواجب,C
168,Makeup,Easy,Multiple Choice,ما المستحضر الهجين المغذي الذي يجمع بين بريق ولمعان الجلوس والترطيب العميق للزيوت الطبيعية للشفاه؟,A) مقشر الشفاه | B) الروج السائل المطفي | C) برايمر الشفاه | D) زيت الشفاه,D
169,Makeup,Easy,Multiple Choice,ما هي المكونات المنبهة أو المحفزة (مثل القرفة أو الكابسيسين أو النعناع) التي تُضاف لمكبرات الشفاه لنفخها مؤقتاً؟,A) نشا الذرة والتلك | B) بودرة فيتامين سي | C) الثلج المسحوق | D) مستخلصات القرفة أو الفلفل الحار (الكابسيسين) أو النعناع,D
170,Makeup,Easy,Multiple Choice,ما المنتج الذي يُستخدم قبل وضع الروج لتقشير وإزالة الجلد الميت والجاف بلطف عن الشفاه؟,A) بودرة التثبيت | B) الكونسيلر | C) مقشر الشفاه | D) صابون الحواجب,C
171,Makeup,Easy,Multiple Choice,ما هي الأداة الكلاسيكية المعدنية المستخدمة لنتف واقتلاع شعيرات الحواجب الشاردة والزائدة من جذورها؟,A) شفرة الحواجب | B) المقص | C) فرشاة السبولار | D) الملقط,D
172,Makeup,Easy,Multiple Choice,ما هو مظهر مكياج الشفاه المعروف بـ 'أومبري الشفاه' (Ombré Lips)؟,A) عدم وضع محدد شفاه | B) مظهر شفاه يتميز بمحدد خارجي داكن مدمج بتدرج نحو لون فاتح متباين في منتصف الفم | C) وضع جلوس على الشفة العلوية فقط | D) وضع روج أخضر,B
173,Makeup,Easy,Multiple Choice,وفقاً لقواعد رسم ومحاذاة الحواجب، مع أي ملمح في الوجه يجب أن تحاذى بداية الحاجب رأسياً؟,A) منتصف الخد | B) زاوية الفم | C) حافة فتحة الأنف / الجسر الداخلي للأنف بخط مستقيم للأعلى | D) الزاوية الخارجية للأذن,C
174,Makeup,Easy,Multiple Choice,ما هي صيغة أحمر الشفاه الكلاسيكية المعبأة في أنبوب أسطواني معدني أو بلاستيكي قابل للتدوير؟,A) الروج السائل بعصا | B) قلم الروج الرصاصي التقليدي | C) أنبوب العصر المرن | D) مرطبان التنت,B
175,Makeup,Easy,Multiple Choice,ما هو الخط الفاصل الواضح الذي يفصل بين النسيج الوردي المحمر للشفاه وجلد الوجه المحيط بها؟,A) الحافة القرمزية | B) صوار الفم | C) قوس كيوبيد | D) الفلترم,A
176,Makeup,Easy,Multiple Choice,ما هي الخدمة التجميلية التي تقوم بتثبيت ورفع شعيرات الحواجب للأعلى كيميائياً لتبدو أكثر كثافة وامتلاءً؟,A) شمع الحواجب | B) تصفيح الحواجب | C) المايكروبليدنج | D) خيط الحواجب,B
177,Makeup,Easy,Multiple Choice,ماذا يحدث عند وضع روج سائل مطفي (Liquid Matte) على شفاه جافة ومتقشرة دون ترطيب أو تقشير مسبق؟,A) يزيد حجم وامتلاء الشفاه | B) يبرز التشققات والقشور والخطوط الدقيقة بشدة عند جفافه | C) يتحول لملمع عالي اللمعان | D) يصبح شفافاً تماماً,B
178,Makeup,Easy,Multiple Choice,ما هي فرشاة المكياج الكثيفة ذات المقبض القصير والرأس الدائري أو المسطح المستخدمة لدمج بودرة الأساس المعدنية؟,A) فرشاة الشفاه | B) الفرشاة المروحية | C) فرشاة الكابوكي | D) مشط الرموش,C
179,Makeup,Easy,Multiple Choice,أي نوع من شعيرات الفرش يُعد خالياً تماماً من القسوة وغير مسامي والأفضل لوضع الفاونديشن والمنتجات الكريمية؟,A) ألياف الصوف | B) شعر الحيوانات الطبيعي | C) خيوط القطن | D) الشعيرات الاصطناعية,D
180,Makeup,Easy,Multiple Choice,أي فرشاة صغيرة وكثيفة ذات رأس مدبب تُعد مثالية لتمويه الآيلاينر ووضع الشادو بدقة على خط الرموش؟,A) فرشاة البودرة الكبيرة | B) فرشاة القلم | C) فرشاة التنقيط | D) الفرشاة المروحية,B
181,Makeup,Easy,Multiple Choice,ما هو السبب الصحي والوقائي الأساسي لغسل فرش وإسفنجات المكياج بانتظام بصابون مضاد للبكتيريا؟,A) لتغيير لون الشعيرات | B) لتنعيم المقابض البلاستيكية | C) لجعلها برائحة العطور | D) لإزالة البكتيريا المتراكمة والزيوت القديمة وخلايا الجلد الميتة التي تسبب حب الشباب والالتهابات,D
182,Makeup,Easy,Typing,ما هو المستحضر التجميلي الأسطواني الكلاسيكي الذي يُطبق على الشفاه لمنحها اللون والترطيب؟,,أحمر الشفاه
183,Makeup,Easy,Typing,ما القلم المستخدم لتحديد حواف الشفاه ومنع سيلان الروج وتعزيز شكل الفم؟,,محدد الشفاه
184,Makeup,Easy,Typing,ما هو المستحضر الشمعي القوي المستخدم لنحت الحواجب وتثبيتها بشكل بارز ودقيق؟,,جل الحواجب
185,Makeup,Easy,Typing,ما هو المستحضر السكري الحبيبي الذي يُفرك على الشفاه لإزالة القشور والجلد الميت؟,,مقشر الشفاه
186,Makeup,Medium,Multiple Choice,لماذا تعطي أحمر الشفاه السائل المطفي طويل الثبات شعوراً بالجفاف مقارنة بالروج الساتاني الكلاسيكي؟,A) لاحتوائها على كحول نقي | B) لسحبها الماء من الجسم | C) لاحتوائها على طباشير | D) لاحتوائها على إيزوبارافينات متطايرة وراتنجات بوليمرية تتبخر تاركة طبقة صبغية خالية من الزيوت,D
187,Makeup,Medium,Multiple Choice,ما المقصود بظاهرة 'ترييش أو نزيف الروج' (Feathering/Bleeding) حول محيط الفم؟,A) تحول الروج للون الأبيض | B) بهتان لون الروج من المنتصف | C) جفاف الشفاه التام | D) هجرة وتسلل صبغات أحمر الشفاه إلى الخطوط الدقيقة الرأسية المحيطة بالفم,D
188,Makeup,Medium,Multiple Choice,كيف يحدد تخطيط الحواجب الاحترافي أعلى نقطة لقوس الحاجب المثالي؟,A) بخط موازٍ لشحمة الأذن | B) عبر خط قطري يمتد من حافة الأنف مروراً بمنتصف بؤبؤ العين عند النظر للأمام مباشرة | C) بخط رأسي من زاوية العين الداخلية | D) عند الطرف الخارجي للحاجب,B
189,Makeup,Medium,Multiple Choice,ما هي الوظيفة الأساسية لشمع الكانديليلا وشمع الكرنوبا في صياغة أحمر الشفاه الكلاسيكي؟,A) منح نكهة حلوة | B) حفظ المنتج ضد البكتيريا | C) صبغ الشفاه بالأزرق | D) توفير الصلابة الهيكلية وثبات نقطة الانصهار والانزلاق السلس دون انكسار في الأجواء الحارة,D
190,Makeup,Medium,Multiple Choice,ما هو توريد الشفاه الدائم (Lip Blushing) في عالم التجميل شبه الدائم؟,A) وضع بلاشر بودري على الشفاه | B) تقنية وشم تجميلي تودع صبغات دقيقة خفيفة داخل جلد الشفاه لتعزيز اللون الطبيعي والتناسق | C) تقشير الشفاه بأحماض الفواكه | D) استخدام ملمع حار,B
191,Makeup,Medium,Multiple Choice,ما هي الحيلة البسيطة التي تمنع الروج الأحمر الغني أو التوتي من الطبع والتسرب إلى الأسنان؟,A) وضع إصبع نظيف داخل الفم وإطباق الشفتين حوله ثم سحبه للخارج لإزالة الصبغة الداخلية الزائدة | B) عدم إغلاق الفم | C) رش بخاخ التثبيت على الأسنان | D) وضع بودرة على الأسنان,A
192,Makeup,Medium,Multiple Choice,لماذا يُضاف حمض الهيالورونيك بكثرة في ملمعات وزيوت الشفاه الفاخرة الحديثة؟,A) ليمنح الملمع نكهة حلوة | B) ليمنح الملمع لوناً أحمر فاقعاً | C) ليحول الجلوس لبودرة مطفية | D) يعمل كمرطب فائق يجذب الرطوبة لملء وتنعيم الخطوط السطحية الدقيقة مؤقتاً,D
193,Makeup,Medium,Multiple Choice,ما هو الفرق الجوهري بين المايكروبليدنج للحواجب والوشم التقليدي الدائم للجسم؟,A) المايكروبليدنج يستخدم شفرة يدوية لإيداع صبغة شبه دائمة في الطبقات السطحية للبشرة بشعيرات دقيقة تتلاشى خلال 1-2 سنة | B) المايكروبليدنج دائم مدى الحياة | C) المايكروبليدنج بحبر أخضر فقط | D) الوشم لا يستخدم إبراً,A
194,Makeup,Medium,Multiple Choice,ما المكون المسؤول عن تقنية 'تغير اللون حسب حموضة البشرة' في أحمر الشفاه السحري من الأخضر للوردي؟,A) عصير الشمندر المركز | B) بلورات النحاس الحرارية | C) صبغة Red 27 (CI 45410) التي تكون عديمة اللون في القاعدة اللامائية وتتحول لوردي عند ملامسة رطوبة وحموضة الجلد | D) أكسيد الحديد الأخضر,C
195,Makeup,Medium,Multiple Choice,كيف يمكن جعل أحمر الشفاه الكريمي الكلاسيكي يدوم لفترة أطول بكثير خلال المناسبات الطويلة؟,A) وضع طبقة، ثم الضغط بمنديل ورقي، ونثر بودرة شفافة عبر المنديل، ثم وضع طبقة روج ثانية | B) خلط الروج بالماء | C) تجميد الروج قبل وضعه | D) وضع زيت على الروج,A
196,Makeup,Medium,Multiple Choice,ما هو الاستخدام الأمثل لبودرة الحواجب (Brow Powder) مقارنة بدهان الحواجب القوي؟,A) رسم حواجب حادة ومربعة كالبلوك | B) السباحة ومقاومة الماء | C) تثبيت شعر الحواجب للأعلى | D) ملء الفراغات بتظليل ناعم وطبيعي وضبابي دون خطوط قاسية,D
197,Makeup,Medium,Multiple Choice,ما هي الفائدة الكبرى لزيت بذور الخروع (Ricinus Communis) كزيت أساسي في صياغة أحمر الشفاه؟,A) تبييض الشفاه الطبيعية | B) إعطاء رائحة عطرية | C) الجفاف لتحول بودري | D) لزوجته العالية وقدرته الفائقة على ترطيب الصبغات ومنح تعليق لوني غني ولمعان طبيعي جذاب,D
198,Makeup,Medium,Multiple Choice,ما هي التقنية التي يتم فيها وضع كونسيلر بفرشاة مسطحة أسفل وأعلى شكل الحاجب لنحت حوافه بدقة؟,A) نحت وتنظيف الحواجب | B) الأندربيكينغ | C) المايكرو فيذرينغ | D) التصفيح,A
199,Makeup,Medium,Typing,ما هي المدينة الحرفية اليابانية الشهيرة عالمياً في محافظة هيروشيما بصناعة أفخر فرش المكياج اليدوية؟,,كومانو
200,Makeup,Medium,Typing,ما هو الاختصار الطبي لظاهرة فقدان الماء والترطيب عبر طبقات البشرة وتبخره في الهواء (TEWL)؟,,فقدان الماء عبر البشرة
201,Makeup,Medium,Typing,ما هو الشكل القابل للذوبان في الماء من فيتامين B3 الذي ينظم إفراز الدهون ويقلل الاحمرار قبل المكياج؟,,نياسيناميد
202,Makeup,Hard,Multiple Choice,لماذا يُخلط شمع العسل الاصطناعي أو الأوزوكريت مع شمع العسل الطبيعي في دهانات الحواجب الاحترافية؟,A) لتقليل تكلفة الإنتاج للصفر | B) لجعل الجل شفافاً تماماً | C) لرفع نقطة الانصهار وزيادة الصلابة وضمان ثبات مقاوم للماء والتلطخ في الرطوبة العالية | D) لإضافة رائحة عطرية,C
203,Makeup,Hard,Multiple Choice,في كيمياء الألوان، لماذا تتطلب صبغة Red 7 Lake توزيعاً دقيقاً في زيت الخروع عبر مطحنة الأسطوانات الثلاثية؟,A) لتفكيك تكتلات الصبغة والوصول لحجم جزيئي دون الميكرون يضمن أعلى قوة لونية وتوزيعاً متجانساً دون خطوط | B) لتغيير لونها من أصفر لأحمر | C) لإذابة الصبغة لغاز | D) لإزالة المعادن الثقيلة,A
204,Makeup,Hard,Multiple Choice,أي ببتيد تجميلي نشط يُصاغ بكثرة في علاجات الشفاه الفاخرة لتحفيز الكولاجين وزيادة حجم الشفاه مع الوقت؟,A) حمض الجليكوليك | B) حمض الساليسيليك | C) بيروكسيد البنزويل | D) بالميتويل ثلاثي الببتيد-1,D
205,Makeup,Hard,Multiple Choice,ما الذي يجعل جل السيليكون الإيلاستومري (مثل Dimethicone Crosspolymer) أساسياً في صياغة كريمات الشفاه المخملية المطفية؟,A) جعل التركيبة قابلة للذوبان بالماء | B) إذابة الشموع | C) صبغ الجلد دائماً | D) توفير تأثير بصري مطفي مموه وانزلاق سيليكوني غير جاف دون شد الغشاء المخاطي للشفاه,D
206,Makeup,Hard,Multiple Choice,كيف تساهم البنية البلورية المتعددة لشمع الكرنوبا في الاستقرار الحراري لأقلام المكياج وأحمر الشفاه الفاخر؟,A) تكوين كرات سائلة | B) التحول إلى غاز | C) الذوبان بحرارة الجسم | D) تشابك شبكته البلورية بيتا مع قطيرات الزيت لمنع التشوه في درجات حرارة تصل لـ 85 مئوية,D
207,Makeup,Hard,Multiple Choice,في صناعة الفرش اليابانية (Fude)، ما هي الطريقة التقليدية لتشكيل رؤوس الشعيرات دون قصها بالمقصات؟,A) القص بالليزر | B) الإذابة بالأحماض الكيميائية | C) التجميع اليدوي للشعيرات داخل قالب تشكيل خشبي (Koma) للحفاظ على النهايات الطبيعية الحساسة | D) حرق الأطراف باللهب,C
208,Makeup,Hard,Multiple Choice,ما هو السبب الهيكلي في التقاط شعيرات الحيوانات الطبيعية للبودرة السائبة وتوزيعها بشكل يختلف عن الألياف الاصطناعية الملساء؟,A) امتلاك الشعر الطبيعي لحراشف مجهرية متداخلة (كيوتيكل) تحبس جزيئات البودرة وتطلقها تدريجياً مع احتكاك الجلد | B) مغناطيسية الشعر الطبيعي | C) إذابة الشعر للبودرة | D) الشحنة الكهربائية للألياف الاصطناعية,A
209,Makeup,Hard,Multiple Choice,ما التركيب المعدني لحلقة الفرشاة (Ferrule) في فرش المكياج الفاخرة لمنع الصدأ والتآكل الناتج عن التعقيم اليومي بالماء والكحول؟,A) النحاس الأصفر الصلب غير الملحوم المطلي بالنيكل أو الكروم | B) الحديد الخام | C) صفائح القصدير | D) الزنك غير المعالج,A
210,Makeup,Hard,Multiple Choice,في بروتوكولات التعقيم المعتمدة بالمستشفيات والصالونات، ما المطهر الكيميائي المعتمد لغمر الأدوات غير المسامية ضد الفيروسات المنقولة بالدم؟,A) مستخلص بندق الساحرة | B) مركبات الأمونيوم الرباعية المعتمدة من وكالة EPA (مثل باربيسايد Barbicide) أو الفينولات الطبية | C) الماء والصابون العادي | D) زيت شجرة الشاي,B
211,Makeup,Hard,Typing,ما هو المصطلح الكيميائي لانفصال وتجمع قطرات الزيت على سطح قلم الروج في الأجواء الحارة؟,,سينيريسيس
212,Makeup,Hard,Typing,ما هو الشمع الطبيعي ذو أعلى نقطة انصهار المستخرج من نخيل البرازيل والذي يمنح الروج الصلابة؟,,شمع الكرنوبا
213,Makeup,Easy,Multiple Choice,أي فرشاة تتميز بطولين ولونين مختلفين من الشعيرات (أبيض وأسود) لتوفير تغطية خفيفة مموهة كالإيربراش؟,A) الفرشاة ثنائية الألياف | B) فرشاة الحواجب المائلة | C) فرشاة الكونسيلر المسطحة | D) فرشاة الكابوكي الكثيفة,A
214,Makeup,Easy,Multiple Choice,ما هي أفضل طريقة لتجفيف فرش المكياج المغسولة لمنع تسرب الماء وتفكيك صمغ الحلقة المعدنية (Ferrule)؟,A) وضعها في الميكروويف | B) تجفيفها بمجفف الشعر الساخن مباشرة نحو الحلقة | C) تعليقها مقلوبة رأساً على عقب أو وضعها مسطحة مع ميل الشعيرات لأسفل | D) إيقافها عمودياً في كوب للأعلى,C
215,Makeup,Easy,Multiple Choice,ما اسم الأسطوانة المعدنية التي تربط شعيرات فرشاة المكياج بالمقبض الخشبي أو البلاستيكي؟,A) القصبة | B) الحلقة المعدنية | C) الساق | D) التجويف,B
216,Makeup,Easy,Multiple Choice,أي فرشاة تتميز برأس قببي منفوش ومصممة لدمج وتوزيع ظلال العيون في كسرة الجفن بحركة ممسحة الزجاج؟,A) فرشاة الآيلاينر الدقيقة | B) فرشاة دمج كسرة الجفن | C) فرشاة الشادو المسطحة | D) فرشاة تحديد الشفاه,B
217,Makeup,Easy,Multiple Choice,ما هي الفرشاة المسطحة الصغيرة ذات الحافة البيضاوية المستخدمة للتربيت وتثبيت الشادو على الجفن المتحرك بأعلى كثافة؟,A) فرشاة البودرة المنفوشة | B) الفرشاة المروحية | C) فرشاة السبولار | D) فرشاة التظليل المسطحة,D
218,Makeup,Easy,Multiple Choice,ما السائل الكيميائي (بتركيز 70% عادة) الذي يُرش على باليتات البودرة والأدوات المعدنية لتعقيمها فوراً بين العملاء؟,A) بيروكسيد الهيدروجين | B) الأسيتون | C) كحول الآيزوبروبيل | D) ماء الورد,C
219,Makeup,Easy,Multiple Choice,أي أداة مكياج عبارة عن لوح مسطح من الفولاذ المقاوم للصدأ يستخدمه الخبراء لمزج الفاونديشن والروج بطريقة صحية؟,A) صينية الخبز السيليكونية | B) الطبق الخزفي | C) باليت المزج المعدنية | D) الكأس الزجاجي,C
220,Makeup,Easy,Multiple Choice,ما الأداة المستخدمة مع باليت المزج المعدنية لغرف الكريمات والروج من العلب دون إدخال الأصابع أو التلويث؟,A) سكين المطبخ | B) الشوكة البلاستيكية | C) الملوق المعدني المقاوم للصدأ | D) عود الأسنان الخشبي,C
221,Makeup,Easy,Multiple Choice,ما الفائدة الأساسية لاستخدام إسفنجة السيليكون مقارنة بإسفنجة البيوتي بلندر الرغوية التقليدية؟,A) تقليص المسام نهائياً | B) إعطاء لمسة مطفية بودرية | C) صناعتها من الذهب | D) عدم امتصاصها لأي نقطة فاونديشن وسهولة مسحها وتنظيفها بالكامل في ثوانٍ,D
222,Makeup,Easy,Multiple Choice,ما هي الأداة أحادية الاستخدام التي تُستخدم في المتاجر والصالونات لوضع الماسكارا دون تلويث العبوة الأصلية؟,A) عود الأسنان | B) المسحة القطنية | C) القشة الورقية | D) عصا الماسكارا الاستهلاكية,D
223,Makeup,Easy,Multiple Choice,أي فرشاة تتميز بشعيرات صلبة ومائلة بزاوية حادة، مما يجعلها مثالية لرسم الحواجب وختم الآيلاينر الجل؟,A) الفرشاة المائلة الدقيقة | B) فرشاة البودرة الكبيرة | C) الفرشاة المروحية | D) فرشاة البلاشر المنفوشة,A
224,Makeup,Easy,Multiple Choice,كم مرة يجب غسل إسفنجات المكياج المستخدمة يومياً للحفاظ على أعلى معايير النظافة وصحة البشرة؟,A) مرة كل 6 أشهر | B) بعد كل استخدام أو كل بضعة أيام على الأكثر | C) لا تُغسل أبداً | D) مرة سنوياً,B
225,Makeup,Easy,Multiple Choice,فيمَ يُستخدم القفاز أو اللوح السيليكوني المنقوش بتعرجات وبروزات خاصة عند تنظيف المكياج؟,A) حفظ الفرش الجافة | B) ثني الرموش | C) وضع الفاونديشن على الوجه | D) فرك الصابون عبر شعيرات الفرش لتنظيف الفاونديشن والصبغات العالقة بالعمق بسرعة,D
226,Makeup,Easy,Multiple Choice,أي أداة مصممة خصيصاً لقص وتشذيب شعيرات الحواجب الطويلة أو المتشابكة بأمان على طول خط الحاجب؟,A) مقص الحواجب المنحني | B) مقص المطبخ | C) مقص التخريم | D) مقص القماش,A
227,Makeup,Easy,Multiple Choice,ما الغرض من نقر مقبض فرشاة ظلال العيون المحملة بالبودرة بخفة قبل وضعها على الجفن؟,A) إسقاط البودرة السائبة الزائدة لمنع تساقطها وتلطيخ الخدين | B) تنعيم الشعيرات | C) تنظيف الفرشاة | D) تدفئة الصبغة,A
228,Makeup,Easy,Multiple Choice,لماذا يتجنب خبراء المكياج المحترفون استخدام فرش الشعر الطبيعي مع المستحضرات السائلة والكريمية؟,A) لأن الشعر الطبيعي لا ينثني | B) لأن الشعر الطبيعي يذوب بالماء | C) لأن حراشف الشعر الطبيعي تمتص السوائل والزيوت وتحبسها مما يصعب تنظيفها وتعقيمها تماماً | D) لأنها غير قانونية,C
229,Makeup,Easy,Multiple Choice,ما هو المنظف السائل سريع الجفاف الذي يُستخدم على منشفة ورقية لتنظيف الفرش فورياً بين تبديل الألوان؟,A) سائل جلي الأطباق | B) منظف الفرش الفوري السريع | C) زيت الزيتون | D) الماء النقي,B
230,Makeup,Easy,Multiple Choice,أي نوع بشرة يتميز بفرط إفراز الزهم والمسام الواسعة المرئية والمظهر اللامع في كامل الوجه؟,A) البشرة المصابة بالجفاف | B) البشرة الجافة | C) البشرة العادية | D) البشرة الدهنية,D
231,Makeup,Easy,Multiple Choice,ما هو مستحضر العناية بالبشرة الذي يمنح ترطيباً أساسياً لمنع الفاونديشن من الالتصاق بالقشور الجافة؟,A) التونر القابض | B) قناع الطين | C) بخاخ التثبيت | D) الكريم المرطب,D
232,Makeup,Easy,Multiple Choice,ما هو المكون المرطب القوي الشهير بقدرته الفائقة على احتجاز ما يصل إلى 1000 ضعف وزنه من الماء؟,A) الكحول المشوه | B) مستخلص الهاماميليس | C) حمض الساليسيليك | D) حمض الهيالورونيك,D
233,Makeup,Easy,Multiple Choice,أي نوع بشرة يتميز بمنطقة T دهنية (الجبهة، الأنف، الذقن) بينما تظل الخدود جافة أو عادية؟,A) البشرة المختلطة | B) البشرة الحساسة | C) البشرة شديدة الجفاف | D) البشرة الناضجة,A
234,Makeup,Easy,Multiple Choice,لماذا يُعد تطبيق واقي الشمس يومياً تحت المكياج أمراً بالغ الأهمية قبل الخروج نهاراً؟,A) لجعل الفاونديشن مقاوماً للماء | B) لصبغ الحواجب | C) لحماية البشرة من أشعة الشمس فوق البنفسجية (UVA/UVB) المسببة للتجاعيد والشيخوخة المبكرة والتصبغات | D) لثني الرموش,C
235,Makeup,Easy,Typing,ما هي الحلقة أو الحلقة المعدنية التي تثبت شعيرات فرشاة المكياج بالمقبض؟,,فرول
236,Makeup,Easy,Typing,ما هي فرشاة البودرة اليابانية الفاخرة ذات المقبض القصير المأخوذة من المسرح الياباني التقليدي؟,,كابوكي
237,Makeup,Easy,Typing,ما هو الكحول المعقم (بتركيز 70%) المستخدم لتطهير أدوات المكياج وباليتات البودرة؟,,كحول أيزوبروبيل
238,Makeup,Easy,Typing,ما هي الإسفنجة الرغوية الناعمة المسامية على شكل قطرة ماء والمستخدمة رطبة لدمج الفاونديشن؟,,بيوتي بلندر
239,Makeup,Medium,Multiple Choice,لماذا يُعتبر كحول الآيزوبروبيل بتركيز 70% أكثر فاعلية في تطهير أدوات المكياج من تركيز 99%؟,A) لأن رائحته أفضل | B) لأن 99% قابل للاشتعال | C) لأن نسبة 30% ماء تبطئ التبخر وتسمح للكحول باختراق جدران الخلايا البكتيرية وتخثير بروتيناتها بكفاءة | D) لأن 99% بارد جداً,C
240,Makeup,Medium,Multiple Choice,ما الميزة الأساسية للألياف الاصطناعية المتقدمة (مثل ديرموكورا) مقارنة بشعر الماعز والسنجاب في فرش البودرة الحديثة؟,A) عدم قدرتها على حمل أي بودرة | B) ثقل وزنها المفرط | C) خلوها من مسببات الحساسية، وتماثل قطرها، وسهولة غسلها، وأدائها الممتاز مع التركيبات الكريمية والبودرية معاً | D) ذوبانها بالماء الدافئ,C
241,Makeup,Medium,Multiple Choice,ماذا يحدث عند استخدام الماء الساخن المغلي لغسل فرش المكياج بدلاً من الماء الفاتر أو البارد؟,A) تصبح الشعيرات ممغنطة | B) تتحول الشعيرات للأبيض | C) يذوب الصمغ الرابط داخل الحلقة المعدنية مما يؤدي لتساقط وتلف شعيرات الفرشاة نهائياً | D) ينكمش المقبض للنصف,C
242,Makeup,Medium,Multiple Choice,ما هي حركة 'التنقيط والربت' (Stippling) عند وضع كريم الأساس بالفرشاة أو الإسفنجة؟,A) السحب بخطوط أفقية طويلة | B) الضغط والنقر الخفيف المتكرر على الجلد لدمج المستحضر بدلاً من المسح والسحب عبر الوجه | C) الدعك بحركات دائرية خشنة | D) خدش الجلد,B
243,Makeup,Medium,Multiple Choice,لماذا يجب عدم مشاركة المستحضرات الكريمية والسائلة مباشرة من العبوة بين عدة أشخاص دون تعقيم؟,A) لأن حجم المنتج يتضاعف | B) لأن اللون يتغير | C) لأن التلوث التبادلي المباشر ينقل البكتيريا الممرضة والفيروسات (كالهربس) وعث الجلد مسبباً التهابات بصرية وجلدية خطيرة | D) لأن المنتج يفقد رائحته,C
244,Makeup,Medium,Multiple Choice,ما الذي يميز فرشاة الشفاه الاحترافية بتصميمها المسطح الصغير ذي الشعيرات المتراصة والمشطوفة؟,A) لدمج ظلال العيون | B) لجعل الشفاه تبدو عملاقة | C) لوضع الماسكارا | D) لمنح أعلى درجات التحكم لرسم حواف الشفاه بدقة وتعبئة الزوايا دون تلطخ أو خروج عن الخط,D
245,Makeup,Medium,Multiple Choice,فيمَ يُستخدم جهاز التنظيف الدوار أو الموجي الفوق صوتي للفرش في الصالونات والاستوديوهات الكبرى؟,A) تدوير وتحريك الفرش بسرعة فائقة في المحلول المنظف لغسلها وتجفيفها بقوة الطرد المركزي في ثوانٍ | B) تعطير الشعيرات | C) سن مقبض الفرشاة | D) صبغ الشعيرات بالأسود,A
246,Makeup,Medium,Multiple Choice,أي شعر حيوان طبيعي كان يُعتبر تاريخياً الأفخر في صناعة فرش المكياج اليابانية لنعومته الفائقة في نشر البودرة؟,A) شعر الجمل | B) شعر رقبة الخيل | C) شعر الخنزير | D) شعر السنجاب الأزرق أو شعر ماعز السايكوهو,D
247,Makeup,Medium,Multiple Choice,كيف يجب صيانة وسادة السيليكون المطاطية في مكبس ثني الرموش لضمان الأمان والأداء؟,A) عدم استبدالها طوال 10 سنوات | B) تنظيفها بأحماض كاوية | C) دهنها بصمغ سريع | D) استبدالها كل 3 إلى 6 أشهر بمجرد ظهور أخدود أو انحناء غائر لمنع قص أو قطع الرموش,D
248,Makeup,Medium,Multiple Choice,ما الغرض الأساسي من استخدام عصي الماسكارا أحادية الاستعمال عند العمل على عملاء متعددين في الصالون؟,A) توفير كمية المنتج | B) لأن الفرش العادية محظورة قانونياً | C) لتكثيف الماسكارا | D) لمنع انتقال بكتيريا العين وعدوى التهاب الملتحمة (العين الوردية) من شخص لآخر,D
249,Makeup,Medium,Multiple Choice,ما هي وظيفة مشط تفريق الرموش ذي الأسنان المعدنية الدقيقة المستخدم مباشرة بعد وضع الماسكارا؟,A) تمشيط الرموش الرطبة وإزالة التكتلات وتشابك الرموش العنكبوتية لمنح مظهر مروحي مفروز بنقاء | B) رسم الآيلاينر | C) قص الرموش | D) ثني الحواجب,A
250,Makeup,Medium,Multiple Choice,لماذا يضع الخبراء أغطية شبكية مرنة (Brush Guards) حول رؤوس الفرش النظيفة أثناء التجفيف؟,A) لإبقائها رطبة دائماً | B) للحفاظ على الشكل المقبب الأصلي للشعيرات ومنع تطايرها وتلفها أثناء التجفيف والتنقل | C) لجعل المقابض عازلة للماء | D) لتغيير لون الفرشاة,B
251,Makeup,Medium,Multiple Choice,أي تشطيب لمقابض الفرش يُعد الأكثر مقاومة للتقشر وتلف الماء عند الغسيل والتعقيم اليومي المكثف؟,A) الخشب غير المعالج والمفتوح المسام | B) الألومنيوم الصلب المعالج بأكسيد الأنودايز أو الأكريليك الصلب أو الخشب المعالج بعدة طبقات ورنيش مع حلقة نحاسية | C) الزجاج المفرغ | D) الكرتون المقوى,B
252,Makeup,Medium,Typing,ما هو المستخلص النباتي السام (معناه السيدة الجميلة) الذي كانت تقطره النساء في أعينهن لتوسيع البؤبؤ في عصر النهضة؟,,بلادونا
253,Makeup,Medium,Typing,ما اسم الفاونديشن الصلب القابل للتفعيل بالماء الذي ابتكره ماكس فاكتور عام 1937 لأفلام الألوان؟,,بان كيك
254,Makeup,Medium,Typing,ما هي فئة الملونات التجميلية المكونة من صبغات عضوية مترسبة على ركيزة ألومنيوم غير قابلة للذوبان؟,,ليك
255,Makeup,Hard,Multiple Choice,ما الخاصية الفيزيائية لرغوة البولي يوريثان المحبة للماء في البيوتي بلندر التي تسمح لها بالتمدد دون احتجاز العفن بالداخل؟,A) غلاف سيليكوني مغلق | B) طبقة ميكروفايبر خارجية | C) مصفوفة رغوية شبكية مفتوحة الخلايا تمتلئ بالماء فتمنع امتصاص المكياج داخل قلب الإسفنجة وتجف بسهولة | D) قلب مطاطي صلب,C
256,Makeup,Hard,Multiple Choice,لماذا يُعد التضييق المزدوج أو الثلاثي (Crimping) عند قاعدة حلقة الفرشاة حاسماً في جودة التصنيع؟,A) لأنه يثبت كتلة الشعيرات المصبوبة براتنج الإيبوكسي بإحكام ميكانيكي بالمقبض الخشبي لمنع انفصالها عند الغسيل المتكرر | B) لتزيين الفرشاة | C) لتنعيم الشعيرات | D) لتغيير اتزان الفرشاة,A
257,Makeup,Hard,Multiple Choice,أي صمغ كيميائي يستخدمه صانعو الفرش المحترفون داخل الحلقة المعدنية لضمان ثبات الشعيرات أمام المذيبات والكحول؟,A) صمغ الغراء الساخن | B) الأسمنت المطاطي | C) غراء المدارس الأبيض | D) راتنج الإيبوكسي البحري ثنائي التركيب والمقاوم للمذيبات الكيميائية,D
258,Makeup,Hard,Multiple Choice,في تصنيع إسفنجات المكياج، ما العملية التي تزيل عوامل النفخ المتطايرة وتضمن خلوها من اللاتكس ومسببات الحساسية؟,A) التبييض الكيميائي بالكلور | B) المعالجة الحرارية للتخلص من الغازات المتطايرة (Degassing) والغسيل المكثف بالماء منزوع الأيونات | C) الغمر في الأحماض | D) الطلاء بالبلاستيك,B
259,Makeup,Hard,Multiple Choice,ما الخاصية الكيميائية لفلاتر الأشعة فوق البنفسجية العضوية (مثل الأفوベンزون) التي تجعلها تتفكك بالضوء ما لم تُثبت بالأوكتوكريلين؟,A) خضوع الأفوベンزون لتغير تاتوميري كيتو-إينول تحت الأشعة فوق البنفسجية ليفقد امتصاصه ما لم يُثبت بمثبطات الحالة الثلاثية | B) تحوله لثاني أكسيد التيتانيوم | C) تفاعله مع الماء لإنتاج حمض | D) تبخره في درجة 20 مئوية,A
260,Makeup,Hard,Multiple Choice,كيف تقلل الجسيمات النانوية المغلفة من أكسيد الزنك وثاني أكسيد التيتانيوم (<100 نانومتر) المظهر الأبيض لواقي الشمس؟,A) لأنها تتحول لماء سائل | B) لأنها تذوب في دهون البشرة | C) لأنها تمتص 100% من الضوء المرئي | D) لأنها أصغر من الطول الموجي للضوء المرئي (400-700 نانومتر) فتمرره بينما تشتت أطوال الأشعة فوق البنفسجية,D
261,Makeup,Hard,Multiple Choice,في فسيولوجيا حاجز البشرة، ما النسبة الجزيئية الدقيقة (سيراميد : كوليسترول : أحماض دهنية حرة) لإصلاح الحاجز واستعادة ترطيبه؟,A) نسبة 10 : 0 : 0 | B) النسبة المتساوية الجزيئية 3 : 1 : 1 أو 1 : 1 : 1 | C) نسبة 1 : 10 : 1 | D) نسبة 5 : 5 : 0,B
262,Makeup,Hard,Multiple Choice,لماذا قد يثير حمض الهيالورونيك منخفض الوزن الجزيئي جداً (<50 كيلو دالتون) استجابات التهابية في البشرة المتضررة مقارنة بالمرتفع؟,A) لأنه يتحول لحمض حارق | B) لأنه يدخل الأوعية الدموية مباشرة | C) لأن الهيالورونيك عالي الوزن سام | D) لأن شظايا السلسلة القصيرة ترتبط بمستقبلات شبيهة بالرسم (TLR-2 و TLR-4) معطية إشارة بتلف الأنسجة ومحفزة للسيتوكينات,D
263,Makeup,Hard,Multiple Choice,ما الآلية الكيميائية التي تجعل حمض الساليسيليك (BHA) يقشر داخل المسام الزهمية دون غيره من الأحماض؟,A) أكسدة الكيراتين إلى غاز | B) تجميد الزهم وتحويله لصلب | C) كونه قاعدة قلوية قوية | D) بنيته الحلقية العطرية المحبة للدهون تسمح له باختراق الزهم وطبقات الدهون المزدوجة لتفكيك الروابط بين خلايا جدران المسام,D
264,Makeup,Hard,Typing,ما هي الكلمة اليابانية التقليدية لفرش المكياج والخط المصنوعة يدوياً على يد أمهر الحرفيين؟,,فودي
265,Makeup,Hard,Typing,ما هو السائل الأزرق المطهر المعتمد في المستشفيات وصالونات التجميل لتعقيم الأدوات غير المسامية؟,,باربيسايد
266,Makeup,Easy,Multiple Choice,ما هو المصطلح الشائع للوهج الأبيض الشبحي الذي يظهر على الوجه في الصور الفوتوغرافية بفعل واقيات الشمس المعدنية؟,A) التفتح الزهري | B) التأكسد | C) الستروبينغ | D) الارتداد الضوئي,D
267,Makeup,Easy,Multiple Choice,أي منتج تحضيري للبشرة يُستخدم لإزالة خلايا الجلد الميتة بلطف لإنشاء قاعدة ملساء وموحدة لكريم الأساس؟,A) بودرة التثبيت | B) الكونسيلر | C) البرونزر | D) المقشر,D
268,Makeup,Easy,Multiple Choice,ما هو الفارق الجوهري بين البشرة الجافة والبشرة المصابة بالجفاف (Dehydrated Skin) في العناية بالبشرة؟,A) البشرة الجافة تحدث في الصيف فقط | B) لا يوجد أي فارق بينهما | C) البشرة المصابة بالجفاف دائمة مدى الحياة | D) البشرة الجافة تفتقر إلى الزيوت والدهون الطبيعية (نوع بشرة)، بينما البشرة المصابة بالجفاف تفتقر للماء,D
269,Makeup,Easy,Multiple Choice,إلى ماذا يرمز اختصار 'SPF' المكتوب على عبوات واقيات الشمس وكريمات الأساس؟,A) معادلة صبغة البشرة | B) أساس البودرة الشمسية | C) عامل الحماية من الشمس | D) جزء الحماية السطحية,C
270,Makeup,Easy,Multiple Choice,أي مكون معدني في واقي الشمس يوفر حماية واسعة النطاق ويشتهر بتهدئة وتلطيف البشرة الحساسة المعرضة للاحمرار؟,A) حمض الجليكوليك | B) حمض الساليسيليك | C) أكسيد الزنك | D) بيروكسيد البنزويل,C
271,Makeup,Easy,Multiple Choice,ما الخطوة الضرورية بين تطبيق المرطب أو واقي الشمس وتطبيق كريم الأساس السائل لضمان ثبات المكياج؟,A) غسل الوجه بالصابون | B) الانتظار من 3 إلى 5 دقائق للسماح لمنتجات العناية بالامتصاص التام داخل البشرة | C) وضع الفاونديشن فوراً والمرطب رطب يسيل | D) فرك الوجه بالثلج لـ 10 دقائق,B
272,Makeup,Easy,Multiple Choice,أي نوع من المرطبات يُعد مثالياً للبشرة الدهنية قبل المكياج لأنه يرطب بكفاءة دون إضافة زيوت ثقيلة؟,A) زيت جوز الهند النقي | B) الكريم البارد الكثيف | C) المرطب الجل المائي الخفيف الخالي من الزيوت | D) الفازلين الدهني الثقيل,C
273,Makeup,Easy,Multiple Choice,ما هو مكون العناية المشتق من قصب السكر (AHA) المستخدم لتنعيم ملمس البشرة وإشراقها قبل وضع المكياج؟,A) اللانولين | B) حمض الهيالورونيك | C) حمض الجليكوليك | D) السكوالان,C
274,Makeup,Easy,Multiple Choice,ماذا يحدث لكريم الأساس السائل إذا طُبق فوق بشرة لم تُنظف من إفرازات الزيوت والعرق المتراكمة أثناء النوم؟,A) يمتزج الفاونديشن مع الدهون ويتفكك سريعاً ويسيل عن الوجه | B) يصبح الفاونديشن ثابتاً للأبد | C) تصبح البشرة جافة تماماً فوراً | D) يتحول الفاونديشن للون الأزرق,A
275,Makeup,Easy,Multiple Choice,أي زيت نباتي خفيف يحاكي الزهم الطبيعي للبشرة، مما يجعله زيتاً تحضيرياً سريع الامتصاص ومثالياً للبشرة الجافة؟,A) زيت السكوالان | B) شمع الخروع | C) شحم الخنزير | D) زيت المحركات المعدني,A
276,Makeup,Easy,Multiple Choice,ما المكون في واقيات الشمس الفيزيائية (المعدنية) المسؤول أساساً عن عكس ضوء الفلاش وإحداث الارتداد الأبيض في الصور؟,A) الجلسرين | B) ماء الورد | C) حمض الهيالورونيك | D) ثاني أكسيد التيتانيوم وأكسيد الزنك,D
277,Makeup,Easy,Multiple Choice,أي مقشر كيميائي (BHA) يتغلغل داخل المسام ليذيب الدهون ويمنع المكياج من إثارة البثور للبشرة المعرضة لحب الشباب؟,A) حمض اللاكتيك | B) حمض الساليسيليك | C) حمض الستريك | D) حمض الهيالورونيك,B
278,Makeup,Easy,Multiple Choice,ما نوع كريم العين المصمم خصيصاً لتحضير وترطيب محيط العين الرقيق قبل وضع الكونسيلر؟,A) معجون علاج حب الشباب الثقيل | B) جل أو كريم العين المرطب الخفيف سريع الامتصاص | C) مقشر الجسم الحبيبي | D) قناع الطين المطفي,B
279,Makeup,Easy,Multiple Choice,ما العرض الجلدي الذي يدل على تضرر حاجز البشرة الواقي، وغالباً ما يسبب شعوراً بالوخز والحرقان عند تطبيق الفاونديشن؟,A) التسمير السريع | B) نعومة المسام التامة | C) الاحمرار والحرقة والشعور بالشد والقشور الخشنة | D) البريق الذهبي الزائد,C
280,Makeup,Easy,Multiple Choice,ما الوظيفة الأساسية لرذاذات الوجه المائية المحتوية على الجلسرين وماء الورد المستخدمة قبل تطبيق المكياج؟,A) تثبيت البودرة للأبد | B) إزالة الماسكارا المقاومة للماء | C) إضافة طبقة ترطيب خفيفة فورية لإنعاش وامتلاء سطح البشرة | D) مقاومة الرموش للماء,C
281,Makeup,Easy,Multiple Choice,أي فيتامين مضاد للأكسدة يُطبق في سيرومات الصباح تحت واقي الشمس لحماية البشرة من الجذور الحرة وتفتيح النغمة؟,A) فيتامين K | B) فيتامين C | C) فيتامين B12 | D) فيتامين D3,B
282,Makeup,Easy,Multiple Choice,أي حضارة قديمة اشتهرت باستخدام الكحل الأسود المصنوع من الجالينا ومسحوق الملاكيت الأخضر لتكحيل العيون والوقاية من الشمس؟,A) حضارة المايا القديمة | B) الفايكنج | C) البريطانيون القدماء | D) الحضارة المصرية القديمة,D
283,Makeup,Easy,Multiple Choice,ما المادة السامة القاتلة التي استُخدمت تاريخياً في عصر النهضة بأوروبا (مثل بياض البندقية) لتبييض البشرة كرمز للأرستقراطية؟,A) الطباشير وحده | B) بودرة الأرز | C) مسحوق اللؤلؤ | D) الرصاص الأبيض,D
284,Makeup,Easy,Multiple Choice,في ثقافة الفلابر بالعشرينيات، ما شكل الشفاه الشهير الذي تميز بقمم قوس كيوبيد مبالغ فيها مع صغر عرض الفم؟,A) شفاه قوس كيوبيد | B) شفاه الأومبري المتدرجة | C) الشفاه الممتلئة المحددة للخارج | D) الشفاه الأفقية المطفية,A
285,Makeup,Easy,Multiple Choice,أي عارضة أزياء بريطانية أيقونية في الستينيات اشتهرت بمكياج الجفون البيضاء ورسم رموش سفلية وكسرة جفن درامية (Cut Crease)؟,A) إليزابيث تايلور | B) تويجي | C) مارلين مونرو | D) أودري هيبورن,B
286,Makeup,Easy,Multiple Choice,أي عقد من القرن العشرين اشتهر في عالم الموضة بظلال العيون النيون والبلاشر الدرامي المسحوب للصدغين والمكياج الصاخب؟,A) العشرينيات | B) الثمانينيات | C) الخمسينيات | D) القرن العشرين المبكر,B
287,Makeup,Easy,Typing,ما هي المادة الدهنية الطبيعية التي تفرزها الغدد الزهمية لتليين البشرة وتسبب لمعان المكياج؟,,زهم
288,Makeup,Easy,Typing,ما هو الجزيء المرطب الطبيعي الموجود في الجلد والذي يحتجز ما يصل إلى 1000 ضعف وزنه من الماء؟,,حمض الهيالورونيك
289,Makeup,Easy,Typing,ما هو الاختصار الدولي لعامل الحماية من أشعة الشمس المكتوب على مستحضرات الوقاية والمكياج؟,,spf
290,Makeup,Medium,Multiple Choice,لماذا يُفضل واقي الشمس الكيميائي على الواقي المعدني في جلسات التصوير الفوتوغرافي ومناسبات السجادة الحمراء؟,A) لأن الواقي المعدني يزول في ثانية | B) لأن فلاتر الواقي الكيميائي تمتص الأشعة وتحولها لحرارة دون عكس ضوء الفلاش، متجنبة المظهر الشبحي الأبيض | C) لأن الواقي الكيميائي أزرق | D) لأن الواقي الكيميائي يزيل المكياج,B
291,Makeup,Medium,Multiple Choice,ما هي وظيفة السيراميدات (Ceramides) في مرطبات ترميم الحاجز الواقي للبشرة قبل المكياج؟,A) تعمل كدهون بين خلوية تسد فجوات حاجز البشرة وتمنع فقدان الماء وتبخر الرطوبة وتمنع تكتل الفاونديشن | B) تذيب الرؤوس السوداء فوراً | C) تبيض النمش | D) تعمل كصبغات صناعية,A
292,Makeup,Medium,Multiple Choice,لماذا يجب تجنب المقشرات الفيزيائية العنيفة المحتوية على قشور الجوز المطحونة الخشنة قبل وضع الفاونديشن مباشرة؟,A) لأنها تحدث تمزقات مجهرية والتهاباً سطحياً حاداً، مما يسبب وخز الفاونديشن واستقراره بشكل غير متساوٍ في الشقوق المتهيجة | B) لأنها تزيل شعر الوجه | C) لأنها تجعل الجلد مقاوماً للماء | D) لأنها تحول الفاونديشن للأخضر,A
293,Makeup,Medium,Multiple Choice,بماذا يشتهر النياسيناميد (فيتامين B3) عند استخدامه في سيرومات العناية بالبشرة قبل تطبيق المكياج؟,A) تجميد عضلات الوجه | B) العمل كبرايمر للماسكارا | C) تنظيم إفراز الدهون والزهم وتهدئة الاحمرار وتضييق وتنعيم المظهر البصري للمسام الواسعة | D) صبغ الجلد بالأصفر,C
294,Makeup,Medium,Multiple Choice,كيف يختلف حمض اللاكتيك عن حمض الجليكوليك في التقشير الكيميائي التحضيري للبشرة الجافة والحساسة؟,A) حمض اللاكتيك مشتق من الصخور | B) حمض اللاكتيك ذو حجم جزيئي أكبر ينفذ ببطء ولطف أكبر مع عمله كمرطب طبيعي يجذب الماء | C) حمض الجليكوليك لا يذوب بالماء | D) حمض اللاكتيك زيت,B
295,Makeup,Medium,Multiple Choice,ما الذي يسبب 'فقدان الماء عبر البشرة' (TEWL) مما يؤدي لظهور المكياج بمظهر متكتل ومشدود ومتشقق بعد ساعات؟,A) رش بخاخ التثبيت | B) الإفراط في شرب الشاي | C) تبخر جزيئات الماء من طبقات الأدمة والبشرة عبر الطبقة القرنية المتضررة إلى الهواء الجاف المحيط | D) استخدام إسفنجة رطبة,C
296,Makeup,Medium,Multiple Choice,لماذا يُعد استخدام واقي شمس غير دهني وسريع الامتصاص أمراً حاسماً لنجاح تطبيق الفاونديشن فوقه؟,A) لأن واقي الشمس يتلف فرش البودرة | B) لأن واقي الشمس يمنع جفاف الماسكارا | C) لأن واقيات الشمس الزيتية الثقيلة تذيب المستحلبات في الفاونديشن مما يسبب فصل المكياج وانزلاقه وتجمعه في الخطوط | D) لأن واقي الشمس يجمد الفاونديشن,C
297,Makeup,Medium,Multiple Choice,ما الفائدة الأساسية لأحماض البولي هيدروكسي (PHAs) مثل الجلوكونولاكتون لتنعيم البشرة شديدة الحساسية أو المصابة بالوردية؟,A) بنيتها الجزيئية الضخمة جداً تقشر السطح الخارجي بلطف فائق دون النفاذ العميق المسبب للحرقة والاحمرار والتهيج | B) التسمير السريع | C) إزالة المسام نهائياً | D) تفتيح البقع في دقيقة,A
298,Makeup,Medium,Multiple Choice,ما الدور الذي يلعبه الجلسرين كواحد من أكثر المرطبات التجميلية فاعلية وجذباً للرطوبة في مستحضرات التحضير؟,A) جذب جزيئات الماء المحيطة إلى الطبقة القرنية للحفاظ على ليونة البشرة ومرونتها وترطيبها لانسياب الصبغات بسلاسة | B) استحلاب أقلام الشمع | C) الحفظ ضد الفطريات | D) إضافة لون أبيض,A
299,Makeup,Medium,Multiple Choice,لماذا تعطي زيوت الوجه (مثل زيت الورد أو الأرجان) أفضل النتائج عند تطبيقها فوق سيروم مائي بدلاً من الجلد الجاف مباشرة؟,A) لأن الزيوت تجفف البشرة | B) لأن الزيوت تحتوي على ماء كثير | C) لأن زيوت الوجه مواد عازلة ومطرية تحبس وتقفل الرطوبة المائية الموجودة داخل البشرة ولا توفر جزيئات ماء بنفسها | D) لأن السيروم يذيب الزيت,C
300,Makeup,Medium,Multiple Choice,كيف تختلف متطلبات تحضير البشرة الناضجة قبل المكياج مقارنة بالبشرة الشابة المعرضة لحب الشباب؟,A) البشرة الناضجة تحتاج كحولاً قابضاً ثقيلاً | B) البشرة الناضجة تتطلب مطريات أغنى وترطيباً غير مجفف والحد الأدنى من البودرة الثقيلة لمنع استقرار المكياج في الخطوط | C) البشرة الناضجة تحتاج 10 طبقات بودرة مطفية | D) لا توجد أي فروق,B
301,Makeup,Medium,Multiple Choice,ما الغرض الأساسي من استخدام أسطوانة الثلج (Ice Roller) أو الكرات الباردة على الوجه قبل المكياج؟,A) تجميد الفاونديشن ليصبح صلباً | B) إحداث انقباض وعائي يقلل مؤقتاً من انتفاخ الوجه ويهدئ الاحمرار ويشد مظهر البشرة | C) إزالة الجلد الميت | D) تخدير الوجه للوشم,B
302,Makeup,Medium,Typing,ما هو الإيثر الجليكولي الحافظ الشائع استخدامه (بتركيز أقل من 1%) في المستحضرات الخالية من البارابين؟,,فينوكسي إيثانول
303,Makeup,Medium,Typing,ما هو مستحلب الأكريليك الطبي اللاصق (يبدأ بحرف P) المعتمد كمعيار لتثبيت الأطراف الاصطناعية الثقيلة؟,,بروس إيد
304,Makeup,Hard,Multiple Choice,ما المشكلة الصياغية التي تحدث عند تطبيق فيتامين C النقي (بحموضة pH <3.5) قبل فاونديشن قلوي (pH >7.5) مباشرة؟,A) تبييض البشرة بشكل دائم | B) الاشتعال الذاتي | C) التعادل السريع يغير الحموضة مسبباً تخثر وتكتل المنتج ونقص فاعلية مضادات الأكسدة وتوهجاً وعائياً عابراً | D) لا يحدث أي تفاعل,C
305,Makeup,Hard,Multiple Choice,ما الدور الأساسي لكوبوليمرات الأكريلات المكونة للغشاء في برايمرات التثبيت الفائقة واللاصقة للمكياج؟,A) إذابة الزهم نهائياً | B) العمل كواقي شمس كيميائي | C) تشكيل شبكة بوليمرية ثلاثية الأبعاد عازلة للماء على سطح الجلد تثبت جزيئات الصبغة ضد العرق والاحتكاك | D) تبييض البشرة,C
306,Makeup,Hard,Multiple Choice,ما الظاهرة التي تصيب حاجز البشرة عند ترك مستحضر يحتوي على تركيز عالٍ من خافضات التوتر السطحي تحت مكياج ثقيل؟,A) تحول الجلد للبنفسجي | B) انعدام أي تأثير | C) تفكيك طبقات الدهون المزدوجة في الطبقة القرنية، مما يزيد نفاذية الجلد ويؤدي لانهيار الحاجز الواقي | D) تقشر الجلد بالكامل,C
307,Makeup,Hard,Multiple Choice,في مكياج البلاط الأوروبي في القرن الثامن عشر، ما هو مركب الزئبق السام الذي كان يُصاغ في معجون أحمر الخدود؟,A) أكسيد التيتانيوم | B) ستيارات الزنك | C) كبريتيد الزئبقيك الأحمر | D) كبريتات النحاس,C
308,Makeup,Hard,Multiple Choice,ما الآلية الفسيولوجية التي تفسر الأعراض العصبية السامة (الرعاش وتساقط الشعر) لدى النبلاء مستخدمي بياض البندقية؟,A) الامتصاص الجلدي المزمن لكربونات الرصاص القاعدية وارتباطها بمجموعات السلفهيدريل على البروتينات واستبدالها للكالسيوم عبر الحاجز الدموي الدماغي | B) نقص الفيتامينات | C) استنشاق التلك | D) حساسية ماء الورد,A
309,Makeup,Hard,Multiple Choice,في عام 1914، ما ابتكار ماكس فاكتور السينمائي الرائد للتصوير المقرب الذي حل محل مكياج الشحم المسرحي الثقيل؟,A) الفازلين الملون | B) اللاتكس السائل | C) دهان الشحم المرن الفائق (Supreme Greasepaint) المطبق في طبقة ميكرو رقيقة لا تتشقق تحت أضواء القوس الشديدة | D) بودرة التلك النقية,C
310,Makeup,Hard,Multiple Choice,ما التركيب الكيميائي لـ 'الأزرق المصري' (سيليكات نحاس الكالسيوم)، أول صبغة اصطناعية عرفتها البشرية في الزينة والمكياج؟,A) اللازورد المطحون | B) الكوبروريفايت (CaCuSi4O10) المصنع بدمج السيليكا ومركب النحاس وأكسيد الكالسيوم عند 900 مئوية | C) ألومينات الكوبالت | D) الأزرق البروسي,B
311,Makeup,Hard,Multiple Choice,في اليابان الإمبراطورية بفترة هييآن (794-1185م)، ما صيغة بودرة (الأوشيروي) التي وضعها النبلاء لتبييض الوجه والصدر؟,A) بودرة الأرز والرصاص الأبيض (نمط هيكيمايو) مع أحمر شفاه القرطم (بيني) المستخرج من العصفر | B) رماد العظام | C) الطباشير والصدف المطحون | D) الدقيق المبيض,A
312,Makeup,Hard,Typing,ما هو الاسم العلمي الدقيق للطبقة السطحية الخارجية الواقية للبشرة والمكونة من خلايا متقرنة ودهون؟,,الطبقة القرنية
313,Makeup,Easy,Multiple Choice,أي خبير مكياج هوليوودي أحدث ثورة في مكياج السينما بالثلاثينيات بابتكار كريم الأساس 'بان كيك' لأفلام تكنيكولور؟,A) ماكس فاكتور | B) كيفين أوكوين | C) بوبي براون | D) بات ماكغراث,A
314,Makeup,Easy,Multiple Choice,خلال العصر الفيكتوري في إنجلترا القرن التاسع عشر، ما الموقف الاجتماعي العام تجاه المكياج الثقيل والبارز؟,A) كان إلزامياً بالقانون | B) كان يُعتبر مبتذلاً وغير لائق بالنساء المحترمات اللواتي كن يقرصن خدودهن ويعضضن شفاههن سراً للتورد | C) كان الرجال يضعون مكياجاً أكثر من النساء | D) كان مسموحاً فقط بالشدو الأزرق,B
315,Makeup,Easy,Multiple Choice,ما هو المعدن الطبيعي الأحمر الذي استُخدم في مصر القديمة وروما لتلوين وتوريد الشفاه والخدود بمسحة وردية؟,A) الكبريت | B) الفحم | C) المغرة الحمراء أو أكسيد الحديد الأحمر | D) حجر اللازورد المسحوق,C
316,Makeup,Easy,Multiple Choice,أي نجمة هوليوودية في الخمسينيات اشتهرت عالمياً بالآيلاينر الأسود المجنح وأحمر الشفاه القرمزي الكلاسيكي كعلامة فارقة؟,A) تويجي | B) مادونا | C) شير | D) مارلين مونرو,D
317,Makeup,Easy,Multiple Choice,ما هي صيحة الجمال في التسعينيات التي تميزت بالحواجب الرفيعة جداً المنزوعة بإفراط وأحمر الشفاه البني المطفي؟,A) جلام روك الثمانينيات | B) مود بوب الستينيات | C) مظهر الجرنج والمينيماليزم في التسعينيات | D) ديسكو السبعينيات اللامع,C
318,Makeup,Easy,Multiple Choice,ما هي الصبغة النباتية الطبيعية المستخدمة لأكثر من 5000 عام في الشرق الأوسط وجنوب آسيا لنقش الجسد وصبغ الشعر؟,A) الزعفران | B) الحناء | C) النيلة | D) الكركم,B
319,Makeup,Easy,Multiple Choice,في اليابان القديمة، ما الممارسة المعروفة بـ 'أوهاغورو' (Ohaguro) التي قامت بها النبيلات والجيشا كرمز للجمال والمكانة؟,A) صبغ وتسويد الأسنان بالأسود | B) فن الكينتسوجي | C) تبييض الكابوكي | D) طلاء وجه الجيشا,A
320,Makeup,Easy,Multiple Choice,ما الصبغة الحمراء الطبيعية المشتقة من الحشرات التي استخدمتها كليوباترا لتلوين شفتيها والملكة إليزابيث الأولى لتوريد الخدود؟,A) مسحوق الشمندر | B) عصير التوت | C) الكارمين | D) الرصاص الأحمر,C
321,Makeup,Easy,Multiple Choice,من ابتكر أول ماسكارا صناعية تجارية حديثة وغير سامة في العقد الأول من القرن العشرين بخلط الفازلين وغبار الفحم لأخته ميبل؟,A) توماس لايل ويليامز | B) ماكس فاكتور | C) هيلينا روبنشتاين | D) تشارلز ريفسون,A
322,Makeup,Easy,Multiple Choice,في روما القديمة، ما المعدن الزئبقي السام الأحمر الذي كان يُسحق لإنتاج صبغة حمراء قانية تُعرف بالفيرميليون؟,A) الملاكيت | B) الجالينا | C) الزنجفر | D) الرهج الغار,C
323,Makeup,Easy,Multiple Choice,أي ملكة لإنجلترا في القرن السادس عشر جعلت مظهر الوجه الأبيض المطلي بالرصاص والشعر المستعار الأحمر رمزاً أيقونياً؟,A) ماري ملكة اسكتلندا | B) الملكة فيكتوريا | C) الملكة إليزابيث الأولى | D) الملكة آن,C
324,Makeup,Easy,Multiple Choice,ما السبب الأساسي لحاجة ممثلي الأفلام الصامتة بالعشرينيات لمكياج شحم خاص على أطقم التصوير بالأبيض والأسود؟,A) لأن شريط الفيلم الأورثوكروماتي كان غير حساس للضوء الأحمر فيبدو الوجه الطبيعي أسود أو ملطخاً على الشاشة | B) للحماية من المطر | C) لتبريد الممثلين | D) ليظهروا كأشباح,A
325,Makeup,Easy,Multiple Choice,ما صيحة مكياج العيون الشهيرة في السبعينيات التي تميزت بظلال العيون الزرقاء الباستيل مع البشرة البرونزية والملمع الشفاف؟,A) موضة الفلابر بالسبعينيات | B) جرنج التسعينيات | C) بين آب الخمسينيات | D) مكياج الديسكو وبوهيميان جلام السبعينيات,D
326,Makeup,Easy,Multiple Choice,أي رائدة تجميل بولندية-فرنسية أسست أول صالون تجميل حديث في أستراليا وبنت إمبراطورية عالمية للعناية بالبشرة الفاخرة؟,A) هيلينا روبنشتاين | B) ماري كاي آش | C) كوكو شانيل | D) إستي لودر,A
327,Makeup,Easy,Multiple Choice,في مصر القديمة، ما المعدن الأخضر المصنوع من كربونات النحاس الذي كان يُسحق ويوضع على الجفون العلوية قبل الكحل؟,A) الزمرد | B) اليشم | C) الملاكيت | D) الفيروز,C
328,Makeup,Easy,Multiple Choice,ما هو اختراع الثلاثينيات التجميلي الذي سمح للنساء بحمل أحمر الشفاه بأمان في حقائبهن بأنبوب معدني دوار بيد واحدة؟,A) أوراق أحمر الشفاه الورقية | B) قطارات الزجاج | C) علب المكياج الخشبية | D) أنبوب أحمر الشفاه الدوار المعدني,D
329,Makeup,Easy,Multiple Choice,ما الذي يشير إليه رمز المرطبان المفتوح الذي يحتوي على رقم متبوع بحرف 'M' (مثل 12M أو 6M) على عبوات المكياج؟,A) كود دفعة التصنيع | B) السعر بالدولار | C) عدد المكونات الكيميائية | D) فترة ما بعد الفتح (PAO) — عدد الأشهر التي يظل فيها المنتج آمناً وفعالاً بعد فتحه لأول مرة,D
330,Makeup,Easy,Multiple Choice,أي مكون معدني يُستخدم كقاعدة أساسية في بودرات الوجه وظلال العيون والبلاشر التقليدي لملمسه الحريري الناعم؟,A) الملح | B) السكر | C) بيكربونات الصوديوم | D) التلك,D
331,Makeup,Easy,Multiple Choice,ما هي الوظيفة الأساسية للمواد الحافظة في مستحضرات التجميل السائلة المائية كالفاونديشن والماسكارا والكريمات؟,A) جعل رائحة المكياج كالفواكه | B) تغيير لون المكياج | C) جعل الفاونديشن مقاوماً للماء | D) منع النمو الخطير للبكتيريا والفطريات والعفن مع مرور الوقت,D
332,Makeup,Easy,Multiple Choice,ما هو المكون التجميلي الشائع الذي يُضاف لربط ودمج طور الماء والزيت معاً حتى لا ينفصل المستحضر لطبقتين؟,A) الكحول | B) العطر | C) الرمل | D) المستحلب,D
333,Makeup,Easy,Multiple Choice,أي مستحضر تجميلي يتميز بأقصر مدة صلاحية بعد الفتح (يُنصح باستبداله كل 3 إلى 6 أشهر) لخطر بكتيريا العين؟,A) الماسكارا | B) ملمع الشفاه | C) البلاشر البودري المضغوط | D) قلم كحل العيون الخشبي,A
334,Makeup,Easy,Typing,ما هو الانعكاس والوهج الأبيض الشبحي الذي يظهر على الوجه في الصور بسبب الفلاش؟,,فلاش باك
335,Makeup,Easy,Typing,ما هو الكحل المعدني القديم المصنوع من خام الجالينا والذي وضعه المصريون القدماء لحماية العين من الشمس؟,,كحل
336,Makeup,Easy,Typing,ما هي ماركة المكياج الشهيرة المسماة تيمناً بـ ميبل أخت المؤسس التي خلطت الفازلين بغبار الفحم لرموشها؟,,ميبيلين
337,Makeup,Medium,Multiple Choice,ما الدور الذي تلعبه مضادات الأكسدة مثل حمض الفيروليك وفيتامين E عند دمجها مع فيتامين C تحت واقي الشمس؟,A) تعمل على استقرار فيتامين C ومضاعفة الحماية الضوئية التآزرية ضد الجذور الحرة | B) تصبغ الجلد بالأحمر الداكن | C) تجعل المكياج مطفياً | D) تزيل واقي الشمس,A
338,Makeup,Medium,Multiple Choice,لماذا وفر كحل العيون المصري القديم المصنوع من الجالينا فوائد طبية مناعية رغم احتواء خامه على الرصاص؟,A) لاحتوائه على فيتامين C | B) لقتله جميع خلايا العين | C) لأن أملاح الرصاص المعالجة بجرعات دقيقة جداً حفزت الخلايا المناعية لإنتاج أكسيد النيتريك لمكافحة بكتيريا العين | D) لصبغه القزحية دائماً,C
339,Makeup,Medium,Multiple Choice,ما التحول الاجتماعي الكبرى خلال الحرب العالمية الثانية الذي جعل الروج الأحمر رمزاً للوطنية وصمود النساء ضد الفاشية؟,A) حظر جميع الألوان باستثناء الأحمر | B) حملة روزي ريفيتر وقرار مجلس الإنتاج الحربي الأمريكي باعتبار أحمر الشفاه ضرورياً للروح المعنوية | C) جعل الروج مضاداً للرصاص | D) توزيع المكياج مجاناً,B
340,Makeup,Medium,Multiple Choice,في البلاط الفرنسي للقرن الثامن عشر تحت حكم ماري أنطوانيت، ما كان معنى شامات الجمال الحريرية السوداء (Mouches)؟,A) لصقات طبية لعلاج الحمى | B) عملات ذهبية ملصوقة | C) قطع حريرية أو مخملية سوداء تُوضع لإخفاء ندوب الجدري وإرسال رسائل غزلية مشفرة حسب موضعها | D) حواجب مستعارة من الصوف,C
341,Makeup,Medium,Multiple Choice,ما هو التقدم التكنولوجي الرائد لكريم الأساس 'بان كيك' (Pan-Cake) الذي أطلقه ماكس فاكتور عام 1937 للسينما؟,A) كونه سائلاً متوهجاً | B) صناعته من خليط الفطائر الصالح للأكل | C) قرص صلب مضغوط يذوب بالماء يطبق مطفياً ويقضي على لمعان أضواء تكنيكولور الحارقة دون سيلان | D) ثباته الدائم لمدة أسبوع,C
342,Makeup,Medium,Multiple Choice,خلال عصر النهضة، فيمَ استخدمت النساء الإيطاليات قطرات مستخلص نبات البلادونا (ست الحسن) في أعينهن؟,A) لتنظيف الرموش | B) لتوسيع حدقة وبؤبؤ العين والذي كان يُعتبر ملمحاً مغرياً وجذاباً للجمال الأنثوي | C) لعلاج العمى | D) لتغيير لون العين للأخضر,B
343,Makeup,Medium,Multiple Choice,ما الحدث التاريخي البارز في عام 1922 الذي أطلق هوساً عالمياً بالمكياج المستوحى من الفراعنة والكحل المجنح؟,A) افتتاح قناة السويس | B) اكتشاف مقبرة الملك توت عنخ آمون السليمة على يد هوارد كارتر | C) انتهاء الحرب العالمية الأولى | D) اختراع التصوير الملون,B
344,Makeup,Medium,Multiple Choice,كيف كانت النساء الفيكتوريات يمنحن خدودهن وشفتيهن تورداً سراً دون الوقوع في فضيحة استخدام الروج المحظور؟,A) بفرك صبغة الأشرطة الحمراء أو عصير الشمندر أو بقرص الخدود وعض الشفاه بقوة لإثارة الدورة الدموية | B) بأكل الفلفل الحار باستمرار | C) بوضع الياقوت المسحوق | D) بدهن الدهان ليلاً,A
345,Makeup,Medium,Multiple Choice,ما هو الابتكار الثوري في تعبئة وصياغة الروج الذي قدمته هازل بيشوب عام 1950 وأحدث ثورة في السوق الحديث؟,A) علب البودرة المنثورة | B) الروج البخاخ | C) الأنابيب البلاستيكية المرنة | D) أول أحمر شفاه تجاري طويل الثبات لا يتلطخ ويبقى ثابتاً أثناء الأكل والتقبيل,D
346,Makeup,Medium,Multiple Choice,في الصين القديمة خلال عهد سلالة تانغ، ما هي صيحة الحواجب الفريدة التي انتشرت بين النبيلات؟,A) ارتداء حواجب متصلة من فراء الحيوانات | B) وشم الحواجب بالأحمر | C) تبييض الحواجب للأبيض | D) حلق الحواجب الطبيعية بالكامل ورسم أشكال هندسية معقدة باللون الأخضر المزرق كأجنحة الفراشة,D
347,Makeup,Medium,Multiple Choice,ما أهمية إطلاق تشارلز ريفسون لحملة ريفلون لمطابقة لون أحمر الشفاه وطلاء الأظافر في الثلاثينيات؟,A) ابتكار المفهوم العصري لتنسيق ألوان المكياج مع الموضة وتحويل طلاء الأظافر والروج لبيان أناقة متكامل | B) خفض الأسعار لسنت واحد | C) جعل الروج شفافاً تماماً | D) جعل طلاء الأظافر صالحاً للأكل,A
348,Makeup,Medium,Multiple Choice,في إنجلترا الإليزابيثية، ما هو الغسول الكاوي الخطير المستخدم لتجريد البشرة والحفاظ على بياضها الخزفي؟,A) مزيج مائي سام من كلوريد الزئبق والرصاص والخل | B) ماء الورد النقي والعسل | C) بتلات الورد المطحونة | D) زيت الزيتون والملح,A
349,Makeup,Medium,Typing,ما هي الإسفنجة الخشنة المسامية السوداء المستخدمة في الخدع السينمائية لعمل الخدوش وشعر اللحية والشعيرات الدموية؟,,إسفنجة الخدوش
350,Makeup,Medium,Typing,ما هو الشمع الحيواني الطبيعي الذي يفرزه نحل العسل ويُستخدم في تثبيت قوام أحمر الشفاه غير النباتي؟,,شمع العسل
351,Makeup,Hard,Multiple Choice,خلال العشرينيات، ما براءة الاختراع الكيميائية التي قدمها يوجين شويلر (مؤسس لوريال) لصبغات الشعر والحواجب الآمنة؟,A) صبغات الأكسدة المعتمدة على بارافينيلين ديامين (PPD) تحت الاسم التجاري أوريال | B) بيروكسيد الهيدروجين النقي | C) خلات الرصاص | D) مستخلص الحناء المركز,A
352,Makeup,Hard,Multiple Choice,لماذا صدر قانون الغذاء والدواء ومستحضرات التجميل الأمريكي الفيدرالي لعام 1938 لإخضاع المكياج للرقابة لأول مرة؟,A) فضيحة صبغة الرموش 'Lash Lure' السامة المعتمدة على الأنيلين غير المنظم والتي سببت تقرحات القرنية وعمى نساء عديدات | B) كريمات الوجه المقلدة | C) غلاء أسعار أحمر الشفاه | D) نقص بودرة التلك,A
353,Makeup,Hard,Multiple Choice,ما أهمية كتاب التجميل الرائد 'Making Faces' الذي أصدره خبير المكياج كيفين أوكوين عام 1997؟,A) الاستغناء عن الفاونديشن | B) حظر استخدام الفرش | C) نشر وتعليم فنون الكونتور والنحت البصري المعماري للوجه للجمهور العالمي وفناني الجيل الجديد | D) إدخال الوشم الدائم,C
354,Makeup,Hard,Multiple Choice,في الكيمياء التجميلية، ماذا يحدد نظام التوازن المحب للماء والدهون (HLB) عند ابتكار مستحلب كريم الأساس؟,A) كثافة لون أكاسيد الحديد | B) حموضة البودرة النهائية | C) النسبة الدقيقة للمجموعات المحبة للماء والدهون لتحديد استقرار مستحلب زيت في ماء أو ماء في زيت | D) معامل الحماية SPF,C
355,Makeup,Hard,Multiple Choice,ما هي البنية البلورية لأوكسي كلوريد البزموت (CI 77163) التي تمنح توهجاً لؤلؤياً عاكساً في مستحضرات التجميل الفاخرة؟,A) صفائح بلورية رباعية الزوايا ذات طبقات متعددة تعمل كعاكسات مرآوية للضوء الساقط | B) كرات غير متبلورة | C) موشورات سداسية مسامية | D) بلورات ملحية مكعبة,A
356,Makeup,Hard,Multiple Choice,لماذا تُجرى معالجة سطحية (مثل التغليف بالديميثيكون) لأكاسيد الحديد الصبغية أثناء تصنيع كريم الأساس؟,A) لجعل الصبغات تذوب بالماء | B) لمعادلة المعادن الثقيلة | C) لتغيير لونها من أسود لأبيض | D) لجعل جزيئات الصبغة كارهة للماء ومحبة للدهون فتتوزع بتجانس في الأطوار السيليكونية دون تكتل أو ترسب,D
357,Makeup,Hard,Multiple Choice,ما التفاعل الكيميائي الذي يحدث أثناء جفاف وتصلب صمغ وصلات الرموش شبه الدائمة المعتمد على السيانوأكريلات؟,A) التبخر الحراري للكحول | B) الأكسدة بالأكسجين الجوي | C) التحلل الضوئي بالأشعة فوق البنفسجية | D) البلمرة الأنيونية المحفزة برطوبة الجو وسطح الرمش (H2O) والتي تربط المونومرات فوراً في شبكة بوليمر صلبة,D
358,Makeup,Hard,Multiple Choice,في علم الريولوجيا التجميلية، ما هي خاصية 'الثيكسوتروبيا' (Thixotropy) ولماذا تُعد جوهرية للفاونديشن وطلاء الأظافر؟,A) الترقق السائل الدائم | B) خاصية سيولة السائل وانخفاض لزوجته تحت تأثير الإجهاد والرج والدهن بالفرشاة وعودته للقوام الهلامي عند السكون لمنع السيلان | C) التصلب بالحرارة | D) التبخر اللحظي,B
359,Makeup,Hard,Typing,ما هو المكون الدهني في حاجز البشرة (إلى جانب السيراميد والأحماض الدهنية) الذي يحافظ على مرونة الغشاء الخلوي؟,,كوليسترول
360,Makeup,Easy,Multiple Choice,ماذا يحدث لكريم الأساس السائل أو الماسكارا عند انتهاء فترة صلاحيتهما وتلفهما؟,A) تصبح مقاومة للماء 100% | B) تزداد كثافة صبغتها | C) قد تنفصل طبقاتها وتصدر رائحة زنخة كريهة وتتغير في القوام وتسبب التهابات بكتيرية للبشرة | D) تتحول لذهب,C
361,Makeup,Easy,Multiple Choice,ما السبب الأساسي الذي يجعل تكرار ضخ فرشاة الماسكارا للداخل والخارج في الأنبوب ضاراً جداً بالمنتج؟,A) يكسر مقبض الفرشاة | B) يحول اللون الأسود لرمادي | C) يدخل الهواء للداخل مما يؤدي لجفاف التركيبة بسرعة ودخول البكتيريا الهوائية للأنبوب | D) يجعل الماسكارا سميكة لدرجة تمنع فتحها,C
362,Makeup,Easy,Multiple Choice,ماذا تعني عبارة 'مضاد للحساسية' (Hypoallergenic) المكتوبة على مستحضرات المكياج؟,A) ضمان خلوه من التحسس بنسبة 100% لجميع البشر على كوكب الأرض | B) مصنوع بالكامل من الماء | C) مصاغ بمكونات تحتوي على أقل قدر من مسببات الحساسية المعروفة لتقليل فرص التهيج الجلدي | D) خالٍ من الصبغات,C
363,Makeup,Easy,Multiple Choice,أي فئة من المكونات التجميلية مسؤولة عن تشكيل طبقة مرنة تسمح للبشرة بالتنفس وتبقي الآيلاينر مقاوماً للتلطخ؟,A) مرق الخضار | B) البوليمرات المكونة للغشاء | C) الماء النقي | D) السكر المحبب,B
364,Makeup,Easy,Multiple Choice,لماذا يجب بري وشحذ أقلام العيون والشفاه الخشبية بانتظام بمبراة قبل كل استخدام؟,A) لجعلها أكثر طراوة | B) لتغيير لونها | C) لإنشاء سطح تطبيقي جديد ومعقم وإزالة أي تراكم للبكتيريا عن السن | D) لتقصيرها وتسهيل تخزينها,C
365,Makeup,Easy,Multiple Choice,ما هي الزبدة النباتية الطبيعية الغنية بالأحماض الدهنية والمستخدمة بكثرة في أحمر الشفاه ومرطبات الشفاه للترطيب العميق؟,A) زبدة الفول السوداني | B) زبدة الحليب البقري | C) زبدة اللوز | D) زبدة الشيا,D
366,Makeup,Easy,Multiple Choice,ما الوظيفة الأساسية لفيتامين E (التوكوفيرول) عند إضافته لمستحضرات التجميل الزيتية كأحمر الشفاه وزيوت الوجه؟,A) يعمل كصبغة حمراء | B) يعمل كمضاد أكسدة يمنع الزيوت النباتية من التأكسد والزنخ والتلف | C) يبيض الصبغات | D) يعطي رائحة حمضية,B
367,Makeup,Easy,Multiple Choice,أي مكون يُضاف عادة لبخاخات التثبيت لتكوين غشاء مرن غير مرئي يحبس ويثبت المكياج على البشرة طويلاً؟,A) زيت الزيتون | B) الماء المالح | C) بودرة التلك المعدنية | D) البوليمرات المثبتة,D
368,Makeup,Easy,Multiple Choice,ما المصطلح الذي يطلق على اختبار الصيغة التجميلية لمعرفة ما إذا كانت تسبب حساسية جلدية بوضع نقطة صغيرة على باطن الذراع؟,A) الاختبار الأعمى | B) اختبار التذوق | C) اختبار الخدش | D) اختبار الرقعة والحساسية,D
369,Makeup,Easy,Multiple Choice,أي نوع من العبوات يُعتبر الأكثر صحية ونظافة لكريم الأساس السائل لمنع دخول الهواء وبكتيريا الأصابع للزجاجة؟,A) العبوة ذات المضخة المعزولة عن الهواء | B) المرطبان المفتوح واسع الفوهة | C) المظروف الورقي | D) الوعاء المفتوح,A
370,Makeup,Easy,Multiple Choice,ما الفارق الأساسي بين مستحضر تجميلي 'خالٍ من العطور' (Fragrance-Free) ومستحضر 'غير معطر' (Unscented)؟,A) لا يوجد أي فارق | B) الخالي من العطور يحتوي على عطر قوي | C) الخالي من العطور لا يحتوي على أي مواد عطرية مضافة، بينما غير المعطر قد يحتوي على عطور معادلة لإخفاء رائحة المواد الخام | D) غير المعطر عضوي دائماً,C
371,Makeup,Easy,Multiple Choice,ما هو الدور الأساسي لمادة الديميثيكون (سيليكون تجميلي واسع الانتشار) في الفاونديشن والبرايمر؟,A) إزالة شعر الوجه نهائياً | B) توفير انسيابية حريرية ملساء تملأ المسام والخطوط غير المتساوية وتمنح ملمساً مخملياً | C) قتل البكتيريا | D) صبغ الفاونديشن بالبرتقالي,B
372,Makeup,Easy,Multiple Choice,لماذا يجب تخزين مستحضرات البودرة كالبلاشر والشادو في بيئة جافة بدلاً من رف الحمام الرطب المشبع بالبخار؟,A) لأن البودرة تتحول لغاز بالبخار | B) لاختفاء الألوان بالحرارة | C) لأن الرطوبة العالية تعزز نمو العفن الميكروبي وتسبب تحجر وتقسية سطح البودرة | D) لأن الفرش تذوب,C
373,Makeup,Easy,Multiple Choice,ما هي ظاهرة 'تحجر البودرة' (Hard-panning) على سطح علبة الشادو أو البلاشر المضغوط؟,A) انكسار العلبة المعدنية | B) تلاشي اللون تماماً | C) انتقال زيوت البشرة الطبيعية من الفرشاة إلى سطح البودرة مكونة قشرة صلبة عازلة تمنع التقاط اللون | D) تحول البودرة لسائل,C
374,Makeup,Easy,Multiple Choice,ما هي الحيلة البسيطة والآمنة لإزالة الطبقة الزيتية المتحجرة عن سطح شادو العيون دون إتلاف العلبة؟,A) كشطها بسكين المطبخ | B) غسلها بالماء الساخن والصابون | C) وضع الباليت في الميكروويف | D) لصق قطعة شريط لاصق نظيف (سيلوتيب) على السطح ونزعها لإزالة القشرة المتحجرة,D
375,Makeup,Easy,Multiple Choice,أي نوع من الصبغات التجميلية يكون غير قابل للذوبان نهائياً في الماء والزيت ويتطلب توزيعاً مجهرياً دقيقاً في السوائل؟,A) قطرات ألوان الطعام المائية | B) حبيبات السكر | C) الصبغات المعدنية غير القابلة للذوبان | D) ملح الطعام,C
376,Makeup,Easy,Multiple Choice,ما هو الصمغ السائل الكهرماني المصنوع من الراتنج المذاب بالكحول المستخدم كلاسيكياً في المسرح للصق اللحى والأنوف المستعارة؟,A) ماء الميسيلار | B) صمغ الروح المسرحي | C) بخاخ التثبيت | D) الصمغ السريع الفائق,B
377,Makeup,Easy,Multiple Choice,ما هي مادة المطاط السائل الحليبية التي تجف لطبقة جلدية مرنة وتُستخدم في الخدع السينمائية لعمل الجروح والحروق؟,A) اللاتكس السائل | B) زيت جوز الهند | C) شمع الشموع المذاب | D) رذاذ الماء,A
378,Makeup,Easy,Multiple Choice,ما هو معجون الشمع المرن القابل للتشكيل المستخدم لنحت الجروح والأنوف المكسورة وندوب الرصاص على الوجه؟,A) صابون الحواجب | B) شمع الندوب والخدع | C) ملمع شمع العسل | D) شمع البرافين,B
379,Makeup,Easy,Multiple Choice,في فن مكياج الدراغ كوينز، ما هي الأداة المنزلية الشهيرة المستخدمة لإخفاء وتسطيح شعر الحواجب تماماً لرسم حواجب جديدة فوقها؟,A) زبدة الفول السوداني | B) قلم الصمغ الورقي الأرجواني القابل للغسل | C) طلاء الأظافر الشفاف | D) معجون الأسنان,B
380,Makeup,Easy,Multiple Choice,ما هو المكياج الكريمي الأبيض الكثيف غير الشفاف المستخدم كأساس كلاسيكي لمهرجي السيرك وفناني البانتومايم والجيشا؟,A) قطرات البرونزر | B) كريم المهرج الأبيض الشحمي | C) المرطب الملون الخفيف | D) البودرة الشفافة,B
381,Makeup,Easy,Typing,ما هو المعدن الثقيل السام (المعروف قديماً بالسيروس) الذي طُلي على الوجه لقرون لتبييض البشرة في أوروبا؟,,رصاص
382,Makeup,Easy,Typing,ما هي الصبغة النباتية البرتقالية الحمراء المستخدمة منذ آلاف السنين في الشرق الأوسط وشمال أفريقيا للزينة؟,,حناء
383,Makeup,Easy,Typing,ما هو الرمز التجميلي (أيقونة مرطبان مفتوح مع رقم وحرف M) الذي يوضح صلاحية المنتج بالشهور بعد فتحه؟,,pao
384,Makeup,Medium,Multiple Choice,ما الحركة الثقافية في أواخر الستينيات والسبعينيات التي احتفت بالشعر الأفريقي الطبيعي ورفضت المعايير الغربية بشعار 'الأسود جميل'؟,A) حركة المود في الستينيات | B) الإحياء الفيكتوري | C) حركة الفلابر | D) حركة 'الأسود جميل' والقوة السوداء,D
385,Makeup,Medium,Multiple Choice,من أسست ماركة 'فاشن فير' (Fashion Fair) عام 1973 كأول خط تجميل عالمي فاخر مصمم خصيصاً للبشرات الملونة والداكنة؟,A) مدام سي جي ووكر | B) يونيس دبليو جونسون | C) هيلينا روبنشتاين | D) إستي لودر,B
386,Makeup,Medium,Multiple Choice,لماذا تُعتبر مركبات البارابين (مثل ميثيل بارابين وبروبيل بارابين) من أكثر المواد الحافظة فاعلية وأماناً في علم التجميل؟,A) لأنها فعالة بتركيزات منخفضة جداً ضد طيف واسع من البكتيريا والخمائر والعفن عبر نطاق حموضة واسع دون تغيير قوام المستحضر | B) لصبغها المستحضر بالوردي | C) لعملها كواقي شمس | D) لكونها نكهات حلوة,A
387,Makeup,Medium,Multiple Choice,ما هو مركب الفينوكسي إيثانول (Phenoxyethanol) البديل الشائع للمواد الحافظة في مستحضرات التجميل النظيفة الحديثة؟,A) زيت عطري طبيعي | B) إيثر جليكول عطري حافظ فعال ضد البكتيريا سالبة الجرام ويتحمله الجلد بامتياز بتركيزات أقل من 1% | C) معدن ثقيل سام | D) مادة مبيضة,B
388,Makeup,Medium,Multiple Choice,لماذا يُفحص التلك التجميلي بدقة فائقة عبر حيود الأشعة السينية (XRD) والمجهر الإلكتروني النافذ (TEM)؟,A) للبحث عن الذهب | B) لجعله مقاوماً للماء | C) للتحقق من مذاقه | D) للتحقق القاطع والتأكد التام من خلو الرواسب التعدينية الطبيعية من أي تلوث بألياف الأسبستوس المسرطنة,D
389,Makeup,Medium,Multiple Choice,ما الفارق الأساسي بين الصبغة الذائبة (Dye) والصبغة المرسبة (Lake) في تلوين مستحضرات التجميل؟,A) صبغات الليك مصنوعة من البحيرات العذبة | B) صبغات الليك زرقاء فقط | C) الصبغات العادية مواد كيميائية ذائبة بالماء، بينما صبغات الليك صبغات عضوية مترسبة كيميائياً على ركيزة معدنية غير ذائبة | D) الصبغات العادية طبيعية دائماً,C
390,Makeup,Medium,Multiple Choice,ما الذي يسبب ظاهرة 'انفصال الطور' (Phase Separation) وتكتل كريم الأساس السائل داخل العبوة؟,A) ذوبان الصبغات | B) تعفن الماء النقي | C) فقدان الرائحة | D) عدم استقرار نظام المستحلب أو التعرض لدرجات حرارة قصوى أو عدم توافق المكونات مما يجعل قطرات الزيت تلتحم وتنفصل عن الماء,D
391,Makeup,Medium,Multiple Choice,لماذا تُستخدم السيليكونات المتطايرة مثل سيكلوبنتاسيلوكسان (D5) في ظلال العيون السائلة والفاونديشن طويل الثبات؟,A) لإضافة ماء للبشرة | B) لتوزيع الصبغات بسلاسة فائقة ثم التبخر التام بحرارة الجسم تاركة طبقة رقيقة خفيفة ومقاومة للنقل والتلطخ | C) للالتصاق الدائم بخلايا الجلد | D) لتجميد الصبغات,B
392,Makeup,Medium,Multiple Choice,ما هو الدور الوظيفي للسيليكا الكروية في بودرات تثبيت المكياج والتحكم في لمعان الزيوت؟,A) العمل كواقي شمس | B) حفظ المستحضر ضد الفطريات | C) إضافة صبغة سوداء عميقة | D) تمتلك مساحة سطحية هائلة تمتص الزهم الزائد وتشتت الضوء كروياً لمنح تأثير تمويه ناعم للمسام,D
393,Makeup,Medium,Multiple Choice,ما المكون الصياغي الذي يمنح الآيلاينر السائل المقاوم للماء مرونته لمنع تشققه وتكسره عند حركة رمش العين؟,A) بودرة التلك المعدنية | B) النسبة العالية من الماء | C) البوليمرات الملدنة (Plasticizers) التي تضفي مرونة وقوة شد للغشاء الراتنجي الجاف | D) زيت الطهي الثقيل,C
394,Makeup,Medium,Multiple Choice,كيف يعمل مركب الإيزودوديكان (Isododecane) كمذيب وحامل أساسي في الروج السائل والماسكارا المقاومة للماء؟,A) يضيف نكهة سكرية | B) يعمل كمستحلب دائم | C) يصبغ الجلد بصبغة أبدية | D) هيدروكربون طيار سريع الانتشار يحمل الصبغات والشموع بسلاسة ثم يتبخر بسرعة ليترك لمسة جافة مقاومة للمسح والتلطخ,D
395,Makeup,Medium,Multiple Choice,ما الغرض من إضافة العوامل المخلبية مثل ثنائي صوديوم إيديتات (Disodium EDTA) لمستحضرات التجميل المائية؟,A) تكوين رغوة | B) تلوين المستحضر بالأبيض | C) إضافة رائحة عطرية | D) احتجاز وعزل أيونات المعادن النزرة (كالكالسيوم والحديد) في الماء لمنعها من تفكيك المستحلب أو إبطال المواد الحافظة,D
396,Makeup,Medium,Typing,ما هي المادة الدهنية المستخرجة من صوف الأغنام وتُستخدم كمطري في مرطبات وأحمر الشفاه غير النباتي؟,,لانولين
397,Makeup,Medium,Typing,ما هي تقنية المكياج الاحترافية التي يُوضع فيها الكونتور والبلاشر الكريمي تحت الفاونديشن وليس فوقه؟,,أندربينتينغ
398,Makeup,Hard,Multiple Choice,ما هو اختبار التحدي الميكروبي القياسي (USP 51 / ISO 11930) المطلوب إلزامياً لجميع مستحضرات التجميل المائية قبل طرحها؟,A) غلي المستحضر في الأحماض | B) اختباره على متطوعين للبثور | C) حقن عينات المستحضر بسلالات بكتيرية وفطرية قياسية محددة للتحقق من قدرة النظام الحافظ على القضاء عليها لوغاريتمياً | D) تجميد المستحضر لعام,C
399,Makeup,Hard,Multiple Choice,ما التوازن الصياغي الذي يمنع ظاهرة 'تعرق الروج' (Syneresis) في أصابع التجميل اللامائية المحتوية على مطريات متطايرة؟,A) ضبط مؤشر الدهون الصلبة (SFI) وكثافة التراصف البلوري للشموع الميكروكريستالية لحبس الزيوت في المسام الشعرية | B) إضافة ماء نقي | C) إزالة الشموع كلياً | D) خفض نقطة الانصهار للصفر,A
400,Makeup,Hard,Multiple Choice,لماذا يُفضل استخدام أسيتات التوكوفيريل (Tocopheryl Acetate) على فيتامين E النقي في كريمات الأساس التجارية؟,A) لانعدام استقراره | B) لرخص ثمنه عن الماء | C) لكونه أزرق اللون | D) لأن مجموعة الإستر الأسيتات تحمي الجزيء من الأكسدة الجوية داخل العبوة، ولا يتحرر فيتامين E النشط إلا بالإنزيمات الجلدية,D
401,Makeup,Hard,Multiple Choice,ما هو المصطلح العلمي الشائع لخليط الزيت والماء المتماسك بمساعدة عامل استحلاب رابط؟,A) هيدروكربون | B) مذيب | C) مستحلب | D) راسب,C
402,Makeup,Hard,Multiple Choice,في الخدع السينمائية المتطورة، أي بوليمر سيليكوني معالج بالبلاتين يُفضل لمحاكاة أنسجة الوجه الواقعية؟,A) بولي ثنائي ميثيل سيلوكسين معالج بالإضافة ثنائي التركيب مع مادة ملينة | B) سيليكون القصدير المعالج بالتكثيف | C) راتنج البولي يوريثان | D) المطاط المعالج بالحرارة العالية,A
403,Makeup,Hard,Multiple Choice,ما وظيفة إضافة مادة ملينة (Deadener) إلى السيليكون البلاتيني للأطراف الاصطناعية الوجهية؟,A) تسريع جفاف السيليكون | B) جعل القطعة صلبة كالبلاستيك | C) إضافة لون أسود | D) تفكيك كثافة التشابك لإلغاء المرونة المطاطية وإضفاء ملمس ناعم رخو يحاكي الأنسجة الدهنية البشرية,D
404,Makeup,Hard,Multiple Choice,في تصنيع الأطراف السيليكونية السينمائية، ما هي تقنية 'الفلوكينغ' (Flocking) داخل السيليكون الشفاف؟,A) رش القالب بالدقيق | B) إضافة ألياف رايون أو نايلون مجهرية ملونة (أحمر، أزرق، أصفر) لمحاكاة الشعيرات الدموية والأوردة تحت الجلد | C) رش القطعة بمثبت الشعر | D) طلاء السطح ببودرة بيضاء,B
405,Makeup,Hard,Multiple Choice,لماذا يُفضل استخدام إيزوبروبيل ميريستات (IPM) على الأسيتون لإذابة حواف البلاستيك حول منطقة العين الحساسة؟,A) لأن IPM ماء نقي | B) لأنه إستر دهني لطيف وغير قطبي يذيب حواف البلاستيك بنعومة دون التسبب في حروق كيميائية أو تهيج للقرنية أو جفاف شديد | C) لأنه يجمد البلاستيك | D) لرائحته كالفانيليا,B
406,Makeup,Hard,Typing,ما اسم صبغة رموش الأنيلين السامة في الثلاثينيات التي سببت العمى وأدت مباشرة لصدور قانون الغذاء والدواء 1938؟,,لاش لور
407,Makeup,Easy,Multiple Choice,ما هو السائل الأحمر اللزج القائم على شراب السكر المستخدم في المسرح والسينما لمحاكاة الدماء السائلة؟,A) مسحوق الكارمين | B) دم المسرح الاصطناعي | C) ملون طعام أحمر بالماء فقط | D) عصير الكرز,B
408,Makeup,Easy,Multiple Choice,ما هي الأداة ذات الثقوب الخشنة المسامية المستخدمة في الخدع لعمل الكشوط والشعيرات الدموية المكسورة وشعر اللحية؟,A) الفرشاة المروحية الناعمة | B) إسفنجة الخدوش والتنقيط | C) كرة القطن | D) فرشاة الفاونديشن المسطحة,B
409,Makeup,Easy,Multiple Choice,ما الفارق الأساسي بين مكياج المسرح الاستعراضي والمكياج اليومي للشارع؟,A) مكياج المسرح يستخدم تصبغاً أعلى وتبايناً شديداً وكونتوراً مبالغاً فيه ليكون مرئياً من المقاعد البعيدة تحت الإضاءة القوية | B) المكياج المسرحي للرجال فقط | C) مكياج الشارع يدوم 100 ساعة | D) المكياج المسرحي شفاف تماماً,A
410,Makeup,Easy,Multiple Choice,ما هو السائل المذيب المستخدم خصيصاً لإزالة صمغ الروح المسرحي (Spirit Gum) بأمان عن البشرة دون إيذائها؟,A) أسيتون مزيل طلاء الأظافر | B) مزيل صمغ الروح | C) الماء البارد فقط | D) الكحول المحمر على العين,B
411,Makeup,Easy,Multiple Choice,ما هو السائل السيليكوني الشفاف الذي يشد ويكرمش الجلد عند جفافه لخلق إيهام واقعي بندوب الجروح الملتئمة؟,A) الزيت المعدني | B) اللاتكس السائل | C) بخاخ التثبيت | D) الكولوديون القاسي أو سائل الندوب,D
412,Makeup,Easy,Multiple Choice,ما المادة التي تُصب في قوالب لصنع قطع أطراف تجميلية (مثل آذان الآلف والجروح البارزة) وتُلصق على وجوه الممثلين؟,A) الورق المعجن | B) جبس باريس | C) السيليكون البلاتيني أو رغوة اللاتكس | D) الكرتون المقوى,C
413,Makeup,Easy,Multiple Choice,في مكياج المسرح للشخصيات المسنة، كيف تُرسَم الظلال والإضاءات لإظهار الممثل بعمر متقدم جداً؟,A) بوضع جليتر على كامل الوجه | B) بحلق كامل شعر الرأس | C) بوضع بلاشر أحمر فقط | D) بإبراز خطوط تعابير الوجه الطبيعية (تجاعيد الجبهة وحول العينين والفم) بظلال بنية داكنة وإضاءات بيضاء حادة,D
414,Makeup,Easy,Multiple Choice,فيمَ يُستخدم لاصق مستحلب الأكريليك الطبي الاحترافي (المعروف بـ بروس إيد Pros-Aide) في الخدع السينمائية؟,A) تثبيت ظلال العيون | B) تبييض الأسنان | C) تنظيف الفرش | D) لصق وتثبيت أطراف السيليكون ورغوة اللاتكس الاصطناعية على الجلد لساعات طويلة دون انفصال,D
415,Makeup,Easy,Multiple Choice,ما هي 'الصلعة المستعارة' (Bald Cap) في فن المكياج السينمائي والتحول المسرحي؟,A) غطاء رقيق مرن من اللاتكس أو الفينيل يُلصق فوق شعر الممثل المسطح لإعطاء إيهام بصري برأس أصلع تماماً | B) قبعة صوفية | C) قبعة استحمام | D) شبكة شعر,A
416,Makeup,Easy,Multiple Choice,أي باليتات ألوان تتطلب كحول الآيزوبروبيل 99% لتفعيل وتنشيط صبغاتها الجافة المقاومة للماء لتلوين الأطراف الاصطناعية؟,A) ألوان الأكوا المائية | B) عجلة المكياج الشحمي الكريمي | C) باليتات ظلال العيون العادية | D) الباليتات المفعلة بالكحول,D
417,Makeup,Easy,Multiple Choice,في طلاء الجسد (Body Painting)، ما هي ألوان القوالب المفعلة بالماء التي تمنح تغطية موحدة وتزول بالماء والصابون؟,A) الحبر الدائم | B) دهانات المنازل الزيتية | C) ألوان القماش الأكريليكية | D) ألوان الكيك المائية للرسم على الجسم,D
418,Makeup,Easy,Multiple Choice,ما هي التقنية في مكياج الدراغ حيث توضع طبقة سميكة من البودرة الشفافة فوق الهايلايتر الكريمي وتترك لـ 15 دقيقة؟,A) التنقيط | B) الخبز | C) الدريبينغ | D) الستروبينغ,B
419,Makeup,Easy,Multiple Choice,ما هو نوع دم الخدع المتخصص الذي يجف تماماً على الجلد بمظهر متخثر داكن دون أن يطبع أو يتسرب للأزياء؟,A) الدم السائل الجاري | B) دم القشور أو الجل المتخثر | C) عصير الشمندر | D) دهان الأكريليك الأحمر,B
420,Makeup,Easy,Multiple Choice,لماذا يجب على الممثلين الذين يعانون من حساسية المطاط الطبيعي تجنب اللاتكس السائل ورغوة اللاتكس؟,A) لأن اللاتكس يصبغ الجلد بالأخضر | B) لأن طعم اللاتكس حلو | C) لأن اللاتكس يسرع نمو الشعر | D) لأن بروتينات اللاتكس يمكن أن تثير التهاب جلد تحسسي شديد وشرى وصدمة حساسية خطيرة,D
421,Makeup,Easy,Multiple Choice,ما هي الميزة الأساسية للأطراف الاصطناعية المصنوعة من السيليكون مقارنة باللاتكس الرغوي القديم في سينما 4K؟,A) يتميز السيليكون بشفافية طبيعية وحركة تماثل الجلد وحواف متناهية الرقة تذوب بالمذيب لدمج خفي تحت عدسات 4K | B) السيليكون مصنوع من الورق | C) السيليكون صلب تماماً | D) السيليكون لا يحتاج لطلاء,A
422,Makeup,Easy,Multiple Choice,ما المادة التي تُوضع فوق شعر الحواجب قبل لصقها وتثبيتها بالصمغ لحمايتها وضمان التصاق سلس في فن الدراغ؟,A) شمع الشعر أو طبقة صابون/صمغ مع بودرة شفافة كثيفة | B) زيت الطهي | C) المقشر الحمضي | D) الشامبو,A
423,Makeup,Easy,Multiple Choice,ما هو شعار شهادة المنتجات الخالية من القسوة المعترف بها عالمياً والتي تظهر أرنباً يقفز محاطاً بالنجوم؟,A) شهادة ليبينغ باني للأرنب القافز | B) الشريط الأزرق | C) الصليب الأحمر | D) ختم الشجرة الخضراء,A
424,Makeup,Easy,Multiple Choice,أي خبيرة مكياج بريطانية أيقونية أسست علامتها الفاخرة واشتهرت بمنتجات مثل 'ماجيك كريم' وروج 'بيلو توك' (Pillow Talk)؟,A) أناستازيا سواري | B) بوبي براون | C) شارلوت تلبوري | D) هدى قطان,C
425,Makeup,Easy,Multiple Choice,أي رائدة مكياج لُقبت بـ 'أم المكياج' وأصبحت أول فنانة مكياج تنال لقب الفروسية البريطانية (Dame) من الملكة إليزابيث الثانية؟,A) جيفري ستار | B) ديم بات ماكغراث | C) ماريو ديديفانوفيتش | D) كيفين أوكوين,B
426,Makeup,Easy,Multiple Choice,ما هي درجة أحمر الشفاه المطفية الأيقونية باللون الأحمر المزرق الكلاسيكي من ماك (MAC) والتي تُعد الأكثر مبيعاً عالمياً؟,A) فيلفيت تيدي | B) بلاك هوني | C) روبي وو | D) أورجازم,C
427,Makeup,Easy,Multiple Choice,أي نجمة غناء ورائدة أعمال أحدثت ثورة في شمولية المكياج عام 2017 بإطلاق فينتي بيوتي بـ 40 درجة فاونديشن غير مسبوقة؟,A) ليدي غاغا | B) أريانا غراندي | C) سيلينا غوميز | D) ريهانا,D
428,Makeup,Easy,Typing,ما هو المعدن السيليكاتي فائق النعومة (سيليكات المغنيسيوم المائية) المستخدم كقاعدة للبودرة؟,,تلك
429,Makeup,Easy,Typing,ما هو اختبار الحساسية التجميلي بوضع نقطة من المنتج على باطن الذراع؟,,اختبار الحساسية
430,Makeup,Easy,Typing,ما هو بوليمر السيليكون الشائع (يبدأ بحرف D) الذي يوفر الانسيابية وتنعيم المسام في البرايمر؟,,ديميثيكون
431,Makeup,Medium,Multiple Choice,ما هو الفارق الأساسي بين المكياج المعدني النقي ومستحضرات المكياج التقليدية؟,A) المكياج المعدني لا يحتوي على ألوان | B) المكياج المعدني مُصاغ بدون عطور صناعية أو روابط سائلة ثقيلة ويتكون أساساً من معادن أرضية مطهرة ونقية | C) المكياج المعدني سائل 100% | D) المكياج المعدني لا تنتهي صلاحيته,B
432,Makeup,Medium,Multiple Choice,ما الذي يجعل بعض أصابع كريم الأساس تشعر بثقل ومقاومة عند السحب على الجلد بدلاً من الانزلاق السلس؟,A) نقص بودرة التلك | B) كثرة الهواء | C) ارتفاع نسبة الشموع للزيوت مع استخدام شموع ذات نقطة انصهار عالية وغياب المطريات المتطايرة | D) كثرة الماء,C
433,Makeup,Medium,Multiple Choice,لماذا تُعتبر الباليتات المفعلة بالكحول (مثل Skin Illustrator) المعيار العالمي في بلاتوهات السينما مقارنة بالمكياج الشحمي؟,A) بمجرد تبخر الكحول الحامل، تصبح الصبغات مقاومة للماء والعرق والتلطخ تماماً وتوضع في طبقات شفافة واقعية جداً | B) لأنها تضيء في الظلام | C) لأنها تزول بالمطر | D) لأن طعمها كحول,A
434,Makeup,Medium,Multiple Choice,ما هو كريم 'بروس إيد' (المعروف أيضاً بـ بوندو Bondo) في تطبيق الأطراف الاصطناعية السينمائية؟,A) نوع من أحمر الشفاه | B) معجون كثيف ناتج عن خلط لاصق بروس إيد مع السيليكا الدخانية (كاب أو سيل) لملء الشقوق ودمج حواف الأطراف بالجلد خفية | C) جل للشعر | D) كريم للعين,B
435,Makeup,Medium,Multiple Choice,في الأفلام عالية الدقة، ما المذيب المستخدم لإذابة حواف البلاستيك الرقيقة جداً حول أطراف السيليكون؟,A) الأسيتون أو إيزوبروبيل ميريستات | B) الماء النقي | C) زيت الزيتون | D) خل التفاح,A
436,Makeup,Medium,Multiple Choice,كيف يبتكر فنان المكياج مظهراً حياً للشعيرات الدموية والنمش والتصبغات الدقيقة على القطعة الاصطناعية؟,A) بطلاء لون موحد مصمت | B) برسم دوائر بقلم حبر | C) بنثر ورش الصبغات المفعلة بالكحول بفرشاة تنقيط خشنة أو فرشاة أسنان في طبقات خفيفة من الأحمر والأزرق والأصفر | D) برش الفاونديشن بخرطوم,C
437,Makeup,Medium,Multiple Choice,ما هو 'صوف الكريب' (Crepe Hair) في صناعة اللحى والشوارب المسرحية؟,A) شعر مستعار من البلاستيك | B) شعر بشري طبيعي | C) خيوط مضفورة من ألياف الصوف المعالج تُفك وتُفرد بالبخار وتُلصق في طبقات بصمغ الروح على الوجه | D) قطن صناعي,C
438,Makeup,Medium,Multiple Choice,لماذا يجب ألا يلامس السيليكون البلاتيني المعالج قوالب اللاتكس الطبيعي أو الصلصال المحتوي على كبريت أثناء الصب؟,A) لأن مركبات الكبريت والأمين تعمل كسموم تحفيزية تفسد محفز البلاتين وتترك السيليكون لزجاً ومائعاً دون تصلب | B) لأن القالب يتحول لسائل | C) لأن اللون يتحول للأزرق | D) لأن السيليكون ينفجر,A
439,Makeup,Medium,Multiple Choice,ما هي التقنية المستخدمة في مكياج الدراغ والأزياء لخلق إيهام بصري بعيون ضخمة جداً؟,A) وضع 10 طبقات ماسكارا شفافة | B) رسم خط أبيض أو بلون الجلد على خط الماء الداخلي، وإسقاط خط الرموش السفلي الأسود تحت العين الطبيعية ولصق الرموش على الخد | C) حلق الجفون | D) ارتداء عدسات صفراء,B
440,Makeup,Medium,Multiple Choice,ما هي 'رغوة اللاتكس' (Foam Latex) ولماذا كانت المعيار لصنع بدلات المخلوقات في سينما القرن العشرين (مثل كوكب القردة)؟,A) جبس مسكوب على الوجوه | B) فلين مقطوع بالسكين | C) خليط مخفوق ومخبوز من اللاتكس السائل وعوامل الرغوة والتخثر ينتج أطرافاً إسفنجية خفيفة الوزن ومرنة وقابلة للتنفس | D) إطارات مطاطية مذابة,C
441,Makeup,Medium,Multiple Choice,في الإضاءة المسرحية، ماذا يحدث لألوان المكياج عند تعرضها لإضاءة مسرحية خضراء أو زرقاء قوية؟,A) يضيء الفاونديشن بالأبيض الساطع | B) تبدو النغمات الحمراء والدافئة رمادية أو باهتة بفعل الامتصاص اللوني الطرحي، مما يتطلب مبالغة في تعويض الألوان الدافئة | C) يختفي المكياج كلياً | D) يتحول الكحل للأصفر,B
442,Makeup,Medium,Multiple Choice,ما هو طلاء 'باكس' (Pax Paint) في الخدع السينمائية وصناعة أزياء المؤثرات؟,A) ألوان وجه مائية | B) خليط بنسبة 50/50 من لاصق بروس إيد والدهان الأكريليكي لإنتاج طلاء فائق المرونة ومقاوم للماء وعالي الالتصاق برغوة اللاتكس | C) طلاء مصنوع من الطباشير | D) ألوان صالحة للأكل,B
443,Makeup,Medium,Typing,ما هي تقنية مكياج العيون التي تعتمد على بل فرشاة الشادو المعدني برذاذ التثبيت لمنح بريق معدني منصهر؟,,فويلينغ
444,Makeup,Medium,Typing,ما هي الخدمة التجميلية التي ترفع وتمشط شعيرات الحواجب كيميائياً للأعلى لمظهر ممتلئ ومرتب؟,,تصفيح الحواجب
445,Makeup,Hard,Multiple Choice,ما التركيب الكيميائي لـ 'دم الميثوسيل' المستخدم بكثرة في مضخات الخدع والمقذوفات والمشاهد الدموية الكبرى؟,A) بودرة ميثيل السليلوز المذابة بالماء والملونة بصبغات الطعام والمثخنة بشراب الذرة أو الجلسرين للتحكم في اللزوجة | B) دم أبقار حقيقي | C) حبر أحمر وزيت | D) دهان أكريليك منزلي,A
446,Makeup,Hard,Multiple Choice,في صناعة قوالب الوجه الكاملة (Life-casting)، ما المستخلص البحري الآمن لعمل بصمة وتفاصيل الوجه بدقة متناهية؟,A) الأسمنت سريع التصلب | B) ألجينات الصوديوم الطبية (Alginate Impression Powder) المستخرجة من الأعشاب البحرية | C) الشمع الساخن | D) جبس باريس على الجلد مباشرة,B
447,Makeup,Hard,Multiple Choice,ما الدور الأساسي لمادة 'كاب أو سيل' (السيليكا الدخانية Fumed Silica) عند خلطها براتنج صب السيليكون؟,A) جعل السيليكون صالحاً للأكل | B) تلوين السيليكون بالأخضر | C) تسريع الجفاف لثانية واحدة | D) عامل تثخين ثيكسوتروبي يمنع السيليكون من السيلان والانزلاق عن الجدران الرأسية للقالب,D
448,Makeup,Hard,Multiple Choice,ما الوظيفة الكيميائية الأساسية لإضافة السيليكا الغروية إلى بودرات الألجينات المستخدمة في قوالب صب الوجوه؟,A) تحلية الرائحة | B) تجفيف جلد الممثل | C) إضافة لون أبيض | D) التحكم في تطاير الغبار وزيادة مقاومة التمزق وتحسين دقة واستقرار تفاصيل القالب بالأبعاد الثلاثية,D
449,Makeup,Hard,Multiple Choice,في لوائح سلامة المكياج، كيف تقارن اللائحة الأوروبية (EC) 1223/2009 بلوائح الـ FDA الأمريكية في المواد المحظورة؟,A) تحظر أمريكا 5000 مادة وأوروبا لا تحظر شيئاً | B) يحظر الاتحاد الأوروبي أكثر من 1600 مادة وفق المبدأ الاحترازي، بينما تحظر الـ FDA الأمريكية حوالي 11 مادة فقط | C) لا توجد لوائح أوروبية | D) القائمتان متطابقتان,B
450,Makeup,Hard,Multiple Choice,وفقاً للنظام الدولي لتسمية مكونات مستحضرات التجميل (INCI)، كيف يجب ترتيب المكونات على عبوة المكياج؟,A) بترتيب عشوائي | B) بترتيب تنازلي حسب نسبة التركيز والوزن حتى تركيز 1%، وبعدها يمكن سرد المكونات بأي ترتيب | C) بترتيب تصاعدي من الأقل للأكثر | D) بالترتيب الأبجدي,B
451,Makeup,Hard,Multiple Choice,ما هو قانون 'موكرا' (MoCRA لعام 2022) وكيف أحدث تحولاً جذرياً في الرقابة الفيدرالية على المكياج بأمريكا؟,A) أول تحديث تشريعي رئيسي لسلطة الـ FDA على المكياج منذ 1938، يلزم بتسجيل المنشآت وإدراج المنتجات والإبلاغ عن الآثار الجانبية وإثبات الأمان | B) إلغاء بطاقات المكونات | C) تحديد سقف لأسعار الروج | D) حظر التجارب على الحيوانات في 50 ولاية,A
452,Makeup,Hard,Multiple Choice,في نظرية الألوان الطرحية لخلط المكياج، ما هي الصبغات الأولية الثلاث التي لا يمكن تكوينها وتصنع منها جميع ألوان البشرة؟,A) الأخضر والبرتقالي والبنفسجي | B) السماوي والأرجواني والأبيض | C) الأسود والأبيض والبني | D) الأحمر والأصفر والأزرق,D
453,Makeup,Hard,Typing,من هو خبير المكياج الأسطوري مؤلف كتابي 'Making Faces' و 'The Art of Makeup' والذي أحدث ثورة في الكونتور بالتسعينيات؟,,كيفين أوكوين
454,Makeup,Easy,Multiple Choice,ماذا يعني تصنيف المنتج التجميلي بأنه 'نباتي' (Vegan)؟,A) لونه أخضر بنسبة 100% | B) خالٍ تماماً من أي مكونات مشتقة من الحيوانات أو منتجاتها الثانوية | C) لا يحتوي على ماء | D) مصنوع من خضروات صالحة للأكل,B
455,Makeup,Easy,Multiple Choice,أي خبيرة مكياج رائدة أسست علامتها عام 1991 وركزت على كريمات الأساس ذات النغمات الصفراء وإبراز الجمال الطبيعي؟,A) بات ماكغراث | B) كيفين أوكوين | C) شارلوت تلبوري | D) بوبي براون,D
456,Makeup,Easy,Multiple Choice,ما هو بلاشر نارس (NARS) الوردي الخوخي ببريق ذهبي الذي حقق شهرة عالمية أسطورية منذ إطلاقه عام 1999؟,A) ديب ثروت | B) توريد | C) دولتشي فيتا | D) أورجازم,D
457,Makeup,Easy,Multiple Choice,في نظرية الألوان الأساسية، ما هي 'الألوان المكملة' (Complementary Colors)؟,A) الألوان المتقابلة تماماً على عجلة الألوان والتي تحيد أو تبرز بعضها البعض بقوة | B) الألوان التي لا يمكن خلطها | C) الألوان عديمة الصبغة | D) الألوان المتطابقة في الدرجة,A
458,Makeup,Easy,Multiple Choice,ما هو الفارق الجوهري بين مستحضرات التجميل 'الخالية من القسوة' (Cruelty-Free) ومستحضرات التجميل 'النباتية' (Vegan)؟,A) النباتية تُختبر على البشر فقط | B) لا يوجد أي فارق | C) الخالية من القسوة تعني عضوية | D) الخالية من القسوة تعني عدم اختبار المنتج ومكوناته على الحيوانات، بينما النباتية تعني خلوه التام من المكونات الحيوانية,D
459,Makeup,Easy,Multiple Choice,من هي سيدة الأعمال التجميلية مؤسسة علامة أناستازيا بيفرلي هيلز والملقبة بـ 'ملكة الحواجب' ومبتكرة طريقة النسبة الذهبية؟,A) أناستازيا سواري | B) ناتاشا دينونا | C) لورا مرسييه | D) هدى قطان,A
460,Makeup,Easy,Multiple Choice,ما هو مستحضر كلينيك الذي أُطلق عام 1971 وحقق انتشاراً واسعاً بفضل لونه العنابي الشفاف الذي يلائم جميع ألوان البشرة؟,A) لوشن الترطيب دراماتيكالي ديفرينت | B) روج أولموست ليبستيك بدرجة 'بلاك هوني' | C) تشوبي ستيك | D) ماسكارا هاي إمباكت,B
461,Makeup,Easy,Multiple Choice,أي لون لظلال العيون يجعل العيون الزرقاء تبرز وتلمع بقوة وفقاً لتناغم وتضاد عجلة الألوان؟,A) الظل الأخضر | B) الظل الفضي فقط | C) درجات النحاس والبرونز والبرتقالي والتراكوتا الدافئة | D) الظل الأزرق الفاقع,C
462,Makeup,Easy,Multiple Choice,من هو خبير المكياج العالمي الشهير بعمله الطويل مع كيم كاردشيان ومؤسس علامة 'Makeup by Mario'؟,A) هونغ فانغو | B) أرييل تيجادا | C) ماريو ديديفانوفيتش | D) باتريك تا,C
463,Makeup,Easy,Multiple Choice,ما هو مورد الخدود والشفاه السائل الشهير الذي ابتكره مؤسسو بينيفت عام 1977 لراقصة استعراضية في سان فرانسيسكو؟,A) تشا تشا تنت | B) بينيتنت | C) بوزي تنت | D) غوغو تنت,B
464,Makeup,Easy,Multiple Choice,ما هي سلسلة متاجر التجميل الفرنسية الفاخرة الشهيرة عالمياً التي أسسها دومينيك ماندونو عام 1969؟,A) ألتا بيوتي | B) ساكس فيفث أفينيو | C) سيفورا | D) هارودز,C
465,Makeup,Easy,Multiple Choice,أي لون شادو يجعل العيون الخضراء والعسلية تبرز وتلمع بوضوح استناداً لمبادئ عجلة الألوان المكملة؟,A) الظل الزيتوني | B) الأصفر النقي | C) الأبيض الشاحب | D) درجات البنفسجي والبرقوقي والخمري الدافئ,D
466,Makeup,Easy,Multiple Choice,أي فنانة ومعلمة مكياج فرنسية أسست علامة ميك أب فور إيفر (MUFE) عام 1984 لتوفير منتجات احترافية للفنانين؟,A) لورا مرسييه | B) فرانسوا نارس | C) كريستيان ديور | D) داني سانز,D
467,Makeup,Easy,Multiple Choice,ما علامة المكياج الشهيرة بجماليات البساطة الفرنسية ومنتج 'بوي براو' التي أسستها إميلي فايس عام 2014 من مدونة Into The Gloss؟,A) رير بيوتي | B) ميلك ميك أب | C) تاور 28 | D) جلوسيه,D
468,Makeup,Easy,Multiple Choice,أي خبيرة مكياج ابتكرت فلسفة 'الوجه الخالي من العيوب' ونشرت استخدام البودرة الشفافة السائبة عالمياً؟,A) كيفين أوكوين | B) شارلوت تلبوري | C) بوبي براون | D) لورا مرسييه,D
469,Makeup,Easy,Multiple Choice,ما هو خط المكياج الذي أسسته المغنية والممثلة سيلينا غوميز لتعزيز التوعية بالصحة النفسية وتقبل الذات؟,A) رير بيوتي | B) ريم بيوتي | C) فينتي بيوتي | D) هاوس لابس,A
470,Makeup,Easy,Multiple Choice,ما هو السائل التجميلي الخفيف الذي يزيل مكياج الوجه بلطف بواسطة كريات زيتية مجهرية معلقة في الماء؟,A) مزيل طلاء الأظافر | B) اللاتكس السائل | C) ماء الميسيلار | D) الكحول المحمر,C
471,Makeup,Easy,Multiple Choice,ما الكلمة التي تصف مظهر المكياج الرطب والمتوهج والنضر كقطرات ندى الصباح المشرقة؟,A) ديوي (Dewy) | B) طباشيري | C) مطفي (مات) | D) رمادي,A
472,Makeup,Easy,Multiple Choice,ما هو مستحضر الخدود الذي يوضع لمحاكاة سمرة الشمس وإضفاء دفء وتوهج ذهبي وترابي على الملامح؟,A) الماسكارا | B) الكونسيلر | C) البرونزر | D) الآيلاينر,C
473,Makeup,Easy,Multiple Choice,أي مستحضر لمكياج العيون يُطبق فوق الجفن لإضافة لمسات لونية وأبعاد وظلال جمالية؟,A) دهان الحواجب | B) محدد الشفاه | C) ظلال العيون | D) بودرة التثبيت,C
474,Makeup,Easy,Multiple Choice,ما هو المستحضر الشمعي القوي المستخدم لنحت الحواجب وتثبيتها بشكل بارز ومصفف؟,A) بخاخ التثبيت | B) دهان الحواجب | C) بودرة الوجه | D) البرونزر,B
475,Makeup,Easy,Typing,ما هو السائل المطاطي الطبيعي المستخدم في الخدع السينمائية لعمل تقشر الجلد والحروق؟,,لاتكس سائل
476,Makeup,Easy,Typing,ما هو اللاصق الراتنجي الكلاسيكي المستخدم في المسرح للصق اللحى والأنوف المستعارة؟,,صمغ الروح
477,Makeup,Easy,Typing,ما هو السائل الشفاف الذي يكرمش الجلد عند جفافه لخلق إيهام بندوب الجروح الغائرة؟,,كولوديون
478,Makeup,Medium,Multiple Choice,كيف يتم تحضير أطراف الجيلاتين التجميلية كبديل اقتصادي للسيليكون في إنتاج الأفلام منخفضة الميزانية؟,A) بخلط مسحوق الجيلي والسكر | B) مزيج من الجيلاتين الغذائي والجلسرين والسوربيتول يذوب بالحرارة الخفيفة ويُصب في قوالب مرنة | C) بعجينة الدقيق والماء | D) بنشا الذرة والغراء,B
479,Makeup,Medium,Multiple Choice,لماذا يجب عدم وضع الكولوديون القاسي (Rigid Collodion) على نفس المكان من الوجه يومياً لعدة أسابيع؟,A) لأن الشد الميكانيكي الموضعي المتكرر يمكن أن يسبب تندباً جلدياً حقيقياً وتجويفاً دائماً وتلفاً في الأنسجة | B) لأنه يصبغ الجلد بالأزرق | C) لأنه يخدر الجلد للأبد | D) لتبييضه الشعر,A
480,Makeup,Medium,Multiple Choice,لماذا كان الحظر الكامل الذي فرضه الاتحاد الأوروبي عام 2013 على تجارب التجميل على الحيوانات حدثاً تاريخياً؟,A) لأنه حظر اختبار المنتجات النهائية والمكونات الخام الفردية على الحيوانات داخل الاتحاد ومنع استيرادها | B) لأنه جعل المكياج غير قانوني للرجال | C) لاشتراطه أن يكون المكياج صالحاً للأكل | D) لحظر المكياج في أوروبا,A
481,Makeup,Medium,Multiple Choice,كيف مثل إصلاح اللوائح التجميلية في الصين (CSAR) لعام 2021 نقطة تحول كبرى للعلامات الخالية من القسوة؟,A) ألغى الاختبارات الإلزامية السابقة واللاحقة على الحيوانات لمعظم مستحضرات التجميل العامة المستوردة المصنعة تحت معايير GMP | B) فرض الاختبارات على كل شيء للأبد | C) ألغى بطاقات المكونات | D) حظر الماركات العالمية,A
482,Makeup,Medium,Multiple Choice,ما المبدأ في نظرية الألوان الذي يفسر لماذا يلغي المصحح البرتقالي أو الخوخي الهالات السوداء الزرقاء والبنفسجية تحت العين؟,A) لأن الأزرق يمتص البرتقالي | B) لأن البنفسجي يذوب بالبرتقالي | C) لأن البرتقالي والأزرق لونان مكملان متقابلان على عجلة الألوان فيلغي أحدهما الآخر ليشكلا نغمة محايدة | D) لأن البرتقالي يبيض الجلد,C
483,Makeup,Medium,Multiple Choice,ما الذي يجعل صبغة 'الكارمين' (CI 75470) مثيرة للجدل في التجميل النظيف وتمنع اعتماد المنتج كـ نباتي (Vegan)؟,A) لكونها زيتاً بترولياً | B) لتسببها بالعمى | C) لأنها صبغة حمراء تُستخرج بسحق وطحن أجسام إناث حشرات القرمز المجففة | D) لاحتوائها على رصاص,C
484,Makeup,Medium,Multiple Choice,من هي خبيرة المكياج العالمية التي ابتكرت مكياج 'البشرة الزجاجية' ودمية البورسلين لعرض ميزون مارجيلا 2024؟,A) ديم بات ماكغراث | B) ماريو ديديفانوفيتش | C) ليزا إلدريدج | D) باتريك تا,A
485,Makeup,Medium,Multiple Choice,ما هي طريقة النسبة الذهبية (Phi: 1.618) التي ابتكرتها أناستازيا سواري لتصميم وتحديد الحواجب بدقة؟,A) حلق الحواجب على مسافة 1.6 سم | B) صبغ الحواجب 16 مرة | C) تناسب هندسي معماري مستند لعظام الوجه لتحديد بداية وقوس ونهاية الحاجب المثالية بالنسبة لملامح الوجه | D) رسم الحواجب بفرجار,C
486,Makeup,Medium,Multiple Choice,ما أهمية العمل التجميلي التحولي لـ كيفين أوكوين بالتسعينيات مع عارضات مثل نعومي كامبل وسيندي كروفورد؟,A) إدخال الماسكارا النيون | B) الاستغناء عن الفاونديشن | C) استخدام مسدسات الرش فقط | D) ريادة النحت الحديث والكونتور المتقدم بتدرجات كريمية وهندسة ملامح الوجه قبل عصر التعديل الرقمي,D
487,Makeup,Medium,Multiple Choice,لماذا تلائم كريمات الأساس ذات النغمات التحتية الصفراء شريحة سكانية عالمية أوسع من النغمات الوردية؟,A) لأن الصبغات الصفراء أرخص | B) لأن الأصفر أسطع الألوان | C) لأن الصبغات الوردية سامة | D) لأن معظم البشرات الآسيوية واللاتينية والشرق أوسطية والسمراء والبيضاء تحتوي على ميلانين ذي نغمات دافئة وصفراء وذهبية سائدة,D
488,Makeup,Medium,Multiple Choice,ماذا يعني مفهوم 'الجمال النظيف' (Clean Beauty) في معايير المتاجر الكبرى رغم عدم وجود تعريف قانوني ملزم من الـ FDA؟,A) الصياغة بدون مكونات مثيرة للجدل مثل البارابين، الفثالات، الكبريتات (SLS)، الزيوت المعدنية، الفورمالديهايد، والميكروبلاستيك | B) الغسل بالصابون | C) الخلو التام من المواد الكيميائية | D) المصنوع من ماء الينابيع 100%,A
489,Makeup,Medium,Multiple Choice,من هي خبيرة المكياج البريطانية مؤلفة كتاب 'Face Paint' والمديرة الإبداعية العالمية لمكياج لانكوم؟,A) بيكسي وو | B) شارلوت تلبوري | C) سام تشابمان | D) ليزا إلدريدج,D
490,Makeup,Medium,Typing,ما هي حالة البشرة المؤقتة (تختلف عن نوع البشرة الجافة) الناتجة عن نقص الماء في الطبقة القرنية؟,,جفاف مائي
491,Makeup,Medium,Typing,ما المصطلح الفرنسي (معناه التظليل) الذي يصف تدرج لونين أو أكثر من الروج من الأطراف الداكنة للمنتصف الفاتح؟,,أومبري
492,Makeup,Hard,Multiple Choice,لماذا تصحح إضافة قطرة مجهرية من الصبغة الزرقاء الفاونديشن البرتقالي بفاعلية أكبر من إضافة بودرة بيضاء؟,A) لأن الأزرق هو المكمل المباشر للبرتقالي؛ فخلطهما يحيد التشبع اللوني دون رفع السطوع أو جعل كريم الأساس يبدو طباشيرياً وباهتاً | B) لأن الأزرق يبيض البرتقالي | C) لأن الأزرق يحوله للأخضر | D) لأن الأبيض يغمق اللون,A
493,Makeup,Hard,Multiple Choice,ما هو الأساس الكيميائي الحيوي لاستخدام السكوالان النباتي المخمر من قصب السكر بدلاً من السكوالين التقليدي؟,A) لأن سكوالين القرش لا يذوب بالزيت | B) استُخرج السكوالين تاريخياً من أكباد أسماك القرش؛ والتخمير الحيوي لقصب السكر يوفر سكوالاناً مشبعاً مستداماً وأخلاقياً وثابتاً كيميائياً | C) لأن سكوالان القصب أزرق | D) لأن سكوالين القرش سام للإنسان,B
494,Makeup,Hard,Multiple Choice,ما الشرط الصارم الذي يجب أن تستوفيه العلامة التجميلية للحصول على شهادة منظمة بيتا (Beauty Without Bunnies)؟,A) البيع في العيادات البيطرية فقط | B) التعهد القانوني بأن الشركة والشركة الأم والموردين لا يجرون أو يفوضون أو يدفعون مقابل أي تجارب على الحيوانات في العالم | C) التبرع بنصف الأرباح لملاجئ الحيوانات | D) صناعة العلب من الأعشاب,B
495,Makeup,Hard,Multiple Choice,"في قياس الألوان، ماذا يحدد نظام مونسيل (Hue, Value, Chroma) عند هندسة درجات كريم الأساس بدقة متناهية؟",A) سرعة الجفاف بالثواني | B) تدرج اللون وأندر تونه (Hue)، ودرجة الفاتح والداكن من 0 إلى 10 (Value)، ودرجة النقاء والتشبع اللوني | C) وزن وحجم الزجاجة | D) قوة الرائحة العطرية,B
496,Makeup,Hard,Multiple Choice,ما هو المركب الكيميائي غير العضوي (TiO2) الذي يمثل الصبغة البيضاء الأساسية والواقي الشمسي الفيزيائي في المكياج؟,A) أكسيد الزنك | B) ثاني أكسيد السيليكون | C) أوكسي كلوريد البزموت | D) ثاني أكسيد التيتانيوم,D
497,Makeup,Hard,Multiple Choice,ما الصبغة الحمراء الطبيعية المستخرجة من إناث حشرات القرمز المجففة (CI 75470) والمستخدمة في البلاشر والروج الفاخر؟,A) الكارمين | B) الألترامارين | C) أكسيد الحديد الأحمر | D) صبغة دي آند سي ريد 6,A
498,Makeup,Hard,Multiple Choice,ما الشمع الطبيعي ذو أعلى نقطة انصهار المستخرج من نخيل الكرنوبا البرازيلي والذي يمنح أقلام الروج الصلابة الهيكلية؟,A) شمع الكرنوبا | B) شمع الأوزوكريت | C) شمع الكانديليلا | D) شمع العسل,A
499,Makeup,Hard,Multiple Choice,ما هو القانون الفيدرالي الأمريكي الصادر في ديسمبر 2022 (اختصاره MoCRA) والذي حدث الرقابة على مستحضرات التجميل؟,A) قانون OSHA | B) قانون CSAR | C) قانون HIPAA | D) قانون موكرا,D
500,Makeup,Hard,Typing,ما هو المصطلح الريولوجي للسائل (مثل الفاونديشن أو طلاء الأظافر) الذي يسيل بالرج والتحريك ويتماسك عند السكون؟,,ثيكسوتروبي
