number,subject,difficulty,question_type,question,multiple_choices,answer
1,Movies and Series,Easy,Multiple Choice,ما هو اسم البومة البيضاء الثلجية الأليفة لهاري بوتر والتي أُهديت إليه في عيد ميلاده الحادي عشر؟,A) هيدويغ | B) سكابرز | C) كروكشانكس | D) فوكس,A
2,Movies and Series,Easy,Multiple Choice,في فيلم حرب النجوم (Star Wars: Episode V)، ما هي الجملة الأيقونية الصادمة التي قالها دارث فيدر للوك سكاي ووكر؟,A) 'لوك، أنا سيدك.' | B) 'لا، أنا والدك.' | C) 'لا يمكنك الهروب من مصيرك.' | D) 'انضم للجانب المظلم.',B
3,Movies and Series,Easy,Multiple Choice,في سيد الخواتم (The Lord of the Rings)، أي هوبيت شجاع من المقاطعة يُكلف بحمل الخاتم الأوحد إلى جبل الهلاك لتدميره؟,A) ساموايز غامجي | B) بيبين | C) فرودو باجينز | D) ميري,C
4,Movies and Series,Easy,Multiple Choice,في فيلم ذا ماتريكس (The Matrix)، ما هو لون الحبة التي يقدمها مورفيوس لنيو إذا اختار الاستيقاظ ومعرفة حقيقة العالم؟,A) الحبة الزرقاء | B) الحبة الخضراء | C) الحبة الصفراء | D) الحبة الحمراء,D
5,Movies and Series,Easy,Multiple Choice,في فيلم العودة إلى المستقبل (Back to the Future)، ما هي السيارة الرياضية الكلاسيكية المعدلة المستخدمة كآلة للسفر عبر الزمن؟,A) ديلوريان دي إم سي-12 | B) شيفروليه كورفيت | C) فورد موستانغ | D) بونتياك فايربيرد,A
6,Movies and Series,Easy,Multiple Choice,في فيلم الحديقة الجوراسية (Jurassic Park 1993)، ما هي الحشرة القديمة المحفوظة داخل صمغ الكهرمان والمستخرج منها حمض الديناصورات النووي؟,A) اليعسوب | B) البعوض | C) الخنافس | D) الدبابير,B
7,Movies and Series,Easy,Multiple Choice,ما هو اسم قبطان سفينة اللؤلؤة السوداء غريب الأطوار في قراصنة الكاريبي والذي يؤدي دوره جوني ديب؟,A) الكابتن باربوسا | B) الكابتن ديفي جونز | C) الكابتن جاك سبارو | D) الكابتن اللحية السوداء,C
8,Movies and Series,Easy,Multiple Choice,في هاري بوتر، ما هو منزل هوغوورتس الذي يرمز إليه بالأسد ويشتهر بصفات الشجاعة والجرأة والنبل؟,A) سليذرين | B) رافنكلو | C) هافلباف | D) غريفندور,D
9,Movies and Series,Easy,Multiple Choice,من هو سيد الجيداي الأخضر الحكيم والضئيل الحجم الذي تولى تدريب لوك سكاي ووكر في مستنقعات كوكب داغوبا؟,A) يودا | B) أوبي وان كينوبي | C) ميس ويندو | D) كواي غون جين,A
10,Movies and Series,Easy,Multiple Choice,في سيد الخواتم، ما هو المخلوق البائس المشوه الذي يلاحق الخاتم الأوحد باستمرار ويطلق عليه 'كنزي الثمين' (My Precious)؟,A) غريما ورمتونغ | B) غولوم أو سميغول | C) سارومان | D) ساورون,B
11,Movies and Series,Easy,Multiple Choice,في فيلم أفاتار (Avatar) لجيمس كاميرون، ما هو القمر الفضائي الخلاب والمضيء حيوياً وموطن شعب النافي ذوي البشرة الزرقاء؟,A) أراكيس | B) تاتوين | C) باندورا | D) كريبتون,C
12,Movies and Series,Easy,Multiple Choice,في فيلم العودة إلى المستقبل، ما هي السرعة الدقيقة بالميل في الساعة التي يجب أن تصل إليها سيارة الديلوريان لتفعيل السفر عبر الزمن؟,A) 99 ميلاً في الساعة | B) 77 ميلاً في الساعة | C) 100 ميل في الساعة | D) 88 ميلاً في الساعة,D
13,Movies and Series,Easy,Multiple Choice,ما هو الاسم الحقيقي والولادي لساحر الظلام لورد فولدمورت في سلسلة هاري بوتر؟,A) توم مارفولو ريدل | B) غيليرت غريندلوالد | C) سيفيروس سنيب | D) لوسيوس مالفوي,A
14,Movies and Series,Easy,Multiple Choice,في حرب النجوم، ما هو اسم سفينة الشحن الفضائية الشهيرة لهان سولو وتشوباكا والتي قطعت طريق كيسل في أقل من 12 بارسيك؟,A) مدمرة النجوم | B) ميلينيوم فالكون أو صقر الألفية | C) سليف 1 | D) إكس وينغ,B
15,Movies and Series,Easy,Multiple Choice,في سيد الخواتم، من هو الساحر الرمادي الذي يقود رفقة الخاتم ويصرخ في وجه وحش البالروغ قائلاً 'لن تعبر!'؟,A) سارومان الأبيض | B) راداغاست البني | C) غاندالف الرمادي | D) إلروند,C
16,Movies and Series,Easy,Multiple Choice,في فيلم ذا ماتريكس، ما هو اللقب والاسم الحركي للمخترق وبطل القصة توماس أندرسون الذي يجسده كيانو ريفز؟,A) سايفر | B) مورفيوس | C) تانك | D) نيو أو المختار,D
17,Movies and Series,Easy,Multiple Choice,في قراصنة الكاريبي، ما هي السفينة الشبحيّة الملعونة التي يقودها ديفي جونز وطاقمها من كائنات البحر المشوهة؟,A) الهولندي الطائر | B) اللؤلؤة السوداء | C) انتقام الملكة آن | D) ذا إنترسبتور,A
18,Movies and Series,Easy,Multiple Choice,في هاري بوتر، من أي رصيف سحري مخفي في محطة كينغز كروس ينطلق قطار هوغوورتس السريع؟,A) رصيف 7 ونصف | B) رصيف تسعة وثلاثة أرباع | C) رصيف 8 وربع | D) رصيف 10,B
19,Movies and Series,Easy,Multiple Choice,ما هو السلاح الأيقوني لفرسان الجيداي والسيمب في حرب النجوم والذي يعتمد على نصل بلازمي طاقي؟,A) بندقية البلاستر | B) النصل الاهتزازي | C) السيف المضيء أو الليزر | D) المفجر الحراري,C
20,Movies and Series,Easy,Multiple Choice,في سيد الخواتم: عودة الملك، من هو الحارس المتجول وسليل إيسلدور الذي يُتوج ملكاً شرعياً على مملكة غوندور؟,A) بورومير | B) فارامير | C) ثيودين | D) أراغورن أو سترايدر,D
21,Movies and Series,Easy,Multiple Choice,في الحديقة الجوراسية، من هو الملياردير ومؤسس شركة إن جين صاحب عبارة 'لم نبخل بأي نفقة'؟,A) جون هاموند | B) إيان مالكولم | C) آلان غرانت | D) دينيس نيدري,A
22,Movies and Series,Easy,Multiple Choice,في لعبة الكويدتش في هاري بوتر، ما هي الكرة الذهبية المجنحة الصغيرة التي يمنح صيدها 150 نقطة وينهي المباراة؟,A) الكوافل | B) السنيتش الذهبية | C) البليدجر | D) التذكار,B
23,Movies and Series,Easy,Typing,في هاري بوتر، ما هو اسم الصديق المقرب لهاري ذو الشعر الأحمر وهو أصغر الأبناء الذكور في عائلة ويزلي؟,,رون ويزلي
24,Movies and Series,Easy,Typing,في حرب النجوم، ما هو اسم المحارب الفضائي الفروي العملاق من عرق الووكي ومساعد هان سولو المخلص؟,,تشوباكا
25,Movies and Series,Easy,Typing,في سيد الخواتم، ما هو اسم رامي السهام الإلفي البارع ذو الشعر الأشقر وأمير غابة ميركوود؟,,ليغولاس
26,Movies and Series,Easy,Typing,في العودة إلى المستقبل، ما هو اسم طالب المدرسة الثانوية وبطل الفيلم الذي يجسده مايكل جي فوكس؟,,مارتي ماكفلاي
27,Movies and Series,Medium,Multiple Choice,في هاري بوتر وحجرة الأسرار، ما هو الوحش الثعباني العملاق السام الذي يكمن في المجاري ويتحجر كل من ينظر في عينيه مباشرة؟,A) التنين الهنغاري | B) أراغوغ | C) الباسيليسك | D) فلوفي,C
28,Movies and Series,Medium,Multiple Choice,في حرب النجوم (A New Hope)، ما هو الكوكب السلمي موطن الأميرة لييا الذي دمره غراند موف تاركين بسلاح نجمة الموت؟,A) نابو | B) كوروسانت | C) كاشيك | D) ألديراان,D
29,Movies and Series,Medium,Multiple Choice,في سيد الخواتم، ما هي العبارة الشهيرة المنقوشة بلغة موردور السوداء على الخاتم الأوحد؟,A) 'خاتم واحد ليحكمهم جميعاً، خاتم واحد ليجدهم، خاتم واحد ليجلبهم جميعاً وفي الظلام يقيدهم' | B) 'تكلم يا صديق وادخل' | C) 'حتى أصغر الأشخاص يمكنه تغيير مسار المستقبل' | D) 'ليس كل ما يلمع ذهباً',A
30,Movies and Series,Medium,Multiple Choice,في فيلم ذا ماتريكس، ما هو العميل الأمني الذكي ذو النظارات السوداء الذي يطارد نيو ويناديه دائماً بـ 'مستر أندرسون'؟,A) العميل جونز | B) العميل سميث | C) العميل براون | D) العميل جونسون,B
31,Movies and Series,Medium,Multiple Choice,في الحديقة الجوراسية، من هو عالم الرياضيات ونظرية الفوضى الذي يجسده جيف غولدبلوم وصاحب عبارة 'الحياة تجد وسيلة دائماً'؟,A) دكتور آلان غرانت | B) دكتور هنري وو | C) دكتور إيان مالكولم | D) دونالد جينارو,C
32,Movies and Series,Medium,Multiple Choice,في العودة إلى المستقبل 2، إلى أي عام مستقبلي في التقويم يسافر مارتي ودوك براون لإنقاذ مستقبل ابن مارتي؟,A) عام 2005 | B) عام 2010 | C) عام 2020 | D) عام 2015,D
33,Movies and Series,Medium,Multiple Choice,في قراصنة الكاريبي، ما هو الذهب الأزتيكي الملعون لـ كورتيز الذي حول الكابتن باربوسا وطاقمه إلى هياكل عظمية تحت ضوء القمر؟,A) 882 قطعة نقدية أزتيكية ملعونة | B) قطع الثمانية | C) كنز إل دورادو | D) الدبلونات الملكية,A
34,Movies and Series,Medium,Multiple Choice,في هاري بوتر وكأس النار، ما هو العنصر الضروري المأخوذ في المقبرة لإعادة اللورد فولدمورت لجسده المادي بالقوة؟,A) دم ألبوس دمبلدور | B) دم هاري بوتر | C) دم سيدريك ديغوري | D) دم بيتر بيتيغرو,B
35,Movies and Series,Medium,Multiple Choice,في حرب النجوم (Revenge of the Sith)، على أي كوكب بركاني مليء بالحمم يقع النزال الحاسم بين أوبي وان كينوبي وأناكين؟,A) غيونوسيس | B) أوتاباو | C) موستافار | D) داغوبا,C
36,Movies and Series,Medium,Multiple Choice,في سيد الخواتم، ما هي مملكة ومناجم الأقزام العظيمة تحت الجبال الضبابية التي احتلها الأورك والغوبلن والبالروغ؟,A) إريبور الجبل الوحيد | B) غونداباد | C) التلال الحديدية | D) مناجم موريا أو خازاد دوم,D
37,Movies and Series,Medium,Multiple Choice,في فيلم أفاتار (Avatar)، ما هو المعدن المغناطيسي النادر وفائق القيمة الذي تسعى الشركات البشرية لتعدينه على قمر باندورا؟,A) أنوبتانيوم | B) فيبرانيوم | C) أدامانتيوم | D) بلورات الكايبر,A
38,Movies and Series,Medium,Multiple Choice,في هاري بوتر، ما هي الخريطة السحرية التي صنعها رفقاء مارودرز وتكشف مواقع وتحركات كل شخص داخل قصر هوغوورتس؟,A) خريطة كويبلر | B) خريطة مارودرز | C) مخطط رافنكلو | D) رقاقة التريويزارد,B
39,Movies and Series,Medium,Multiple Choice,في حرب النجوم، من هو صائد الجوائز ذو الدرع الماندلوري الأخضر الذي جمد هان سولو في الكاربونيت لصالح جابا ذا هت؟,A) جانغو فيت | B) دين دجارين | C) بوبا فيت | D) كاد باين,C
40,Movies and Series,Medium,Multiple Choice,ما هو اسم الكلب العملاق ثلاثي الرؤوس الذي يحرس البوابة السرية لحجر الفيلسوف في هوغوورتس؟,A) أراغوغ | B) نوربرت | C) فانغ | D) فلوفي,D
41,Movies and Series,Medium,Typing,في سيد الخواتم، ما هو اسم الجبل البركاني المشتعل في موردور حيث صُنع الخاتم الأوحد؟,,جبل الهلاك
42,Movies and Series,Medium,Multiple Choice,في العودة إلى المستقبل، ما هو اسم البلدة الخيالية في كاليفورنيا التي يعيش فيها مارتي ماكفلاي؟,A) هيل فالي | B) سانيديل | C) هوكينز | D) ريفرديل,A
43,Movies and Series,Medium,Multiple Choice,في عالم هاري بوتر، ما هي العناصر السحرية الثلاثة التي تشكل 'مقدسات الموت' (Deathly Hallows)؟,A) مرآة إريسد، وكأس النار، وحجر الفيلسوف | B) عباءة الإخفاء، وحجر القيامة، وعصا الإلدرواند | C) سيف غريفندور، وتاج رافنكلو، وميدالية سليذرين | D) محول الزمن، وخريطة مارودرز، والديلوميناتور,B
44,Movies and Series,Hard,Multiple Choice,في حرب النجوم (The Empire Strikes Back)، ما هو درويد الاغتيالات الآلي المسلح الذي وقف بجانب بوبا فيت لتتبع الفالكون؟,A) K-2SO | B) 4-LOM | C) آي جي-88 | D) HK-47,C
45,Movies and Series,Hard,Multiple Choice,في سيد الخواتم، ما هي القلادة الجوهرية الإلفية اللامعة التي أهدتها الأميرة أروين لأراغورن كرمز لحبها؟,A) السيلساريل | B) نوغلامير | C) قارورة غالادريل | D) نجمة المساء أو إيفنستار,D
46,Movies and Series,Hard,Multiple Choice,في فيلم ذا ماتريكس، ما هو اسم السفينة الحوامة التي يقودها مورفيوس وتبحر في أنفاق الصرف الصحي تحت الأرض؟,A) نبوخذ نصر | B) لوغوس | C) أوزوريس | D) فيجيلانت,A
47,Movies and Series,Hard,Multiple Choice,في الحديقة الجوراسية (1993)، ما هي عبوة رغوة الحلاقة التجارية المستخدمة لتهريب 15 جنيناً من أجنة الديناصورات؟,A) جيليت | B) بارباسول | C) نيفيا | D) إيدج,B
48,Movies and Series,Hard,Multiple Choice,في العودة إلى المستقبل 3، إلى أي عام تاريخي في الغرب الأمريكي القديم يسافر مارتي لإنقاذ دوك براون؟,A) 1849 | B) 1876 | C) 1885 | D) 1899,C
49,Movies and Series,Hard,Multiple Choice,في هاري بوتر والأمير الهجين، كم عدد الهوركروكسات (أجزاء الروح المقسمة) التي سأل عنها توم ريدل أستاذه هوراس سلوغهورن؟,A) 3 أجزاء | B) 5 أجزاء | C) 9 أجزاء | D) 7 أجزاء أو هوركروكسات,D
50,Movies and Series,Easy,Multiple Choice,في عقيدة السيث في حرب النجوم، ما هي القاعدة التي وضعها دارث باين وتنص على وجود اثنين فقط: سيد ومتعلم؟,A) قاعدة الاثنين | B) عقيدة الخوف | C) كود السيث | D) التفويض المظلم,A
51,Movies and Series,Hard,Multiple Choice,في سيد الخواتم، ما هي أنثى العنكبوت العملاقة القديمة التي تهاجم فرودو في ممر سيريث أونغول؟,A) أراغوغ | B) شيلوب | C) أنغوليانت | D) سكاثا,B
52,Movies and Series,Easy,Typing,في هاري بوتر، ما هو اسم الجني المنزلي المخلص الذي يحاول حماية هاري ومنعه من العودة لهوغوورتس في عامه الثاني؟,,دوبي
53,Movies and Series,Medium,Typing,في حرب النجوم، ما هو اسم الروبوت البروتوكولي الذهبي الفصيح بأكثر من ستة ملايين لغة ومرافق آر تو دي تو؟,,C-3PO
54,Movies and Series,Easy,Multiple Choice,في سلسلة هاري بوتر، من هو ناظر مدرسة هوغوورتس الحكيم والساحر العظيم المعترف بقوته عبر معظم السلسلة؟,A) سيفيروس سنيب | B) فيليوس فليتويك | C) ألبوس دمبلدور | D) ريموس لوبين,C
55,Movies and Series,Easy,Multiple Choice,في حرب النجوم، ما هي المحطة الفضائية الحربية الكروية العملاقة التابعة للإمبراطورية والقادرة على تدمير كواكب كاملة؟,A) مدمرة النجوم | B) دريدنوت | C) سوبريماسي | D) نجمة الموت,D
56,Movies and Series,Easy,Multiple Choice,في سيد الخواتم، ما هو الكنز الذهبي السحري الذي عثر عليه بيلبو باجينز في كهف غولوم المظلم في قصة الهوبيت؟,A) الخاتم الأوحد | B) حجر الآركنستون | C) قميص الميثريل | D) سيف ستينغ,A
57,Movies and Series,Easy,Multiple Choice,في فيلم ذا ماتريكس، من هي المقاتلة الشجاعة ذات الزي الجلدي الأسود والمغرمة بنيو وصاحبة ركلة الكركي الشهيرة؟,A) نيوبي | B) ترينيتي | C) بيرسيفوني | D) سويتش,B
58,Movies and Series,Easy,Multiple Choice,في الحديقة الجوراسية، ما هو الديناصور اللاحم الأضخم والأقوى الذي يزأر في بهو مركز الزوار في نهاية الفيلم الأيقونية؟,A) الفيلوسيرابتور | B) الديلوفوصور | C) التيرانوصور ريكس أو تي-ريكس | D) البراكيوصور,C
59,Movies and Series,Easy,Multiple Choice,في قراصنة الكاريبي، ما هي ابنة الحاكم الجميلة التي اختطفها باربوسا وتقع في حب ويليام تيرنر؟,A) كاليبسو | B) أنجليكا | C) كارينا سميث | D) إليزابيث سوان,D
60,Movies and Series,Easy,Multiple Choice,في هاري بوتر، من هي الساحرة الذكية والعبقرية ابنة العامة وأفضل صديقة لهاري ورون في مغامراتهما؟,A) هيرميون غرانجر | B) جيني ويزلي | C) لونا لوفغود | D) تشو تشانغ,A
61,Movies and Series,Easy,Multiple Choice,في حرب النجوم (The Phantom Menace)، من هو محارب السيث ذو الوجه الأحمر والأسود وحامل السيف الليزري المزدوج؟,A) كونت دوكو | B) دارث مول | C) الجنرال غريفوس | D) كايلو رين,B
62,Movies and Series,Easy,Multiple Choice,في سيد الخواتم، من هو مقاتل الأقزام القوي ذو اللحية الحمراء وحامل الفؤوس الذي يتنافس مع ليغولاس في عدد القتلى؟,A) ثورين | B) بالين | C) غيملي بن غلوين | D) دوالين,C
63,Movies and Series,Easy,Multiple Choice,في العودة إلى المستقبل، من هو العالم غريب الأطوار صاحب الشعر الأبيض ومخترع مكثف التدفق وآلة السفر عبر الزمن؟,A) ألبرت أينشتاين | B) جورج ماكفلاي | C) بيف تانين | D) دكتور إيميت 'دوك' براون,D
64,Movies and Series,Easy,Multiple Choice,في هاري بوتر، في أي قاعة مهيبة بالقصر تجري مراسم قبعة التنسيق السحرية لتوزيع الطلاب الجدد على منازلهم؟,A) القاعة الكبرى | B) غرفة المتطلبات | C) المكتبة الملكية | D) السراديب,A
65,Movies and Series,Easy,Multiple Choice,في حرب النجوم، ما هو الكوكب الصحراوي ذو الشمسين التوأمين حيث نشأ لوك سكاي ووكر في مزرعة عمه أوين وعمته بيرو؟,A) جاكو | B) تاتوين | C) هوث | D) إندور,B
66,Movies and Series,Easy,Multiple Choice,في سيد الخواتم، ما هي مملكة البشر المشهورة بفرسان الروهيريم وركوب الخيل ويحكمها الملك ثيودين؟,A) غوندور | B) آرنور | C) روهان | D) ديل,C
67,Movies and Series,Easy,Multiple Choice,في قراصنة الكاريبي، من هو الحداد الشاب الماهر الذي يجسده أورلاندو بلوم وينطلق لإنقاذ حبيبته إليزابيث سوان؟,A) جيمس نورنغتون | B) غيبس | C) كاتلر بيكيت | D) ويل تيرنر,D
68,Movies and Series,Easy,Multiple Choice,في هاري بوتر، ما هي الكائنات الشبحية المرعبة التي تحرس سجن أزكابان وتمتص السعادة والذكريات الجميلة من البشر؟,A) الديمينتورز أو حراس أزكابان | B) البوغارت | C) الثسترال | D) الإنفيري,A
69,Movies and Series,Easy,Multiple Choice,في حرب النجوم (Return of the Jedi)، ما هي الكائنات الفروية الصغيرة الشبيهة بالدببة على قمر إندور والتي ساعدت المتمردين؟,A) الجاوا | B) الإيووك | C) غزاة تسكن | D) البورغز,B
70,Movies and Series,Easy,Multiple Choice,في سيد الخواتم، ما هو السيف الإلفي القصير لبيلبو وفرودو والذي يتوهج بنور أزرق ساطع عند اقتراب الأورك أو الغوبلن؟,A) أندوريل | B) غلادريغ | C) ستينغ | D) نارسيل,C
71,Movies and Series,Easy,Typing,في هاري بوتر، ما هو اسم أستاذ الوصفات السحرية ورئيس منزل سليذرين والذي كان مغرماً بليلي بوتر سراً؟,,سيفيروس سنيب
72,Movies and Series,Easy,Typing,في حرب النجوم، ما هو اسم الروبوت الأسطواني الصغير الشجاع الذي يحمل رسالة الأميرة لييا الهولوغرامية لأوبي وان؟,,R2-D2
73,Movies and Series,Easy,Typing,في فيلم ذا ماتريكس، ماذا يُسمى التأثير البصري الثوري الشهير بحركة الكاميرا البطيئة وتفادي الرصاص في الهواء؟,,بولت تايم
74,Movies and Series,Medium,Multiple Choice,في هاري بوتر وجماعة العنقاء، من هي المفتشة الشريرة ذات الرداء الوردي من وزارة السحر التي تعاقب هاري بريشة الدم؟,A) بيلاتريكس ليسترانج | B) نارسيسيا مالفوي | C) ريتا سكيتر | D) دولوريس أمبريدج,D
75,Movies and Series,Medium,Multiple Choice,في حرب النجوم (The Force Awakens)، من هو المحارب المظلم ابن هان سولو والأميرة لييا وصاحب القناع الأسود؟,A) كايلو رين أو بن سولو | B) فين | C) بو داميرون | D) الجنرال هاكس,A
76,Movies and Series,Medium,Multiple Choice,في سيد الخواتم: البرجان، ما هي القلعة الحصينة في وادي روهان التي شهدت معركة الحصار الليلية الملحمية ضد 10 آلاف أوروك-هاي؟,A) ميناس تيريث | B) هيلمز ديب أو قلعة الهورنبورغ | C) أوسغيلياث | D) أيزنغارد,B
77,Movies and Series,Medium,Multiple Choice,في ذا ماتريكس 3، من هو العدو الخطير الذي تفشى كفيروس ويسعى نيو للتخلص منه مقابل عقد سلام مع مدينة الآلات؟,A) الميروفينجيان | B) المعماري | C) العميل سميث | D) التوأمان,C
78,Movies and Series,Medium,Multiple Choice,في الحديقة الجوراسية (1993)، ما هو الديناصور الصغير ذو الطوق الجلدي الذي يبصق السم الأعمى وقتل دينيس نيدري في السيارة؟,A) الفيلوسيرابتور | B) غاليميموس | C) كومبسوجناثوس | D) الديلوفوصور,D
79,Movies and Series,Medium,Multiple Choice,في قراصنة الكاريبي: صندوق الرجل الميت، ما هو الوحش الأسطوري البحري العملاق ذو المجسات الذي يستدعيه ديفي جونز لابتلاع السفن؟,A) الكراكن | B) ليفياثان | C) سكيلا | D) يورمونغاند,A
80,Movies and Series,Medium,Multiple Choice,في هاري بوتر وسجين أزكابان، ما هو شكل وحيوان الباترونوس الفضي الذي استدعاه هاري لصد مئات الديمينتورز عند البحيرة؟,A) قضاعة | B) الوعل أو الأيل القرني | C) ظبية | D) طائر الفينيق,B
81,Movies and Series,Medium,Multiple Choice,في حرب النجوم (Return of the Jedi)، من هو الإمبراطور الشرير وسيد السيث الحاكم للمجرة ويطلق صواعق البرق من أصابعه؟,A) كونت دوكو | B) سنوك | C) الإمبراطور بالباتين أو دارث سيديوس | D) دارث بلاغيس,C
82,Movies and Series,Medium,Multiple Choice,في سيد الخواتم: عودة الملك، ما هي العاصمة البيضاء الحصينة لمملكة غوندور ذات المستويات السبعة المحاصرة من جيوش ساورون؟,A) ميناس مورغول | B) دول أمروث | C) بيلارجير | D) ميناس تيريث,D
83,Movies and Series,Medium,Typing,في هاري بوتر، ما هو اسم الأب الروحي لهاري بوتر والهارب من سجن السحرة أزكابان؟,,سيريوس بلاك
84,Movies and Series,Medium,Typing,في حرب النجوم، ما هو الاسم الحقيقي لصائد الجوائز المستنسخ الذي تربى كابن غير معدل لجانغو فيت؟,,بوبا فيت
85,Movies and Series,Hard,Multiple Choice,في هاري بوتر، أي من العناصر التالية لم يكن أبداً أحد هوركروكسات لورد فولدمورت السبعة؟,A) سيف غودريك غريفندور | B) كأس هيلغا هافلباف | C) تاج روينا رافنكلو | D) ميدالية سالازار سليذرين,A
86,Movies and Series,Hard,Multiple Choice,في أساطير حرب النجوم، ما هو الكوكب المظلم القديم والموطن الأصلي لحضارة السيث ومقبرة لوردات الظلام في وادي الملوك؟,A) إكسيغول | B) كوريبان أو موراباند | C) مالاكور | D) داثومير,B
87,Movies and Series,Hard,Multiple Choice,في سيد الخواتم، من هي الفارسة النبيلة من روهان التي تنكرت بزي مقاتل باسم ديرنهيلم وقتلت ملك السحرة الأنغمار؟,A) أروين | B) غالادريل | C) إيوين حارسة روهان | D) سيليبريان,C
88,Movies and Series,Hard,Multiple Choice,في فيلم ذا ماتريكس 2، من هو البرنامج الأبيض المنشئ والمصمم للماتريكس الذي يكشف لنيو أنه النسخة السادسة من المختار؟,A) الميروفينجيان | B) صانع المفاتيح | C) رجل القطار | D) المعماري أو الآركيتكت,D
89,Movies and Series,Hard,Multiple Choice,في الحديقة الجوراسية (1993)، على أي جزيرة خيالية قبالة كوستاريكا تم بناء حديقة الديناصورات الأولى؟,A) إيسلا نوبلار | B) إيسلا سورنا | C) إيسلا ماتانسيروس | D) إيسلا مويرتا,A
90,Movies and Series,Hard,Multiple Choice,في هاري بوتر والأمير الهجين، ما هو لقب ولقب عائلة والدة سيفيروس سنيب الأصلية الذي ألهمه لقب 'الأمير الهجين'؟,A) غونت | B) برينس أو الأمير | C) بلاك | D) روزييه,B
91,Movies and Series,Hard,Multiple Choice,في حرب النجوم (Attack of the Clones)، ما هو العرق الفضائي المستنسخ على كوكب المحيط كامينو الذي أنتج جيش المستنسخين؟,A) الغيونوسيون | B) الشيس | C) الكامينويون | D) التويليك,C
92,Movies and Series,Hard,Multiple Choice,في سيد الخواتم، ما كان الاسم الهوبيتي الأصلي لـ غولوم قبل أن يفسده الخاتم الأوحد بالكامل؟,A) ديغول | B) باندوبراس | C) توبولد | D) سميغول,D
93,Movies and Series,Hard,Typing,في هاري بوتر، ما هي المادة السحرية الأساسية في قلب عصا هاري المصنوعة من خشب البهش والتي أُخذت من فوكس؟,,ريشة عنقاء
94,Movies and Series,Hard,Typing,في سيد الخواتم، ما هو اسم البرج الصخري الأسود الشاهق لقلعة الساحر سارومان في أيزنغارد؟,,أورثانك
95,Movies and Series,Easy,Multiple Choice,في هاري بوتر، ما هي حلوى الفاصوليا السحرية الشهيرة بنكهاتها العشوائية المتعددة كالشوكولاتة والفلفل وحتى شمع الأذن؟,A) حبوب بيرتي بوت بكل النكهات | B) ضفادع الشوكولاتة | C) علكة دروبل | D) أزيز ويزبيز,A
96,Movies and Series,Easy,Multiple Choice,في حرب النجوم، ما هو كوكب المستنقعات الكثيفة والضباب حيث يقيم المعلم يودا وتدرب فيه لوك سكاي ووكر؟,A) هوث | B) داغوبا | C) بيسبين | D) كوروسانت,B
97,Movies and Series,Easy,Multiple Choice,في سيد الخواتم، ما هو المعدن الفضي الخفيف والشديد الصلابة والمستخرج من موريا وأُهدي لفرودو كقميص درعي؟,A) الأدامانت | B) الفولاذ الفاليري | C) الميثريل | D) الفيبرانيوم,C
98,Movies and Series,Easy,Multiple Choice,في قراصنة الكاريبي، ما هي البوصلة السحرية الفريدة لجاك سبارو والتي لا تشير إلى الشمال بل تشير إلى ماذا؟,A) الذهب المدفون | B) أقرب حانة | C) سفينة اللؤلؤة | D) ما يرغب فيه حاملها بشدة في العالم,D
99,Movies and Series,Easy,Multiple Choice,في العودة إلى المستقبل، ما هو اسم الفتى المتنمر المتعجرف الذي يضايق جورج ماكفلاي في عام 1955 و1985؟,A) بيف تانين | B) غريف تانين | C) نيدلز | D) ستريكلاند,A
100,Movies and Series,Easy,Multiple Choice,في الحديقة الجوراسية، ما هي الديناصورات الذكية والسريعة التي تفتح مقابض الأبواب وتطارد الأطفال داخل المطبخ؟,A) الديلوفوصور | B) الفيلوسيرابتور | C) غاليميموس | D) تيرانودون,B
101,Movies and Series,Easy,Multiple Choice,في فيلم آيرون مان (Iron Man 2008) من مارفل، ما هو الاسم الحقيقي للملياردير العبقري ومصنع الأسلحة الذي يبني البدلة الحديدية؟,A) بروس بانر | B) ستيف روجرز | C) توني ستارك | D) ستيفن سترينج,C
102,Movies and Series,Easy,Multiple Choice,في فيلم فارس الظلام (The Dark Knight 2008)، من هو الشرير الفوضوي ذو الوجه المصبوغ الذي يجسده هيث ليدجر ويسأل 'Why so serious?'؟,A) ريدلر | B) بين | C) ذو الوجهين | D) الجوكر,D
103,Movies and Series,Easy,Multiple Choice,في فيلم تيتانيك (Titanic 1997) لجيمس كاميرون، ما هي السفينة العملاقة الفاخرة التي اصطدمت بجبل جليدي في رحلتها الأولى عام 1912؟,A) تيتانيك | B) لوسيتانيا | C) بريتانيك | D) كوين ماري,A
104,Movies and Series,Easy,Multiple Choice,في فيلم المنتقمون (The Avengers)، ما هي العناصر الكونية الستة الملونة التي تمنح السيطرة على الفضاء، والعقل، والواقع، والقوة، والزمن، والروح؟,A) صناديق الأم | B) أحجار الأبدية | C) كرات التنين | D) زمردات الفوضى,B
105,Movies and Series,Easy,Multiple Choice,في فيلم العراب (The Godfather 1972)، من هو الممثل الأسطوري الذي يجسد شخصية دون فيتو كورليوني زعيم عائلة المافيا؟,A) روبرت دي نيرو | B) آل باتشينو | C) مارلون براندو | D) جيمس كان,C
106,Movies and Series,Easy,Multiple Choice,في فيلم إنسبشن (Inception) لكريستوفر نولان، ما هو المجسم المعدني الدوار (التوتم) الذي يستخدمه دوم كوب لمعرفة ما إذا كان في حلم أم يقظة؟,A) نرد محمل | B) بيدق شطرنج | C) عملة نحاسية | D) البلبل الدوار أو النحلة الدوارة,D
107,Movies and Series,Easy,Multiple Choice,في فيلم فورست غامب (Forrest Gump 1994)، بماذا يصف فورست الحياة في عبارته الشهيرة: 'الحياة مثل علبة من ...'؟,A) الشوكولاتة | B) الدونات | C) البسكويت | D) السكاكر,A
108,Movies and Series,Easy,Multiple Choice,في فيلم النمر الأسود (Black Panther 2018)، ما هي الدولة الإفريقية الخفية والمتقدمة تكنولوجياً التي يحكمها الملك تشالا؟,A) زاموندا | B) واكاندا | C) جينوشا | D) لاتفيريا,B
109,Movies and Series,Easy,Multiple Choice,في فيلم بولب فيكشن (Pulp Fiction 1994)، ما هما الاسمان للقاتلين المأجورين بالبدل السوداء اللذين يجسدهما جون ترافولتا وصامويل جاكسون؟,A) بوتش ومارسيلوس | B) بامبكين وهوني باني | C) فنسنت فيغا وجولز وينفيلد | D) بريت ومارفين,C
110,Movies and Series,Easy,Multiple Choice,في فيلم الخلاص من شوشانك (The Shawshank Redemption)، ما هي الأداة المخبأة داخل الإنجيل التي استخدمها آندي لحفر نفقه عبر 19 عاماً؟,A) إزميل | B) مفك براغي | C) ملعقة فضية | D) مطرقة صخور صغيرة,D
111,Movies and Series,Easy,Multiple Choice,في عالم مارفل، ما هي المطرقة النوردية السحرية لثور والتي لا يمكن رفعها إلا لمن يستحقها فقط؟,A) ميولنير | B) ستورمبريكر | C) غونغنير | D) هوفوند,A
112,Movies and Series,Easy,Multiple Choice,في فيلم تيتانيك (1997)، ما هي قلادة الألماس الأزرق النادرة والشهيرة التي ترتديها روز على متن السفينة؟,A) ماسة الأمل | B) قلب المحيط | C) عين البحر | D) نجمة إفريقيا,B
113,Movies and Series,Easy,Multiple Choice,في فيلم غلادياتور (Gladiator 2000)، من هو القائد الروماني المغدور الذي يجسده راسل كرو ويتحول إلى مصارع للانتقام من كومودوس؟,A) ماركوس أوريليوس | B) بروكسيمو | C) مكسيموس ديسيموس ميريديوس | D) غراكوس,C
114,Movies and Series,Easy,Multiple Choice,في عالم مارفل، ما هو المعدن الواكاندي النادر والممتص للاهتزازات وغير القابل للتدمير والمصنوع منه درع كابتن أمريكا؟,A) أدامانتيوم | B) كربونيوم | C) أورو | D) فيبرانيوم,D
115,Movies and Series,Easy,Multiple Choice,في فيلم إنترستيلار (Interstellar 2014) لكريستوفر نولان، ما هو الجرم السماوي الهائل ذو الجاذبية الفائقة وأفق الحدث المسمى غارغانتوا؟,A) ثقب أسود هائل | B) نجم نيوتروني | C) ثقب دودي | D) كوكب تائه,A
116,Movies and Series,Easy,Multiple Choice,في ثلاثية فارس الظلام، من هو الخادم الإنجليزي الوفي والأب الروحي الذي يرعى بروس واين في قصر واين؟,A) لوشيوس فوكس | B) ألفريد بيني وورث | C) جيم غوردون | D) هارفي دينت,B
117,Movies and Series,Easy,Multiple Choice,في حراس المجرة (Guardians of the Galaxy)، ما هو الكائن الشجري الفضائي المتحدث الذي يكرر دائماً عبارته 'I am Groot'؟,A) روكيت راكون | B) دراكس المدمر | C) غروت | D) ستار لورد,C
118,Movies and Series,Easy,Multiple Choice,في فيلم العراب (The Godfather)، ما هو العضو الحيواني المقطوع والموضوع في سرير المنتج السينمائي جاك وولتز كرسالة تهديد مرعبة؟,A) رأس ماعز | B) قرون ثور | C) رأس ثعبان | D) رأس حصان سباق ثمين,D
119,Movies and Series,Easy,Multiple Choice,في فيلم أفنجرز: نهاية اللعبة (Endgame 2019)، ما هي الجملة الأخيرة الأيقونية التي نطق بها توني ستارك قبل فرقعة أصابعه؟,A) 'أنا هو الرجل الحديدي.' | B) 'تجمعوا أيها المنتقمون!' | C) 'لقد خسرت يا ثانوس.' | D) 'من أجل بيتر.',A
120,Movies and Series,Easy,Multiple Choice,في فيلم نادي القتال (Fight Club 1999)، ما هي القاعدة الأولى والأساسية الصارمة لنادي القتال التي أعلنها تايلر داردن؟,A) 'مقاتلان فقط لكل نزال.' | B) 'القاعدة الأولى: لا تتحدث أبداً عن نادي القتال.' | C) 'نزال واحد في كل مرة.' | D) 'بلا قمصان أو أحذية.',B
121,Movies and Series,Easy,Multiple Choice,في أفلام سبايدرمان، ما هو الاسم المدني لطالب المدرسة الثانوية الذي تلدغه عنكبوت مشعة في كوينز بنيويورك؟,A) مايلز موراليس | B) نيد ليدز | C) بيتر باركر | D) هاري أوزبورن,C
122,Movies and Series,Easy,Multiple Choice,في فيلم نهوض فارس الظلام (The Dark Knight Rises 2012)، من هو الثوري المقنع الضخم الذي يكسر ظهر باتمان ويحبسه في سجن الحفرة؟,A) سكايركرو | B) رأس الغول | C) ديدشوت | D) بين,D
123,Movies and Series,Easy,Typing,في فيلم تيتانيك، ما هو الاسم الأول للرسام الشاب المكافح من الدرجة الثالثة الذي يجسده ليوناردو دي كابريو؟,,جاك
124,Movies and Series,Easy,Typing,في فيلم أفنجرز: الحرب اللانهائية، ما هو الشرير التايتاني البنفسجي الذي يبيد نصف سكان الكون بفرقعة أصابعه؟,,ثانوس
125,Movies and Series,Easy,Typing,في فورست غامب، في أي دولة آسيوية يشارك فورست في بطولة دبلوماسية كرة الطاولة (بينغ بونغ) في السبعينيات؟,,الصين
126,Movies and Series,Easy,Typing,في سلسلة أفلام فارس الظلام، ما هي المدينة الأمريكية الخيالية المليئة بالجريمة والتي يحميها باتمان؟,,غوثام
127,Movies and Series,Medium,Multiple Choice,في بولب فيكشن، ما هي الآية الإنجيلية التي يرتلها جولز وينفيلد بحماس قبل إطلاق النار وتبدأ بـ 'The path of the righteous man'؟,A) حزقيال 25:17 | B) المزمور 23 | C) يوحنا 3:16 | D) اللاويين 19,A
128,Movies and Series,Medium,Multiple Choice,في فيلم إنسبشن، ماذا يُسمى مفهوم زرع فكرة أصلية في العقل الباطن للهدف بدلاً من مجرد سرقة فكرة؟,A) الاستخراج | B) الاستنبات أو الإنكشاط | C) التذكر الواعي | D) الإسقاط الباطني,B
129,Movies and Series,Medium,Multiple Choice,في العراب الجزء الثاني، من هو الشقيق الخائن من عائلة كورليوني الذي يتآمر ضد مايكل في هافانا ويقول له مايكل 'لقد كسرت قلبي'؟,A) سوني كورليوني | B) توم هاغن | C) فريدو كورليوني | D) كوني كورليوني,C
130,Movies and Series,Medium,Multiple Choice,في كابتن أمريكا: جندي الشتاء (2014)، من هو القاتل المأجور ذو الذراع المعدنية والمغسول دماغه ويتضح أنه صديق ستيف منذ الطفولة؟,A) سام ويلسون | B) بروك رملو | C) كلينت بارتون | D) باكي بارنز,D
131,Movies and Series,Medium,Multiple Choice,في إنترستيلار، ما هي ابنة كوبر العبقرية التي تفك شفرات معادلات الجاذبية عبر عقارب ساعة اليد المتكتكة من داخل التيسراكت؟,A) ميرفي مورف | B) براند | C) روميلي | D) لويس,A
132,Movies and Series,Medium,Multiple Choice,في الخلاص من شوشانك، خلف ملصق أي ممثلة هوليوودية شهيرة في الستينيات أخفى آندي دوفريسن نفق هروبه الأخير؟,A) مارلين مونرو | B) راكيل ويلش | C) ريتا هيوارث | D) جين مانسفيلد,B
133,Movies and Series,Medium,Multiple Choice,في فارس الظلام (2008)، ما هي العملة المعدنية ذات الوجهين المتطابقين التي يرميها المدعي العام هارفي دينت وتصبح محروقة من جهة واحدة؟,A) الجنيه الذهبي | B) نصف دولار كينيدي | C) دولار بيس الفضي لعام 1922 | D) ربع دولار واشنطن,C
134,Movies and Series,Medium,Multiple Choice,في فيلم غلادياتور، من هو الإمبراطور الروماني المغرور والمريض نفسياً الذي يجسده خواكين فينيكس ويقتل والده ماركوس أوريليوس؟,A) نيرون | B) كاليغولا | C) تيبيريوس | D) كومودوس,D
135,Movies and Series,Medium,Multiple Choice,في فيلم دكتور سترينج (Doctor Strange 2016)، ما هي القلادة السحرية الخضراء التي تحتوي على حجر الزمن وتتدلى حول عنق سترينج؟,A) عين أغاموتو | B) عصا واتومب | C) عباءة الطيران | D) كرة كاليسترو,A
136,Movies and Series,Medium,Multiple Choice,في فيلم نادي القتال (1999)، ما هي المفاجأة الدرامية الصادمة حول حقيقة تايلر داردن (براد بيت) بالنسبة للراوي (إدوارد نورتون)؟,A) تايلر هو شقيقه المفقود | B) تايلر داردن هو شخصية خيالية وانفصام في عقل الراوي نفسه | C) تايلر شبح من طفولته | D) تايلر عميل سري للمباحث,B
137,Movies and Series,Medium,Multiple Choice,في فورست غامب، ما هي شركة صيد الروبيان التي أسسها فورست في ألاباما وفاءً لوعده لصديقه الراحل بوبا؟,A) شركة صيد بايو | B) شركة غرينبو | C) شركة بوبا غامب للروبيان | D) روبيان جيني,C
138,Movies and Series,Medium,Multiple Choice,في فيلم ثور: راغناروك (2017)، ما هو شيطان النار العملاق الذي أطلقه ثور لتدمير أزغارد والقضاء على هيلا إلهة الموت؟,A) فينريس | B) يمير | C) مالكيث | D) سورتور,D
139,Movies and Series,Medium,Multiple Choice,في فيلم تيتانيك (1997)، من هي المغنية العالمية الكندية صاحبة الصوت الأسطوري في أغنية الفيلم الحائزة على الأوسكار 'My Heart Will Go On'؟,A) سيلين ديون | B) ويتني هيوستن | C) ماريا كاري | D) باربرا سترايساند,A
140,Movies and Series,Medium,Typing,في عالم مارفل وكابتن أمريكا، ما هي المنظمة النازية العلمية الشريرة بقيادة ريد سكال وشعارها 'اقطع رأساً ينمو اثنان'؟,,هايدرا
141,Movies and Series,Medium,Multiple Choice,في فيلم العراب، ما هي النصيحة الشهيرة التي يكررها دون كورليوني: 'ابق أصدقاءك قريبين منك، ولكن ابق أعداءك ...'؟,A) موتى | B) أقرب إليك | C) صامتين | D) فقراء,B
142,Movies and Series,Medium,Typing,في فيلم إنترستيلار، ما هو اسم الروبوت الآلي العسكري الفضائي الصندوقي ذو نسبة الصدق 90% والمرافق لطاقم الرحلة؟,,TARS
143,Movies and Series,Hard,Multiple Choice,في بولب فيكشن، ما هو الرمز السري المكون من 3 أرقام لفتح حقيبة مارسيلوس والاس الذهبية الغامضة والمضيئة؟,A) 007 | B) 777 | C) 666 | D) 123,C
144,Movies and Series,Hard,Multiple Choice,في ثلاثية العراب لكوبولا، ما هي الفاكهة التي تظهر بشكل متكرر على الشاشة مباشرة قبل مشهد اغتيال أو موت إحدى الشخصيات؟,A) التفاح | B) العنب | C) الرمان | D) البرتقال,D
145,Movies and Series,Hard,Multiple Choice,في فيلم تذكار (Memento 2000) لنولان، ما هي الحالة الطبية التي يعاني منها البطل ليونارد وتمنعه من تكوين ذكريات جديدة قصيرة المدى؟,A) فقدان الذاكرة التقدمي قصير المدى | B) فقدان الذاكرة الرجعي | C) الشرود الانفصالي | D) عمى التعرف على الوجوه,A
146,Movies and Series,Hard,Multiple Choice,في حراس المجرة 2، ما هو الكيان السماوي الكوني الذي يمثل والد بيتر كويل البيولوجي ويسعى للتمدد عبر الكون؟,A) غالاكتوس | B) إيغو الكوكب الحي | C) الكوليكتور | D) غراند ماستر,B
147,Movies and Series,Hard,Multiple Choice,في الخلاص من شوشانك، في أي بلدة ساحلية مكسيكية هادئة على المحيط الهادئ يلتقي آندي وصديقه ريد في نهاية الفيلم؟,A) كانكون | B) كابو سان لوكاس | C) زيهواتانيخو | D) بويرتو فالارتا,C
148,Movies and Series,Medium,Multiple Choice,في فيلم إنسبشن، ما هي أغنية إديث بياف الفرنسية الكلاسيكية الشهيرة المستخدمة كعد تنازلي لإيقاظ الحالمين من طبقات الحلم؟,"A) 'La Vie en rose' | B) 'Milord' | C) 'Padam, padam...' | D) 'Non, je ne regrette rien'",D
149,Movies and Series,Hard,Multiple Choice,في فارس الظلام (2008)، ما هو اسم المحاسب المالي للمافيا الذي هرب بأموال عائلات الجريمة المغسولة إلى هونغ كونغ؟,A) لاو | B) سالفاتوري ماروني | C) كارمين فالكون | D) غامبول,A
150,Movies and Series,Hard,Multiple Choice,في فيلم غلادياتور (2000)، ما هي العبارة اللاتينية التي يرددها جنود مكسيموس قبل بدء المعركة: 'القوة و...'؟,A) 'المجد' | B) 'الشرف' | C) 'الشجاعة' | D) 'السلطة',B
151,Movies and Series,Medium,Typing,في آيرون مان، ما هو اسم نظام الذكاء الاصطناعي الصوتي الذي يدير قصر توني وبدلته بصوت بول بيتاني قبل أن يصبح فيجن؟,,جارفس
152,Movies and Series,Hard,Multiple Choice,في عالم المافيا وفيلم العراب، ماذا يُسمى المستشار القانوني الموثوق وكاتم أسرار زعيم العائلة (الدون)؟,A) كابو | B) أندربوس | C) الكونسيليري | D) جندي,C
153,Movies and Series,Hard,Typing,في إنترستيلار، على كوكب الماء القريب من الثقب الأسود غارغانتوا (كوكب ميلر)، ساعة واحدة على السطح تعادل كم سنة على الأرض؟,,7 سنوات
154,Movies and Series,Easy,Multiple Choice,في عالم مارفل، من هو العالم الفيزيائي الذي يتحول بسبب أشعة غاما إلى العملاق الأخضر الغاضب الهالك (Hulk)؟,A) توني ستارك | B) كلينت بارتون | C) هانك بيم | D) دكتور بروس بانر,D
155,Movies and Series,Easy,Multiple Choice,في تيتانيك، من هو خطيب روز الثري والمتغطرس الذي يحاول تلفيق تهمة سرقة القلادة لجاك داوسون؟,A) كاليدون 'كال' هوكلي | B) توماس أندروز | C) بروس إسماي | D) فابريزيو,A
156,Movies and Series,Easy,Multiple Choice,في أفنجرز: الحرب اللانهائية، على أي كوكب صخري معزول يضحي ثانوس بابنته غامورا للحصول على حجر الروح؟,A) تايتان | B) فورمير | C) زاندار | D) نووير,B
157,Movies and Series,Easy,Multiple Choice,في فارس الظلام (2008)، ما هو اللقب والاسم الشرير الذي اتخذه هارفي دينت بعد احتراق نصف وجهه في انفجار المستودع؟,A) سكايركرو | B) ريدلر | C) ذو الوجهين | D) بلاك ماسك,C
158,Movies and Series,Easy,Multiple Choice,في فورست غامب، من هي صديقة طفولة فورست وحب حياته الوحيد التي تزوجها قبل وفاتها؟,A) بيغي | B) دوروثي | C) ماري | D) جيني كوران,D
159,Movies and Series,Easy,Multiple Choice,في كابتن مارفل (2019)، ما هي طيارة القوات الجوية السابقة التي تجسدها بري لارسون وتكتسب قوى طاقة التيسراكت الكونية؟,A) كارول دانفرز | B) واندا مكسيموف | C) ناتاشا رومانوف | D) بيغي كارتر,A
160,Movies and Series,Easy,Multiple Choice,في فيلم العراب (1972)، ما هي الجملة الأسطورية الخالدة التي قالها دون فيتو كورليوني عن إقناع مخرج هوليوود؟,A) 'إنه مجرد عمل تجاري.' | B) 'سأقدم له عرضاً لا يمكنه رفضه.' | C) 'لا تخبر أحداً خارج العائلة بما تفكر فيه.' | D) 'الرجل الذي لا يقضي وقتاً مع عائلته ليس رجلاً حقيقياً.',B
161,Movies and Series,Easy,Multiple Choice,في فيلم الأرملة السوداء (Black Widow)، ما هي عميلة الـ KGB السابقة وخبيرة الفنون القتالية التي تجسدها سكارليت جوهانسون؟,A) ماريا هيل | B) يلينا بيلوفا | C) ناتاشا رومانوف | D) شارون كارتر,C
162,Movies and Series,Easy,Multiple Choice,في بولب فيكشن، ما هي جائزة الرقص التي فاز بها فنسنت فيغا وميا والاس بعد رقصة التويست في مطعم جاك رابيت سليمز؟,A) كأس تشارلستون | B) جائزة باتوسي | C) جائزة الجيتربوغ | D) بطولة العالم لرقص التويست,D
163,Movies and Series,Easy,Multiple Choice,في فيلم إنسبشن (2010)، كم عدد طبقات الأحلام (أحلام داخل أحلام) التي بناها فريق كوب لإنجاز المهمة بالإضافة إلى الليمبو؟,A) 3 طبقات أحلام | B) طبقة واحدة | C) طبقتان | D) 5 طبقات,A
164,Movies and Series,Easy,Multiple Choice,في فيلم سبايدرمان (2002)، ما هي الحكمة الأيقونية الخالدة التي قالها العم بن لبيتر باركر قبل مقتله؟,A) 'انظر دائماً للجانب المشرق.' | B) 'مع القوة العظيمة تأتي مسؤولية عظيمة.' | C) 'لا تستسلم أبداً.' | D) 'الشجاعة هي الاستمرار رغم الخوف.',B
165,Movies and Series,Easy,Multiple Choice,في الخلاص من شوشانك، ما هو لقب سجين السجن المخضرم والمهرب للبضائع الذي يجسده مورغان فريمان ويروي القصة؟,A) هيوود | B) بروكس | C) ريد أو إليس بويد ريدينغ | D) تومي,C
166,Movies and Series,Easy,Multiple Choice,في دكتور سترينج 2، ما هو كتاب التعاويذ السحرية المظلم الملعون الذي تستخدمه واندا مكسيموف لمطاردة أمريكا تشافيز؟,A) كتاب كاليسترو | B) النيكرونوميكون | C) كتاب فيشانتي | D) الدارك هولد,D
167,Movies and Series,Easy,Multiple Choice,في نهوض فارس الظلام، ما هي سيدة الأعمال في غوثام التي يتبين أنها تاليا الغول ابنة رأس الغول الحقيقية؟,A) ميراندا تيت أو تاليا الغول | B) سيلينا كايل | C) فيكي فيل | D) رايتشل دوز,A
168,Movies and Series,Easy,Multiple Choice,في فيلم أوبنهايمر (Oppenheimer 2023) لكريستوفر نولان، من هو عالم الفيزياء النظرية الذي يجسده كيليان ميرفي ويلقب بـ 'أب القنبلة الذرية'؟,A) ألبرت أينشتاين | B) جي روبرت أوبنهايمر | C) إنريكو فيرمي | D) ريتشارد فاينمان,B
169,Movies and Series,Easy,Multiple Choice,في فيلم الرجل النملة (Ant-Man 2015)، من هو اللص التائب الذي يجسده بول رود ويرتدي بدلة تصغير الحجم وزيادة القوة؟,A) هانك بيم | B) دارين كروس | C) سكوت لانغ | D) لويس,C
170,Movies and Series,Easy,Multiple Choice,في فيلم غلادياتور (2000)، ما هي العبارة الغاضبة الشهيرة التي صرخ بها مكسيموس في وجه الجماهير بعد سحق خصومه في الحلبة؟,A) 'عاش القيصر!' | B) 'هل هذا هو ملككم؟' | C) 'من أجل روما!' | D) 'ألا يروق لكم هذا الترفيه؟',D
171,Movies and Series,Easy,Multiple Choice,في حراس المجرة، ما هو اسم شريط الكاسيت الموسيقي الكلاسيكي لأغاني السبعينيات الذي أهدته والدة بيتر كويل له؟,A) المزيج المذهل الجزء 1 | B) سبيس جام هيتس | C) روائع الذهب | D) أنغام كوزميك,A
172,Movies and Series,Easy,Multiple Choice,في العراب الجزء الثاني، من هو الابن البارد والحاسم الذي يكمل تحوله ليصبح الزعيم القاسي والمعزول لإمبراطورية كورليوني؟,A) سوني كورليوني | B) مايكل كورليوني | C) فريدو كورليوني | D) توم هاغن,B
173,Movies and Series,Easy,Typing,في النمر الأسود، ما هو اسم شقيقة الملك تشالا الصغرى والعبقرية التكنولوجية التي تصمم بدلته وأسلحته؟,,شوري
174,Movies and Series,Easy,Typing,في تيتانيك، ما هي العبارة الشهيرة التي صرخ بها جاك داوسون من مقدمة السفينة: 'أنا ملك ...'؟,,العالم
175,Movies and Series,Easy,Typing,في عالم مارفل، ما هو اسم شقيق ثور بالتبني وإله الحيل والخداع الذي يؤدي دوره توم هيدلستون؟,,لوكي
176,Movies and Series,Medium,Multiple Choice,في كابتن أمريكا: الحرب الأهلية (2016)، ما هي وثيقة الأمم المتحدة الدولية التي قسمت المنتقمين حول خضوع الأبطال لرقابة الحكومات؟,A) معاهدة جنيف | B) معاهدة واكاندا | C) اتفاقيات سوكوفيا | D) بروتوكول شيلد,C
177,Movies and Series,Medium,Multiple Choice,في فارس الظلام (2008)، ما هما السفينتان في خليج غوثام اللتان فخخهما الجوكر بالمتفجرات وسلم أجهزة التفجير للركاب في السفينة الأخرى؟,A) سفينة الشرطة وسفينة الإطفاء | B) سفينة المسؤولين وسفينة السياح | C) سفينة الأطباء وسفينة المعلمين | D) سفينة المدنيين العاديين وسفينة السجناء والمحكومين,D
178,Movies and Series,Medium,Multiple Choice,في فيلم إنسبشن (2010)، ماذا يُسمى الدرج الهندسي اللانهائي المستحيل الذي شيده آرثر في عالم الأحلام لخداع الحراس؟,A) درجات بينروز اللانهائية | B) درج إيشر | C) شريط موبيوس | D) منحنى هيلبرت,A
179,Movies and Series,Medium,Multiple Choice,في فيلم العراب (1972)، في أي مراسم دينية كنسية يقف مايكل كورليوني كعراب بينما ينفذ رجاله اغتيال زعماء العائلات الخمس المعادية؟,A) حفل زفاف شقيقته كوني | B) مراسم تعميد ابن شقيقته كوني | C) جنازة والده فيتو | D) قداس منتصف الليل,B
180,Movies and Series,Medium,Multiple Choice,في فيلم إنترستيلار، بالقرب من أي كوكب في مجموعتنا الشمسية يقع الثقب الدودي الذي سمح لسفينة إندورانس بالسفر لمجرة أخرى؟,A) المريخ | B) المشتري | C) كوكب زحل | D) نبتون,C
181,Movies and Series,Medium,Multiple Choice,في الخلاص من شوشانك، من هو أمين مكتبة السجن العجوز الذي شنق نفسه مأساوياً بعد إطلاق سراحه لعجزه عن التأقلم مع العالم الخارجي؟,A) ريد | B) تومي ويليامز | C) بوغز | D) بروكس هاتلن,D
182,Movies and Series,Medium,Multiple Choice,في أفنجرز: عصر ألترون (2015)، ما هو برنامج الذكاء الاصطناعي الشرير الذي ابتكره توني وبروس وقرر إبادة البشرية لإحلال السلام؟,A) ألترون | B) فيجن | C) جارفس | D) زولا,A
183,Movies and Series,Medium,Multiple Choice,في بولب فيكشن، ما هو برجر الوجبات السريعة الذي يتناوله بريت في الشقة ويتذوقه جولز واصفاً إياه بـ 'البرجر اللذيذ'؟,A) رويال بالجبن | B) بيغ كاهونا برجر | C) بيغ ماك | D) كروستي برجر,B
184,Movies and Series,Medium,Multiple Choice,في فيلم غلادياتور (2000)، من هو مدير مدرسة المصارعين والمصارع السابق الذي اشترى مكسيموس في زوكابار ويجسده أوليفر ريد؟,A) كاسيوس | B) فالكو | C) أنطونيوس بروكسيمو | D) سيسيرو,C
185,Movies and Series,Medium,Multiple Choice,في نادي القتال (1999)، ما هي الشركة التي أسسها تايلر لتمويل مشروعه بصنع صابون فاخر من دهون عمليات شفط الدهون البشرية؟,A) شركة شموع بيبر ستريت | B) مشروع الصابون | C) صابون تايلر العضوي | D) شركة صابون بيبر ستريت,D
186,Movies and Series,Medium,Typing,في آيرون مان، ما هو مفاعل الطاقة الدائري المتوهج المزروع في صدر توني ستارك لحماية قلبه من الشظايا؟,,مفاعل الآرك
187,Movies and Series,Medium,Typing,في فيلم العظمة (The Prestige 2006)، ما هو اللقب المسرحي للساحر الذي يجسده كريستيان بيل ويؤدي خدعة 'الرجل المنقول'؟,,البروفيسور
188,Movies and Series,Hard,Multiple Choice,في فيلم العراب، ما هي البلدة الصغيرة في صقلية التي وُلد فيها فيتو أندوليني وأصبحت كنيته ولقب عائلته في أمريكا؟,A) كورليوني | B) باليرمو | C) تاورمينا | D) سيراكيوز,A
189,Movies and Series,Hard,Multiple Choice,في فيلم إنسبشن، من هي طالبة الهندسة المعمارية العبقرية التي يجسدها إليوت بيج ويجندها كوب لتصميم متاهات الأحلام المعقدة؟,A) مال | B) أريادني | C) إيمس | D) يوسف,B
190,Movies and Series,Easy,Multiple Choice,من هو مبتكر وأسطورة قصص مارفل المصورة الذي ظهر في 22 مشهد شرفي قصير (Cameo) في أفلام عالم مارفل قبل وفاته عام 2018؟,A) جاك كيربي | B) ستيف ديتكو | C) ستان لي | D) جيم لي,C
191,Movies and Series,Hard,Multiple Choice,في الخلاص من شوشانك، من هو مأمور السجن الفاسد والمنافق الذي يستغل آندي لغسيل الأموال ويردد آيات الكتاب المقدس؟,A) الكابتن هادلي | B) الضابط ميرت | C) ستاماس | D) المأمور صامويل نورتون,D
192,Movies and Series,Hard,Multiple Choice,في فيلم إنترستيلار، ما هو الكوكب الجليدي الغائم ذو البيانات المزيفة الذي يقوده رائد الفضاء الخائن دكتور مان لإنقاذ نفسه؟,A) كوكب مان | B) كوكب ميلر | C) كوكب إدموندز | D) محطة كوبر,A
193,Movies and Series,Hard,Multiple Choice,في بولب فيكشن، ماذا يُطلق الفرنسيون في باريس على برجر 'كوارتر باوندر بالجبن' بسبب استخدام النظام المتري وفقاً لفنسنت؟,A) لو بيغ ماك | B) رويال بالجبن | C) برجر بالجبن | D) كوارتر دو بوف,B
194,Movies and Series,Hard,Multiple Choice,في ثلاثية فارس الظلام، ما هي منظمة القتلة الجبلية القديمة بقيادة رأس الغول الهادفة لتطهير الحضارات الفاسدة مثل غوثام؟,A) محكمة البوم | B) القفاز الأسود | C) عصبة الظلال أو عصبة القتلة | D) فرقة دوماس,C
195,Movies and Series,Hard,Multiple Choice,في كابتن أمريكا 1 (2011)، من هو العالم الألماني المنشق الذي طور مصل الجندي الخارق الذي حول ستيف روجرز إلى بطل؟,A) دكتور أرنيم زولا | B) دكتور بلونسكي | C) دكتور بروس بانر | D) دكتور أبراهام إرسكين,D
196,Movies and Series,Hard,Typing,في فيلم العراب، ما هو لقب الابن الأكبر المتهور والعصبي لدون فيتو والذي يُغتال بالرصاص عند بوابة تحصيل الرسوم؟,,سوني
197,Movies and Series,Hard,Typing,في فيلم فارس الظلام (2008)، ما هو الاسم الأول لحبيبة بروس واين ومساعدة المدعي العام التي تجسدها ماغي جيلنهال؟,,رايتشل
198,Movies and Series,Hard,Multiple Choice,في فيلم ثور: الحب والرعد (2022)، من هو الشرير الذي يجسده كريستيان بيل ويحمل نصل النيكروسورد لذبح الآلهة عبر الكون؟,A) غور جزار الآلهة | B) مالكيث | C) هيلا | D) كانغ,A
199,Movies and Series,Hard,Multiple Choice,في فيلم غلادياتور (2000)، ما هما المجسمان الخشبيان الصغيران اللذان يضعهما مكسيموس على التراب للصلاة وتذكر زوجته وابنه الراحلين؟,A) أسد ونسر | B) مجسما زوجته وابنه الراحلين | C) مصارع وحصان | D) جوبيتر ومارس,B
200,Movies and Series,Hard,Multiple Choice,في فيلم إنسبشن (2010)، ما هو اسم زوجة دوم كوب الراحلة التي يطارد تجسيدها عقله الباطن ويفسد مهامه في الأحلام؟,A) أريادني | B) فيليبا | C) مال أو مالوري كوب | D) إيلينا,C
201,Movies and Series,Easy,Multiple Choice,في مسلسل اختلال ضال (Breaking Bad)، ما هو اللقب الإجرامي السري الذي اتخذه معلم الكيمياء والتر وايت في عالم المخدرات؟,A) سكارفيس | B) إل بادرينو | C) بلو سكاي | D) هايزنبرغ,D
202,Movies and Series,Easy,Multiple Choice,في مسلسل صراع العروش (Game of Thrones)، أي عائلة نبيلة كبرى في الشمال تتخذ الذئب الرهيب شعاراً وشعارها 'الشتاء قادم'؟,A) عائلة ستارك | B) عائلة لانيستر | C) عائلة تارغاريان | D) عائلة براثيون,A
203,Movies and Series,Easy,Multiple Choice,في مسلسل بيكي بلايندرز (Peaky Blinders)، من هو زعيم عصابة شيلبي العبقري في برمنغهام وصاحب التخطيط البارد؟,A) آرثر شيلبي | B) توماس تومي شيلبي | C) جون شيلبي | D) مايكل غراي,B
204,Movies and Series,Easy,Multiple Choice,في مسلسل لا كاسا دي بابيل (Money Heist)، من هو العقل المدبر والمخطط لعملية اقتحام دار سك العملة الإسبانية من مستودعه السري؟,A) برلين | B) طوكيو | C) البروفيسور سيرخيو ماركينا | D) موسكو,C
205,Movies and Series,Easy,Multiple Choice,في مسلسل آل سوبرانو (The Sopranos)، من هو زعيم المافيا الإيطالية في نيو جيرسي الذي يخضع لجلسات علاج نفسي سرية؟,A) بولي والتس | B) كريستوفر | C) سيلفيو دانتي | D) توني سوبرانو,D
206,Movies and Series,Easy,Multiple Choice,في صراع العروش، ما هو اللقب الشهير الممنوح لدينيريس تارغاريان نسبة إلى تنانينها الثلاثة الفقست من البيض الحجري؟,A) أم التنانين | B) ملكة الرماد | C) غير المحترقة | D) كاسرة القيود,A
207,Movies and Series,Easy,Multiple Choice,في بريكينغ باد، ما هي سلسلة مطاعم الدجاج المقلي لـ غاس فرينغ والتي تستخدم كواجهة سرية لتوزيع المخدرات؟,A) بولو تروبيكال | B) لوس بولوس هيرمانوس | C) إل بولو لوكو | D) لوس بولوس ديل سول,B
208,Movies and Series,Easy,Multiple Choice,في مسلسل شيرلوك من BBC، من هو الممثل البريطاني البارع الذي يجسد شخصية المحقق الاستشاري العبقري شيرلوك هولمز؟,A) مارتن فريمان | B) أندرو سكوت | C) بينيديكت كامبرباتش | D) مارك غاتس,C
209,Movies and Series,Easy,Multiple Choice,في مسلسل الخلافة (Succession)، من هو رب الأسرة القاسي ومؤسس ورئيس مجلس إدارة إمبراطورية وايستار رويكو الإعلامية؟,A) كيندال روي | B) رومان روي | C) توم وامبسغانز | D) لوغان روي,D
210,Movies and Series,Easy,Multiple Choice,في مسلسلي Better Call Saul وBreaking Bad، ما هو الاسم الحقيقي للمحامي الماكر والمرح شاول غودمان؟,A) جيمي ماكغيل | B) تشارلز ماكغيل | C) هوارد هاملين | D) كيم ويكسلر,A
211,Movies and Series,Easy,Multiple Choice,في صراع العروش، من هو ابن نيد ستارك غير الشرعي الذي ينضم لحرس الليل عند الجدار ويُقال له 'أنت لا تعرف شيئاً'؟,A) روب ستارك | B) جون سنو أو إيغون تارغاريان | C) ثيون غريجوي | D) جيندري,B
212,Movies and Series,Easy,Multiple Choice,في لا كاسا دي بابيل، ما هو الرسام السريالي الإسباني الشهير صاحب الشارب المعكوف الذي تظهر ملامحه على أقنعة اللصوص؟,A) بابلو بيكاسو | B) خوان ميرو | C) سلفادور دالي | D) فرانشيسكو غويا,C
213,Movies and Series,Easy,Multiple Choice,"في بريكينغ باد، من هو تلميذ والتر وايت السابق وشريكه المخلص في صناعة الميث وصاحب عبارة 'Yeah, science!'؟",A) بادجر | B) سكيني بيت | C) كومبو | D) جيسي بينكمان,D
214,Movies and Series,Easy,Multiple Choice,في بيكي بلايندرز، ما هو السلاح السري الحاد المخيط في حواف قبعات أفراد العصابة الإنجليزية لاستخدامه في الشجار؟,A) شفرات الحلاقة | B) السكاكين الآلية | C) كرات الرصاص | D) مسامير فولاذية,A
215,Movies and Series,Easy,Multiple Choice,في صراع العروش، ما هو البناء الجليدي الضخم بارتفاع 700 قدم والذي يحمي ممالك البشر من مخاطر الشمال السحيق؟,A) وينترفيل | B) الجدار | C) إيري | D) ستورمز إند,B
216,Movies and Series,Easy,Multiple Choice,في مسلسل ناركوس (Narcos)، من هو زعيم كارتيل ميديلين الكولومبي الشهير وبارون المخدرات الذي يجسده فاغنر مورا؟,A) جيلبرتو أوريخويلا | B) باتشو هيريرا | C) بابلو إسكوبار | D) فيليكس غاياردو,C
217,Movies and Series,Easy,Multiple Choice,في بيت التنين (House of the Dragon)، ما هي أنثى التنين القديمة والضخمة ذات الحراشف الذهبية التي امتطاها الملك فيسيريس؟,A) كاراكسيس | B) سيراكس | C) ميليز | D) فيغار,D
218,Movies and Series,Easy,Multiple Choice,في بريكينغ باد، ما هو اللون المميز لميثامفيتامين والتر وايت فائق النقاوة بنسبة 99.1% والذي منحه شهرة عالمية؟,A) الأزرق السماوي | B) الأحمر | C) الأخضر | D) الأبيض,A
219,Movies and Series,Easy,Multiple Choice,في صراع العروش، من هما التوأمان من عائلة لانيستر اللذان يرتبطان بعلاقة رومانسية سرية ومحرمة أنجبا منها الملوك؟,A) تيريون وسيرسي | B) جيمي وسيرسي لانيستر | C) لانسيل وسيرسي | D) تايوين وجوانا,B
220,Movies and Series,Easy,Multiple Choice,في مسلسل ذا واير (The Wire)، في أي مدينة أمريكية تقع أحداث الدراما الواقعية حول الشرطة وتجارة المخدرات والتعليم؟,A) فيلادلفيا | B) بوسطن | C) بالتيمور بولاية ماريلاند | D) ديترويت,C
221,Movies and Series,Easy,Multiple Choice,في مسلسل شيرلوك، ما هو عنوان الشقة اللندنية الشهيرة التي يسكن فيها شيرلوك هولمز والدكتور جون واطسون؟,A) 10 داونينغ ستريت | B) 4 بريفيت درايف | C) شارع فليت | D) 221B شارع بيكر,D
222,Movies and Series,Easy,Multiple Choice,في لا كاسا دي بابيل، نسبة إلى ماذا يختار أفراد عصابة البروفيسور أسماءهم الحركية (مثل طوكيو، برلين، نيروبي، دنفر، ريو)؟,A) عواصم ومدن عالمية كبرى | B) أنهار مشهورة | C) جبال أسطورية | D) آلهة إغريقية,A
223,Movies and Series,Easy,Typing,في بريكينغ باد، ما هو الاسم الأول لزوج شقيقة سكايلر وعميل مكافحة المخدرات DEA هانك ...؟,,هانك
224,Movies and Series,Easy,Typing,في صراع العروش، ما هو اسم السيف العظيم الفولاذي الفاليري الموروث لعائلة ستارك والذي حمله نيد ستارك؟,,آيس
225,Movies and Series,Easy,Typing,في مسلسل Better Call Saul، ما هي العبارة الإعلانية الشهيرة لجيمي: 'من الأفضل الاتصال بـ ...'؟,,سول
226,Movies and Series,Easy,Multiple Choice,في بيكي بلايندرز، ما هو اسم الحي العمالي الشعبي في برمنغهام الذي انطلقت منه عصابة شيلبي؟,A) ديغبيث | B) سمول هيث | C) أستون | D) إدغباستون,B
227,Movies and Series,Medium,Multiple Choice,في صراع العروش (الموسم 3)، ما هي المذبحة المأساوية الغادرة التي قُتل فيها روب ستارك وأمه وجيش الشمال في زفاف إدميور؟,A) معركة النغلين | B) الزفاف الأرجواني | C) الزفاف الأحمر | D) مذبحة هاردهوم,C
228,Movies and Series,Medium,Multiple Choice,في بريكينغ باد، من هو زعيم الكارتيل المكسيكي السابق المقعد على كرسي متحرك ويتواصل فقط بقرع جرس نحاسي؟,A) توكو سالامانكا | B) لالو سالامانكا | C) دون إيلاديو | D) هيكتور سالامانكا,D
229,Movies and Series,Medium,Multiple Choice,في مسلسل Succession، من هو صهر العائلة وزوج شيف روي الذي يتم تعيينه رئيساً تنفيذياً نهائياً للشركة بعد بيعها لـ GoJo؟,A) توم وامبسغانز | B) غريغ هيرش | C) رومان روي | D) كونور روي,A
230,Movies and Series,Medium,Multiple Choice,في لا كاسا دي بابيل، ما هي الأغنية الثورية الإيطالية الشهيرة المناهضة للفاشية التي يغنيها البروفيسور وبرلين قبل الاقتحام؟,A) أو سولي ميو | B) بيلا تشاو | C) فونيكولي فونيكولا | D) فولاري,B
231,Movies and Series,Medium,Multiple Choice,في صراع العروش، من هو الابن القزم الذكي لتايوين لانيستر الذي حوكم ظلماً بتهمة قتل الملك جوفري وطلب محاكمة بالنزال؟,A) لانسيل | B) كيفان | C) تيريون لانيستر | D) جيمي لانيستر,C
232,Movies and Series,Medium,Multiple Choice,في بريكينغ باد، ما هي زهرة الحديقة السامة التي استخدمها والتر وايت لتسميم الطفل بروك للسيطرة على جيسي ضد غاس؟,A) الدفلى | B) ست الحسن | C) الخروع | D) زنبق الوادي,D
233,Movies and Series,Medium,Multiple Choice,في بيكي بلايندرز، من هي عمة تومي وأمينة صندوق الشركة والعرابة الحكيمة للعائلة التي جسدتها الراحلة هيلين ماكروري؟,A) العمة بولي غراي | B) آدا ثورن | C) ليزي ستارك | D) ماي كارلتون,A
234,Movies and Series,Medium,Multiple Choice,في Better Call Saul، من هو شقيق جيمي الأكبر والمحامي العبقري المصاب بحساسية كهرومغناطيسية وهمية ويكره ممارسات جيمي؟,A) هوارد هاملين | B) تشاك ماكغيل | C) كليف ماين | D) ريتش شفيكارت,B
235,Movies and Series,Medium,Multiple Choice,في صراع العروش، من هو القائد الأسطوري المرعب لجيش السائرين البيض الذي يحول الأطفال إلى كائنات مجمدة بلمسة واحدة؟,A) لورد العظام | B) كراستر | C) ملك الليل | D) الإله الغريق,C
236,Movies and Series,Medium,Multiple Choice,في مسلسل آل سوبرانو، من هو المستشار الهادئ لتوني سوبرانو ومدير ملهى بادا بينغ وصاحب تسريحة الشعر المميزة؟,A) بولي غوالتيري | B) بوبي باكاليري | C) رالف سيفاريتو | D) سيلفيو دانتي,D
237,Movies and Series,Medium,Multiple Choice,في شيرلوك، من هو العقل الإجرامي الاستشاري وغريم شيرلوك اللدود صاحب عبارة 'هل اشتقتم إلي؟' وسقوط رايشنباخ؟,A) جيم موريارتي | B) ماغنوسن | C) إيرين أدلر | D) سميث,A
238,Movies and Series,Medium,Multiple Choice,في بيت التنين، ماذا تُسمى الحرب الأهلية الدامية بين الأميرة رينيرا (السود) والأمير إيغون الثاني (الخضر) للسيطرة على العرش؟,A) تمرد بلاك فاير | B) رقصة التنانين | C) حرب الملوك الخمسة | D) تمرد روبرت,B
239,Movies and Series,Medium,Multiple Choice,في بريكينغ باد، ما هي الحلقة الأسطورية الشهيرة في الموسم 5 التي أخرجها ريان جونسون وشهدت مقتل هانك وانهيار عائلة والتر؟,A) فيس أوف | B) فلاي | C) أوزيماندياس | D) فيلينا,C
240,Movies and Series,Medium,Typing,في صراع العروش، ما هو اسم سيف آريا ستارك الرفيع الحاد المصنوع على طراز برافوس وأهداه لها جون سنو؟,,نيدل
241,Movies and Series,Medium,Typing,في بريكينغ باد، ما هو السم البيولوجي القاتل المستخلص من بذور الخروع الذي صنعه والتر وايت للتخلص من أعدائه؟,,ريسين
242,Movies and Series,Medium,Typing,في مسلسل الخلافة (Succession)، ما هو المؤتمر الاستثماري والإعلامي السنوي في أيداهو حيث التقت العائلة برئيس GoJo؟,,أرنبريور
243,Movies and Series,Hard,Multiple Choice,في ذا واير، من هو قاطع الطرق صاحب البندقية الذي يسطو على تجار المخدرات وله ميثاق شرف ويردد لحن 'المزارع في الوادي'؟,A) آفون باركسديل | B) سترينغر بيل | C) مارلو ستانفيلد | D) عمر ليتل,D
244,Movies and Series,Hard,Multiple Choice,في Better Call Saul، من هو زعيم الكارتيل المكسيكي الساحر والخطير ابن شقيق هيكتور الذي تسلل لمختبر غاس قبل مقتله؟,A) لالو سالامانكا | B) توكو سالامانكا | C) ماركو | D) ليونيل,A
245,Movies and Series,Medium,Multiple Choice,في صراع العروش، ما هي العبارة الفاليرية الشهيرة التي تعني 'كل الرجال يجب أن يموتوا' ويُرد عليها بـ 'فالار دوهايريس'؟,A) دراكاريس | B) فالار مورغوليس | C) مورغون فالا | D) فاليريو سونار,B
246,Movies and Series,Hard,Multiple Choice,في آل سوبرانو، ما هو حلم الطيور في مسبح توني في الحلقة الأولى الذي كان شرارة إصابته بنوبات الهلع والذعر؟,A) غربان سوداء | B) كلاب ضالة | C) عائلة من البط البري | D) بجع أبيض,C
247,Movies and Series,Hard,Multiple Choice,في بريكينغ باد، أين خزن والتر وايت وسكايلر كومة الـ 80 مليون دولار نقداً في ألباكركي؟,A) صندوق أمانات بالبنك | B) تحت أرضية المنزل | C) خلف جدار غرفة النوم | D) داخل وحدة تخزين عامة مستأجرة,D
248,Movies and Series,Medium,Multiple Choice,في بيكي بلايندرز، من هو زعيم العصابة اليهودي في كامدن تاون بلندن الذي يجسده توم هاردي ويتحالف مع تومي شيلبي؟,A) ألفي سولومونز | B) لوكا شانغريتا | C) داربي سابيني | D) أوزوالد موزلي,A
249,Movies and Series,Hard,Multiple Choice,في بيت التنين، ما هي راية وشعار التنين الذهبي ذو الرأسين التي رفعها الملك إيغون الثاني خلال رقصة التنانين؟,A) تنين أخضر على خلفية سوداء | B) تنين ذهبي على خلفية سوداء | C) تنين أحمر ثلاثي الرؤوس | D) تنين أسود على أبيض,B
250,Movies and Series,Hard,Multiple Choice,في مسلسل تشرنوبل (Chernobyl 2019)، من هو العالم السوفيتي الذي يجسده جاريد هاريس ووثق عيوب تصميم مفاعل RBMK في تسجيلاته؟,A) بوريس شربينا | B) أناتولي دياتلوف | C) فاليري ليغاسوف | D) فومين,C
251,Movies and Series,Medium,Typing,في صراع العروش، ما هو اسم الذئب الرهيب الأبيض ذو العيون الحمراء والخاص بجون سنو؟,,غوست
252,Movies and Series,Hard,Typing,في بريكينغ باد، ما هو عنوان الحلقة الأخيرة من المسلسل والمشتق من عناصر الحديد والليثيوم والصوديوم في الدم والدموع والميث؟,,فيلينا
253,Movies and Series,Hard,Multiple Choice,في مسلسل الخلافة (Succession)، ما هو موقع البودكاست والمحتوى الرقمي الذي اشتراه كيندال وفشل في إدارته في الموسم 1؟,A) وايستار | B) غوجو | C) بيرس | D) فولتر,D
254,Movies and Series,Easy,Multiple Choice,في صراع العروش، ما هو العرش الملكي المهيب في كينغز لاندينغ المصنوع من ألف سيف منصهور بنيران التنانين؟,A) العرش الحديدي | B) عرش التنين | C) المقعد الفاليري | D) البرج العالي,A
255,Movies and Series,Easy,Multiple Choice,في بريكينغ باد، ما هي شاحنة الكارافان الترفيهية القديمة التي استخدمها والتر وجيسي كمختبر متنقل في الصحراء؟,A) وينيبيغو | B) فليتوود باوندر آر في 1986 | C) إيرستريم | D) كوتشمن,B
256,Movies and Series,Easy,Multiple Choice,في شيرلوك، من هو الطبيب العسكري المحارب في أفغانستان ورفيق شيرلوك المخلص في السكن والتحقيقات والمدون لمغامراتهما؟,A) المفتش ليستراد | B) مايكروفت هولمز | C) دكتور جون واطسون | D) جيم موريارتي,C
257,Movies and Series,Easy,Multiple Choice,في صراع العروش، ما هي الكلمة الفاليرية العليا التي تنطق بها دينيريس تارغاريان لتأمر تنانينها بنفث النيران؟,A) كيليتيس | B) فالاهد | C) ريتساس | D) دراكاريس,D
258,Movies and Series,Easy,Multiple Choice,في Better Call Saul، من هي المحامية الماهرة والمكافحة في شركة ميسا فيردي وشريكة حياة جيمي ماكغيل؟,A) كيم ويكسلر | B) فرانشيسكا | C) بيج نوفيك | D) سوزان,A
259,Movies and Series,Easy,Multiple Choice,في بيكي بلايندرز، ما هو اللقب العائلي للإخوة (تومي، آرثر، جون، فين) الحاكمين للجريمة في برمنغهام؟,A) عائلة شانغريتا | B) عائلة شيلبي | C) عائلة سابيني | D) عائلة غراي,B
260,Movies and Series,Easy,Multiple Choice,في لا كاسا دي بابيل، ما هو الزي الأحمر الموحد الأيقوني الذي يرتديه أفراد العصابة والرهائن داخل المباني المحاصرة؟,A) العباءات الحمراء | B) المعاطف الحمراء | C) الأفرول أو البذلة الحمراء | D) الأردية الحريرية,C
261,Movies and Series,Easy,Multiple Choice,في بريكينغ باد، ما هي مهنة سكايلر وايت الأساسية التي ساعدتها على غسيل أموال تجارة المخدرات لزوجها والتر؟,A) وكيلة عقارات | B) معلمة | C) موظفة بنك | D) محاسبة ومسؤولة حسابات,D
262,Movies and Series,Easy,Multiple Choice,في صراع العروش، ما هي العائلة النبيلة الثرية ذات الشعار 'اسمع زئيري!' وتشتهر بعبارة 'اللانيستر دائماً يدفعون ديونهم'؟,A) عائلة لانيستر | B) عائلة براثيون | C) عائلة تايريل | D) عائلة مارتيل,A
263,Movies and Series,Easy,Multiple Choice,في مسلسل آل سوبرانو، ما هو اسم زوجة توني سوبرانو الكاثوليكية القوية التي تدير شؤون منزل العائلة في نيوجيرسي؟,A) ميدو سوبرانو | B) كارميلا سوبرانو | C) جانيس سوبرانو | D) أدريانا,B
264,Movies and Series,Easy,Multiple Choice,في مسلسل ناركوس، ما هي الوكالة الفيدرالية الأمريكية لمكافحة المخدرات التي يعمل بها العميلان ستيف مورفي وخافيير بينيا؟,A) الإف بي آي | B) السي آي إيه | C) إدارة مكافحة المخدرات | D) الأمن الداخلي,C
265,Movies and Series,Easy,Multiple Choice,في صراع العروش، من هي الفتاة الصغيرة من آل ستارك التي تتدرب مع الرجال عديمي الوجوه في برافوس لتصبح 'لا أحد'؟,A) سانسا ستارك | B) ليانا ستارك | C) بريان أوف تارث | D) آريا ستارك,D
266,Movies and Series,Easy,Multiple Choice,في بريكينغ باد، من هو المحامي المراوغ صاحب الإعلانات التلفزيونية الصاخبة ومجسم تمثال الحرية المنفوخ فوق مكتبه؟,A) شاول غودمان | B) هوارد هاملين | C) كليفورد ماين | D) بيل أوكلي,A
267,Movies and Series,Easy,Multiple Choice,في بيكي بلايندرز، من هو الشقيق الأكبر المتهور والعصبي لتومي شيلبي والذي يعاني من صدمات الحرب العالمية الأولى؟,A) جون شيلبي | B) آرثر شيلبي الابن | C) مايكل غراي | D) فين شيلبي,B
268,Movies and Series,Easy,Multiple Choice,في صراع العروش، ما هي أسماء التنانين الثلاثة التي فقستها دينيريس تارغاريان على محرقة جثة زوجها كال دروغو؟,A) باليريون، وميراكسيس، وفيغار | B) صن فاير، وكاراكسيس، وسيراكس | C) دروغون، وريغال، وفيسيريون | D) فيرميثور، وسيلفر وينغ، وسي سموك,C
269,Movies and Series,Easy,Multiple Choice,في مسلسل الخلافة (Succession)، من هو الابن الثاني للوغان روي الذي يحاول مراراً وتكراراً الإطاحة بوالده والسيطرة على الشركة ويفشل؟,A) رومان روي | B) كونور روي | C) غريغ هيرش | D) كيندال روي,D
270,Movies and Series,Easy,Multiple Choice,في Better Call Saul وBreaking Bad، من هو ضابط الشرطة السابق الهادئ والقاتل المحترف الذي يحرس مختبر غاس فرينغ؟,A) مايك إيرمانتراوت | B) لالو سالامانكا | C) تايروس | D) فيكتور,A
271,Movies and Series,Easy,Multiple Choice,في لا كاسا دي بابيل (المواسم 3-5)، ما هو المبنى الوطني الضخم الذي اقتحمه فريق البروفيسور لسرقة 90 طناً من سبائك الذهب؟,A) متحف برادو | B) بنك إسبانيا المركزي | C) القصر الملكي بمدريد | D) الخزينة الوطنية,B
272,Movies and Series,Easy,Multiple Choice,في صراع العروش، ما هي القلعة الحصينة العريقة في الشمال والمقر التاريخي لحكام عائلة ستارك؟,A) ريفررن | B) دراغون ستون | C) وينترفيل | D) هاي غاردن,C
273,Movies and Series,Easy,Typing,في بريكينغ باد، ما هي مادة العلوم المدرسية التي كان يدرسها والتر وايت لطلاب الثانوية قبل تشخيص إصابته بالسرطان؟,,كيمياء
274,Movies and Series,Easy,Typing,في صراع العروش، ما هو اللقب السيء الذي أُطلق على الفارس جيمي لانيستر بعد قتله للملك المجنون إيريس تارغاريان؟,,قاتل الملك
275,Movies and Series,Easy,Typing,في بيكي بلايندرز، ما هو الاسم الأول لزوجة تومي شيلبي الأولى وحبه الحقيقي وهي عميلة سرية إيرلندية سابقة؟,,غريس
276,Movies and Series,Medium,Multiple Choice,في صراع العروش، من هو الفارس الذي دفع الفتى بران ستارك من نافذة البرج المهجور في وينترفيل لإخفاء سره؟,A) تيريون لانيستر | B) ساندور كليغين | C) بيتر بيليش | D) جيمي لانيستر,D
277,Movies and Series,Medium,Multiple Choice,في بريكينغ باد، ما هي الشركة الألمانية الأم العملاقة التي كانت تمول سراً مشاريع غاس فرينغ ومختبر الميث؟,A) مادريغال إلكتروموتيف | B) غراي ماتر | C) غولدن موث | D) بينيكي,A
278,Movies and Series,Medium,Multiple Choice,في بيت التنين، من هو أمير التارغاريان المتمرد حامل سيف الفولاذ الفاليري 'دارك سيستر' وشقيق الملك فيسيريس؟,A) كورليس فيلاريون | B) ديمون تارغاريان | C) أوتو هايتاور | D) إيغون تارغاريان,B
279,Movies and Series,Medium,Multiple Choice,في شيرلوك، من هي المرأة الذكية الفاتنة والمبتزة التي تفوقت على ذكاء شيرلوك هولمز وتُعرف بلقب 'The Woman'؟,A) ماري مورستان | B) يوروس هولمز | C) إيرين أدلر | D) جانين,C
280,Movies and Series,Medium,Multiple Choice,في بيكي بلايندرز، من هو السياسي الفاشي البريطاني التاريخي وزعيم الاتحاد البريطاني للفاشيين وغريم تومي في الموسم 5؟,A) ونستون تشرشل | B) آرثر ويلزلي | C) نيفيل تشامبرلين | D) السير أوزوالد موزلي,D
281,Movies and Series,Medium,Multiple Choice,في صراع العروش، ما هو الزجاج البركاني الأسود المستخرج من دراغون ستون والقادر على قتل السائرين البيض فوراً؟,A) زجاج التنانين أو الأوبسيديان | B) الزجاج الفاليري | C) الميثريل | D) كوارتز النار,A
282,Movies and Series,Medium,Multiple Choice,في مسلسل Succession، ما هي شركة التكنولوجيا السويدية العملاقة بقيادة لوكاس ماتسون التي اشترت مجموعة وايستار؟,A) وايستار | B) غوجو | C) بيرس غلوبال | D) فورنس هولدينغز,B
283,Movies and Series,Medium,Multiple Choice,في Better Call Saul، ما هي شركة المحاماة الكبرى المرموقة في ألباكركي التي شارك في تأسيسها تشاك ماكغيل وهوارد هاملين؟,A) ديفيس وماين | B) شفيكارت وكوكلي | C) هاملين، هاملين وماكغيل | D) ويكسلر ماكغيل,C
284,Movies and Series,Medium,Multiple Choice,في لا كاسا دي بابيل، من هي خبيرة تزييف الأموال البارعة وصاحبة عبارة 'ليبmagnetic matriarchy' قبل مقتلها المأساوي في الموسم 4؟,A) طوكيو | B) لشبونة | C) ستوكهولم | D) نيروبي أو أغاتا خيمينيز,D
285,Movies and Series,Medium,Multiple Choice,في آل سوبرانو، من هو الشاب المافيوي وربيب توني سوبرانو الذي يصارع إدمان الهيروين قبل أن يخنقه توني في حادث سيارة؟,A) كريستوفر مولتيسانتي | B) جاكي أبريلي جونيور | C) إيه جي سوبرانو | D) ماثيو بيفيلاكوا,A
286,Movies and Series,Medium,Typing,في صراع العروش، ما هو اللقب المرعب للمحارب العملاق غريغور كليغين الشقيق الأكبر لساندور كليغين (الكلب)؟,,الجبل
287,Movies and Series,Medium,Typing,في بريكينغ باد، ما هو اسم شريك والتر وايت السابق في تأسيس شركة غراي ماتر للتكنولوجيا مع غريتشن؟,,إليوت شوارتز
288,Movies and Series,Hard,Multiple Choice,في صراع العروش، ما هي السراديب السرية القديمة تحت معبد بيلور التي خزنت فيها سيرسي النيران الحارقة (Wildfire) لتفجير المعبد؟,A) زنزانات القلعة الحمراء | B) سراديب خيميائيي النيران الحارقة تحت معبد بيلور الكبير | C) حفرة التنانين | D) سراديب ميغور,B
289,Movies and Series,Hard,Multiple Choice,في بريكينغ باد، من هو مصلح المكانس الكهربائية (روبرت فورستر) المتخصص في محو هويات المجرمين ونقلهم لحياة جديدة سرية؟,A) كالديرا | B) إيرا | C) إد غالبريث ممحي الهويات | D) ديكلان,C
290,Movies and Series,Hard,Multiple Choice,في ذا واير، من هو المحقق المشاكس الذي يقود فريق التنصت التكتيكي على خطوط الهواتف برفقة المحقق ليستر فريمون؟,A) بونك مورلاند | B) سيدريك دانيلز | C) كيما غريغز | D) جيمي ماكنولتي,D
291,Movies and Series,Hard,Multiple Choice,في بيكي بلايندرز، ما هي الياقوتة الزرقاء الملعونة التي أهداها تومي لزوجته غريس قبل اغتيالها بالرصاص في الحفل؟,A) ياقوتة كراسنا الملعونة | B) ياقوتة كراسنا | C) علامة الدم الغجري | D) اليد السوداء,A
292,Movies and Series,Hard,Multiple Choice,في تاريخ صراع العروش، ما هو التنين الأسود الأضخم والأرعب الذي امتطاه إيغون الفاتح وكان يُلقب بـ 'الرعب الأسود'؟,A) فيغار | B) باليريون الرعب الأسود | C) ميراكسيس | D) كاراكسيس,B
293,Movies and Series,Hard,Multiple Choice,في المشهد الختامي لمسلسل آل سوبرانو، ما هي أغنية الروك الكلاسيكية لفرقة Journey التي تعزف في المطعم قبل القطع المفاجئ للشاشة السوداء؟,A) عجلة في السماء | B) أذرع مفتوحة | C) 'لا تتوقف عن الإيمان' | D) بإخلاص,C
294,Movies and Series,Hard,Multiple Choice,في مسلسل Succession، ما هو اللقب الساخر الذي أطلقه رومان روي على الثنائي الغريب لتوم وامبسغانز وكوزن غريغ؟,A) مهرجو الشركات | B) الأولاد الطوال | C) المتملقون | D) الإخوة المقرفون,D
295,Movies and Series,Hard,Typing,في صراع العروش، من هو رئيس شبكة الجواسيس في المجلس الصغير المعروف بلقب 'العنكبوت'؟,,فاريس
296,Movies and Series,Hard,Typing,في بريكينغ باد، من هو زعيم عصابة النازيين الجدد وعم تود الذي سرق براميل أموال والتر وايت في الصحراء؟,,العم جاك
297,Movies and Series,Hard,Multiple Choice,في Better Call Saul، ما هو اسم المهندس المعماري الألماني الهادئ الذي وظفه غاس فرينغ لحفر وتشييد المختبر السري تحت الأرض؟,A) فيرنر زيغلر | B) لالو سالامانكا | C) غيل بوتيتشر | D) ديكلان,A
298,Movies and Series,Hard,Multiple Choice,في أساطير فاليريا القديمة وتاريخ التنانين، ما هو البوق السحري القديم المنقوش بالدم للسيطرة على التنانين وربطها؟,A) جرس فاليريا | B) بوق التنانين أو دراغون بايندر | C) عراك بير | D) حجر الدم,B
299,Movies and Series,Hard,Multiple Choice,في مسلسل شيرلوك، ما هو السجن الأمني المحصن في جزيرة نائية حيث احتُجزت شقيقة شيرلوك العبقرية والخطيرة يوروس هولمز؟,A) أزكابان | B) بلاك غيت | C) شيرينفورد | D) دارتمور,C
300,Movies and Series,Hard,Multiple Choice,في صراع العروش، ما هي القلعة التاريخية ومقر حكم عائلة مارتيل في مملكة دورن الصحراوية الجنوبية؟,A) أولد تاون | B) ستارفول | C) يرونوود | D) صنس Spear أو صن سبير,D
301,Movies and Series,Easy,Multiple Choice,في المسلسل الكوميدي الأمريكي The Office، ما هو اسم شركة توريد الورق والأدوات المكتبية في سكرانتون بولاية بنسلفانيا؟,A) شركة دندر ميفلين للورق | B) شركة سابر | C) ويرنهام هوغ | D) فانس للتبريد,A
302,Movies and Series,Easy,Multiple Choice,في مسلسل فريندز (Friends)، ما هو المقهى الشهير في قرية غرينتش بنيويورك حيث تلتقي مجموعة الأصدقاء يومياً؟,A) مطعم مونك | B) سنترال بيرك | C) مقهى نيرفوسا | D) مطعم لوك,B
303,Movies and Series,Easy,Multiple Choice,في مسلسل أشياء غريبة (Stranger Things)، ما هي الفتاة الصغيرة ذات القدرات الذهنية الخارقة والمحبة لوافل إيغو وتحمل رقم 011؟,A) ماكس مايفيلد | B) نانسي ويلر | C) إيلفين أو جين هوبر | D) روبن باكلي,C
304,Movies and Series,Easy,Multiple Choice,في مسلسل وينزداي (Wednesday 2022)، ما هي المدرسة الداخلية للطلاب المنبوذين وأصحاب القدرات الغريبة في فيرمونت؟,A) مدرسة سلفاتوري | B) أكاديمية هوغوورتس | C) مدرسة كزافييه للموهوبين | D) أكاديمية نيفرمور,D
305,Movies and Series,Easy,Multiple Choice,في مسلسل لعبة الحبار (Squid Game)، ما هي لعبة الأطفال الأولى القاتلة في الجولة 1 بإشراف الدمية الآلية العملاقة يونغ-هي؟,A) الضوء الأحمر، الضوء الأخضر | B) شد الحبل | C) جسر الزجاج | D) حلوى الدالغونا,A
306,Movies and Series,Easy,Multiple Choice,في The Office، من هو مساعد المدير الإقليمي غريب الأطوار وصاحب مزرعة الشمندر ونائب العمدة المتطوع؟,A) جيم هالبيرت | B) دوايت شروت | C) آندي برنارد | D) ستانلي هدسون,B
307,Movies and Series,Easy,Multiple Choice,في مسلسل فريندز، ما هي عبارة التعارف والمغازلة الكوميدية الشهيرة التي يكررها جوي تريبياني بابتسامته الساحرة؟,A) 'هل يمكن أن يكون هذا أكثر وضوحاً؟' | B) 'استدر!' | C) 'كيف حالك؟' | D) 'كنا في استراحة!',C
308,Movies and Series,Easy,Multiple Choice,في مسلسل الماندلوري (The Mandalorian)، ما هو الاسم الحقيقي للطفل الأخضر الحساس للقوة والمعروف شعبياً بـ 'بيبي يودا'؟,A) يودا الصغير | B) يادل | C) دينغار | D) غروغو,D
309,Movies and Series,Easy,Multiple Choice,في مسلسل ذا بويز (The Boys)، من هو البطل الخارق السيكوباتي وقائد فريق السبعة ذو الرداء المزين بالعلم الأمريكي وأشعة الليزر؟,A) هوملاندر أو حامي الوطن | B) سولجر بوي | C) بلاك نوير | D) إيه ترين,A
310,Movies and Series,Easy,Multiple Choice,في مسلسل بروكلين ناين-ناين (Brooklyn Nine-Nine)، من هو قائد القسم 99 الصارم والهادئ المحب للأوبرا وكلبه الكورغي تشيدر؟,A) تيري جيفوردز | B) الكابتن ريموند هولت | C) تشارلز بويل | D) أدريان بيمنتو,B
311,Movies and Series,Easy,Multiple Choice,في Stranger Things، ما هو البُعد المظلم الموازي المرعب المليء بالجذور والوحوش والذي يعكس العالم الحقيقي؟,A) عالم الظل | B) النيذر | C) العالم المقلوب أو الأبسايد داون | D) البعد المظلم,C
312,Movies and Series,Easy,Multiple Choice,في مسلسل عائلة عصرية (Modern Family)، من هي الزوجة الكولومبية الفاتنة لـ جاي بريتشيت والمشهورة بلهجتها وصوتها العالي؟,A) كلير دانفي | B) هايلي دانفي | C) أليكس دانفي | D) غلوريا ديلغادو بريتشيت,D
313,Movies and Series,Easy,Multiple Choice,في The Office، ما هي المادة الهلامية الصفراء التي وضع جيم هالبيرت أدوات مكتب دوايت (كدباساته) بداخلها في مقالبه المضحكة؟,A) الجيلي أو الجيلاتين الأصفر | B) الرغوة المتمددة | C) قوالب الجليد | D) الجبس,A
314,Movies and Series,Easy,Multiple Choice,في How I Met Your Mother، من هو زير النساء المحب للبدلات الأنيقة واللايزر تاغ وصاحب عبارة 'Legen-wait for it-dary'؟,A) مارشال إريكسن | B) بارني ستينسون | C) تيد موزبي | D) روبن شيرباتسكي,B
315,Movies and Series,Easy,Multiple Choice,في مسلسل وينزداي، ما هي اليد البشرية المقطوعة والمخيطة الحية التي تعمل كمساعد وجاسوس مخلص لوينزداي آدامز؟,A) المخلب | B) اليد | C) ثينغ أو الشيء | D) كف,C
316,Movies and Series,Easy,Multiple Choice,في لعبة الحبار (Squid Game)، ما هو رقم المتسابق الأخضر الذي يرتديه بطل القصة الغارق في الديون سيونغ غي هون؟,A) لاعب 001 | B) لاعب 218 | C) لاعب 067 | D) لاعب 456,D
317,Movies and Series,Easy,Multiple Choice,في فريندز، ما هي الأغنية الكوميدية الشهيرة التي تغنيها فيبي بوفيه على جيتارها في المقهى عن قطة منبوذة؟,A) 'القطة ذات الرائحة الكريهة' | B) 'قبل اثنان منهما ليلة أمس' | C) 'حذاء لزج' | D) 'ملابس داخلية مجنونة',A
318,Movies and Series,Easy,Multiple Choice,في Stranger Things، ما هي البلدة الخيالية في ولاية إنديانا حيث يفتح المختبر الوطني البوابة إلى العالم المقلوب؟,A) ريفرديل | B) هوكينز | C) سانيديل | D) كاسل روك,B
319,Movies and Series,Easy,Multiple Choice,في The Office، ما هي العبارة المطبوعة على كوب القهوة الأبيض الخزفي الذي اشتراه مايكل سكوت لنفسه؟,A) 'موظف الشهر' | B) 'خناق سكرانتون' | C) 'أفضل مدير في العالم' | D) 'هذا ما قالته هي',C
320,Movies and Series,Easy,Multiple Choice,في بروكلين ناين-ناين، من هو المحقق الطفولي والعبقري الذي يجسده أندي سامبيرغ وهو مهووس بفيلم Die Hard؟,A) تيري جيفوردز | B) تشارلز بويل | C) سكالي | D) جيك بيرالتا,D
321,Movies and Series,Easy,Multiple Choice,في مسلسل ذا ماندلوريان، ما هي العبارة العقائدية المقدسة التي يرددها الماندلوريون لتأكيد التزامهم بميثاق الشرف؟,A) 'هذه هي الطريقة.' | B) 'لتكن القوة معك.' | C) 'الشرف قبل الحياة.' | D) 'نحن القبيلة.',A
322,Movies and Series,Easy,Multiple Choice,في مسلسل ذا بويز، من هو قائد الفريق البريطاني الشرس الذي يجسده كارل أوربان ويسعى للانتقام من هوملاندر؟,A) هيوي كامبل | B) بيلي بوتشر | C) فرينشي | D) موذرز ميلك,B
323,Movies and Series,Easy,Typing,في The Office، ما هو الاسم الأول لموظفة الاستقبال في دندر ميفلين التي تقع في حب جيم هالبيرت وتتزوجه؟,,بام
324,Movies and Series,Easy,Typing,في فريندز، ما هي العبارة التبريرية التي صرخ بها روس غيلر لتبرير خيانته: 'كنا في ...'؟,,استراحة
325,Movies and Series,Easy,Typing,في Stranger Things، ما هو اسم الوحش ذو الرأس الزهري المفترس والقادم من العالم المقلوب؟,,ديموغورغون
326,Movies and Series,Easy,Typing,في وينزداي، ما هو اسم المستذئبة الملونة والمبهجة وشريكة وينزداي في الغرفة في أكاديمية نيفرمور؟,,إينيد
327,Movies and Series,Medium,Multiple Choice,في The Office، ما هو حفل توزيع الجوائز السنوي الكوميدي الذي يقيمه مايكل سكوت لموظفيه في مطعم تشيليز؟,A) جوائز سكرانتون | B) جوائز سكوتي | C) جوائز الدانديز | D) جوائز ميفلين,C
328,Movies and Series,Medium,Multiple Choice,في مسلسل فريندز، ما هي المهنة الأكاديمية للدكتور روس غيلر كعالم في متحف التاريخ الطبيعي بنيويورك؟,A) عالم آثار | B) عالم أحياء تطورية | C) عالم فلك | D) عالم حفريات وديناصورات,D
329,Movies and Series,Medium,Multiple Choice,في Stranger Things (الموسم 4)، ما هو الكيان المرعب الذي يصيب المراهقين برؤى ساعة الحائط ويكسر عظامهم ذهنياً؟,A) فيكنا أو هنري كريل | B) سارق العقول | C) ديمودوغ | D) وحش العنكبوت,A
330,Movies and Series,Medium,Multiple Choice,في لعبة الحبار، ما هي حلوى السكر الهشة التقليدية التي يجب على اللاعبين تفريغ أشكالها بالإبرة دون كسرها في الجولة 2؟,A) بونغوبانغ | B) حلوى الدالغونا أو بوبغي | C) سونغبيون | D) يوغوا,B
331,Movies and Series,Medium,Multiple Choice,في مسلسل ذا بويز، ما هو المصل الصيدلاني الكيميائي الأزرق لشركة فوت الذي يمنح البشر قدرات خارقة؟,A) ميراكورو | B) مصل الجندي الخارق | C) المركب في | D) إكستريميس,C
332,Movies and Series,Medium,Multiple Choice,في بروكلين ناين-ناين، في أي مناسبة سنوية يتنافس محققو القسم لسرقة غرض محدد وتتويج الفائز بـ 'العبقري المطلق'؟,A) رأس السنة | B) عيد الشكر | C) الكريسماس | D) سرقة الهالوين السنوية,D
333,Movies and Series,Medium,Multiple Choice,في Modern Family، من هو الوسيط العقاري الحماسي والأب المرح الذي يعشق الخدع السحرية والترامبولين؟,A) فيل دانفي | B) ميتشل بريتشيت | C) كاميرون تاكر | D) جاي بريتشيت,A
334,Movies and Series,Medium,Multiple Choice,في How I Met Your Mother، ما هو الحذاء الذي ارتداه تيد موزبي بفخر في شوارع نيويورك رغم سخرية أصدقائه منه؟,A) حذاء فيدورا أزرق | B) حذاء رعاة البقر الأحمر | C) حذاء رياضي أخضر | D) حذاء كلاسيكي أرجواني,B
335,Movies and Series,Medium,Multiple Choice,في مسلسل بلاك ميرور (حلقة Nosedive)، ما هو النظام الاجتماعي الرقمي الذي يحدد مكانة البشر وسفرهم وسكنهم بالكامل؟,A) رصيد العملات الرقمية | B) متتبع اللياقة | C) التقييم الاجتماعي المتبادل من 5 نجوم | D) اختبارات الذكاء,C
336,Movies and Series,Medium,Multiple Choice,في The Office، ما هو الطبق المنزلي الشهير الذي سكبه المحاسب كيفن مالون بالكامل على سجادة المكتب في المشهد الافتتاحي؟,A) اللازانيا | B) يخنة اللحم | C) حساء المحار | D) طبق الفلفل الحار أو التشيلي,D
337,Movies and Series,Medium,Multiple Choice,في Stranger Things، ما هي أغنية كيت بوش لعام 1985 التي أنقذت ماكس مايفيلد من قبضة فيكنا عبر سماعات الووكمان؟,A) 'Running Up That Hill (A Deal with God)' | B) 'Wuthering Heights' | C) 'Bounds of Love' | D) 'Cloudbusting',A
338,Movies and Series,Medium,Multiple Choice,في مسلسل وينزداي، ما هي أغنية فرقة The Cramps التي رافقت رقصة وينزداي القوطية الفيروسية الشهيرة في الحفل المدرسي؟,A) مونستر ماش | B) غو غو ماك | C) بلودي ماري | D) تينتد لوف,B
339,Movies and Series,Medium,Multiple Choice,في مسلسل فريندز، ما هي الصديقة السابقة لتشاندلر ذات الصوت الأنفي المزعج وصيحتها الشهيرة 'OH... MY... GOD!'؟,A) إميلي | B) كاثي | C) جانيس ليتمان | D) مونا,C
340,Movies and Series,Medium,Typing,في The Office، ما هي الكلمات الثلاث لمناظرة دوايت الساخرة: 'الدببة، الشمندر، ...'؟,,باتل ستار غالاكتيكا
341,Movies and Series,Medium,Multiple Choice,في How I Met Your Mother، ما هي الآلة الموسيقية الزرقاء الصغيرة التي سرقها تيد من المطعم الفرنسي من أجل روبن؟,A) حذاء رعاة البقر الأحمر | B) المظلة الصفراء | C) ربطة العنق الخضراء | D) البوق الفرنسي الأزرق,D
342,Movies and Series,Medium,Typing,في لعبة الحبار، ما هو إجمالي مبلغ الجائزة المالية الكبرى بالوون الكوري في الحصالة الذهبية الضخمة؟,,45.6 مليار وون
343,Movies and Series,Hard,Multiple Choice,في The Office، ما هو عنوان فيلم التجسس الهواة الذي كتبه وأخرجه ومثله مايكل سكوت بشخصية العميل مايكل سكارن؟,A) تهديد مستوى منتصف الليل | B) غولدن فيس | C) تهديد سكرانتون | D) رخصة بيع الورق,A
344,Movies and Series,Hard,Multiple Choice,في فريندز، ما هو الاسم الأوسط المحرج لتشاندلر بينغ والذي حاول إخفاءه طوال حياته؟,A) يوستاس | B) مورييل | C) فرانسيس | D) مونتغمري,B
345,Movies and Series,Hard,Multiple Choice,في مسلسل دارك (Dark 2017) من نتفليكس، ما هي البلدة الألمانية التي تحوي محطة نووية وكهوفاً زمنية تدور في حلقة 33 عاماً؟,A) هايدلبرغ | B) فرايبورغ | C) فيندن | D) روتنبرغ,C
346,Movies and Series,Hard,Multiple Choice,في بروكلين ناين-ناين، ما هو اسم زوج الكابتن هولت الهادئ وهو أستاذ الدراسات الكلاسيكية في جامعة كولومبيا؟,A) فريدريك | B) ماركوس | C) برايان | D) دكتور كيفن كوزنر,D
347,Movies and Series,Medium,Multiple Choice,في مسلسل ذا بويز، من هو البطل الخارق القديم من عصر الحرب العالمية الثانية الذي يجسده جينسن آكلز ويحمل درعاً ثقيلاً؟,A) سولجر بوي | B) غان باودر | C) تيك نايت | D) لامب لايتر,A
348,Movies and Series,Hard,Multiple Choice,في Stranger Things (الموسم 3)، ما هو المتجر داخل مول ستاركورت الذي يخفي المدخل السري للقاعدة الروسية تحت الأرض؟,A) محطة طاقة هوكينز | B) متجر مثلجات سكوبس أهوي | C) سينما ستاركورت | D) ملاهي المرح,B
349,Movies and Series,Hard,Multiple Choice,في مسلسل وينزداي، ما هو الوحش المرعب الذي يتبين أنه كامن داخل تايلر وتتحكم فيه المعلمة ماريلين ثورنهيل؟,A) غورغون | B) مستذئب | C) الهايد | D) سيرين,C
350,Movies and Series,Hard,Multiple Choice,في How I Met Your Mother، ما هو الاسم الحقيقي للأم صاحبة المظلة الصفراء وعازفة الباس التي تجسدها كريستين ميليوتي؟,A) فيكتوريا | B) ستيلا | C) نورا | D) تريسي ماكونيل,D
351,Movies and Series,Hard,Typing,في The Office، ما هو لقب المجرم المحلي الشهير الذي خنق الضحايا في المقاطعة ويُعرف بـ 'خناق ...'؟,,سكرانتون
352,Movies and Series,Hard,Typing,في مسلسل فريندز، ما هو اسم دمية البطريق المحشوة المحبوبة لـ جوي تريبياني في سريره؟,,ماغزي
353,Movies and Series,Hard,Typing,في Stranger Things، ما هو الاسم الذي أطلقه داستن على كائنه الأليف من العالم المقلوب والذي اتضح أنه ديمودوغ؟,,دارت
354,Movies and Series,Easy,Multiple Choice,في The Office، ما هي العبارة الشهيرة الكوميدية التي يصرخ بها مايكل سكوت عند سماع أي جملة تحتمل معنى مزدوج؟,A) 'هذا ما قالته هي!' | B) 'بازينغا!' | C) 'مستحيل!' | D) 'أنت مطرود!',A
355,Movies and Series,Easy,Multiple Choice,في مسلسل فريندز، ما هو اللقب العائلي لوالدي روس ومونيكا (جاك وجودي) اللذين يعيشان في لونغ آيلاند؟,A) تريبياني | B) غيلر | C) بوفيه | D) بينغ,B
356,Movies and Series,Easy,Multiple Choice,في Stranger Things، ما هي لعبة تقمص الأدوار اللوحية الشهيرة التي كان يلعبها الأولاد في القبو في أول حلقة من المسلسل؟,A) ماجيك | B) ريسك | C) سجون وتنانين أو دي آند دي | D) مونوبولي,C
357,Movies and Series,Easy,Multiple Choice,في مسلسل وينزداي، ما هي الآلة الموسيقية الوترية الكلاسيكية الكبيرة التي تعزف عليها وينزداي آدامز في شرفتها؟,A) الكمان | B) القيثارة | C) البيانو | D) التشيلو,D
358,Movies and Series,Easy,Multiple Choice,في Modern Family، من هما الزوجان اللذان تبنيا طفلتهما الصغيرة ليلي من فيتنام في الحلقة الافتتاحية للمسلسل؟,A) ميتشل بريتشيت وكاميرون تاكر | B) جاي وماني | C) فيل ولوك | D) أليكس وهايلي,A
359,Movies and Series,Easy,Multiple Choice,في نظرية الانفجار العظيم (The Big Bang Theory)، من هو العالم الفيزيائي العبقري غريب الأطوار وصاحب عبارة 'Bazinga!'؟,A) هوارد ولوويتز | B) دكتور شيلدون كوبر | C) راج كوثربالي | D) ستيوارت بلوم,B
360,Movies and Series,Easy,Multiple Choice,في لعبة الحبار، ما هي الأشكال الهندسية الثلاثة على أقنعة الحراس الورديين لتحديد رتبهم (عمال، جنود، مدراء)؟,A) النجمة، والقمر، والشمس | B) القلب، والماسة، والسبيد | C) الدائرة، والمثلث، والمربع | D) الجمع، والطرح، والموجب,C
361,Movies and Series,Easy,Multiple Choice,في ذا ماندلوريان، ما هو المعدن الفولاذي الماندلوري الأسطوري غير القابل للاختراق الذي تصنع منه دروع الماندلوري؟,A) أدامانتيوم | B) فيبرانيوم | C) كورتوسيس | D) البيسكار أو الحديد الماندلوري,D
362,Movies and Series,Easy,Multiple Choice,في فريندز، ما هي دار الأزياء والماركة العالمية الشهيرة التي عملت بها رايتشل غرين كمديرة مشتريات تنفيذية؟,A) رالف لورين | B) غوتشي | C) شانيل | D) برادا,A
363,Movies and Series,Easy,Multiple Choice,في The Office، من هو موظف ضمان الجودة الغريب والغامض الذي يزرع براعم الفول ويدير أعمال هويات مزيفة؟,A) توبي | B) كريد براتون | C) ستانلي | D) كيفن,B
364,Movies and Series,Easy,Multiple Choice,في Stranger Things، ما هي وسيلة التواصل التي علقتها جويس بايرز في غرفة المعيشة للتحدث مع ابنها ويل في العالم المقلوب؟,A) راديو لاسلكي | B) هاتف قديم | C) أضواء زينة الكريسماس مع الحروف المكتوبة على الحائط | D) آلة كاتبة,C
365,Movies and Series,Easy,Multiple Choice,في بروكلين ناين-ناين، من هي المحققة الصارمة ذات السترة الجلدية السوداء والمشهورة بطباعها المخيفة التي ترعب الجميع؟,A) إيمي سانتياغو | B) غينا لينيتي | C) الكابتن هولت | D) روزا دياز,D
366,Movies and Series,Easy,Multiple Choice,في مسلسل ذا بويز، من هو البطل الخارق البحري في فريق السبعة القادر على التحدث مع الكائنات البحرية ونُفي إلى أوهايو؟,A) ذا ديب أو كيفن | B) إيه ترين | C) ترانسلوسنت | D) بلاك نوير,A
367,Movies and Series,Easy,Multiple Choice,في مسلسل وينزداي، ما هي عائلة الرعب القوطية الشهيرة لوالديها غوميز ومورتيشيا؟,A) المونسترز | B) عائلة آدامز | C) عائلة بيتس | D) عائلة كرين,B
368,Movies and Series,Easy,Multiple Choice,في فريندز، من هي الشخصية المهووسة بالنظافة والترتيب الصارم والطاهية المحترفة التي تعتبر شقتها مركز تجمع الأصدقاء؟,A) رايتشل غرين | B) فيبي بوفيه | C) مونيكا غيلر | D) إميلي,C
369,Movies and Series,Easy,Multiple Choice,في The Office، من هو مسؤول الموارد البشرية الهادئ الذي يكرهه مايكل سكوت بشدة معتبراً إياه 'مفسد كل متعة'؟,A) غابي لويس | B) ديفيد والاس | C) تشارلز ماينر | D) توبي فليندرسون,D
370,Movies and Series,Easy,Multiple Choice,في How I Met Your Mother، ما هو لون المظلة الأيقونية التي يعثر عليها تيد وتربطه في النهاية بزوجته المستقبلية؟,A) صفراء | B) حمراء | C) زرقاء | D) خضراء,A
371,Movies and Series,Easy,Multiple Choice,في Modern Family، ما هو الاسم التجاري لشركة تصنيع الخزائن والستائر المنزلية الناجحة التي يملكها جاي بريتشيت؟,A) إلكترونيات بريتشيت | B) خزائن وستائر بريتشيت | C) مفروشات جاي | D) تصاميم مودرن هوم,B
372,Movies and Series,Easy,Multiple Choice,في Stranger Things، من هو قائد شرطة بلدة هوكينز الشجاع ذو القلب الطيب الذي يتبنى إيلفين كابنة له؟,A) بوب نيوبي | B) موراي بومان | C) جيم هوبر أو الشريف هوبر | D) تيد ويلر,C
373,Movies and Series,Easy,Typing,في The Office، ما هو اسم موظف المبيعات المحب لحل الكلمات المتقاطعة وتناول البريتزل في اجتماعات المكتب؟,,ستانلي
374,Movies and Series,Easy,Typing,في مسلسل فريندز، ما هما الطائران الأليفان اللذان عاشا مع جوي وتشاندلر في الشقة؟,,الصوص والبطة
375,Movies and Series,Easy,Typing,في لعبة الحبار، ما هي المهنة والوظيفة المالية السابقة للمتسابق الذكي تشو سانغ وو (لاعب 218)؟,,مصرفي استثماري
376,Movies and Series,Medium,Multiple Choice,في The Office، ما هو اسم الوعد الكارثي لطلاب الابتدائية الذي قطعه مايكل سكوت بدفع مصاريف دراستهم الجامعية وعجز عن الوفاء به؟,A) مايكل المليونير | B) علماء سكرانتون | C) حالمو دندر ميفلين | D) أطفال سكوت,D
377,Movies and Series,Medium,Multiple Choice,في مسلسل فريندز، ما هو اللقب المضحك للجار الغريب العاري في المبنى المقابل الذي يتجسس عليه الأصدقاء عبر النافذة؟,A) الرجل العاري القبيح | B) مستر هيكلز | C) مستر تريغر | D) غانثر,A
378,Movies and Series,Medium,Multiple Choice,في Stranger Things (الموسم 3)، ما هو متجر الآيس كريم بالزي البحري في مول ستاركورت حيث عمل ستيف وروبن؟,A) باسكن روبنز | B) سكوبس أهوي | C) ديري كوين | D) ذا بيغ تشيل,B
379,Movies and Series,Medium,Multiple Choice,في مسلسل ذا بويز، من هو البطل السريع المتهور الذي صدم حبيبة هيوي روبن ومزقها في مشهد الافتتاح الصادم؟,A) شوك ويف | B) سيلفر كينكيد | C) إيه ترين | D) سوبر سونيك,C
380,Movies and Series,Medium,Multiple Choice,في بروكلين ناين-ناين، من هي المديرة الإدارية النرجسية والراقصة الغريبة وصديقة طفولة جيك بيرالتا المقربة؟,A) إيمي سانتياغو | B) روزا دياز | C) شارون | D) غينا لينيتي,D
381,Movies and Series,Medium,Multiple Choice,في نظرية الانفجار العظيم، أي مكان على أريكة الشقة الجلدية يعتبره شيلدون كوبر مكانه الحصري المقدس ويردد 'هذا مكاني'؟,A) الوسادة اليمنى المقابلة للنافذة والتلفاز | B) الزاوية اليسرى | C) الوسادة الوسطى | D) الكرسي الجانبي,A
382,Movies and Series,Medium,Multiple Choice,في How I Met Your Mother، ما هو رهان الصفعات الخمس الكوميدي المبرم بين مارشال وبارني بشأن سر روبن في كندا؟,A) رهان الليزر | B) رهان الصفع أو سلاب غيفينغ | C) التحدي الكندي | D) رهان البدلة,B
383,Movies and Series,Medium,Multiple Choice,في وينزداي، ما هو تصنيف المنبوذين في أكاديمية نيفرمور القادرين على التلاعب بالماء وسحر الآخرين بأصواتهم كـ بيانكا باركلي؟,A) غورغونز | B) هايدز | C) السيرينز أو حوريات البحر | D) المتحولون,C
384,Movies and Series,Medium,Multiple Choice,في The Office، من هي نائبة رئيس الشركة السابقة التي واعدت مايكل سكوت وتسببت في حفل العشاء الكارثي الشهير في منزلها؟,A) هولي فلاكس | B) كارين | C) دونا | D) جان ليفنسون,D
385,Movies and Series,Medium,Multiple Choice,في فريندز، في أي عاصمة أوروبية نطق روس اسم رايتشل بالخطأ أمام المذبح أثناء مراسم زفافه على إميلي؟,A) لندن | B) باريس | C) روما | D) دبلن,A
386,Movies and Series,Medium,Typing,في The Office، ما هو اسم الموظف المؤقت (التمب) الذي ترقى لنائب رئيس الشركة ثم طُرد وعاد لدندر ميفلين؟,,ريان هوارد
387,Movies and Series,Medium,Typing,في فريندز، ما هو الاسم الأول لنادل مقهى سنترال بيرك ذو الشعر الأشقر المبيض الذي كان مغرماً برايتشل لعشر سنوات؟,,غانثر
388,Movies and Series,Hard,Multiple Choice,في The Office، من هم الموظفون الثلاثة الذين أسسوا 'نادي الأشياء الراقية' (Finer Things Club) في غرفة الاستراحة؟,A) جيم وبام ودوايت | B) بام بيزلي، وتوبي فليندرسون، وأوسكار مارتينيز | C) مايكل وهولي وكيلي | D) ستانلي وفيليس وكيفن,B
389,Movies and Series,Hard,Multiple Choice,في فريندز، ما هو اسم الشقيق التوأم المتطابق للجراح دكتور دريك راموراي في مسلسل Days of Our Lives الذي لعبه جوي؟,A) هانز راموراي | B) فيكتور | C) سترايكر راموراي | D) أنطونيو,C
390,Movies and Series,Hard,Multiple Choice,في Stranger Things، ما هو المشروع الاستخباراتي الأمريكي السري الحقيقي في الستينيات لاختبار الحرمان الحسي الذي استوحيت منه قدرات إيلفين؟,A) مشروع بلو بوك | B) عملية بيبر كليب | C) مشروع ستارغيت | D) مشروع إم كيه ألترا,D
391,Movies and Series,Hard,Multiple Choice,في بروكلين ناين-ناين، من هو سارق سيارات بونتياك الساحر وعدو جيك بيرالتا اللدود الذي تحول لأفضل أصدقائه؟,A) دوغ جودي أو لص البونتياك | B) جيفري | C) شيموس | D) كالب,A
392,Movies and Series,Hard,Multiple Choice,في مسلسل ذا بويز، من هو العالم النازي السابق ومؤسس شركة فوت الذي حقن زوجته ستورم فرونت بأول جرعة ناجحة من المركب V؟,A) دكتور إدغار فوت | B) فريدريك فوت | C) دكتور فوغلباوم | D) دكتور ستان إدغار,B
393,Movies and Series,Hard,Multiple Choice,في بلاك ميرور (حلقة San Junipero)، ما هي البلدة الساحلية المحاكاة رقمياً حيث يمكن للوعي البشري العيش للأبد بعد الوفاة؟,A) بابل الجديدة | B) أركاديا | C) سان جونيبيرو | D) إل دورادو,C
394,Movies and Series,Hard,Multiple Choice,في How I Met Your Mother، ما هو الاسم الفني لنجمة البوب الكندية المراهقة التي كانت تمثل الهوية السرية السابقة لـ روبن شيرباتسكي؟,A) روبن الكندية | B) روبن داغرز | C) سباركل غيرل | D) روبن سباركلز,D
395,Movies and Series,Hard,Typing,في The Office، ما هو اسم ابن عم دوايت شروت غريب الأطوار الذي يعيش معه في مزرعة الشمندر؟,,موز
396,Movies and Series,Hard,Typing,في فريندز، ما هي الدولة العربية التي تظاهر تشاندلر بينغ بأنه نُقل إليها في عمله للهروب من حبيبته جانيس؟,,اليمن
397,Movies and Series,Hard,Typing,في Stranger Things 4، ما هو اسم عازف غيتار الميتال وقائد نادي هيل فاير الذي عزف 'Master of Puppets' على سطح المقطورة؟,,إيدي مونسون
398,Movies and Series,Hard,Multiple Choice,في لعبة الحبار، ما هي الهوية الحقيقية الصادمة للمتسابق العجوز 001 (أوه إيل نام)؟,A) المضيف والعقل المبتكر والممول للألعاب من أجل التسلية | B) محقق سري متنكر | C) سياسي متقاعد | D) فائز سابق,A
399,Movies and Series,Hard,Multiple Choice,في Modern Family، ما هو اسم المهرج الترفيهي الذي يتقمصه كاميرون تاكر في حفلات الأطفال ويرعب فيل دانفي؟,A) بوبو المهرج | B) فيزبو المهرج | C) بينكي | D) تشاكلز,B
400,Movies and Series,Hard,Multiple Choice,في How I Met Your Mother، ما هو اسم الكتيب الاستراتيجي لبارني ستينسون المليء بالحيل والألاعيب للإيقاع بالنساء (مثل الغواص)؟,A) بروكود | B) كتاب القواعد | C) البلاي بوك | D) دليل العازب,C
401,Movies and Series,Easy,Multiple Choice,في فيلم بيكسار البحث عن نيمو (Finding Nemo 2003)، ما هو نوع وفصيلة السمكة البرتقالية الصغيرة نيمو ووالده مارلن؟,A) سمكة ذهبية | B) التونة الزرقاء | C) سمكة الملاك | D) سمكة المهرج أو الكلاون فيش,D
402,Movies and Series,Easy,Multiple Choice,في فيلم الأسد الملك (The Lion King 1994)، من هو الأسد الشرير ذو الندبة الذي تسبب في مقتل موفاسا للاستيلاء على العرش؟,A) سكـار | B) تيمون | C) زازو | D) رفيقـي,A
403,Movies and Series,Easy,Multiple Choice,في فيلم حكاية لعبة (Toy Story 1995)، ما هي لعبة رائد الفضاء التي تعتقد في البداية أنها حارس مجري حقيقي يطلق الليزر؟,A) وودي | B) باز يطير أو باز لايتيير | C) سلينكي | D) ريكس,B
404,Movies and Series,Easy,Multiple Choice,في فيلم ملكة الثلج (Frozen 2013)، ما هي القدرة السحرية الخارقة التي تمتلكها الملكة إلسا وأدخلت بها مملكة أرينديل في شتاء دائم؟,A) سحر إطلاق النيران | B) تحريك الأشياء عن بُعد | C) سحر الجليد وتجميد الأشياء والثلج | D) الاختفاء,C
405,Movies and Series,Easy,Multiple Choice,في فيلم الرسوم المتحركة شريك (Shrek 2001)، ما هو الغول الأخضر الضخم المحب للبصل والمستنقعات ويرافقه حمار ثرثار؟,A) اللورد فاركواد | B) القط ذو الحذاء | C) الأمير تشارمينغ | D) شـريك,D
406,Movies and Series,Easy,Multiple Choice,في فيلم كوكو (Coco 2017) من بيكسار، ما هو العيد والاحتفال المكسيكي التراثي الذي يدخل فيه الفتى ميغيل إلى أرض الموتى؟,A) يوم الموتى | B) سينكو دي مايو | C) لاس بوساداس | D) صرخة دولوريس,A
407,Movies and Series,Easy,Multiple Choice,في فيلم البريق (The Shining 1980) لستانلي كوبريك، ما هو الفندق الجبلي المعزول والمثلج في كولورادو الذي يقود جاك للجنون؟,A) فندق بيتس | B) فندق أوفرلوك | C) فندق غراند بودابست | D) فندق كونتيننتال,B
408,Movies and Series,Easy,Multiple Choice,في سلسلة أفلام الرعب الكلاسيكية هالوين (Halloween 1978)، من هو القاتل الصامت بالقناع الأبيض وبذلة العمل الذي يطارد ضحاياه؟,A) جايسون فورهيز | B) فريدي كروغر | C) مايكل مايرز | D) ليذرفيس,C
409,Movies and Series,Easy,Multiple Choice,في سلسلة أفلام الرعب صرخة (Scream 1996)، ما هو القاتل المتسلسل ذو قناع الشبح الذي يتصل بضحاياه هاتفياً ويسأل عن أفلام الرعب؟,A) بينهيد | B) تشاكي | C) بيني وايز | D) غوست فيس أو وجه الشبح,D
410,Movies and Series,Easy,Multiple Choice,"في فيلم شركة المرعبين المحدودة (Monsters, Inc.)، من هما الصديقان الوحشان (العملاق الأزرق ذو الفراء وذو العين الواحدة الخضراء)؟",A) جيمس بي 'سالي' سوليفان ومايك وازووسكي | B) مايك وراندال | C) سالي وواترنوس | D) جورج وفانغوس,A
411,Movies and Series,Easy,Multiple Choice,في فيلم علاء الدين (Aladdin 1992) من ديزني، من هو الممثل الكوميدي الأسطوري صاحب الصوت العبقري لجني المصباح الأزرق؟,A) إيدي ميرفي | B) روبن ويليامز | C) جيم كاري | D) دان كاستيلانيتا,B
412,Movies and Series,Easy,Multiple Choice,في فيلم فوق (Up 2009) من بيكسار، ما هي الوسيلة الخيالية التي استخدمها العجوز كارل فريدريكسون لرفع منزله في الهواء إلى شلالات الفردوس؟,A) منطاد هواء ساخن | B) محرك صاروخي عملاق | C) آلاف بالونات الهيليوم الملونة | D) مراوح طيران,C
413,Movies and Series,Easy,Multiple Choice,في فيلم كونغ فو باندا (Kung Fu Panda)، ما هو دب الباندا الضخم الأكول والمحب للنودلز الذي اختاره المعلم أوغواي كمحارب التنين؟,A) المعلم شيفو | B) تاي لونغ | C) المعلم أوغواي | D) بـو,D
414,Movies and Series,Easy,Multiple Choice,في فيلم وحيد في المنزل (Home Alone 1990)، ما هو اسم الطفل الذكي ذو الثماني سنوات الذي نسيه أهله ودافع عن بيته بمصائد عبقرية؟,A) كيفن مكاليستر | B) باز مكاليستر | C) فولر مكاليستر | D) جيف مكاليستر,A
415,Movies and Series,Easy,Multiple Choice,في فيلم ساحر أوز (The Wizard of Oz 1939)، ما هو الحذاء السحري الذي ترتديه دوروثي وتنقر كعبيها ثلاث مرات للعودة إلى كانساس؟,A) الحذاء الذهبي | B) الحذاء الياقوتي الأحمر | C) الحذاء الفضي | D) الحذاء الزجاجي,B
416,Movies and Series,Easy,Multiple Choice,في الجميلة والوحش (Beauty and the Beast 1991)، ما هو الغرض السحري المحفوظ تحت قبة زجاجية وتتساقط بتلاته مع اقتراب عام الوحش الـ21؟,A) المرآة السحرية | B) الشمعدان الناطق | C) الوردة الحمراء المسحورة | D) الشعار الملكي,C
417,Movies and Series,Easy,Multiple Choice,في فيلم خلطة بيطة بالصلصة (Ratatouille 2007)، ما هو الفأر الباريسي الموهوب في الطهي الذي يتحكم في الشاب لينغويني لإعداد أطباق راقية؟,A) إميل | B) دجانغو | C) سكينر | D) ريمي,D
418,Movies and Series,Easy,Multiple Choice,في كيف تروض تنينك (How to Train Your Dragon)، ما هو التنين الأسود النادر والذكي الملقب بـ 'غضب الليل' وصديق هيكاب؟,A) أبو سن أو توثليس | B) الكابوس المرعب | C) الأفعى القاتلة | D) غرونكل,A
419,Movies and Series,Easy,Multiple Choice,في فيلم الرعب الشهير إت (IT 2017)، ما هو الكيان الشيطاني المرعب المتنكر في هيئة مهرج يمسك بالبالونات الحمراء في مجاري بلدة ديري؟,A) المهرج آرت | B) بيني وايز المهرج الراقص | C) كابتن سبولدينغ | D) تويستي,B
420,Movies and Series,Easy,Multiple Choice,في فيلم أبطال خارقون (The Incredibles 2004)، من هو الأب الخارق ذو القوة العضلية الهائلة والمجبر على العمل في شركة تأمين؟,A) فروزون | B) داش | C) بوب بار أو الخارق | D) سيندروم,C
421,Movies and Series,Easy,Multiple Choice,في فيلم موانا (Moana 2016) من ديزني، من هو نصف الإله البولينيزي المتحول وحامل الصنارة السحرية بصوت دوين جونسون 'ذا روك'؟,A) تاماتوا | B) الزعيم توي | C) تي فيتي | D) مـاوي,D
422,Movies and Series,Easy,Multiple Choice,في فيلم سيارات (Cars 2006) من بيكسار، ما هي سيارة السباق الحمراء السريعة رقم 95 التي تجد نفسها عالقة في بلدة رادياتور سبرينغز؟,A) لايتنينغ ماكوين أو برق بنزين | B) تشيك هيكس | C) ذا كينغ | D) دوك هدسون,A
423,Movies and Series,Easy,Typing,في فيلم حكاية لعبة (Toy Story)، ما هو اسم دمية راعي البقر الكلاسيكية ذات الحبل الصوتي بصوت توم هانكس؟,,وودي
424,Movies and Series,Easy,Typing,في فيلم الأسد الملك (The Lion King)، ما هو شبل الأسد الصغير ابن موفاسا الذي كبر ليستعيد عرش صخرة العزة؟,,سيمبا
425,Movies and Series,Easy,Typing,في البحث عن نيمو، ما هي السمكة الزرقاء خفيفة الظل المصابة بفقدان الذاكرة قصير المدى وتردد 'تابع العوم'؟,,دوري
426,Movies and Series,Easy,Typing,في فيلم ملكة الثلج (Frozen)، ما هو اسم رجل الثلج اللطيف المحب للعناق الدافئ ويحلم بتجربة فصل الصيف؟,,أولاف
427,Movies and Series,Medium,Multiple Choice,في الأسد الملك، ما هي الحكمة السواحيلية الشهيرة التي علمها تيمون وبومبا لسيمبا وتعني 'لا قلق لبقية أيامك'؟,A) أسانتي سانا | B) هاكونا ماتاتا | C) جامبو بوانا | D) كواهيري,B
428,Movies and Series,Medium,Multiple Choice,في فيلم البريق (The Shining)، ما هي الجملة المرعبة التي كتبها جاك تورانس مئات المرات على آلته الكاتبة في بهو الفندق؟,A) ريدرم | B) تعالي والعبي معنا يا داني | C) 'العمل المستمر دون لعب يجعل من جاك فتى مملاً' | D) منتصف الليل والنجوم,C
429,Movies and Series,Medium,Multiple Choice,في حكاية لعبة 2 (1999)، ما هي راعية البقر الحماسية ذات الشعر الأحمر التي هجرتها صاحبتها السابقة إميلي تحت السرير؟,A) بو بيب | B) غابي غابي | C) باربي | D) جيسي راعية البقر,D
430,Movies and Series,Medium,Multiple Choice,في فيلم وحيد في المنزل، ما هو اللقب الكوميدي الذي أطلقه اللصان هاري ومارف على نفسيهما لتركهما صنابير المياه مفتوحة؟,A) اللصوص المبللون | B) اللصوص اللزجون | C) عصابة العتلة | D) متسللو الليل,A
431,Movies and Series,Medium,Multiple Choice,في فيلم شريك 2 (2004)، ما هي المملكة الخيالية الراقية لوالدي فيونا والمستوحاة من بيفرلي هيلز وهوليوود؟,A) دولوك | B) مملكة بعيداً جداً | C) أرينديل | D) كورونا,B
432,Movies and Series,Medium,Multiple Choice,في سلسلة كابوس شارع إيلم (A Nightmare on Elm Street)، من هو القاتل المشوه ذو القفاز ذي المخالب الحادة الذي يقتل المراهقين في أحلامهم؟,A) مايكل مايرز | B) ليذرفيس | C) فريدي كروغر | D) جايسون فورهيز,C
433,Movies and Series,Medium,Multiple Choice,في فيلم وول-إي (WALL-E 2008)، ما هو الروبوت الأبيض البيضاوي المتطور ذو العيون الزرقاء الذي يقع الروبوت وول-إي في حبه؟,A) إم أو | B) أوتو | C) بي آر تي | D) إيف أو إيفا,D
434,Movies and Series,Medium,Multiple Choice,في فيلم مولان (Mulan 1998) من ديزني، ما هو التنين الصيني الأحمر الصغير وخفيف الظل بصوت إيدي ميرفي الذي يرافق مولان؟,A) موشـو | B) كري كي | C) شينرون | D) هاكو,A
435,Movies and Series,Medium,Multiple Choice,في صمت الحملان (The Silence of the Lambs 1991)، من هو الطبيب النفسي العبقري وآكل لحوم البشر المحبوس في بالتيمور؟,A) نورمان بيتس | B) دكتور هانيبال ليكتر | C) بوفالو بيل | D) باتريك بيتمان,B
436,Movies and Series,Medium,Multiple Choice,في فيلم قلباً وقالباً (Inside Out 2015)، أي من المشاعر الخمسة في عقل الطفلة رايلي يرتدي نظارة ويبكي باستمرار باللون الأزرق؟,A) الفرح | B) الخوف | C) الحزن | D) الغضب,C
437,Movies and Series,Medium,Multiple Choice,في فيلم متاهة بان (Pan's Labyrinth 2006)، ما هو الوحش الشاحب المرعب الذي يضع عينيه في راحتي يديه ويجلس أمام مائدة الطعام؟,A) الفون | B) الضفدع العملاق | C) الماندريك | D) الرجل الشاحب,D
438,Movies and Series,Medium,Multiple Choice,في فيلم هرقل (Hercules 1997) من ديزني، من هو حاكم العالم السفلي ذو اللهب الأزرق وسريع الغضب بصوت جيمس وودز؟,A) هاديس | B) آريس | C) زيوس | D) بوسيدون,A
439,Movies and Series,Medium,Multiple Choice,في فيلم شريك 1، من هو حاكم بلدة دولوك القصير والمتعجرف الذي يسعى للزواج من الأميرة فيونا ليصبح ملكاً؟,A) الأمير تشارمينغ | B) اللورد فاركواد | C) رومبلستيلتسكين | D) زمار هاملين,B
440,Movies and Series,Medium,Multiple Choice,في فيلم حكاية لعبة 1، ما هو اسم الفتى الشرير والمشاكس المجاور لمنزل آندي والذي يعذب الألعاب ويفجرها؟,A) آندي | B) باستر | C) سيد فيليبس | D) آل,C
441,Movies and Series,Medium,Typing,في البحث عن نيمو، ما هو العنوان الأسترالي الشهير المكتوب على نظارة الغواص المفقودة: 'بي شيرمان، 42 والابي واي، ...'؟,,سيدني
442,Movies and Series,Medium,Multiple Choice,في فيلم البريق (The Shining)، ما هي الكلمة المعكوسة المرعبة التي كتبها داني بأحمر الشفاه على باب الحمام وتعني 'جريمة قتل'؟,A) موردر | B) أوفرلوك | C) شاينينغ | D) ريدرم,D
443,Movies and Series,Medium,Multiple Choice,في فيلم حكاية لعبة، ما هي العبارة الحماسية الأيقونية الشهيرة المكتوبة على صندوق لعبة باز يطير ويكررها دائماً؟,A) 'إلى اللانهاية... وما بعدها!' | B) حارس الفضاء يتصل بالقيادة | C) جئت في سلام | D) انطلاق نحو الخطر,A
444,Movies and Series,Hard,Multiple Choice,في فيلم طارد الأرواح الشريرة (The Exorcist 1973)، ما هو الشيطان القديم من بلاد الرافدين الذي استحوذ على الطفلة ريغان في جورجتاون؟,A) بافوميت | B) بازوزو | C) أسموديوس | D) بعلزبول,B
445,Movies and Series,Easy,Multiple Choice,في تاريخ سينما الرسوم المتحركة، ما هي تحفة والت ديزني لعام 1937 التي تعتبر أول فيلم رسوم متحركة طويل وملون في التاريخ؟,A) بينوكيو | B) فانتازيا | C) سنو وايت والأقزام السبعة | D) دامبو,C
446,Movies and Series,Hard,Multiple Choice,في فيلم خلطة بيطة بالصلصة (Ratatouille)، من هو الناقد الطعام الصارم والشاحب الذي يستعيد ذكريات طفولته بعد تذوق طبق ريمي؟,A) غوستو | B) سكينر | C) هورست | D) أنتون إيغو,D
447,Movies and Series,Hard,Multiple Choice,في فيلم الرعب صرخة (Scream 1996)، من هما الطالبان اللذان تبين أنهما شريكان في الجرائم وارتداء قناع غوست فيس في بلدة وودسبورو؟,A) بيللي لوميس وستو ماكر | B) راندي وستو | C) ديوي وبيللي | D) كوتون ونيل,A
448,Movies and Series,Hard,Multiple Choice,في فيلم فوق (Up 2009)، ما هو اسم الهضبة الجبلية والشلالات المهيبة في أمريكا الجنوبية التي كان يسعى المستكشف كارل للوصول إليها؟,A) شلالات آنجل | B) شلالات الفردوس | C) جبل رورايما | D) شلالات إيغوازو,B
449,Movies and Series,Hard,Multiple Choice,في تاريخ جوائز الأوسكار، ما هي الأفلام الثلاثة الوحيدة التي فازت بجوائز الأوسكار الخمس الكبرى (فيلم، مخرج، ممثل، ممثلة، سيناريو)؟,A) تيتانيك، وبن هور، وسيد الخواتم: عودة الملك | B) العراب، وكازابلانكا، وذهب مع الريح | C) حدث ذات ليلة (1934)، وطيران فوق عش الوقواق (1975)، وصمت الحملان | D) قائمة شندلر، وفورست غامب، وغلادياتور,C
450,Movies and Series,Medium,Multiple Choice,في فيلم 2001: أوديسا الفضاء (1968) لستانلي كوبريك، ما هو نظام الذكاء الاصطناعي ذو العدسة الحمراء الذي تمرد وقتل رواد السفينة؟,A) غيرتي | B) موذر | C) ووبر | D) هال 9000,D
451,Movies and Series,Hard,Typing,في فيلم الدراما الكلاسيكي الخالد 'باب الحديد' (1958)، ما هو اسم بائع الجرائد الأعرج والمولع بهنومة الذي جسده المخرج يوسف شاهين؟,,قناوي
452,Movies and Series,Medium,Typing,في المسلسل المصري الشهير 'لن أعيش في جلباب أبي' (1996)، ما هو السوق التاريخي لتجارة الخردة بالقاهرة الذي كان مركز إمبراطورية عبد الغفور البرعي؟,,وكالة البلح
453,Movies and Series,Easy,Typing,من هو أسطورة الكوميديا والسينما المصرية الملقب بـ 'الزعيم' وبطل أفلام 'الإرهاب والكباب'، و'مرجان أحمد مرجان'، ومسرحية 'الواد سيد الشغال'؟,,عادل إمام
454,Movies and Series,Easy,Multiple Choice,في الفيلم الكوميدي الشهير 'صعيدي في الجامعة الأمريكية' (1998)، من هو الطالب الصعيدي القادم للقاهرة ببدلته الصفراء الشهيرة والذي جسده محمد هنيدي؟,A) خلف الدهشوري خلف | B) محيي الشرقاوي | C) بسيوني كامل | D) حزلئوم,A
455,Movies and Series,Easy,Multiple Choice,في ملحمة المخابرات والدراما المصرية 'رأفت الهجان'، ما هي الهوية والشخصية اليهودية البديلة التي انتحلها البطل رفعت الجمال داخل إسرائيل؟,A) جاك بيتون | B) ديفيد تشارلز سمحون | C) عزرا وايزمان | D) روبرت ديان,B
456,Movies and Series,Easy,Multiple Choice,في فيلم الإثارة والغموض النفسي 'الفيل الأزرق' (2014)، ما هو المستشفى النفسي الحكومي الذي ينتدب فيه الدكتور يحيى راشد لتقييم المجرمين؟,A) مستشفى المعادي العسكري | B) مستشفى قصر العيني | C) مستشفى العباسية للصحة النفسية | D) مصحة حلوان,C
457,Movies and Series,Easy,Multiple Choice,في الفيلم الكوميدي الشهير 'اللمبي' (2002)، من هو الممثل الكوميدي الذي ابتكر وقدم شخصية اللمبي الشهيرة بطريقتها الخاصة في الكلام والرقص؟,A) أحمد آدم | B) علاء ولي الدين | C) هاني رمزي | D) محمد سعد,D
458,Movies and Series,Easy,Multiple Choice,في فيلم 'الإرهاب والكباب' (1992)، ما هو المبنى الحكومي الإداري الضخم في ميدان التحرير الذي احتجزه عادل إمام بالخطأ؟,A) مجمع التحرير | B) مبنى وزارة الداخلية | C) دار الأوبرا المصرية | D) البنك المركزي المصري,A
459,Movies and Series,Easy,Multiple Choice,في المسلسل الكوميدي الناجح 'الكبير أوي'، ما هي القرية الصعيدية الخيالية التي يتولى عموديتها الكبير ويجسدها أحمد مكي؟,A) الحسنة | B) قرية المزاريطة | C) ميت غمر | D) كفر الشيخ,B
460,Movies and Series,Easy,Multiple Choice,في تحفة السينما المصرية 'الكيت كات' (1991)، من هو الممثل القدير الذي جسد شخصية 'الشيخ حسني' الكفيف المرح الذي يقود الدراجة النارية؟,A) نور الشريف | B) أحمد زكي | C) محمود عبد العزيز | D) يحيى الفخراني,C
461,Movies and Series,Easy,Multiple Choice,في فيلم الكوميديا 'كده رضا' (2007)، من هو النجم الكوميدي الذي جسد شخصيات التوائم الثلاثة (رضا، وسمسم، وبيبو) بهوية واحدة للاحتيال؟,A) محمد سعد | B) كريم عبد العزيز | C) أحمد عز | D) أحمد حلمي,D
462,Movies and Series,Easy,Multiple Choice,في مسلسل 'لن أعيش في جلباب أبي'، ما هي عربة الطعام الشعبية البسيطة التي كانت تديرها فاطمة (عبلة كامل) قبل زواجها من عبد الغفور؟,A) عربة كشري | B) عربة فول وطعمية | C) عربة كبدة إسكندراني | D) كشك حواوشي,A
463,Movies and Series,Easy,Multiple Choice,من هو النجم السينمائي المصري العالمي الذي وصل لهوليوود وبطولة روائع السينما الكلاسيكية العالمية كفيلمي 'لورنس العرب' و'دكتور زيفاغو'؟,A) رشدي أباظة | B) عمر الشريف | C) جميل راتب | D) أحمد رمزي,B
464,Movies and Series,Easy,Multiple Choice,في فيلم 'الكيف' (1985)، ما هما الشقيقان المتناقضان اللذان جسدهما محمود عبد العزيز (المزاجنجي) ويحيى الفخراني (الدكتور صلاح)؟,A) مهندس وضابط شرطة | B) محامٍ وقاضٍ | C) مطرب شعبي كيميائي خلطات (مزاجنجي) ودكتور كيميائي | D) طيار ومعلم,C
465,Movies and Series,Easy,Multiple Choice,في عصر السينما الكلاسيكي الذهبي، من هو نجم الكوميديا المحبوب بطل السلسلة الشهيرة بأفلامه 'في الجيش' و'في الأسطول' و'في البوليس'؟,A) نجيب الريحاني | B) فؤاد المهندس | C) عبد السلام النابلسي | D) إسماعيل ياسين,D
466,Movies and Series,Easy,Multiple Choice,في فيلم المغامرات والأكشن 'أفريكانو' (2001)، من هو نجم الأكشن الذي قفز في الشلال الهادر بجرأة ليثبت حبه لمنى زكي؟,A) أحمد السقا | B) مصطفى شعبان | C) أحمد عز | D) كريم عبد العزيز,A
467,Movies and Series,Easy,Multiple Choice,في مسلسل 'ليالي الحلمية'، من هما النجمان القديران اللذان جسدا صراع الباشوات وأهل الريف في شخصيتي (سليم البدري وسليمان غانم)؟,A) عادل إمام ونور الشريف | B) يحيى الفخراني وصلاح السعدني | C) محمود ياسين وفاروق الفيشاوي | D) أحمد زكي ومحمود عبد العزيز,B
468,Movies and Series,Easy,Multiple Choice,في فيلم الدراما الكلاسيكي 'دعاء الكروان' (1959) عن رواية طه حسين، من هي سيدة الشاشة العربية التي جسدت شخصية الفتاة الريفية المنتقمة آمنة؟,A) شادية | B) سعاد حسني | C) فاتن حمامة | D) هند رستم,C
469,Movies and Series,Easy,Multiple Choice,في فيلم 'مرجان أحمد مرجان' (2007)، ما هي الجامعة الراقية التي التحق بها رجل الأعمال الثري والجاهل مرجان لشراء شهادة جامعية؟,A) جامعة القاهرة | B) جامعة أوكسفورد | C) جامعة السوربون | D) الجامعة الأمريكية بالقاهرة,D
470,Movies and Series,Easy,Multiple Choice,في فيلم 'آسف على الإزعاج' (2008)، ما هو الاضطراب النفسي الذي يعاني منه المهندس حسن (أحمد حلمي) ويجعله يتخيل والده المتوفى حياً؟,A) الفصام والهلاوس البصرية والسمعية | B) فقدان الذاكرة | C) الاضطراب الوجداني ثنائي القطب | D) ألزهايمر المبكر,A
471,Movies and Series,Easy,Multiple Choice,في المسلسل العائلي الشهير 'يوميات ونيس'، من هو الفنان والمخرج المسرحي القدير الذي ألف وقدم شخصية الأب المربي ونيس؟,A) يحيى الفخراني | B) محمد صبحي | C) نور الشريف | D) حسن مصطفى,B
472,Movies and Series,Easy,Multiple Choice,في فيلم الجريمة والأكشن 'إبراهيم الأبيض' (2009)، من هو العملاق السينمائي الذي جسد شخصية زعيم العصابة المستبد 'المعلم عبد الملك زرزور'؟,A) خالد الصاوي | B) عمرو واكد | C) محمود عبد العزيز | D) سامي العدل,C
473,Movies and Series,Easy,Typing,في مسلسل 'الكبير أوي'، ما هو اسم الشقيق الثالث ذو الشعر البرتقالي القادم من إنجلترا ويحب ارتداء البدلات الرياضية؟,,حزلئوم
474,Movies and Series,Easy,Typing,في مسلسل 'الاختيار' (2020)، ما هو اسم الشهيد العقيد قائد الكتيبة 103 صاعقة في ملحمة البرث الذي جسده أمير كرارة؟,,أحمد المنسي
475,Movies and Series,Easy,Typing,ما هو اللقب والاسم العائلي الشهير لتاجر الخردة في 'لن أعيش في جلباب أبي': 'أنا عبد الغفور ...'؟,,البرعي
476,Movies and Series,Medium,Multiple Choice,في فيلم 'طيور الظلام' (1995)، من هما الصديقان المحاميان اللذان صعدا من القاع ودخلا في صراع نفوذ عبر فساد السلطة والجماعات الدينية المتطرفة؟,A) مرجان ورشاد | B) بخيت وعديلة | C) جاك ومحسن | D) فتحي نوفل (عادل إمام) وعلي الزناتي,D
477,Movies and Series,Medium,Multiple Choice,في الفيلم الغنائي الكلاسيكي 'غزل البنات' (1949)، من هو رائد الكوميديا المسرحية الذي جسد شخصية مدرس اللغة العربية البسيط 'الأستاذ حمام'؟,A) نجيب الريحاني | B) علي الكسار | C) يوسف وهبي | D) أنور وجدي,A
478,Movies and Series,Medium,Multiple Choice,في مسلسل الجاسوسية المصري الشهير 'دموع في عيون وقحة' (1980)، من هو البطل العميل المزدوج الذي جسده عادل إمام لمصلحة المخابرات العامة؟,A) محسن ممتاز | B) جمعة الشوان أو أحمد الهوان | C) رأفت الهجان | D) فارس,B
479,Movies and Series,Medium,Multiple Choice,في فيلم 'أرض النفاق' (1968)، ما هي الحبوب الأخلاقية الغريبة التي يتناولها الموظف البسيط مسعود (فؤاد المهندس) لتغيير سلوكه؟,A) حبوب الثراء | B) حبوب الشباب | C) حبوب الشجاعة، والصدق، والنفاق | D) حبوب الذاكرة,C
480,Movies and Series,Medium,Multiple Choice,في فيلم 'اللي بالي بالك' (2003)، من هو مأمور السجن الصارم الذي خضع لعملية زراعة مخ وتبديل شخصيته مع السجين البسيط اللمبي؟,A) اللواء بسيوني | B) الرائد فرحات | C) النقيب طارق | D) اللواء رياض المنفلوطي,D
481,Movies and Series,Medium,Multiple Choice,في الفيلم الكوميدي الشهير 'مراتي مدير عام' (1966)، من هي النجمة القديرة التي جسدت شخصية المديرة العامة التي ترأس زوجها في العمل؟,A) شادية | B) سعاد حسني | C) فاتن حمامة | D) ميرفت أمين,A
482,Movies and Series,Medium,Multiple Choice,في مسلسل 'زيزينيا' (1997)، ما هي المدينة الساحلية المتوسطية العريقة التي تدور فيها أحداث الصراع بين الثقافة الإيطالية والمصرية الشعبية؟,A) بورسعيد | B) الإسكندرية | C) الإسماعيلية | D) السويس,B
483,Movies and Series,Medium,Multiple Choice,في فيلم الأكشن 'مافيا' (2002)، من هي الشخصية الدينية والسياسية الدولية الكبرى المستهدفة بالاغتيال في القاهرة وأحبطت المخابرات مخططها؟,A) الرئيس الفرنسي | B) الأمين العام للأمم المتحدة | C) بابا الفاتيكان | D) الرئيس الأمريكي,C
484,Movies and Series,Medium,Multiple Choice,في فيلم 'بخيت وعديلة' (1995)، ما هو الشيء المفاجئ الذي عثر عليه الزوجان الفقيران في قطار الركاب وتسبب في ورطة أموال ومطاردات عصابات؟,A) لوحة أثرية مسروقة | B) خزانة حكومية | C) كيس جنيهات ذهبية | D) حقيبة قطار منسية مليئة بملايين الدولارات,D
485,Movies and Series,Medium,Multiple Choice,في فيلم 'الفيل الأزرق 2' (2019)، من هي النزيلة والمريضة النفسية الخطيرة التي جسدتها هند صبري وتتحدى عائلة الدكتور يحيى؟,A) فريدة | B) مايا | C) لبنى | D) كاميليا,A
486,Movies and Series,Medium,Typing,في فيلم 'الكيف' (1985)، ما هو اللقب الفني والطريف لمطرب الأفراح الشعبية وصانع الخلطات الذي جسده محمود عبد العزيز؟,,المزاجنجي
487,Movies and Series,Medium,Typing,في مسلسل 'لن أعيش في جلباب أبي'، من هو الممثل القدير الذي جسد شخصية المعلم الحكيم إبراهيم سردينة صاحب الوكالة ومعلم عبد الغفور؟,,عبد الرحمن أبو زهرة
488,Movies and Series,Hard,Multiple Choice,في تاريخ السينما المصرية، ما هي التحفة التاريخية الخالدة لعام 1969 للمخرج شادي عبد السلام وتروي قصة اكتشاف خبيئة المومياوات الملكية في طيبة؟,A) الأرض | B) فيلم المومياء أو ليلة أن تحصى السنين | C) باب الحديد | D) الحرام,B
489,Movies and Series,Hard,Multiple Choice,في ملحمة الدراما التلفزيونية 'ليالي الحلمية'، من هو الكاتب والسيناريست الدرامي الكبير الذي ألف أجزاء المسلسل الخمسة الأيقونية؟,A) وحيد حامد | B) نجيب محفوظ | C) أسامة أنور عكاشة | D) يوسف السباعي,C
490,Movies and Series,Hard,Multiple Choice,في فيلم 'باب الحديد' (1958) ليوسف شاهين، من هي بائعة المياه الغازية الفاتنة في محطة مصر التي يقع قناوي في حبها بجنون وتجسدها هند رستم؟,A) نعيمة | B) بهية | C) زينب | D) هنومة,D
491,Movies and Series,Hard,Multiple Choice,في فيلم الدراما 'اللص والكلاب' (1962) وبطولة شكري سرحان (سعيد مهران)، من هو الأديب المصري الحائز على نوبل وصاحب الرواية الأصلية؟,A) نجيب محفوظ | B) طه حسين | C) توفيق الحكيم | D) إحسان عبد القدوس,A
492,Movies and Series,Hard,Multiple Choice,في ملحمة الجاسوسية 'رأفت الهجان'، من هو الموسيقار المصري العبقري صاحب اللحن الأوركسترالي الأيقوني لمقدمة ونهاية المسلسل؟,A) عمر خيرت | B) عمار الشريعي | C) بليغ حمدي | D) ياسر عبد الرحمن,B
493,Movies and Series,Hard,Multiple Choice,في فيلم 'الإرهاب والكباب' (1992)، ما هي المعاملة الحكومية البسيطة التي كان يحاول أحمد فتحي (عادل إمام) إنجازها في مجمع التحرير قبل الأزمة؟,A) استخراج رخصة قيادة | B) تجديد جواز السفر | C) نقل قيد أبنائه لمدرسة بالقرب من المنزل | D) إعفاء ضريبي,C
494,Movies and Series,Hard,Multiple Choice,في فيلم 'الأرض' (1969) ليوسف شاهين، من هو عملاق التمثيل المصري الذي جسد شخصية الفلاح المكافح الصامد 'محمد أبو سويلم'؟,A) الشيخ يوسف | B) دياب | C) وصفي بيه | D) محمود المليجي,D
495,Movies and Series,Hard,Multiple Choice,في فيلم 'فول الصين العظيم' (2004)، ما هي المسابقة الدولية التي مثل فيها محيي الشرقاوي (محمد هنيدي) مصر بعد تدريبات الطهي بالصين؟,A) مسابقة الطهي الدولية للصين وطهاة العالم | B) دورة المقلاة الذهبية | C) كأس بكين للفنون القتالية | D) مسابقة تنين آسيا,A
496,Movies and Series,Hard,Multiple Choice,في الفيلم الكوميدي الكلاسيكي 'إشاعة حب' (1960)، من هو النجم الذي جسد شخصية الشاب الخجول حسين بتدريب من يوسف وهبي للفوز بقلب سعاد حسني؟,A) عبد الحليم حافظ | B) عمر الشريف | C) أحمد رمزي | D) رشدي أباظة,B
497,Movies and Series,Hard,Multiple Choice,في مسلسل الغموض والجريمة 'أهل كايرو' (2010)، من هي سيدة المجتمع والعروس الثرية التي قتلت غامضاً في ليلة زفافها وجسدتها رانيا يوسف؟,A) داليا | B) رانيا | C) صافي سليم | D) ميسون,C
498,Movies and Series,Hard,Typing,في المسلسل المصري 'رأفت الهجان'، من هو الفنان القدير الذي جسد شخصية ضابط المخابرات الموجه والمشرف 'محسن ممتاز'؟,,يوسف شعبان
499,Movies and Series,Hard,Multiple Choice,في الفيلم التاريخي الملحمي 'الناصر صلاح الدين' (1963) للمخرج يوسف شاهين، من هو النجم المصري القدير وفارس السينما الذي جسد شخصية صلاح الدين الأيوبي؟,A) فريد شوقي | B) محمود ياسين | C) رشدي أباظة | D) أحمد مظهر,D
500,Movies and Series,Easy,Multiple Choice,من هي النجمة المصرية الخالدة التي لُقبت بالإجماع بـ 'سيدة الشاشة العربية' وقدمت روائع كـ 'دعاء الكروان' و'إمبراطورية ميم' و'الحرام'؟,A) فاتن حمامة | B) سعاد حسني | C) شادية | D) هند رستم,A
