number,subject,difficulty,question_type,question,multiple_choices,answer
1,Cars,Easy,Multiple Choice,[⭐] [badge:mercedes_star] ما هي شركة السيارات الفاخرة الألمانية التي تشتهر عالمياً برمز النجمة الثلاثية هذا؟,A) ميرسيدي-بنز | B) بيمر | C) أودي | D) فولكسفاجن,A
2,Cars,Easy,Multiple Choice,[⭐] [badge:mercedes_star] ما هي علامة السيارات التي تصنع سيارة E-Class التنفيذية وS-Class الفاخرة تحت شعار النجمة الثلاثية هذا؟,B) بيمر | B) ميرسيدي-بنز | C) أودي | D) فولكسفاجن,B
3,Cars,Easy,Multiple Choice,[⭐] [badge:mercedes_star] أي شركة سيارات ترتدي هذا الشعار جنباً إلى جنب مع قسم AMG الشهير للأداء العالي؟,C) أودي | B) بيمر | C) ميرسيدي-بنز | D) فولكسفاجن,C
4,Cars,Easy,Multiple Choice,[🔘🔘🔘🔘] [badge:audi_twisted_rings] ما هي علامة السيارات الألمانية الشهيرة بنظام الدفع الرباعي 'كواترو' تحت هذا الشعار ذي الحلقات الأربع؟,D) بيمر | B) ميرسيدي-بنز | C) أوبل | D) أودي,D
5,Cars,Easy,Multiple Choice,[🔘🔘🔘🔘] [badge:audi_twisted_rings] ما هي علامة السيارات التي تصنع السيارة الخارقة R8 ذات المحرك الوسطي تحت هذا الشعار ذي الحلقات الأربع؟,A) أودي | B) بيمر | C) ميرسيدي-بنز | D) أوبل,A
6,Cars,Easy,Multiple Choice,[🔘🔘🔘🔘] [badge:audi_twisted_rings] ما هي شركة السيارات التي تصنع سيارة السوبر واجن الشهيرة RS6 Avant الحاملة لشعار الحلقات الأربع هذا؟,B) بيمر | B) أودي | C) ميرسيدي-بنز | D) أوبل,B
7,Cars,Easy,Multiple Choice,[⭕] [badge:toyota_ellipses] ما هي شركة صناعة السيارات اليابانية التي يتميز شعارها بثلاثة أشكال بيضاوية متداخلة تشكل حرف 'T'؟,C) هوندو | B) نيسون | C) تويوتو | D) مازدو,C
8,Cars,Easy,Multiple Choice,[⭕] [badge:toyota_ellipses] ما هي علامة السيارات التي تصنع سيارة الدفع الرباعي الأسطورية لاند كروزر تحت هذا الشعار البيضاوي الثلاثي؟,D) هوندو | B) نيسون | C) مازدو | D) تويوتو,D
9,Cars,Easy,Multiple Choice,[⭕] [badge:toyota_ellipses] ما هي شركة السيارات الرائدة التي أطلقت سيارة بريوس الهجينة الشهيرة عالمياً تحت هذا الشعار؟,A) تويوتو | B) هوندو | C) نيسون | D) مازدو,A
10,Cars,Easy,Multiple Choice,[🎗️] [badge:chevrolet_bowtie] ما هي علامة السيارات الأمريكية التي تستخدم شعار 'ربطة العنق' الذهبي المعدني الشهير هذا؟,B) فورد | B) شيفروليت | C) دوجي | D) بونتياك,B
11,Cars,Easy,Multiple Choice,[🎗️] [badge:chevrolet_bowtie] ما هي شركة السيارات التي تصنع سيارة كورفيت الرياضية الأسطورية تحت شعار ربطة العنق هذا؟,C) فورد | B) دوجي | C) شيفروليت | D) بونتياك,C
12,Cars,Easy,Multiple Choice,[🎗️] [badge:chevrolet_bowtie] ما هي شركة صناعة السيارات الأمريكية التي تصنع سيارة كمارو العضلية وشاحنة سيلفرادو تحت هذا الشعار؟,D) فورد | B) دوجي | C) بونتياك | D) شيفروليت,D
13,Cars,Easy,Multiple Choice,[⚡] [badge:tesla_t_plug] ما هي شركة السيارات الكهربائية الرائدة التي تشتهر بشعار حرف 'T' المميز هذا؟,A) تيسلا | B) ريفيان | C) لوسيد | D) بولستار,A
14,Cars,Easy,Multiple Choice,[⚡] [badge:tesla_t_plug] ما هي علامة السيارات التي تصنع السيارتين الكهربائيتين الأكثر مبيعاً موديل 3 وموديل Y تحت هذا الشعار؟,B) ريفيان | B) تيسلا | C) لوسيد | D) بولستار,B
15,Cars,Easy,Multiple Choice,[⚡] [badge:tesla_t_plug] ما هي شركة السيارات التي تدير شبكة شواحن 'سوبر تشارجر' السريعة عالمياً تحت شعار 'T' هذا؟,C) ريفيان | B) لوسيد | C) تيسلا | D) بولستار,C
16,Cars,Easy,Multiple Choice,[🛡️] [badge:porsche_crest] ما هي علامة السيارات الرياضية الألمانية من شتوتغارت التي تصنع سيارة 911 ذات المحرك الخلفي تحت هذا الشعار؟,D) بيمر | B) أودي | C) ميرسيدي-بنز | D) بورش,D
17,Cars,Easy,Multiple Choice,[🛡️] [badge:porsche_crest] ما هي شركة صناعة السيارات التي تنتج السيارتين الرياضيتين 718 كايمان وبوكستر ذات المحرك الوسطي تحت هذا الشعار؟,A) بورش | B) بيمر | C) أودي | D) ميرسيدي-بنز,A
18,Cars,Easy,Multiple Choice,[🛡️] [badge:porsche_crest] ما هي علامة السيارات الرياضية التي تصنع سيارة تايكان الرياضية الكهربائية بالكامل تحت شعار درع النبالة هذا؟,B) بيمر | B) بورش | C) أودي | D) ميرسيدي-بنز,B
19,Cars,Easy,Multiple Choice,[🐎] [badge:ferrari_rearing_horse] ما هي شركة السيارات الخارقة الإيطالية الشهيرة من مارانيلو التي تتميز برمز الحصان الجامح هذا؟,C) لامبورجيني | B) مازيراتي | C) فيراري | D) باجاني,C
20,Cars,Easy,Multiple Choice,[🐎] [badge:ferrari_rearing_horse] ما هي علامة السيارات الشهيرة بلونها الأحمر المميز في السباقات 'روسو كورسا' تحت شعار الحصان الجامح هذا؟,D) لامبورجيني | B) مازيراتي | C) باجاني | D) فيراري,D
21,Cars,Easy,Multiple Choice,[🐎] [badge:ferrari_rearing_horse] ما هي شركة السيارات الخارقة التي تنتج طرازات 458 إيطاليا و488 GTB وF8 تريبيوتو تحت رمز الحصان هذا؟,A) فيراري | B) لامبورجيني | C) مازيراتي | D) باجاني,A
22,Cars,Easy,Multiple Choice,[🐂] [badge:lamborghini_bull] ما هي شركة السيارات الخارقة الإيطالية التي تضع ثور المصارعة الذهبي الهائج على درع شعارها؟,B) فيراري | B) لامبورجيني | C) بوغاتي | D) مازيراتي,B
23,Cars,Easy,Multiple Choice,[🐂] [badge:lamborghini_bull] ما هي شركة السيارات التي تصنع سيارة هوراكان بمحرك V10 وسيارة أوروس SUV تحت رمز ثور المصارعة هذا؟,C) فيراري | B) بوغاتي | C) لامبورجيني | D) مازيراتي,C
24,Cars,Easy,Multiple Choice,[🐂] [badge:lamborghini_bull] ما هي العلامة التجارية التي تجهز سياراتها الخارقة الرائدة V12 بأبواب مقصية تفتح للأعلى تحت هذا الشعار؟,D) فيراري | B) بوغاتي | C) مازيراتي | D) لامبورجيني,D
25,Cars,Easy,Multiple Choice,[✨] [badge:subaru_pleiades_stars] ما هي علامة السيارات اليابانية التي تتميز بست نجوم فضية على خلفية بيضاوية زرقاء في هذا الشعار؟,A) سوبارو | B) ميتسوبيشي | C) تويوتو | D) سوزوكي,A
26,Cars,Easy,Multiple Choice,[✨] [badge:subaru_pleiades_stars] ما هي شركة السيارات المشهورة بنظام الدفع الرباعي المتماثل ومحركات 'بوكسر' الأفقية تحت هذا الشعار؟,B) ميتسوبيشي | B) سوبارو | C) تويوتو | D) سوزوكي,B
27,Cars,Easy,Multiple Choice,[✨] [badge:subaru_pleiades_stars] ما هي شركة السيارات التي تصنع سيارات أوتباك وفورستر وكروستريك المجهزة للمغامرات تحت هذا الشعار؟,C) ميتسوبيشي | B) تويوتو | C) سوبارو | D) سوزوكي,C
28,Cars,Easy,Multiple Choice,[🔵] [badge:ford_blue_oval] ما هي شركة صناعة السيارات الأمريكية التي أسسها هنري فورد عام 1903 وتشتهر بشعارها البيضاوي الأزرق؟,D) شيفروليت | B) دوجي | C) كاديلاك | D) فورد,D
29,Cars,Easy,Multiple Choice,[🔵] [badge:ford_blue_oval] ما هي علامة السيارات التي ابتكرت موستانج عام 1964 وتصنع شاحنة F-150 الأكثر مبيعاً تحت هذا الشعار الأزرق؟,A) فورد | B) شيفروليت | C) دوجي | D) كاديلاك,A
30,Cars,Easy,Multiple Choice,[🔵] [badge:ford_blue_oval] ما هي الشركة التي تصنع سيارة برونكو المخصصة للطرق الوعرة وسيارة إكسبلورر تحت هذا الشعار البيضاوي الكلاسيكي؟,B) شيفروليت | B) فورد | C) دوجي | D) كاديلاك,B
31,Cars,Easy,Multiple Choice,[🪽] [badge:aston_martin_wings] ما هي علامة السيارات الرياضية الفاخرة البريطانية الشهيرة في أفلام جيمس بوند والمعروفة بهذا الشعار المجنح؟,C) بنتلي | B) جاكوار | C) أستون-مارتن | D) ماكلارين,C
32,Cars,Easy,Multiple Choice,[🪽] [badge:aston_martin_wings] ما هي شركة السيارات التي تصنع سيارات فانتاج وDB11 وDB12 الرياضية الفاخرة الحاملة لهذا الشعار المجنح؟,D) بنتلي | B) جاكوار | C) ماكلارين | D) أستون-مارتن,D
33,Cars,Easy,Multiple Choice,[🪽] [badge:aston_martin_wings] ما هي شركة السيارات التي تنتج سيارة الدفع الرباعي فائقة الفخامة بقوة 707 أحصنة DBX707 تحت هذا الشعار المجنح؟,A) أستون-مارتن | B) بنتلي | C) جاكوار | D) ماكلارين,A
34,Cars,Easy,Multiple Choice,[⚔️] [badge:volvo_battleaxe] ما هي شركة صناعة السيارات السويدية المشهورة عالمياً بمعايير الأمان وتستخدم رمز دائرة الحديد وسهمها هذا؟,B) ساب | B) فولفو | C) كونيجسيج | D) بولستار,B
35,Cars,Easy,Multiple Choice,[⚔️] [badge:volvo_battleaxe] ما هي علامة السيارات التي تصنع سيارة XC90 العائلية الفاخرة وسيارة EX90 الكهربائية الرائدة تحت هذا الشعار؟,C) ساب | B) كونيجسيج | C) فولفو | D) بولستار,C
36,Cars,Easy,Multiple Choice,[⚔️] [badge:volvo_battleaxe] ما هي شركة السيارات التي تصنع سيارات XC60 وV60 كروس كانتري تحت شعار رمز الحديد التاريخي هذا؟,D) ساب | B) كونيجسيج | C) بولستار | D) فولفو,D
37,Cars,Easy,Multiple Choice,[🐆] [badge:jaguar_leaping] ما هي علامة السيارات الفاخرة البريطانية التي يرمز إليها بهذا الشعار لقط بري مفترس يقفز؟,A) جاكوار | B) بنتلي | C) أستون-مارتن | D) لاند-روفر,A
38,Cars,Easy,Multiple Choice,[🐆] [badge:jaguar_leaping] ما هي شركة السيارات التي تنتج السيارة الرياضية F-Type ذات المقعدين بمحرك سوبرتشارج تحت هذا الشعار؟,B) بنتلي | B) جاكوار | C) أستون-مارتن | D) لاند-روفر,B
39,Cars,Easy,Multiple Choice,[🐆] [badge:jaguar_leaping] ما هي شركة السيارات الفاخرة التي تصنع سيارة I-Pace الكهربائية بالكامل عالية الأداء تحت هذا الرمز؟,C) بنتلي | B) أستون-مارتن | C) جاكوار | D) لاند-روفر,C
40,Cars,Easy,Multiple Choice,[🎧] [badge:honda_headphones] ما هي علامة السيارات اليابانية المعروفة بطراز سيفيك وتقنية VTEC عالية الدوران وتستخدم حرف 'H' المعدني هذا؟,D) تويوتو | B) نيسون | C) مازدو | D) هوندو,D
41,Cars,Easy,Multiple Choice,[🎧] [badge:honda_headphones] ما هي شركة السيارات التي تصنع سيارة أكورد السيدان الأكثر مبيعاً وسيارة CR-V العائلية تحت هذا الشعار؟,A) هوندو | B) تويوتو | C) نيسون | D) مازدو,A
42,Cars,Easy,Multiple Choice,[🎧] [badge:honda_headphones] ما هي شركة السيارات التي تصنع أيقونة الهوت هاتش Civic Type R بشعار 'H' أحمر ومحرك توربيني قوي؟,B) تويوتو | B) هوندو | C) نيسون | D) مازدو,B
43,Cars,Easy,Multiple Choice,[🤝] [badge:hyundai_italic_h] ما هي شركة صناعة السيارات الكورية الجنوبية التي يتميز شعارها بحرف 'H' مائل داخل شكل بيضاوي؟,C) كيا | B) دايو | C) هيونداي | D) جينيسيس,C
44,Cars,Easy,Multiple Choice,[🤝] [badge:hyundai_italic_h] ما هي علامة السيارات التي تصنع سيارات توسان وسانتا في العائلية الحاملة لشعار 'H' المائل هذا؟,D) كيا | B) دايو | C) جينيسيس | D) هيونداي,D
45,Cars,Easy,Multiple Choice,[🤝] [badge:hyundai_italic_h] ما هي شركة السيارات التي تصنع سيارة أيونيك 5 الكهربائية بتصميم بيكسل مميز تحت هذا الشعار؟,A) هيونداي | B) كيا | C) دايو | D) جينيسيس,A
46,Cars,Easy,Multiple Choice,[🛑] [badge:nissan_circle_bar] ما هي العلامة اليابانية التي تصنع الأسطورة GT-R 'جودزيلا' وتستخدم هذا الشعار الدائري ذي الشريط الأفقي؟,B) تويوتو | B) نيسون | C) هوندو | D) مازدو,B
47,Cars,Easy,Multiple Choice,[🛑] [badge:nissan_circle_bar] ما هي شركة السيارات التي تصنع السيارة الرياضية Z الشهيرة (350Z و370Z ونيسان Z) الحاملة لهذا الشعار؟,C) تويوتو | B) هوندو | C) نيسون | D) مازدو,C
48,Cars,Easy,Multiple Choice,[🛑] [badge:nissan_circle_bar] ما هي شركة السيارات التي أنتجت سيارة ليف الهاتشباك الكهربائية الرائدة عالمياً تحت هذا الشعار الدائري؟,D) تويوتو | B) هوندو | C) مازدو | D) نيسون,D
49,Cars,Easy,Multiple Choice,[🪽] [badge:bentley_wings] ما هي العلامة التجارية البريطانية فائقة الفخامة التي تصنع كونتيننتال GT تحت هذا الشعار المجنح الذي يحمل حرف 'B'؟,A) بنتلي | B) رولز-رويس | C) أستون-مارتن | D) جاكوار,A
50,Cars,Easy,Multiple Choice,[🪽] [badge:bentley_wings] ما هي شركة السيارات الفاخرة التي تصنع سيارة بنتايجا SUV وسيارة فلاينج سبير الليموزين تحت هذا الشعار المجنح؟,B) رولز-رويس | B) بنتلي | C) أستون-مارتن | D) جاكوار,B
51,Cars,Easy,Multiple Choice,[🪽] [badge:bentley_wings] ما هي شركة السيارات فائقة الفخامة التي تزين مقدمة سياراتها بمجسم تميمة 'Flying B' القابل للسحب آلياً؟,C) رولز-رويس | B) أستون-مارتن | C) بنتلي | D) جاكوار,C
52,Cars,Easy,Multiple Choice,[🐏] [badge:ram_head] ما هي علامة الشاحنات الأمريكية التي تستخدم رأس كبش الجبال وقرونه البارزة كشعار مميز لها؟,D) فورد | B) شيفروليت | C) جي-ام-سي | D) رام,D
53,Cars,Easy,Multiple Choice,[🐏] [badge:ram_head] ما هي شركة الشاحنات التي تنتج شاحنات البيك أب الشهيرة 1500 و2500 و3500 الحاملة لشعار رأس الكبش هذا؟,A) رام | B) فورد | C) شيفروليت | D) جي-ام-سي,A
54,Cars,Easy,Multiple Choice,[🐏] [badge:ram_head] ما هي العلامة التي انفصلت عن دوج في عام 2010 لتصبح شركة شاحنات تجارية مستقلة بهذا الشعار؟,B) فورد | B) رام | C) شيفروليت | D) جي-ام-سي,B
55,Cars,Easy,Multiple Choice,[📐] [badge:acura_caliper] ما هي العلامة الفاخرة اليابانية التي تستخدم شعار أداة الفرجار الدقيقة الشبيه بحرف 'A'؟,C) لكزس | B) إنفينيتي | C) أكيورا | D) جينيسيس,C
56,Cars,Easy,Multiple Choice,[📐] [badge:acura_caliper] ما هي العلامة التي تمثل القسم الفاخر وعالي الأداء لشركة هوندا والمطلق في أمريكا الشمالية عام 1986 تحت هذا الشعار؟,D) لكزس | B) إنفينيتي | C) جينيسيس | D) أكيورا,D
57,Cars,Easy,Multiple Choice,[📐] [badge:acura_caliper] ما هي شركة السيارات الفاخرة التي تصنع سيارة MDX العائلية الفاخرة وسيارة RDX كروس أوفر تحت هذا الشعار؟,A) أكيورا | B) لكزس | C) إنفينيتي | D) جينيسيس,A
58,Cars,Easy,Multiple Choice,[🛡️🛡️🛡️] [badge:buick_tri_shield] ما هو قسم شركة جنرال موتورز الأمريكية الذي يتميز بشعار الدروع الثلاثية الدائري هذا؟,B) كاديلاك | B) بيويك | C) شيفروليت | D) بونتياك,B
59,Cars,Easy,Multiple Choice,[🛡️🛡️🛡️] [badge:buick_tri_shield] ما هي العلامة التاريخية المؤسسة عام 1899 والتي تعد أقدم صانع سيارات نشط في أمريكا تحت هذا الشعار؟,C) كاديلاك | B) شيفروليت | C) بيويك | D) بونتياك,C
60,Cars,Easy,Multiple Choice,[🛡️🛡️🛡️] [badge:buick_tri_shield] ما هي علامة GM الفاخرة التي تصنع سيارات الكروس أوفر الشهيرة إنكليف وإنكور GX تحت شعار الدروع الثلاثة؟,D) كاديلاك | B) شيفروليت | C) بونتياك | D) بيويك,D
61,Cars,Easy,Multiple Choice,[👑] [badge:rolls_royce_intertwined_rr] ما هي علامة صناعة السيارات البريطانية فائقة الفخامة التي يرمز إليها بحرفي 'RR' المتداخلين؟,A) رولز-رويس | B) بنتلي | C) مايباخ | D) أستون-مارتن,A
62,Cars,Easy,Multiple Choice,[👑] [badge:rolls_royce_intertwined_rr] ما هي شركة السيارات الفاخرة التي تصنع ليموزين فانتوم وجوست الرائدتين المزينتين بشعار RR المتداخل؟,B) بنتلي | B) رولز-رويس | C) مايباخ | D) أستون-مارتن,B
63,Cars,Easy,Multiple Choice,[👑] [badge:rolls_royce_intertwined_rr] ما هي العلامة التي تجهز سياراتها الفاخرة بمظلات مدمجة كاملة الحجم داخل إطارات الأبواب بجانب هذا الشعار؟,C) بنتلي | B) مايباخ | C) رولز-رويس | D) أستون-مارتن,C
64,Cars,Easy,Multiple Choice,[🪽] [badge:genesis_wings] ما هي علامة السيارات الفاخرة الكورية الجنوبية التي تشتهر بهذا الشعار المجنح مع درع مركزي داكن؟,D) لكزس | B) إنفينيتي | C) أكيورا | D) جينيسيس,D
65,Cars,Easy,Multiple Choice,[🪽] [badge:genesis_wings] ما هي العلامة التي تم تأسيسها عام 2015 كقسم فاخر مستقل لمجموعة هيونداي موتور تحت هذا الشعار؟,A) جينيسيس | B) لكزس | C) إنفينيتي | D) أكيورا,A
66,Cars,Easy,Multiple Choice,[🪽] [badge:genesis_wings] ما هي شركة السيارات الفاخرة التي تصنع سيارات GV70 وGV80 وسيدان G80 التنفيذية تحت هذا الشعار المجنح؟,B) لكزس | B) جينيسيس | C) إنفينيتي | D) أكيورا,B
67,Cars,Easy,Multiple Choice,[🔘] [badge:volkswagen_steampunk] ما هي شركة السيارات الألمانية الشهيرة الممثلة بشعار حرفي 'V' فوق 'W' الكلاسيكي داخل دائرة؟,C) بيمر | B) أوبل | C) فولكسفاجن | D) أودي,C
68,Cars,Easy,Multiple Choice,[🔘] [badge:volkswagen_steampunk] ما هي علامة السيارات التي صنعت سيارة بيتل الأسطورية ذات التبريد الهوائي والمحرك الخلفي تحت هذا الشعار؟,D) بيمر | B) أوبل | C) أودي | D) فولكسفاجن,D
69,Cars,Easy,Multiple Choice,[🔘] [badge:volkswagen_steampunk] ما هي شركة السيارات التي تصنع سيارة جولف الهاتشباك وتيجوان كروس أوفر الحاملة لشعار 'VW' الشهير هذا؟,A) فولكسفاجن | B) بيمر | C) أوبل | D) أودي,A
70,Cars,Easy,Multiple Choice,[⚙️] [badge:volkswagen_winged] ما هي مجموعة السيارات الألمانية التي تصنع سيارة ID.4 الكهربائية الحديثة تحت هذا الشعار المجنح الانسيابي؟,B) بيمر-إيرو | B) فولكسفاجن-إيرو | C) أودي-سبورت | D) أوبل-بليتز,B
71,Cars,Easy,Multiple Choice,[⚙️] [badge:volkswagen_winged] ما هي علامة السيارات التي أطلقت حافلة ID. Buzz الكهربائية ذات الطابع الكلاسيكي تحت هذا الشعار المجنح الحديث؟,C) بيمر-إيرو | B) أودي-سبورت | C) فولكسفاجن-إيرو | D) أوبل-بليتز,C
72,Cars,Easy,Multiple Choice,[⚙️] [badge:volkswagen_winged] ما هي شركة السيارات التي تصنع سيارة جولف R عالية الأداء بقوة 315 حصاناً ونظام الدفع الكلي تحت هذا الشعار؟,D) بيمر-إيرو | B) أودي-سبورت | C) أوبل-بليتز | D) فولكسفاجن-إيرو,D
73,Cars,Easy,Multiple Choice,[🕊️] [badge:mazda_winged_hourglass] ما هي شركة صناعة السيارات اليابانية التي يتميز شعارها بأجنحة محلقة انسيابية داخل شكل بيضاوي؟,A) مازدو | B) تويوتو | C) نيسون | D) سوبارو,A
74,Cars,Easy,Multiple Choice,[🕊️] [badge:mazda_winged_hourglass] ما هي علامة السيارات التي تصنع MX-5 مياتا، السيارة الرياضية المكشوفة ذات المقعدين الأكثر مبيعاً في التاريخ؟,B) تويوتو | B) مازدو | C) نيسون | D) سوبارو,B
75,Cars,Easy,Multiple Choice,[🕊️] [badge:mazda_winged_hourglass] ما هي شركة السيارات التي تصنع سيارات الكروس أوفر CX-5 وCX-50 وCX-90 الحاملة لهذا الشعار المجنح؟,C) تويوتو | B) نيسون | C) مازدو | D) سوبارو,C
76,Cars,Easy,Multiple Choice,[⚡] [badge:lightning_circle_emblem] ما هي شركة صناعة السيارات الألمانية التي تستخدم صاعقة البرق الأفقية داخل دائرة كشعار رسمي لها؟,D) فولكسفاجن | B) بيمر | C) أودي | D) أوبل,D
77,Cars,Easy,Multiple Choice,[⚡] [badge:lightning_circle_emblem] ما هي علامة السيارات التي باعت طرازات أسترا وكورسا في أوروبا تحت شعار البرق هذا جنباً إلى جنب مع فوكسهول؟,A) أوبل | B) فولكسفاجن | C) بيمر | D) أودي,A
78,Cars,Easy,Multiple Choice,[⚡] [badge:lightning_circle_emblem] ما هي شركة السيارات الأوروبية الواقعة في روسلسهايم والتابعة لمجموعة ستيلانتس وتستخدم شعار صاعقة البرق؟,B) فولكسفاجن | B) أوبل | C) بيمر | D) أودي,B
79,Cars,Easy,Multiple Choice,[🎼] [badge:treble_clef_emblem] ما هي العلامة المفاهيمية للسيارات التي تتميز برمز المفتاح الموسيقي الصوتي الذي يمثل سيمفونية العادم؟,C) سوناتا-أوتو | B) كادينس-كارز | C) ميلودي-موتورز | D) هارموني-أوتو,C
80,Cars,Easy,Multiple Choice,[🎼] [badge:treble_clef_emblem] أي مفهوم سيارة رياضية فاخرة يرمز إليه بمفتاح 'صل' الموسيقي احتفاءً بالنغمات الصوتية للمحرك؟,D) سوناتا-أوتو | B) كادينس-كارز | C) هارموني-أوتو | D) ميلودي-موتورز,D
81,Cars,Easy,Multiple Choice,[🎼] [badge:treble_clef_emblem] ما هي دار تصميم السيارات التي تستخدم هذا المفتاح الموسيقي لتمثيل هندسة العوادم الصوتية النقية؟,A) ميلودي-موتورز | B) سوناتا-أوتو | C) كادينس-كارز | D) هارموني-أوتو,A
82,Cars,Easy,Multiple Choice,[🚘] [badge:kia_oval] ما هي الدولة الآسيوية التي تعتبر الموطن الأصلي لشركة السيارات الظاهرة في هذا الشعار؟,B) اليابان | B) كوريا الجنوبية | C) ألمانيا | D) الولايات المتحدة,B
83,Cars,Easy,Multiple Choice,[🚘] [badge:kia_oval] ما هي المجموعة العملاقة لصناعة السيارات التي تمتلك هذه العلامة التجارية وتتشارك معها المنصات والمحركات؟,C) مجموعة تويوتا | B) شركة هوندا موتور | C) مجموعة هيونداي موتور | D) تحالف نيسان,C
84,Cars,Easy,Multiple Choice,[🚘] [badge:kia_oval] ما هي سيارة الدفع الرباعي العائلية ذات الصفوف الثلاثة التي فازت بجائزة سيارة العام العالمية 2020 تحت هذه العلامة؟,D) سورينتو | B) سبورتاج | C) كارنيفال | D) تيلورايد,D
85,Cars,Easy,Multiple Choice,[🛻] [badge:gmc_block_letters] ما هي المجموعة الأمريكية العملاقة لصناعة السيارات التي تمتلك وتصنع علامة الشاحنات وسيارات الدفع الرباعي هذه؟,A) جنرال-موتورز | B) شركة فورد للسيارات | C) ستيلانتس | D) تيسلا موتورز,A
86,Cars,Easy,Multiple Choice,[🛻] [badge:gmc_block_letters] ما هو فئة التجهيز الفاخرة الرائدة التي تتميز بالجلد الفاخر والكروم وتعد حصرية لشاحنات هذه العلامة؟,B) هاي كانتري | B) دينالي | C) كينج رانش | D) ليميتد,B
87,Cars,Easy,Multiple Choice,[🛻] [badge:gmc_block_letters] ما هي سيارة الدفع الرباعي الفاخرة كبيرة الحجم التي تتشارك منصتها مع شيفروليه تاهو وتحمل هذا الشعار؟,C) سوبربان | B) إسكاليد | C) يوكون | D) إكسبيديشن,C
88,Cars,Easy,Multiple Choice,[🚙] [badge:jeep_letters] ما هو تصميم الشبك الأمامي الأيقوني الذي تشتهر به هذه العلامة التجارية للطرق الوعرة بجانب اسمها؟,D) شبك قرص العسل | B) شريط أفقي منقسم | C) شبك سداسي كبير | D) شبك أمامي عمودي من سبع فتحات,D
89,Cars,Easy,Multiple Choice,[🚙] [badge:jeep_letters] ما هي مركبة الاستطلاع العسكرية التاريخية لعام 1941 المصنوعة للجيش الأمريكي والتي ولدت منها هذه العلامة؟,A) ويليس MB | B) دوج باور واجن | C) هامفي | D) فورد GPW,A
90,Cars,Easy,Multiple Choice,[🚙] [badge:jeep_letters] ما هي سيارة الطرق الوعرة ذات الأبواب القابلة للإزالة والمحاور الصلبة التي تعد الأيقونة التاريخية لهذه العلامة؟,B) شيروكي | B) رانجلر | C) كومباس | D) رينيجيد,B
91,Cars,Easy,Typing,في [تقنيات ومحركات السيارات]، ما هو الاختصار المكون من 3 أحرف لوحدة التحكم الإلكترونية في المحرك (كمبيوتر السيارة)؟,,ECU
92,Cars,Easy,Typing,في [تقنيات ومحركات السيارات]، ما هي الكلمة الإنجليزية المكونة من 5 أحرف التي تطلق على صندوق الأمتعة الموجود أسفل الغطاء الأمامي للسيارة الكهربائية (fr...nk)؟,,frunk
93,Cars,Easy,Typing,في [تقنيات ومحركات السيارات]، ما هو الاختصار المكون من 4 أحرف لنظام مراقبة ضغط الهواء في إطارات السيارة؟,,TPMS
94,Cars,Easy,Typing,في [تقنيات ومحركات السيارات]، ما هو الاختصار المكون من 3 أحرف لشاشة العرض الشفافة على الزجاج الأمامي أمام السائق؟,,HUD
95,Cars,Easy,Typing,في [تقنيات ومحركات السيارات]، ما هو الاختصار المكون من حرفين الذي يرمز إلى فئة السيارات الكهربائية بالكامل؟,,EV
96,Cars,Easy,Typing,في [تقنيات ومحركات السيارات]، ما هو الاختصار المكون من 4 أحرف للسيارات الهجينة القابلة للشحن بالقابس الكهربائي (P...)?,,PHEV
97,Cars,Easy,Typing,في [تقنيات ومحركات السيارات]، ما هو الاختصار المكون من 3 أحرف لنظام التحكم الإلكتروني بالثبات ومنع الانزلاق (E...)?,,ESP
98,Cars,Easy,Typing,في [رياضة المحركات وفورمولا 1]، ما هو سباق التحمل الشهير لمدة 24 ساعة الذي يقام في حلبة دي لا سارث في فرنسا (سباق لومان ...)?,,Le Mans
99,Cars,Easy,Typing,في [رياضة المحركات وفورمولا 1]، ما هو شريط التيتانيوم المنحني لحماية رأس السائق في قمرة القيادة الذي اعتمد عام 2018 (الهالو ...)?,,Halo
100,Cars,Easy,Typing,في [رياضة المحركات وفورمولا 1]، ما هي الكلمة الإنجليزية لمركز الانطلاق الأول الذي يحصل عليه أسرع سائق في التجارب التأهيلية (بول ...)?,,position
101,Cars,Easy,Typing,في [رياضة المحركات وفورمولا 1]، ما هو الاختصار المكون من 3 أحرف لبطولة العالم للراليات التابعة للاتحاد الدولي للسيارات (W...)؟,,WRC
102,Cars,Easy,Typing,في [رياضة المحركات وفورمولا 1]، ما هي الكلمة الإنجليزية لوقفة الصيانة السريعة لتغيير الإطارات في ثوانٍ معدودة (بيتب...)؟,,pitstop
103,Cars,Easy,Typing,في [رياضة المحركات وفورمولا 1]، ما هو رقم المسافة بالأميال لأشهر سباق سيارات أمريكي يقام في إنديانابوليس (إندي ...)؟,,500
104,Cars,Easy,Typing,في [رياضة المحركات وفورمولا 1]، ما هو لون العلم التحذيري الذي يلوح به الحكام لتنبيه السائقين لوجود خطر أو حادث على المسار؟,,أصفر
105,Cars,Easy,Typing,في [رياضة المحركات والسباقات]، ما هو الاختصار المكون من 3 أحرف لنظام تقليل الجر وفتح الجناح الخلفي للتجاوز في فورمولا 1؟,,DRS
106,Cars,Easy,Typing,في [رياضة المحركات والسباقات]، ما هو طوق التيتانيوم الواقي فوق قمرة القيادة في سيارات المقعد الأحادي (الهالو)؟,,Halo
107,Cars,Easy,Typing,في [رياضة المحركات والسباقات]، ما هو الاختصار المكون من 4 أحرف لدعامة الرأس والعنق لحماية السائق من الصدمات (H...)؟,,HANS
108,Cars,Easy,Typing,في [رياضة المحركات والسباقات]، ما هو اسم أشهر سباق تحمل للسيارات يستمر لمدة 24 ساعة متواصلة في فرنسا؟,,Le Mans
109,Cars,Easy,Typing,في [رياضة المحركات والسباقات]، ما هو اسم سباق صعود الهضبة الشهير في جبال كولورادو الأمريكية (بايكس ...)؟,,Pikes Peak
110,Cars,Easy,Typing,في [رياضة المحركات والسباقات]، من هو السائق الياباني الأسطوري الملقب بـ 'ملك الدريفت'؟,,Keiichi Tsuchiya
111,Cars,Easy,Typing,في [رياضة المحركات والسباقات]، من هو السائق الاستعراضي الأمريكي الراحل الشهير بسلسلة فيديوهات 'جيمكانا' الخارقة؟,,Ken Block
112,Cars,Easy,Typing,في [أيقونات وطرازات السيارات]، ما هو الرقم المكون من 3 أرقام لطراز بورشه الأيقوني ذي المحرك الخلفي؟,,911
113,Cars,Easy,Typing,في [أيقونات وطرازات السيارات]، ما هو اسم السيارة الرياضية الأيقونية الشهيرة التي أطلقتها شيفروليه لأول مرة عام 1953؟,,Corvette
114,Cars,Easy,Typing,في [أيقونات وطرازات السيارات]، ما هو اسم سيارة فيراري الخارقة ثنائية التوربو التي أطلقت عام 1987 بمناسبة الذكرى الأربعين؟,,F40
115,Cars,Easy,Typing,في [أيقونات وطرازات السيارات]، ما هو الرمز المكون من 3 أحرف لسيارة نيسان الرياضية الخارقة الملقبة بـ 'جودزيلا'؟,,GTR
116,Cars,Easy,Typing,في [أيقونات وطرازات السيارات]، ما هو اسم الهايبركار الهجينة الخارقة التي أنتجتها ماكلارين عام 2013 بقوة 903 أحصنة؟,,P1
117,Cars,Easy,Typing,في [أيقونات وطرازات السيارات]، ما هو رقم الطراز لسيارة بورشه الهايبركار الهجينة ذات الدفع الكلي بمحرك V8 سعة 4.6 لتر؟,,918 Spyder
118,Cars,Easy,Typing,في [أيقونات وطرازات السيارات]، ما هو الرمز المكون من 3 أحرف لنسخة الأداء العالي الأيقونية من فولكسفاجن جولف الهاتشباك؟,,GTI
119,Cars,Easy,Typing,في [ميكانيكا ومحركات السيارات]، ما هو الاختصار المكون من 3 أحرف لنظام المكابح المانعة للانغلاق؟,,ABS
120,Cars,Easy,Typing,في [ميكانيكا ومحركات السيارات]، ما هو الاختصار المكون من 3 أحرف لمقياس دورات المحرك في الدقيقة؟,,RPM
121,Cars,Easy,Typing,في [ميكانيكا ومحركات السيارات]، ما هو المبرد الميكانيكي الذي يبرد الهواء المضغوط الساخن الخارج من التوربو قبل دخوله للمحرك؟,,intercooler
122,Cars,Easy,Typing,في [ميكانيكا ومحركات السيارات]، ما هو السائل الهيدروليكي المستخدم لنقل ضغط دواسة الفرامل إلى كليبرات العجلات؟,,سائل الفرامل
123,Cars,Easy,Typing,في [ميكانيكا ومحركات السيارات]، ما هو اسم المهندس الألماني الذي اخترع المحرك الدوار بدون بساتم تقليدية؟,,Wankel
124,Cars,Easy,Typing,في [ميكانيكا ومحركات السيارات]، ما هو الاختصار المكون من 3 أحرف لناقل الحركة ذي التغيير المستمر بدون تروس ثابتة؟,,CVT
125,Cars,Easy,Typing,في [ميكانيكا ومحركات السيارات]، ما هو التجويف الأسطواني داخل كتلة المحرك الذي يتحرك بداخله المكبس صعوداً وهبوطاً؟,,الأسطوانة
126,Cars,Easy,Multiple Choice,في [تقنيات ومحركات السيارات]، ما هو العنصر الكيميائي الأساسي المستخدم في تصنيع بطاريات السيارات الكهربائية الحديثة؟,A) الرصاص | B) النيكل | C) الليثيوم | D) الزنك,C
127,Cars,Easy,Multiple Choice,في [تقنيات ومحركات السيارات]، ما هي العملية التي تستغل التباطؤ في السيارات الكهربائية لشحن البطارية واستعادة الطاقة؟,A) المكابح الهيدروليكية | B) مكابح الاحتكاك | C) التبريد الهوائي | D) الكبح المتجدد,D
128,Cars,Easy,Multiple Choice,في [تقنيات ومحركات السيارات]، ما هو الاسم الشائع لصندوق الأمتعة الإضافي الموجود في مقدمة السيارة الكهربائية بدلاً من المحرك؟,A) الفرانك | B) درج القفازات | C) الرف الخلفي | D) الكونسول,A
129,Cars,Easy,Multiple Choice,في [تقنيات ومحركات السيارات]، كم عدد الأسطوانات الموجودة في محرك السيارة المصنف كـ V8؟,A) 4 | B) 8 | C) 6 | D) 10,B
130,Cars,Easy,Multiple Choice,في [تقنيات ومحركات السيارات]، ما هو جهاز السحب القسري الذي يستغل غازات العادم لضغط الهواء داخل غرف الاحتراق؟,A) المولد (الدينامو) | B) السوبرتشارجر | C) التوربوشارجر (التوربو) | D) المبرد,C
131,Cars,Easy,Multiple Choice,في [تقنيات ومحركات السيارات]، ما هو الجهاز الكهربائي الذي يشحن بطارية السيارة الـ 12 فولت أثناء عمل محرك الوقود؟,A) محرك السلف | B) الكربراتير | C) دبة التلوث | D) المولد,D
132,Cars,Easy,Multiple Choice,في [تقنيات ومحركات السيارات]، ما هو المكون في نظام العادم الذي يحول الغازات السامة إلى انبعاثات أقل ضرراً؟,A) المحول الحفاز | B) كتم الصوت | C) مجمع العادم | D) المشعب,A
133,Cars,Easy,Multiple Choice,في [تقنيات ومحركات السيارات]، ما هي المجموعة الميكانيكية الترسية التي تسمح للعجلات الخارجية بالدوران أسرع من الداخلية عند المنعطفات؟,A) الحذافة | B) الترس التفاضلي | C) الكلتش | D) عمود الكامات,B
134,Cars,Easy,Multiple Choice,في [تقنيات ومحركات السيارات]، ما هو المكون الأساسي في نظام التبريد الذي يمرر سائل التبريد عبر زعانف هوائية لتبريده؟,A) المكثف | B) الدينامو | C) الرادياتير | D) الكارتر,C
135,Cars,Easy,Multiple Choice,في [تقنيات ومحركات السيارات]، ما هو العمود الدوار الذي يحول الحركة الخطية للبساتم صعوداً وهبوطاً إلى حركة دورانية؟,A) عمود الكامات | B) عمود الدوران (الدرايف شافت) | C) العكس | D) عمود الكرنك (عمود المرفق),D
136,Cars,Easy,Multiple Choice,في [تقنيات ومحركات السيارات]، إلى ماذا يشير الاختصار AWD في أنظمة قيادة السيارات؟,A) الدفع الكلي بجميع العجلات | B) الدفع الأوتوماتيكي | C) التوجيه المساعد | D) المكابح الذاتية,A
137,Cars,Easy,Multiple Choice,في [تقنيات ومحركات السيارات]، إلى ماذا يشير الاختصار FWD في السيارات؟,A) الدفع السريع | B) نظام الدفع بالعجلات الأمامية | C) الدفع الرباعي | D) التوجيه الأمامي,B
138,Cars,Easy,Multiple Choice,في [تقنيات ومحركات السيارات]، إلى ماذا يشير الاختصار RWD في السيارات الرياضية والكلاسيكية؟,A) ديناميكية العجلات | B) الإطارات الشعاعية | C) نظام الدفع بالعجلات الخلفية | D) الدفع المتوازن,C
139,Cars,Easy,Multiple Choice,في [تقنيات ومحركات السيارات]، أي نوع من المحركات التالية لا يحتوي إطلاقاً على بساتم أو أسطوانات أو شمعات احتراق؟,A) المحرك الدوار (وانكل) | B) المحرك الهجين | C) محرك الديزل | D) المحرك الكهربائي (Electric Motor),D
140,Cars,Easy,Multiple Choice,في [تقنيات ومحركات السيارات]، ماذا يعني اختصار RPM في لوحة عدادات السيارة؟,A) عدد دورات المحرك في الدقيقة | B) ضغط الرادياتير | C) عزم الفرامل | D) سرعة الميل,A
141,Cars,Easy,Multiple Choice,في [تقنيات ومحركات السيارات]، ما هو نظام السلامة النشط الذي يحافظ تلقائياً على مسافة أمان ثابتة مع السيارة التي في الأمام؟,A) مراقبة النقطة العمياء | B) مثبت السرعة التكيفي | C) مانع الانغلاق | D) حساس الضوء,B
142,Cars,Easy,Multiple Choice,في [تقنيات ومحركات السيارات]، ما هو النظام الذي يعرض بيانات القيادة والسرعة بشكل شفاف على الزجاج الأمامي؟,A) العداد الرقمي | B) شاشة الترفيه | C) شاشة العرض على الزجاج | D) شاشة المرآة,C
143,Cars,Easy,Multiple Choice,في [تقنيات ومحركات السيارات]، ما هو نظام الحساسات الذي يحذر السائق فور انخفاض ضغط الهواء في أحد الإطارات؟,A) ABS | B) ESC | C) ECU | D) نظام مراقبة ضغط الإطارات,D
144,Cars,Easy,Multiple Choice,في [سيارات الأفلام وثقافة السيارات]، ما هي السيارة المصنوعة من الفولاذ غير القابل للصدأ ذات الأبواب المجنحة في فيلم 'Back to the Future'؟,A) ديلوريان DMC-12 | B) بريكلين SV-1 | C) فيكتور W8 | D) لوتس إسبريت,A
145,Cars,Easy,Multiple Choice,في [سيارات الأفلام وثقافة السيارات]، ما هو الاسم الشهير لسيارة دوج تشارجر البرتقالية لعام 1969 في مسلسل 'The Dukes of Hazzard'؟,A) بانديت | B) الجنرال لي | C) إليانور | D) كريستين,B
146,Cars,Easy,Multiple Choice,في [سيارات الأفلام وثقافة السيارات]، ما هو اسم سيارة بونتياك ترانس آم السوداء الذكية والناطقة في مسلسل الثمانينيات 'Knight Rider'؟,A) هال 9000 | B) جارفيس | C) كيت | D) أوبتيموس,C
147,Cars,Easy,Multiple Choice,في [سيارات الأفلام وثقافة السيارات]، ما هو اسم سيارة فولكسفاجن بيتل البيضاء الحاملة للرقم 53 في أفلام ديزني الكلاسيكية؟,A) شيتي شيتي | B) لايتنينج | C) بامبلبي | D) هيربي,D
148,Cars,Easy,Multiple Choice,في [سيارات الأفلام وثقافة السيارات]، ما هو اسم شخصية الأوتوبوت الصفراء الشهيرة التي تتحول إلى سيارة شيفروليه كمارو في سلسلة 'Transformers'؟,A) بامبلبي | B) آيرونهايد | C) ستارسكريم | D) راتشيت,A
149,Cars,Easy,Multiple Choice,في [سيارات الأفلام وثقافة السيارات]، أي عميل سري بريطاني شهير ارتبطت أفلامه بقيادة سيارات أستون مارتن الرياضية الفاخرة المزودة بالأسلحة؟,A) إيثان هانت | B) جيمس بوند | C) جيسون بورن | D) جون ويك,B
150,Cars,Easy,Multiple Choice,في [تقنيات ومحركات السيارات]، ماذا تعني ميزة 'القيادة بدواسة واحدة' (One-Pedal Driving) في السيارات الكهربائية الحديثة؟,A) تعطيل الفرامل تماماً | B) تثبيت السرعة أوتوماتيكياً | C) إمكانية التسارع والتباطؤ حتى التوقف التام فقط بالضغط على دواسة الوقود ورفع القدم عنها | D) التبديل باليدين,C
151,Cars,Easy,Multiple Choice,في [تقنيات ومحركات السيارات]، ما هي الهياكل المصممة هندسياً في مقدمة وخلفية هيكل السيارة لتتشوه وتمتص طاقة الاصطدام قبل وصولها للركاب؟,A) قفص التدحرج | B) دعامة الشاسيه | C) صفائح الحماية السفلية | D) مناطق الامتصاص والتفتت,D
152,Cars,Easy,Multiple Choice,في [تقنيات ومحركات السيارات]، ما هو المصطلح الذي يصف قلق السائق النفسي من نفاد شحن بطارية السيارة الكهربائية قبل الوصول؟,A) قلق المدى | B) رعب الفولتية | C) فوبيا الشحن | D) فوبيا التوقف,A
153,Cars,Easy,Multiple Choice,في [تقنيات ومحركات السيارات]، ما هو التصميم الهيكلي المسطح الذي توضع فيه بطاريات السيارة الكهربائية بين المحاور أسفل الأرضية كلوح التزلج؟,A) الهيكل الفقري | B) منصة لوح التزلج | C) الهيكل الأنبوبي | D) شاسيه السلم,B
154,Cars,Easy,Multiple Choice,في [تقنيات ومحركات السيارات]، ما هي الميزة الرئيسية الفورية للمحركات الكهربائية مقارنة بمحركات الاحتراق الداخلي عند الانطلاق؟,A) لا تستهلك أي طاقة | B) تصدر صوتاً صاخباً | C) توفير عزم دوران أقصى فوري بنسبة 100% من الصفر دون تأخير | D) خفة الوزن الهائلة,C
155,Cars,Easy,Multiple Choice,في [تقنيات ومحركات السيارات]، ما هي وحدة القياس المعيارية المستخدمة للتعبير عن سعة حزمة بطاريات السيارات الكهربائية؟,A) الحصان الميكانيكي | B) الأمبير | C) اللتر | D) كيلوواط/ساعة,D
156,Cars,Easy,Multiple Choice,في [تقنيات ومحركات السيارات]، ماذا تعني ميزة التحديث عبر الهواء (OTA Updates) في السيارات الذكية الحديثة؟,A) تحديث برمجيات السيارة والميزات لاسلكياً عبر الإنترنت مثل الهواتف الذكية | B) إعادة ضبط هواء الإطارات عبر الراديو | C) تنظيف فلاتر الهواء تلقائياً | D) شحن السيارة بالطاقة الشمسية,A
157,Cars,Easy,Multiple Choice,في [تقنيات ومحركات السيارات]، ما هو نظام الأمان الذي يستخدم حساسات الانعطاف والمكابح الفردية لمنع انزلاق السيارة وفقدان السيطرة؟,A) مثبت السرعة | B) نظام الثبات الإلكتروني | C) مساعد التوقف الذاتي | D) التوجيه النشط,B
158,Cars,Easy,Multiple Choice,في [تقنيات ومحركات السيارات]، ما هي تقنية الإضاءة الحديثة عالية الكفاءة التي استبدلت مصابيح الهالوجين في مصابيح السيارات؟,A) لمبات الهالوجين | B) المصابيح المتوهجة | C) مصابيح الصمامات الثنائية | D) الشموع الحرارية,C
159,Cars,Easy,Multiple Choice,في [تقنيات ومحركات السيارات]، ماذا يفعل نظام الحفاظ على المسار (Lane Keeping Assist) عند انحراف السيارة دون استخدام الإشارة؟,A) يوقف السيارة فوراً | B) يطلق بوق الإنذار | C) يغلق المحرك | D) يوجه المقود بلطف لإعادة السيارة إلى منتصف المسار,D
160,Cars,Easy,Multiple Choice,في [تقنيات ومحركات السيارات]، كيف ينبه نظام مراقبة النقطة العمياء السائق عند اقتراب سيارة في المسار المجاور؟,A) إضاءة أيقونة تحذيرية برتقالية على المرآة الجانبية أو إصدار نغمة تنبيه | B) إطفاء شاشة العدادات | C) فتح النوافذ | D) إطلاق مساحات الزجاج,A
161,Cars,Easy,Multiple Choice,في [تقنيات ومحركات السيارات]، ما هي وظيفة العاكس الكهربائي (Inverter) في السيارات الكهربائية والهجينة؟,A) تبريد خلايا البطارية | B) تحويل التيار المستمر (DC) من البطارية إلى تيار متردد (AC) لتشغيل المحرك الكهربائي | C) شحن الهواتف | D) ضخ الهواء للإطارات,B
162,Cars,Easy,Multiple Choice,في [سيارات الأفلام وثقافة السيارات]، أي فيلم كلاسيكي عام 1968 من بطولة ستيف ماكوين اشتهر بأعظم مطاردة سيارات في شوارع سان فرانسيسكو بموستانج خضراء؟,A) رحل في 60 ثانية | B) نقطة التلاشي | C) بوليت | D) الرابط الفرنسي,C
163,Cars,Easy,Multiple Choice,في [سيارات الأفلام وثقافة السيارات]، ما هو اللقب الشهير لسيارة شيلبي موستانج GT500 لعام 1967 في فيلم المطاردات 'Gone in 60 Seconds'؟,A) كريستين | B) الجميلة السوداء | C) الشبح | D) إليانور,D
164,Cars,Easy,Multiple Choice,في [سيارات الأفلام وثقافة السيارات]، ما هو اسم سيارة بليموث فيوري الحمراء ذات القوى الغامضة في رواية وفيلم الرعب لستيفن كينج؟,A) كريستين | B) كاري | C) كوجو | D) آني,A
165,Cars,Easy,Multiple Choice,في [سيارات الأفلام وثقافة السيارات]، ما هو اسم سيارة الإسعاف كاديلاك 1959 المعدلة التي استخدمها صائدو الأشباح في فيلم 'Ghostbusters'؟,A) كريستين | B) إكتو-1 | C) آلة الغموض | D) الموت الأسود,B
166,Cars,Easy,Multiple Choice,في [سيارات الأفلام وثقافة السيارات]، ما هو اسم الحافلة الصغيرة الملونة التي تتنقل بها فرقة التحري في كرتون سكوبي دو؟,A) عربة المرح | B) الحافلة السحرية | C) آلة الغموض | D) باص الفانكي,C
167,Cars,Easy,Multiple Choice,في [سيارات الأفلام وثقافة السيارات]، ما هو اسم سيارة السباق الحمراء الحاملة للرقم 95 وبطل سلسلة أفلام بيكسار 'Cars'؟,A) مايتر | B) دوك هدسون | C) تشيك هيكس | D) لايتنينج ماكوين,D
168,Cars,Easy,Multiple Choice,في [تقنيات ومحركات السيارات]، ما هي وظيفة بطارية الـ 12 فولت الصغيرة الإضافية في السيارات الكهربائية الحديثة؟,A) تشغيل الأنظمة الكهربائية والإلكترونية الحيوية كالإضاءة والكمبيوتر والوسائد الهوائية وتفعيل موصل البطارية الرئيسية | B) تشغيل محرك السيارة عند السرعات العالية | C) شحن البطارية الضخمة | D) تشغيل التكييف فقط,A
169,Cars,Easy,Multiple Choice,في [رياضة المحركات وفورمولا 1]، ما هو العلم الذي يلوح به عند خط النهاية للإعلان عن فوز السيارة وانتهاء السباق؟,A) العلم الأصفر | B) العلم المربعات الأبيض والأسود | C) العلم الأزرق | D) العلم الأحمر,B
170,Cars,Easy,Multiple Choice,في [رياضة المحركات وفورمولا 1]، كم تبلغ المدة الزمنية الدقيقة لأشهر سباق تحمل للسيارات في فرنسا؟,A) 12 ساعة | B) 6 ساعات | C) 24 ساعة بالضبط | D) 48 ساعة,C
171,Cars,Easy,Multiple Choice,في [رياضة المحركات وفورمولا 1]، ما هو سباق الجائزة الكبرى العريق الذي يقام في شوارع إمارة موناكو الضيقة والمليئة باليخوت؟,A) سباق إيطاليا | B) سباق بريطانيا | C) سباق إسبانيا | D) جائزة موناكو الكبرى,D
172,Cars,Easy,Multiple Choice,في [رياضة المحركات وفورمولا 1]، من هو السائق الألماني الأسطوري الذي فاز بـ 7 بطولات عالم في فورمولا 1 (منها 5 متتالية مع فيراري)؟,A) مايكل شوماخر | B) سيباستيان فيتيل | C) نيكو روزبرغ | D) رالف شوماخر,A
173,Cars,Easy,Multiple Choice,في [رياضة المحركات وفورمولا 1]، من هو السائق البريطاني الحائز على 7 بطولات عالم وصاحب الرقم القياسي لأكثر من 100 انتصار في F1؟,A) لاندو نوريس | B) لويس هاميلتون | C) جنسون باتون | D) جورج راسل,B
174,Cars,Easy,Multiple Choice,في [رياضة المحركات وفورمولا 1]، من هو السائق البرازيلي الأسطوري بطل العالم ثلاث مرات المشهور ببراعته الخارقة في الأمطار مع مكلارين؟,A) آلان بروست | B) نيلسون بيكيه | C) آيرتون سينا | D) فيليبي ماسا,C
175,Cars,Easy,Multiple Choice,في [رياضة المحركات وفورمولا 1]، ماذا يعني رفع العلم الأصفر في قطاع معين من حلبة السباق؟,A) القيادة بأقصى سرعة | B) سقوط أمطار | C) انتهاء السباق | D) وجود خطر أو سيارة متوقفة ويجب تخفيف السرعة ومنع التجاوز تماماً,D
176,Cars,Easy,Multiple Choice,في [رياضة المحركات وفورمولا 1]، ما هو المسار المخصص الذي تدخل إليه السيارات لتغيير الإطارات والصيانة أثناء السباق؟,A) حارة الصيانة | B) منصة البادوك | C) منطقة الهروب | D) خط الانطلاق,A
177,Cars,Easy,Multiple Choice,في [رياضة المحركات وفورمولا 1]، ما هو سباق السيارات المفتوحة الأمريكي العريق لمسافة 500 ميل الذي يقام في عطلة يوم الذكرى؟,A) دايتونا 500 | B) إنديانابوليس 500 | C) سيبرينغ 12 ساعة | D) لو مان 24,B
178,Cars,Easy,Multiple Choice,في [رياضة المحركات وفورمولا 1]، ما هو المشروب التقليدي الشهير الذي يحتسي ويسكب منه الفائز بسباق إنديانابوليس 500 على منصة التتويج؟,A) الشمبانيا | B) عصير البرتقال | C) زجاجة من الحليب البارد | D) الماء المثلج,C
179,Cars,Easy,Multiple Choice,في [رياضة المحركات وفورمولا 1]، ما هي أشهر سلسلة سباقات سيارات إنتاج تجاري معدلة (Stock Car) على الحلبات البيضاوية في أمريكا؟,A) إندي كار | B) فورمولا 1 | C) بطولة إمسا | D) ناسكار,D
180,Cars,Easy,Multiple Choice,في [رياضة المحركات وفورمولا 1]، إلى ماذا يشير اختصار DRS في سيارات فورمولا 1 لتمكين التجاوز؟,A) نظام تقليل قوة الجر الهوائي | B) نظام القوة الضاغطة | C) مفتاح الأمان | D) نظام استعادة الطاقة,A
181,Cars,Easy,Multiple Choice,في [رياضة المحركات وفورمولا 1]، ما هو جهاز السلامة المصنوع من التيتانيوم المنحني فوق قمرة القيادة لحماية رأس السائق المعتمد منذ 2018؟,A) طوق هانز | B) الهالو | C) قفص التدحرج | D) مشتت الهواء,B
182,Cars,Easy,Multiple Choice,في [رياضة المحركات وفورمولا 1]، ما هي الحلبة الألمانية الأسطورية البالغ طول مسارها الشمالي نحو 20.8 كم والملقبة بـ 'الجحيم الأخضر'؟,A) هوكنهايم رينغ | B) سبا-فرانكورشان | C) نوربورغرينغ نوردشلايفه | D) مونزا,C
183,Cars,Easy,Multiple Choice,في [رياضة المحركات وفورمولا 1]، ما هي رياضة السيارات التي تتنافس فيها سيارات الرالي على مسار مختلط بين الإسفلت والحصى؟,A) تسلق الهضاب | B) تايم أتاك | C) سباقات الدراج | D) راليكروس,D
184,Cars,Easy,Multiple Choice,في [رياضة المحركات وفورمولا 1]، ما هي الحلبة الإيطالية التاريخية فائقة السرعة الملقبة بـ 'معبد السرعة' (Temple of Speed)؟,A) حلبة مونزا الوطنية | B) حلبة إيمولا | C) حلبة موجيلو | D) حلبة فيورانو,A
185,Cars,Easy,Multiple Choice,في [رياضة المحركات وفورمولا 1]، ماذا يسمى المركز الأول على شبكة الانطلاق الذي يحققه السائق الأسرع في التجارب التأهيلية؟,A) المتصدر المتقدم | B) مركز الانطلاق الأول | C) وتيرة السباق | D) الصف الأمامي,B
186,Cars,Easy,Multiple Choice,في [رياضة المحركات وفورمولا 1]، ما هي السيارة المخصصة التي تقود المسار للحد من سرعة السيارات عند وقوع حوادث خطيرة؟,A) سيارة الإسعاف | B) شاحنة الإنقاذ | C) سيارة الأمان | D) سيارة الفحص,C
187,Cars,Easy,Multiple Choice,في [رياضة المحركات وفورمولا 1]، من هو السائق الهولندي الشاب الذي حقق بطولات العالم لسنوات 2021 و2022 و2023 بأرقام قياسية مع ريد بول؟,A) سيرجيو بيريز | B) شارل لوكلير | C) كارلوس ساينز | D) ماكس فيرستابن,D
188,Cars,Easy,Multiple Choice,في [رياضة المحركات وفورمولا 1]، ماذا يعني رفع العلم الأحمر في سباقات الجائزة الكبرى؟,A) إيقاف السباق أو تعليقه فوراً بسبب حادث جسيم أو سوء الأحوال الجوية | B) تخفيف السرعة لوجود زيت | C) خروج سيارة الأمان | D) معاقبة سائق,A
189,Cars,Easy,Multiple Choice,في [رياضة المحركات وفورمولا 1]، ما هي النقطة الهندسية الأعمق داخل المنعطف التي يلامسها خط التسابق المثالي للسيارة؟,A) منطقة الهروب | B) قمة المنعطف أو رأس الزاوية | C) خط الكبح | D) مخرج المنعطف,B
190,Cars,Easy,Multiple Choice,في [رياضة المحركات وفورمولا 1]، من هو السائق الأسطوري بطل ناسكار 7 مرات الملقب بـ 'The Intimidator' الذي قاد السيارة رقم 3 الشهيرة؟,A) ريتشارد بيتي | B) جيف جوردون | C) ديل إيرنهاردت | D) جيمي جونسون,C
191,Cars,Easy,Multiple Choice,في [رياضة المحركات وفورمولا 1]، ما هو سباق ناسكار الافتتاحي الأكثر شهرة وبريقاً الذي يقام سنوياً في فلوريدا؟,A) كوكا كولا 600 | B) بريكيارد 400 | C) جنوب 500 | D) دايتونا 500,D
192,Cars,Easy,Multiple Choice,في [رياضة المحركات وفورمولا 1]، من هو السائق الفرنسي الأسطوري الذي يحمل الرقم القياسي بـ 9 ألقاب متتالية في بطولة العالم للراليات (WRC)؟,A) سيباستيان لوب | B) سيباستيان أوجييه | C) كارلوس ساينز الأب | D) ديدييه أوريول,A
193,Cars,Easy,Multiple Choice,في [رياضة المحركات وفورمولا 1]، ما هي الحلبة البلجيكية الشهيرة الواقعة في غابات الأردين وتشتهر بمرتفع 'أو روج' (Eau Rouge) الأسطوري؟,A) زولدر | B) حلبة سبا-فرانكورشان | C) نيفتي | D) لومان,B
194,Cars,Easy,Multiple Choice,في [رياضة المحركات وفورمولا 1]، ما هو التقليد الاحتفالي الشهير الذي يقوم به السائقون الثلاثة الأوائل على منصة التتويج منذ الستينيات؟,A) شرب الصودا | B) شرب العصير | C) رش الشمبانيا والاحتفال برذاذها | D) أكل الكعك,C
195,Cars,Easy,Multiple Choice,في [رياضة المحركات وفورمولا 1]، ما هو رالي الطرق الوعرة الصحراوي الأسطوري الذي كان ينطلق من باريس عابراً الصحراء الإفريقية الكبرى؟,A) باها 1000 | B) رالي سفاري | C) طريق الحرير | D) رالي داكار,D
196,Cars,Easy,Multiple Choice,في [رياضة المحركات وفورمولا 1]، ما هو سباق تسلق الجبال الشهير في أمريكا الملقب بـ 'السباق إلى الغيوم' على ارتفاع 14 ألف قدم؟,A) سباق بايكس بيك الدولي لتسلق الهضاب | B) جبل واشنطن | C) هضبة جودوود | D) جبل إيفرست,A
197,Cars,Easy,Multiple Choice,في [رياضة المحركات وفورمولا 1]، ما هو سباق التحمل الأسترالي لمسافة 1000 كم المقام على حلبة جبل بانوراما والمعروف بـ 'The Great Race'؟,A) أديلايد 500 | B) باثورست 1000 | C) ملبورن 500 | D) جولد كوست 600,B
198,Cars,Easy,Multiple Choice,في [رياضة المحركات وفورمولا 1]، من هو السائق الياباني الذي ابتكر تقنيات الانجراف بالسيارة واشتهر بقيادة تويوتا AE86 ولُقب بـ 'ملك الدريفت'؟,A) كين بلوك | B) دايجو سايتو | C) كيتشي تسوتشيا | D) نوبوتيرو تانيجوتشي,C
199,Cars,Easy,Multiple Choice,في [رياضة المحركات وفورمولا 1]، من هو السائق الاستعراضي الأمريكي الراحل وأحد مؤسسي DC Shoes الشهير باستعراضات الدريفت الخارقة في 'Gymkhana'؟,A) ترافيس باسترانا | B) تانر فوست | C) فون جيتين جونيور | D) كين بلوك,D
200,Cars,Easy,Multiple Choice,في [رياضة المحركات وفورمولا 1]، ما هو الصانع الألماني الذي يحمل الرقم القياسي التاريخي بـ 19 فوزاً إجمالياً في سباق لومان 24 ساعة للتحمل؟,A) بورش | B) أودي | C) فيراري | D) جاكوار,A
201,Cars,Easy,Multiple Choice,في [رياضة المحركات وفورمولا 1]، ما هو سائق فورمولا 1 الفنلندي الأسطوري الملقب بـ 'رجل الجليد' (The Iceman) الذي فاز بلقب 2007 مع فيراري؟,A) ميكا هاكينن | B) كيمي رايكونن | C) فالتيري بوتاس | D) هايكي كوفالاينن,B
202,Cars,Easy,Multiple Choice,في [رياضة المحركات وفورمولا 1]، ما هي فئة سباقات الدراج المتطرفة التي تستخدم سيارات طويلة بمحركات نتروميثان تفوق 11 ألف حصان؟,A) برو ستوك | B) سوبر غاز | C) توب فيول دراغستر | D) فاني كار,C
203,Cars,Easy,Multiple Choice,في [رياضة المحركات وفورمولا 1]، ما هي بطولة سباقات المقعد الأحادي الأمريكية الرائدة التي تتضمن سباق إنديانابوليس 500؟,A) فورمولا 2 | B) ناسكار كاب | C) إمسا سبورتس كار | D) سلسلة إندي كار,D
204,Cars,Easy,Multiple Choice,في [رياضة المحركات وفورمولا 1]، ما هي ميزة تقنية التموضع خلف سيارة أخرى مباشرة (Drafting / Slipstreaming)؟,A) تقليل مقاومة الهواء وتوفير سرعة أعلى للتجاوز في الخطوط المستقيمة | B) تبريد المحرك | C) شحن البطارية | D) زيادة استهلاك الوقود,A
205,Cars,Easy,Multiple Choice,في [رياضة المحركات وفورمولا 1]، ما هو التاج الثلاثي غير الرسمي لرياضة السيارات (Triple Crown of Motorsport)؟,A) دايتونا 500 وإندي 500 وباثورست | B) سباق جائزة موناكو الكبرى، وإنديانابوليس 500، ولومان 24 ساعة | C) سباق باريس ورالي داكار وسبا | D) سباق مونزا ونوربورغرينغ وسيلفرستون,B
206,Cars,Easy,Multiple Choice,في [رياضة المحركات وفورمولا 1]، ما هو لون العلم الذي يرفع للإشارة إلى بدء السباق أو عودة المسار للحالة الآمنة بعد الخطر؟,A) أحمر | B) أبيض | C) أخضر | D) أزرق,C
207,Cars,Easy,Multiple Choice,في [رياضة المحركات والسباقات]، ما هو سباق التحمل العريق الممتد لـ 24 ساعة الذي يقام على حلبة دي لا سارث في فرنسا منذ عام 1923؟,A) 24 ساعة في نوربورغرينغ | B) 24 ساعة في دايتونا | C) 24 ساعة في سبا | D) لومان 24 ساعة,D
208,Cars,Easy,Multiple Choice,في [رياضة المحركات والسباقات]، ما هو العلم الذي يلوح به عند خط النهاية للإعلان عن فوز المتصدر وانتهاء السباق رسمياً؟,A) العلم المربعات | B) العلم الأصفر | C) العلم الأحمر | D) العلم الأخضر,A
209,Cars,Easy,Multiple Choice,في [رياضة المحركات والسباقات]، ما هو سباق السيارات المفتوحة الأمريكي الشهير لمسافة 500 ميل على حلبة إنديانابوليس موتور سبيدواي؟,A) دايتونا 500 | B) إنديانابوليس 500 | C) بريكيارد 400 | D) سيبرينغ 12 ساعة,B
210,Cars,Easy,Multiple Choice,في [رياضة المحركات والسباقات]، من هو السائق البرازيلي بطل العالم في فورمولا 1 لثلاث مرات والذي يعتبر أحد أعظم أساطير السباقات؟,A) آلان بروست | B) نيلسون بيكيه | C) آيرتون سينا | D) فيليبي ماسا,C
211,Cars,Easy,Multiple Choice,في [رياضة المحركات والسباقات]، من هو السائق الألماني الأسطوري بطل العالم 7 مرات المشهور بحقبته الذهبية مع فيراري؟,A) سيباستيان فيتيل | B) نيكو روزبرغ | C) رالف شوماخر | D) مايكل شوماخر,D
212,Cars,Easy,Multiple Choice,في [رياضة المحركات والسباقات]، من هو السائق البريطاني الحائز على 7 بطولات عالم وصاحب الرقم القياسي لأكبر عدد انتصارات في F1؟,A) لويس هاميلتون | B) جنسون باتون | C) نايجل مانسيل | D) ديمون هيل,A
213,Cars,Easy,Multiple Choice,في [رياضة المحركات والسباقات]، ماذا يعني رفع العلم الأصفر في قطاع السباق؟,A) انتهاء السباق | B) وجود خطر أمام السائقين ويجب تخفيف السرعة ومنع التجاوز | C) فوز المتصدر | D) سقوط أمطار,B
214,Cars,Easy,Multiple Choice,في [رياضة المحركات والسباقات]، ما هي بطولة سباقات سيارات الإنتاج التجاري (ستوك كار) الرائدة في الولايات المتحدة؟,A) إندي كار | B) إمسا | C) ناسكار | D) إن إتش آر إيه,C
215,Cars,Easy,Multiple Choice,في [رياضة المحركات والسباقات]، ماذا تسمى المنطقة المخصصة لصيانة السيارات وتغيير الإطارات بجانب الحلبة؟,A) البادوك | B) القمة | C) الحظيرة المغلقة | D) حارة الصيانة ومربع التوقف,D
216,Cars,Easy,Multiple Choice,في [رياضة المحركات والسباقات]، ما هو مسار الحلبة الألمانية الشمالي التاريخي البالغ طوله 20.8 كم والمعروف باسم 'الجحيم الأخضر'؟,A) نوربورغرينغ نوردشلايفه | B) هوكنهايم رينغ | C) لاوزيتزرينغ | D) أوشرسليبن,A
217,Cars,Easy,Multiple Choice,في [رياضة المحركات والسباقات]، ما هو سباق الجائزة الكبرى التاريخي في فورمولا 1 الذي يقام في شوارع إمارة موناكو الساحلية؟,A) سباق سيلفرستون | B) جائزة موناكو الكبرى | C) سباق بلجيكا | D) سباق مونزا,B
218,Cars,Easy,Multiple Choice,في [رياضة المحركات والسباقات]، ما هي الحلبة الإيطالية الأسطورية فائقة السرعة الملقبة بـ 'معبد السرعة'؟,A) حلبة إيمولا | B) حلبة موجيلو | C) حلبة مونزا الوطنية | D) حلبة ميسانو,C
219,Cars,Easy,Multiple Choice,في [رياضة المحركات والسباقات]، إلى ماذا يرمز اختصار نظام DRS المستخدم على أجنحة سيارات F1 لتسهيل التجاوز؟,A) التوجيه الديناميكي | B) تبريد المكابح | C) توازن الانعطاف | D) نظام تقليل قوة الجر الهوائي,D
220,Cars,Easy,Multiple Choice,في [رياضة المحركات والسباقات]، ما هي رياضة السيارات التي يتم فيها تقييم السائقين بناءً على زاوية الانزلاق والسرعة والدخان عند المنعطفات؟,A) سباقات الدريفت والانجراف | B) تايم أتاك | C) تسلق الهضاب | D) سباقات التحمل,A
221,Cars,Easy,Multiple Choice,في [رياضة المحركات والسباقات]، ما هو جهاز الحماية التيتانيومي المنحني فوق قمرة القيادة الذي اعتمدته FIA لحماية رؤوس السائقين عام 2018؟,A) دعامة هانز | B) طوق الهالو | C) قفص الأمان | D) حاجب الرياح,B
222,Cars,Easy,Multiple Choice,في [رياضة المحركات والسباقات]، ما هي المنظمة والبطولة الدولية التي تنظم أرقى سلسلة سباقات راليات على الحصى والثلج والأسفلت؟,A) نادي سيارات أمريكا | B) ناسكار | C) بطولة العالم للراليات | D) إندي كار,C
223,Cars,Easy,Multiple Choice,في [رياضة المحركات والسباقات]، ما هو المشروب التقليدي الشهير الذي يحتسي منه الفائز بسباق إنديانابوليس 500 على منصة التتويج؟,A) الشمبانيا | B) عصير الفواكه | C) الماء المثلج | D) زجاجة من الحليب البارد,D
224,Cars,Easy,Multiple Choice,في [رياضة المحركات والسباقات]، ما هو المشروب الاحتفالي التقليدي الذي يرشه الفائزون بالمراكز الثلاثة الأولى على منصة التتويج في فورمولا 1؟,A) الشمبانيا ورذاذ المشروب الفوار | B) البيرة | C) المياه الغازية | D) العصير,A
225,Cars,Easy,Multiple Choice,في [رياضة المحركات والسباقات]، ما هي النقطة الهندسية الداخلية المثالية في المنعطف التي يلامسها خط التسابق لتحقيق أقصى سرعة؟,A) نقطة الكبح | B) قمة المنعطف | C) المنطقة الخارجية | D) مسار الهروب,B
226,Cars,Easy,Multiple Choice,في [رياضة المحركات والسباقات]، ما هو طوق الأمان الذي يرتديه السائق حول عنقه ويرتبط بالخوذة لمنع كسر قاعدة الجمجمة أثناء الصدمات؟,A) طوق الرقبة الإسفنجي | B) حزام الأمان | C) جهاز هانز | D) حزام الصدر,C
227,Cars,Easy,Multiple Choice,في [رياضة المحركات والسباقات]، ماذا يسمى مركز الانطلاق في مقدمة الشبكة الذي يحققه السائق صاحب أسرع زمن في التجارب التأهيلية؟,A) المركز الأخير | B) خط الصيانة | C) الصف الاحتياطي | D) مركز الانطلاق الأول,D
228,Cars,Easy,Multiple Choice,في [رياضة المحركات والسباقات]، ما هو اللقب الشهير لسائق ناسكار الأسطوري ديل إيرنهاردت (Dale Earnhardt)؟,A) المرعب | B) الملك | C) الصاروخ | D) الإعصار,A
229,Cars,Easy,Multiple Choice,في [رياضة المحركات والسباقات]، ما هي السباقات الثلاثة التي تشكل التاج الثلاثي التاريخي لرياضة المحركات؟,A) دايتونا 500 وإندي 500 وباثورست | B) جائزة موناكو الكبرى، وإنديانابوليس 500، ولومان 24 ساعة | C) رالي داكار وسيلفرستون ومونزا | D) باها 1000 ورالي فنلندا ونوربورغرينغ,B
230,Cars,Easy,Multiple Choice,في [رياضة المحركات والسباقات]، من هو السائق الوحيد في التاريخ الذي نجح في إحراز التاج الثلاثي لرياضة السيارات بفوزه بموناكو وإندي ولومان؟,A) آيرتون سينا | B) ماريو أندريتي | C) غراهام هيل | D) جاكي ستيوارت,C
231,Cars,Easy,Multiple Choice,في [رياضة المحركات والسباقات]، ما هو سباق التحمل الفرنسي الأسطوري المستمر لـ 24 ساعة والذي يقام سنوياً بالقرب من نهر سارث؟,A) سباق بول ريكارد | B) سباق سبا 24 | C) سباق حلبة ريمس | D) لومان 24 ساعة,D
232,Cars,Easy,Multiple Choice,في [رياضة المحركات والسباقات]، ماذا تسمى مناورة القيادة خلف سيارة متصدرة مباشرة لاستغلال الفراغ الهوائي والتجاوز؟,A) السحب الانسيابي | B) الانجراف | C) الكبح المتأخر | D) الالتفاف الواسع,A
233,Cars,Easy,Multiple Choice,في [رياضة المحركات والسباقات]، ما هي شركة صناعة السيارات الألمانية صاحبة الرقم القياسي التاريخي بـ 19 فوزاً إجمالياً في سباق لومان؟,A) أودي | B) بورش | C) فيراري | D) مرسيدس,B
234,Cars,Easy,Multiple Choice,في [رياضة المحركات والسباقات]، من هو سائق F1 الفنلندي الشهير بلقب 'The Iceman' الذي حقق بطولة العالم مع فيراري عام 2007؟,A) ميكا هاكينن | B) فالتيري بوتاس | C) كيمي رايكونن | D) كيكي روزبرغ,C
235,Cars,Easy,Multiple Choice,في [رياضة المحركات والسباقات]، ما هو رالي التحمل الصحراوي الأكثر قسوة في العالم والذي كان ينطلق تاريخياً من فرنسا إلى السنغال؟,A) باها 1000 | B) رالي سفاري شرق إفريقيا | C) طريق الحرير | D) رالي داكار,D
236,Cars,Easy,Multiple Choice,في [رياضة المحركات والسباقات]، ما هو سباق الطرق الوعرة الصحراوي الشهير لمسافة 1000 ميل الذي يقام في شبه جزيرة باخا كاليفورنيا بالمكسيك؟,A) باها 1000 | B) مينت 400 | C) ملك المطارق | D) رالي أتاكاما,A
237,Cars,Easy,Multiple Choice,في [رياضة المحركات والسباقات]، ما هو الجبل الأمريكي الشاهق في كولورادو الذي يستضيف سنوياً سباق صعود الهضبة إلى الغيوم؟,A) جبل واشنطن | B) بايكس بيك | C) جبل رينييه | D) جبل ويتني,B
238,Cars,Easy,Multiple Choice,في [رياضة المحركات والسباقات]، من هو بطل الراليات الفرنسي الأسطوري الذي أحرز 9 بطولات عالمية متتالية في WRC؟,A) سيباستيان أوجييه | B) ديدييه أوريول | C) سيباستيان لوب | D) كارلوس ساينز,C
239,Cars,Easy,Multiple Choice,في [رياضة المحركات والسباقات]، ما هي الحلبة البلجيكية الشهيرة في غابات الأردين والمعروفة بمنعطف 'أو روج' و'ريديون' الشاهق؟,A) زولدر | B) نوربورغرينغ | C) مونزا | D) حلبة سبا-فرانكورشان,D
240,Cars,Easy,Multiple Choice,في [رياضة المحركات والسباقات]، ما هو سباق سيارات التورينغ الأسترالي الشهير لمسافة 1000 كم على حلبة ماونت بانوراما الأسطورية؟,A) باثورست 1000 | B) أديلايد 500 | C) جولد كوست 600 | D) فيليب آيلاند,A
241,Cars,Easy,Multiple Choice,في [رياضة المحركات والسباقات]، من هو السائق الهولندي الذي هيمن على بطولات العالم للفورمولا 1 مع فريق ريد بول ريسينغ محطماً الأرقام القياسية؟,A) سيرجيو بيريز | B) ماكس فيرستابن | C) شارل لوكلير | D) لاندو نوريس,B
242,Cars,Easy,Multiple Choice,في [رياضة المحركات والسباقات]، ما هي المنافسة الأسطورية الشرسة في موسم F1 لعام 1976 التي جسدها فيلم 'Rush' بين نيكي لاودا وجيمس هانت؟,A) فيراري ضد ويليامز | B) مكلارين ضد لوتس | C) نيكي لاودا (فيراري) ضد جيمس هانت | D) بينيتون ضد رينو,C
243,Cars,Easy,Multiple Choice,في [رياضة المحركات والسباقات]، ما هي وظيفة سيارة الأمان (Safety Car) عند دخولها إلى الحلبة أثناء السباق؟,A) إخلاء المصابين | B) تنظيف الحصى | C) تصوير السباق | D) قيادة قافلة السيارات بسرعة مقيدة لضمان سلامة التدخل في الحوادث,D
244,Cars,Easy,Multiple Choice,في [رياضة المحركات والسباقات]، من هو السائق الياباني الأسطوري المعروف بلقب 'دريفت كينج' وملهم قصة أنمي 'Initial D'؟,A) كيتشي تسوتشيا | B) كين بلوك | C) دايجو سايتو | D) ماساتو كاواباتا,A
245,Cars,Easy,Multiple Choice,في [رياضة المحركات والسباقات]، ماذا يعني رفع العلم الأحمر في سباقات الحلبات؟,A) انتهاء السباق وتتويج الفائز | B) إيقاف الحصة أو السباق فوراً لظروف طارئة خطيرة | C) معاقبة السائق بالاستبعاد | D) خروج سيارة الإسعاف,B
246,Cars,Easy,Multiple Choice,في [رياضة المحركات والسباقات]، ما هي بطولة المقعد الأحادي الأمريكية الشهيرة التي تقام على الحلبات البيضاوية والشوارع؟,A) ناسكار | B) إمسا | C) سلسلة إندي كار | D) بطولة الدراج,C
247,Cars,Easy,Multiple Choice,في [رياضة المحركات والسباقات]، ما هو سباق التحمل الأمريكي الشهير لمدة 24 ساعة الذي يقام على الحلبة الداخلية والمائلة في فلوريدا؟,A) سيبرينغ 12 ساعة | B) بيتي لومان | C) واتكينز جلين | D) رولكس 24 في دايتونا,D
248,Cars,Easy,Multiple Choice,في [رياضة المحركات والسباقات]، من هو سائق ناسكار الأسطوري الملقب بـ 'The King' وصاحب الرقم القياسي بـ 200 انتصار في مسيرته؟,A) ريتشارد بيتي | B) ديل إيرنهاردت | C) جيف جوردون | D) جيمي جونسون,A
249,Cars,Easy,Multiple Choice,في [رياضة المحركات والسباقات]، ما هي أسرع فئة في سباقات الدراج تنهي مسافة الـ 1000 قدم بأكثر من 330 ميلاً في الساعة؟,A) برو ستوك | B) توب فيول دراغستر | C) سوبر غاز | D) ستريت إليميناتور,B
250,Cars,Easy,Multiple Choice,في [أيقونات وطرازات السيارات]، ما هي السيارة الرياضية الألمانية الأيقونية ذات المحرك الخلفي والمستمرة في الإنتاج بنجاح منذ عام 1964؟,A) بورش كايمان | B) بورش باناميرا | C) بورش 911 | D) بورش تايكان,C
251,Cars,Medium,Multiple Choice,[⭐] [badge:mercedes_star] ما هي شركة السيارات التي صنعت السيارة الرياضية الأيقونية 300 SL Gullwing ذات الأبواب المجنحة عام 1954 تحت هذا الشعار؟,A) بيمر | B) أودي | C) فولكسفاجن | D) ميرسيدي-بنز,D
252,Cars,Medium,Multiple Choice,[⭐] [badge:mercedes_star] ما هي علامة السيارات الفاخرة المشهورة بشعارها وشعارها الترويجي 'الأفضل أو لا شيء' وتضع رمز النجمة الثلاثية هذا؟,A) ميرسيدي-بنز | B) بيمر | C) أودي | D) فولكسفاجن,A
253,Cars,Medium,Multiple Choice,[🔘🔘🔘🔘] [badge:audi_twisted_rings] ما هي شركة صناعة السيارات التي أنتجت الكوبيه الرياضية المقوسة TT بدءاً من عام 1998 تحت هذا الشعار ذي الحلقات الأربع؟,A) بيمر | B) أودي | C) ميرسيدي-بنز | D) أوبل,B
254,Cars,Medium,Multiple Choice,[🔘🔘🔘🔘] [badge:audi_twisted_rings] ما هي علامة السيارات التي هيمنت على بطولة العالم للراليات في الثمانينيات بسيارتها سبورت كواترو وتحمل هذا الشعار؟,A) بيمر | B) ميرسيدي-بنز | C) أودي | D) أوبل,C
255,Cars,Medium,Multiple Choice,[⭕] [badge:toyota_ellipses] ما هي شركة السيارات التي تصنع السيارة الرياضية الأيقونية سوبرا وسيارة GR يارس ذات الدفع الكلي الحاملة لهذا الشعار؟,A) هوندو | B) نيسون | C) مازدو | D) تويوتو,D
256,Cars,Medium,Multiple Choice,[⭕] [badge:toyota_ellipses] ما هي علامة السيارات اليابانية التي أنتجت السيارة الكلاسيكية الشهيرة ذات الدفع الخلفي AE86 سبرينتر ترينو تحت هذا الشعار؟,A) تويوتو | B) هوندو | C) نيسون | D) مازدو,A
257,Cars,Medium,Multiple Choice,[🎗️] [badge:chevrolet_bowtie] ما هي شركة صناعة السيارات التي قدمت محرك Small-Block V8 الثوري عام 1955 تحت هذا الشعار ذي ربطة العنق؟,A) فورد | B) شيفروليت | C) دوجي | D) بونتياك,B
258,Cars,Medium,Multiple Choice,[🎗️] [badge:chevrolet_bowtie] ما هي العلامة التي بنت سيارة شي them 454 Chevelle SS العضلية لعام 1970 تحت شعار ربطة العنق هذا؟,A) فورد | B) دوجي | C) شيفروليت | D) بونتياك,C
259,Cars,Medium,Multiple Choice,[⚡] [badge:tesla_t_plug] ما هي شركة السيارات الكهربائية التي قدمت طراز Model S Plaid فائق السرعة المزود بثلاثة محركات كهربائية تحت هذا الشعار؟,A) ريفيان | B) لوسيد | C) بولستار | D) تيسلا,D
260,Cars,Medium,Multiple Choice,[⚡] [badge:tesla_t_plug] ما هي العلامة التجارية التي تصنع شاحنة سايبرترك الكهربائية ذات الهيكل الفولاذي الصلب الزاوي تحت هذا الشعار؟,A) تيسلا | B) ريفيان | C) لوسيد | D) بولستار,A
261,Cars,Medium,Multiple Choice,[🛡️] [badge:porsche_crest] ما هي شركة السيارات التي أنتجت السوبركار الخارقة Carrera GT بمحرك V10 تنفس طبيعي عام 2004 تحت هذا الدرع النبيل؟,A) بيمر | B) بورش | C) أودي | D) ميرسيدي-بنز,B
262,Cars,Medium,Multiple Choice,[🛡️] [badge:porsche_crest] ما هي علامة السيارات الرياضية التي صنعت السوبركار المتطورة بالدفع الرباعي 959 في الثمانينيات تحت هذا الشعار؟,A) بيمر | B) أودي | C) بورش | D) ميرسيدي-بنز,C
263,Cars,Medium,Multiple Choice,[🐎] [badge:ferrari_rearing_horse] ما هي شركة السيارات التي أنتجت السيارة الأسطورية F40 بهيكل ألياف الكربون ومحرك تيربو مزدوج عام 1987 تحت رمز الحصان هذا؟,A) لامبورجيني | B) مازيراتي | C) باجاني | D) فيراري,D
264,Cars,Medium,Multiple Choice,[🐎] [badge:ferrari_rearing_horse] ما هي العلامة التي تصنع سيارات الجراند تورر الفاخرة بمحرك V12 أمامي مثل 812 Superfast وDaytona SP3 بهذا الشعار؟,A) فيراري | B) لامبورجيني | C) مازيراتي | D) باجاني,A
265,Cars,Medium,Multiple Choice,[🐂] [badge:lamborghini_bull] ما هي شركة صناعة السيارات التي صنعت سيارة كونتاش الكلاسيكية ذات التصميم الإسفيني الشهير في السبعينيات تحت رمز الثور هذا؟,A) فيراري | B) لامبورجيني | C) بوغاتي | D) مازيراتي,B
266,Cars,Medium,Multiple Choice,[🐂] [badge:lamborghini_bull] ما هي الشركة التي أنتجت السيارتين الخارقتين ديابلو في التسعينيات ومورسيلاجو في الألفينيات تحت درع الثور الهائج هذا؟,A) فيراري | B) بوغاتي | C) لامبورجيني | D) مازيراتي,C
267,Cars,Medium,Multiple Choice,[✨] [badge:subaru_pleiades_stars] ما هي علامة السيارات التي صنعت سيارة إمبريزا WRX STI الزرقاء ذات العجلات الذهبية وبطلة الراليات تحت هذا الشعار النجمي؟,A) ميتسوبيشي | B) تويوتو | C) سوزوكي | D) سوبارو,D
268,Cars,Medium,Multiple Choice,[✨] [badge:subaru_pleiades_stars] ما هي شركة صناعة السيارات اليابانية التي طورت الكوبيه الرياضية خفيفة الوزن BRZ ذات الدفع الخلفي بالتعاون مع شريكها تحت هذا الشعار؟,A) سوبارو | B) ميتسوبيشي | C) تويوتو | D) سوزوكي,A
269,Cars,Medium,Multiple Choice,[🔵] [badge:ford_blue_oval] ما هي شركة السيارات التي صنعت سيارة السباق ذات المحرك الوسطي GT40 التي حققت ثلاثية تاريخية في لومان 1966 تحت هذا الشعار؟,A) شيفروليت | B) فورد | C) دوجي | D) كاديلاك,B
270,Cars,Medium,Multiple Choice,[🔵] [badge:ford_blue_oval] ما هي العلامة التي بنت أيقونات الهوت هاتش الرياضية سييرا كوزوورث وإسكورت RS وفوكس RS الحاملة لهذا الشعار البيضاوي الأزرق؟,A) شيفروليت | B) دوجي | C) فورد | D) كاديلاك,C
271,Cars,Medium,Multiple Choice,[🪽] [badge:aston_martin_wings] ما هي علامة السيارات البريطانية الرياضية التي صنعت سيارة DB5 الفضية المجهزة بمقعد القذف الدفاعي في فيلم جيمس بوند 'Goldfinger'؟,A) بنتلي | B) جاكوار | C) ماكلارين | D) أستون-مارتن,D
272,Cars,Medium,Multiple Choice,[🪽] [badge:aston_martin_wings] ما هي شركة السيارات التي تصنع سياراتها الرياضية الفاخرة يدوياً في جايدون بوارويكشاير تحت هذا الشعار المجنح؟,A) أستون-مارتن | B) بنتلي | C) جاكوار | D) ماكلارين,A
273,Cars,Medium,Multiple Choice,[⚔️] [badge:volvo_battleaxe] ما هي شركة السيارات التي اخترعت حزام الأمان ثلاثي النقاط عام 1959 وتخلت عن براءة اختراعه مجاناً لإنقاذ حياة البشر؟,A) ساب | B) فولفو | C) كونيجسيج | D) بولستار,B
274,Cars,Medium,Multiple Choice,[⚔️] [badge:volvo_battleaxe] ما هي العلامة التي أنتجت سلسلة 240 الصندوقية الأسطورية والتي اكتسبت سمعة عالمية لتخطيها حاجز المليون ميل تحت هذا الرمز؟,A) ساب | B) كونيجسيج | C) فولفو | D) بولستار,C
275,Cars,Medium,Multiple Choice,[🐆] [badge:jaguar_leaping] ما هي شركة السيارات التي صنعت سيارة E-Type (XKE) عام 1961 والتي وصفها إنزو فيراري بأنها 'أجمل سيارة صُنعت في العالم'؟,A) بنتلي | B) أستون-مارتن | C) لاند-روفر | D) جاكوار,D
276,Cars,Medium,Multiple Choice,[🐆] [badge:jaguar_leaping] ما هي العلامة التي صنعت السوبركار XJ220 ثنائية التوربو بسرعة 217 ميلاً في الساعة في مطلع التسعينيات تحت تميمة الفهد الوثاب هذه؟,A) جاكوار | B) بنتلي | C) أستون-مارتن | D) لاند-روفر,A
277,Cars,Medium,Multiple Choice,"[🎧] [badge:honda_headphones] ما هي شركة صناعة السيارات التي طورت سيارة الرودستر S2000 ذات المحرك التنفس الطبيعي عالي الدوران (9,000 د/د) عام 1999 تحت هذا الشعار؟",A) تويوتو | B) هوندو | C) نيسون | D) مازدو,B
278,Cars,Medium,Multiple Choice,[🎧] [badge:honda_headphones] ما هي العلامة التي صممت السوبركار المصنوعة من الألومنيوم NSX عام 1990 بالتعاون المباشر مع بطل العالم آيرتون سينا؟,A) تويوتو | B) نيسون | C) هوندو | D) مازدو,C
279,Cars,Medium,Multiple Choice,[🤝] [badge:hyundai_italic_h] ما هي علامة السيارات التي أنشأت قسم الأداء الرياضي العالي 'N'، وطورت طرازات مثل إلنترا N وأيونيك 5 N تحت هذا الشعار؟,A) كيا | B) دايو | C) جينيسيس | D) هيونداي,D
280,Cars,Medium,Multiple Choice,[🤝] [badge:hyundai_italic_h] ما هي شركة السيارات التي طورت الكوبيه الرياضية غير المتناظرة بثلاثة أبواب 'فيلوستر N' الحاملة لهذا الشعار؟,A) هيونداي | B) كيا | C) دايو | D) جينيسيس,A
281,Cars,Medium,Multiple Choice,[🛑] [badge:nissan_circle_bar] ما هي العلامة التي صنعت أجيال سكايلاين GT-R الأسطورية R32 وR33 وR34 المزودة بمحرك RB26DETT ثنائي التوربو تحت هذا الشعار؟,A) تويوتو | B) نيسون | C) هوندو | D) مازدو,B
282,Cars,Medium,Multiple Choice,[🛑] [badge:nissan_circle_bar] ما هي شركة صناعة السيارات اليابانية التي أنتجت سيارات الدريفت الشهيرة سيلفيا (S13 وS14 وS15) وسيارة 300ZX تحت هذا الشعار؟,A) تويوتو | B) هوندو | C) نيسون | D) مازدو,C
283,Cars,Medium,Multiple Choice,[🪽] [badge:bentley_wings] ما هي العلامة البريطانية التي اشتهر فريق متسابقيها النبلاء في العشرينيات باسم 'The Bentley Boys' وهيمنوا على لومان 24 ساعة؟,A) رولز-رويس | B) أستون-مارتن | C) جاكوار | D) بنتلي,D
284,Cars,Medium,Multiple Choice,[🪽] [badge:bentley_wings] ما هي شركة السيارات التي صنعت سيارات فائقة الفخامة يدوياً مزودة بمحرك V8 أسطوري بسعة 6.75 لتر لعقود طويلة تحت هذا الشعار المجنح؟,A) بنتلي | B) رولز-رويس | C) أستون-مارتن | D) جاكوار,A
285,Cars,Medium,Multiple Choice,[🐏] [badge:ram_head] ما هي شركة الشاحنات التي صممت شاحنة TRX الرياضية المخصصة للطرق الوعرة بمحرك سوبرتشارجر V8 بقوة 702 حصان تحت هذا الشعار؟,A) فورد | B) رام | C) شيفروليت | D) جي-ام-سي,B
286,Cars,Medium,Multiple Choice,[🐏] [badge:ram_head] ما هي العلامة التي تنتج شاحنة Power Wagon المخصصة للمهام الشاقة والمجهزة بونش مصنعي ونظام فصل أعمدة التوازن إلكترونياً؟,A) فورد | B) شيفروليت | C) رام | D) جي-ام-سي,C
287,Cars,Medium,Multiple Choice,[📐] [badge:acura_caliper] ما هي شركة السيارات التي صنعت الجيل الثاني من السوبركار الهجينة ثنائية التوربو ذات الدفع الكلي NSX في أوهايو تحت هذا الشعار؟,A) لكزس | B) إنفينيتي | C) جينيسيس | D) أكيورا,D
288,Cars,Medium,Multiple Choice,[📐] [badge:acura_caliper] ما هي العلامة التي تصنع سيارات الأداء الرياضي لعشاق القيادة مثل إنتيغرا تايب S وTLX تايب S تحت شعار الفرجار الهندسي الدقيق هذا؟,A) أكيورا | B) لكزس | C) إنفينيتي | D) جينيسيس,A
289,Cars,Medium,Multiple Choice,[🛡️🛡️🛡️] [badge:buick_tri_shield] ما هي علامة السيارات التي أنتجت سيارة العضلات السوداء المخيفة لعام 1987 المزودة بمحرك V6 تيربو والمعروفة بـ Grand National GNX؟,A) كاديلاك | B) بيويك | C) شيفروليت | D) بونتياك,B
290,Cars,Medium,Multiple Choice,[🛡️🛡️🛡️] [badge:buick_tri_shield] ما هي العلامة الأمريكية التي قدمت كوبيه ريفييرا الفاخرة عام 1963 بمصابيحها الأمامية المخفية تحت شعار الدروع الثلاثة هذا؟,A) كاديلاك | B) شيفروليت | C) بيويك | D) بونتياك,C
291,Cars,Medium,Multiple Choice,[👑] [badge:rolls_royce_intertwined_rr] ما هي علامة السيارات فائقة الفخامة التي تزين شبك مقدمة سياراتها بتميمة 'روح النشوة' (Spirit of Ecstasy) الشهيرة القابلة للسحب؟,A) بنتلي | B) مايباخ | C) أستون-مارتن | D) رولز-رويس,D
292,Cars,Medium,Multiple Choice,[👑] [badge:rolls_royce_intertwined_rr] ما هي شركة السيارات التي تصنع سيارة كولينان الـ SUV الفارهة وسيارة سبيكتر الكهربائية بالكامل تحت هذا الشعار؟,A) رولز-رويس | B) بنتلي | C) مايباخ | D) أستون-مارتن,A
293,Cars,Medium,Multiple Choice,[🪽] [badge:genesis_wings] ما هي العلامة التي تتميز بلغتها التصميمية الشهيرة 'الخطين المتوازيين' (Two Lines) في المصابيح والشبك الأمامي تحت هذا الشعار؟,A) لكزس | B) جينيسيس | C) إنفينيتي | D) أكيورا,B
294,Cars,Medium,Multiple Choice,[🪽] [badge:genesis_wings] ما هي شركة السيارات التي تصنع السيدان الرياضية G70 ذات الدفع الخلفي والتي حصدت لقب سيارة العام في أمريكا الشمالية تحت هذا الشعار؟,A) لكزس | B) إنفينيتي | C) جينيسيس | D) أكيورا,C
295,Cars,Medium,Multiple Choice,[🔘] [badge:volkswagen_steampunk] ما هي شركة السيارات التي أطلقت سيارة جولف GTI عام 1976، مبتكرة ظاهرة سيارات 'الهوت هاتش' الرياضية عالمياً تحت هذا الشعار؟,A) بيمر | B) أوبل | C) أودي | D) فولكسفاجن,D
296,Cars,Medium,Multiple Choice,[🔘] [badge:volkswagen_steampunk] ما هي العلامة التي صنعت حافلة Type 2 Microbus الكلاسيكية المحبوبة (كومبي / بولي) التي أصبحت رمزاً لرحلات التخييم حول العالم؟,A) فولكسفاجن | B) بيمر | C) أوبل | D) أودي,A
297,Cars,Medium,Multiple Choice,[⚙️] [badge:volkswagen_winged] ما هي شركة السيارات التي طورت منصة MEB المخصصة للسيارات الكهربائية لإنتاج ملايين المركبات تحت هذا الشعار؟,A) بيمر-إيرو | B) فولكسفاجن-إيرو | C) أودي-سبورت | D) أوبل-بليتز,B
298,Cars,Medium,Multiple Choice,[⚙️] [badge:volkswagen_winged] ما هي العلامة التي صممت السيارة التجريبية فائقة الاقتصاد XL1 بهيكل كربون ومحرك ديزل هجين يستهلك 1 لتر لكل 100 كم؟,A) بيمر-إيرو | B) أودي-سبورت | C) فولكسفاجن-إيرو | D) أوبل-بليتز,C
299,Cars,Medium,Multiple Choice,[🕊️] [badge:mazda_winged_hourglass] ما هي شركة صناعة السيارات اليابانية التي اشتهرت بتبني وتطوير محرك 'وانكل' الدوار في سياراتها الرياضية مثل RX-7 وRX-8؟,A) تويوتو | B) نيسون | C) سوبارو | D) مازدو,D
300,Cars,Medium,Multiple Choice,[🕊️] [badge:mazda_winged_hourglass] ما هي العلامة التي تبني وتصمم سياراتها وفق الفلسفة الهندسية اليابانية 'جينبا إيتاي' (التناغم بين الحصان والفارس) تحت هذا الشعار المجنح؟,A) مازدو | B) تويوتو | C) نيسون | D) سوبارو,A
301,Cars,Medium,Multiple Choice,[⚡] [badge:lightning_circle_emblem] ما هي شركة السيارات التي أنتجت كوبيه مانتا الرياضية الكلاسيكية الشهيرة بين عامي 1970 و1988 تحت شعار صاعقة البرق هذا؟,A) فولكسفاجن | B) أوبل | C) بيمر | D) أودي,B
302,Cars,Medium,Multiple Choice,[⚡] [badge:lightning_circle_emblem] ما هي العلامة التي بنت سيارة كالبرا الرياضية عام 1989 وسجلت رقماً قياسياً لأدنى معامل سحب ديناميكي (0.26 Cd)؟,A) فولكسفاجن | B) بيمر | C) أوبل | D) أودي,C
303,Cars,Medium,Multiple Choice,[🎼] [badge:treble_clef_emblem] ما هي علامة السيارات التي تستخدم هذا الشعار الموسيقي لتمثيل أنابيب العادم المتساوية الطول والمضبوطة كنغمات موسيقية؟,A) سوناتا-أوتو | B) كادينس-كارز | C) هارموني-أوتو | D) ميلودي-موتورز,D
304,Cars,Medium,Multiple Choice,[🎼] [badge:treble_clef_emblem] ما هو صانع السيارات المفهومي الذي يستعين برمز المفتاح الموسيقي لتمثيل النغمات التوافقية لمحركات V12 عالية الدوران؟,A) ميلودي-موتورز | B) سوناتا-أوتو | C) كادينس-كارز | D) هارموني-أوتو,A
305,Cars,Medium,Multiple Choice,[🚘] [badge:kia_oval] ما هي سيارة السيدان الرياضية الفاخرة ثنائية التوربو V6 ذات الدفع الخلفي التي أطلقت عام 2017 تحت هذا الشعار؟,A) كادينزا | B) ستينجر | C) K5 GT | D) أوبتيما SX,B
306,Cars,Medium,Multiple Choice,[🚘] [badge:kia_oval] ما هي سيارة الدفع الرباعي الكهربائية الرائدة ذات الـ 3 صفوف والتصميم الهندسي والشحن فائق السرعة 800V تحت هذا الشعار؟,A) EV6 | B) نيرو EV | C) EV9 | D) سول EV,C
307,Cars,Medium,Multiple Choice,[🛻] [badge:gmc_block_letters] ما هي الشاحنة الفائقة الكهربائية الثورية بقوة 1000 حصان والمزودة بميزة السير المائل كالسلطعون (CrabWalk) تحت هذا الشعار؟,A) سايبرترك | B) ريفيان R1T | C) F-150 لايتنينج | D) هامر EV,D
308,Cars,Medium,Multiple Choice,[🛻] [badge:gmc_block_letters] ما هي حزمة تجهيزات الطرق الوعرة ذات التعليق المرتفع وصفائح الحماية المقدمة على شاحنات هذه العلامة؟,A) AT4 | B) Z71 | C) تريل بوس | D) TRD برو,A
309,Cars,Medium,Multiple Choice,[🚙] [badge:jeep_letters] ما هي شاحنة البيك أب متوسطة الحجم ذات الأبواب والسقف القابل للإزالة المنتجة تحت هذه العلامة؟,A) سكرامبلر | B) جلادياتور | C) كومانشي | D) بايونير,B
310,Cars,Medium,Multiple Choice,[🚙] [badge:jeep_letters] ما هي شارة الاعتماد التي توضع على الرفارف الأمامية لمركبات هذه العلامة المجتازة لاختبارات الطرق الوعرة القاسية؟,A) أوف رود برو | B) روك كراولر | C) تريل ريتد 4x4 | D) ديزرت رانر,C
311,Cars,Medium,Typing,في [تقنيات ومحركات السيارات]، ما هو الاختصار المكون من 3 أحرف لبطاريات فوسفات حديد الليثيوم الآمنة والشهيرة (L...)؟,,LFP
312,Cars,Medium,Typing,في [تقنيات ومحركات السيارات]، ما هي زاوية ميزان العجلات التي تقيس ميلان محور التوجيه للأمام أو الخلف لتحقيق الاستقرار الذاتي للمقود (الكاست...)؟,,caster
313,Cars,Medium,Typing,في [تقنيات ومحركات السيارات]، ما هو مصطلح ضبط العجلات الذي يصف تقارب أو تباعد مقدمة الإطارات بالنسبة لبعضها (ت...)؟,,toe
314,Cars,Medium,Typing,في [تقنيات ومحركات السيارات]، ما هو الاختصار المكون من 3 أحرف لشبكة الاتصال الداخلية التي تربط وحدات التحكم الإلكترونية في السيارة (C...)؟,,CAN
315,Cars,Medium,Typing,في [تقنيات ومحركات السيارات]، ما هو الحيوان الاسكندنافي الضخم الذي سمي باسمه اختبار المناورة والمراوغة المفاجئة الشهير (اختبار الـ ...)؟,,moose
316,Cars,Medium,Typing,في [رياضة المحركات وفورمولا 1]، ما هو الاسم الأخير للسائق الاسكتلندي الأسطوري السير جاكي الحائز على 3 بطولات ورائد معايير الأمان (ستيو...)؟,,Stewart
317,Cars,Medium,Typing,في [رياضة المحركات وفورمولا 1]، ما هو اسم المنعطف المزدوج فائق السرعة على حلبة باثورست في أستراليا (ذا ...)؟,,Chase
318,Cars,Medium,Typing,في [رياضة المحركات وفورمولا 1]، ما هي شركة السيارات الألمانية التي سجلت الرقم القياسي الأسطوري المطلق على حلبة نوربورغرينغ بسيارة 919 إيفو؟,,Porsche
319,Cars,Medium,Typing,في [رياضة المحركات وفورمولا 1]، ما هو رمز طراز سيارة تشابارال الثورية لعام 1970 التي استخدمت مراوح شفط خلفية (Chaparral ...)؟,,2J
320,Cars,Medium,Typing,في [رياضة المحركات وفورمولا 1]، ما هو الاسم الأخير لسائق ناسكار الأسطوري ريتشارد الحائز على 200 انتصار والملقب بـ 'الملك' (بي...)؟,,Petty
321,Cars,Medium,Typing,في [رياضة المحركات والسباقات]، من هو بطل العالم الاسكتلندي لثلاث مرات في F1 الذي قاد حملة تاريخية لإلزام الحلبات بحواجز الأمان والأحزمة الطبية؟,,Jackie Stewart
322,Cars,Medium,Typing,في [رياضة المحركات والسباقات]، من هو السائق البريطاني الوحيد في التاريخ الذي توج بطلاً للعالم على دراجات موتو جي بي ثم في بطولة فورمولا 1؟,,John Surtees
323,Cars,Medium,Typing,في [رياضة المحركات والسباقات]، ما هو الفريق الإيطالي العريق الذي شارك في كل موسم من مواسم بطولة العالم لسباقات فورمولا 1 منذ 1950؟,,Ferrari
324,Cars,Medium,Typing,في [رياضة المحركات والسباقات]، ما هو اسم المنعطف الشهير في حلبة سوزوكا اليابانية الذي شهد التصادم التاريخي الحاسم بين سينا وبروست عام 1989؟,,Casio Triangle
325,Cars,Medium,Typing,في [رياضة المحركات والسباقات]، ما هي الحلبة الأمريكية الكلاسيكية في ولاية نيويورك التي استضافت جائزة الولايات المتحدة الكبرى لـ F1 لعشرين عاماً؟,,Watkins Glen
326,Cars,Medium,Typing,في [أيقونات وطرازات السيارات]، ما هو اللقب الشهير لسيارة مرسيدس 300E AMG لعام 1986 المزودة بمحرك V8 بسرعة 190 ميلاً في الساعة (المطرقة / ...)؟,,Hammer
327,Cars,Medium,Typing,في [أيقونات وطرازات السيارات]، ما هو كود الشاسيه الشهير لسيارة تويوتا كورولا ليفين / سبرينتر ترينو الكلاسيكية بطلة الدريفت والأنمي؟,,AE86
328,Cars,Medium,Typing,في [أيقونات وطرازات السيارات]، ما هو كود الشاسيه الشهير للجيل الرابع الأسطوري من تويوتا سوبرا المزودة بمحرك 2JZ-GTE؟,,A80
329,Cars,Medium,Typing,في [أيقونات وطرازات السيارات]، من هو مؤسس شركة لوتس البريطاني العبقري صاحب المبدأ الشهير: 'تبسيط الأشياء ثم إضافة الخفة'؟,,Colin Chapman
330,Cars,Medium,Typing,في [أيقونات وطرازات السيارات]، ما هو اسم محرك V8 فائق الشحن بقوة 707 أحصنة الذي زودت به دوج سيارات تشالنجر وتشارجر؟,,Hellcat
331,Cars,Medium,Typing,في [ميكانيكا ومحركات السيارات]، ما هي شركة السيارات اليابانية التي جعلت محرك وانكل الدوار علامتها الفارقة في سيارات RX-7 و787B؟,,Mazda
332,Cars,Medium,Typing,في [ميكانيكا ومحركات السيارات]، ما هو الصمام المنظم في نظام التوربو الذي يفتح لتفريغ غازات العادم الزائدة وحماية المحرك من الضغط المفرط؟,,wastegate
333,Cars,Medium,Typing,في [ميكانيكا ومحركات السيارات]، ما هو المصطلح الهندسي لظاهرة الاحتراق المبكر غير المنضبط لخليط الهواء والوقود (الصرقعة أو الديس...)?,,detonation
334,Cars,Medium,Typing,في [ميكانيكا ومحركات السيارات]، ما هي زاوية ميزان العجلات التي تمنح المقود قدرة العودة الذاتية للوسط عند القيادة للأمام؟,,caster
335,Cars,Medium,Typing,في [ميكانيكا ومحركات السيارات]، ما هو مصطلح ضبط اتجاه العجلات للداخل أو الخارج لضمان استقامة مسار الإطارات وتقليل التآكل؟,,toe
336,Cars,Medium,Multiple Choice,في [تقنيات ومحركات السيارات]، ما هو 'تأخر التوربو' (Turbo Lag) في محركات الشحن التوربيني؟,A) انزلاق ناقل الحركة | B) سخونة المحرك | C) ضعف البطارية | D) التأخر الزمني القصير بين الضغط على دواسة الوقود وتراكم ضغط غازات العادم الكافي لتدوير التوربو وتسريع السيارة,D
337,Cars,Medium,Multiple Choice,في [تقنيات ومحركات السيارات]، ما هي الفائدة الرئيسية للترس التفاضلي محدود الانزلاق (LSD) في السيارات الرياضية؟,A) يمنع ضياع عزم المحرك عبر عجلة واحدة فاقدة للتماسك ويوجه القوة إلى العجلة ذات التماسك الأفضل | B) يخفض استهلاك الوقود | C) يوقف السيارة تلقائياً | D) يبرد زيت المحرك,A
338,Cars,Medium,Multiple Choice,في [تقنيات ومحركات السيارات]، ما هي تقنية التوقيت المتغير للصمامات (VVT / VTEC) في المحركات الحديثة؟,A) تعديل شمعات الاحتراق | B) نظام يضبط توقيت ومدة فتح وإغلاق صمامات المحرك إلكترونياً لتحسين القوة عند السرعات العالية وتقليل الاستهلاك عند السرعات المنخفضة | C) إغلاق المكابح | D) التحكم في ضغط الإطارات,B
339,Cars,Medium,Multiple Choice,في [تقنيات ومحركات السيارات]، ما هو نظام الحقن المباشر للبنزين (GDI)؟,A) حقن الوقود في العادم | B) خلط الوقود بالزيت | C) حقن الوقود بضغط عالٍ جداً مباشرة داخل غرفة الاحتراق بدلاً من منفذ السحب لتحقيق احتراق أدق وأقوى | D) التبخير اليدوي,C
340,Cars,Medium,Multiple Choice,في [تقنيات ومحركات السيارات]، ما هو الفرق الأساسي بين التوربو ثنائي التمرير (Twin-Scroll) والتوربو الأحادي التقليدي؟,A) يحتوي على توربينين منفصلين | B) يعمل بالكهرباء فقط | C) يستخدم في الديزل فقط | D) يقسم غازات عادم الأسطوانات إلى مسارين منفصلين لمنع تداخل النبضات وتسريع استجابة التوربو عند دورات منخفضة,D
341,Cars,Medium,Multiple Choice,في [تقنيات ومحركات السيارات]، ما هي الميزة الرئيسية لمكابح الكربون سيراميك مقارنة بالمكابح الفولاذية التقليدية في سيارات الحلبات؟,A) مقاومة استثنائية للتلاشي الحراري عند درجات الحرارة العالية مع خفض الوزن غير المعلق بشكل ملحوظ | B) انخفاض سعرها | C) عدم الحاجة لسائل فرامل | D) عدم استبدالها أبداً,A
342,Cars,Medium,Multiple Choice,في [تقنيات ومحركات السيارات]، ماذا يعني قطر الأسطوانة (Bore) ومشوار المكبس (Stroke) في مواصفات محرك الاحتراق الداخلي؟,A) القوة والعزم | B) القطر هو اتساع فتحة الأسطوانة، والمشوار هو المسافة العمودية التي يقطعها المكبس صعوداً وهبوطاً | C) وزن المحرك | D) ضغط التوربو,B
343,Cars,Medium,Multiple Choice,في [تقنيات ومحركات السيارات]، ما هو نظام توجيه عزم الدوران (Torque Vectoring) في أنظمة الدفع الحديثة؟,A) توجيه السيارة بالأربع عجلات | B) تغيير نسب القير | C) التوزيع النشط المتفاوت لقوة العزم بدقة بين العجلات الفردية للمساعدة في دفع وتدوير السيارة داخل المنعطف ببراعة | D) خفض قوة المحرك,C
344,Cars,Medium,Multiple Choice,في [تقنيات ومحركات السيارات]، ماذا يعني 'الوزن غير المعلق' (Unsprung Weight) في شاسيه وهندسة تعليق السيارة؟,A) وزن كتلة المحرك | B) وزن الركاب والأمتعة | C) وزن السقف | D) وزن جميع المكونات التي لا يدعمها نظام التعليق كنوابض مثل العجلات والإطارات ومكابح العجلات ومحاور التدوير,D
345,Cars,Medium,Multiple Choice,في [تقنيات ومحركات السيارات]، ماذا تمثل زاوية الكامبر (Camber Angle) في محاذاة عجلات السيارة؟,A) ميلان الإطار الرأسي إلى الداخل أو الخارج عند النظر إلى السيارة من الأمام | B) ميلان الشاسيه للخلف | C) زاوية المقود | D) ارتفاع السيارة عن الأرض,A
346,Cars,Medium,Multiple Choice,في [تقنيات ومحركات السيارات]، ما هي تقنية التبديل العكسي للسرعات 'الكعب والمشط' (Heel-and-Toe) في القيادة الرياضية بناقل يدوي؟,A) الكبح بالقدم اليسرى | B) الضغط على دواسة المكابح بمشط القدم اليمنى وفي نفس الوقت الضغط بكعبها على دواسة الوقود لموازنة دورات المحرك قبل التبديل | C) الانطلاق بدون كلتش | D) التوقف المفاجئ,B
347,Cars,Medium,Multiple Choice,في [تقنيات ومحركات السيارات]، ما هو 'اختبار الوعل' الشهير (Moose Test) الذي ابتكره خبراء السيارات في السويد؟,A) صدم مجسمات الحيوانات | B) القيادة في الثلوج العميقة | C) مناورة مراوغة مفاجئة وسريعة لمحاكاة تجنب عائق غير متوقع على الطريق والعودة للمسار لتقييم ثبات السيارة ومنع انقلابها | D) اختبار سحب المقطورات,C
348,Cars,Medium,Multiple Choice,في [تقنيات ومحركات السيارات]، ما هو التعديل الهندسي الإلزامي الذي أجرته مرسيدس-بنز على الفئة A الأصلية عام 1997 بعد فشلها في اختبار الوعل؟,A) إعادة تصميم الفرامل | B) استبدال المحرك | C) إزالة المقاعد الخلفية | D) جعل نظام الثبات الإلكتروني (ESP) قياسياً وخفض وتعديل نظام التعليق لجميع النسخ,D
349,Cars,Medium,Multiple Choice,في [تقنيات ومحركات السيارات]، ما هي الميزة الرئيسية لخلايا بطاريات فوسفات حديد الليثيوم (LFP) مقارنة بخلايا النيكل والمنجنيز والكوبالت (NMC)؟,A) استقرار حراري ممتاز وعمر تشغيلي أطول وإمكانية شحنها بأمان حتى 100% يومياً دون استخدام معادن نادرة كالكوبالت | B) وزنها أخف بكثير | C) سرعتها أضعاف | D) لا تتأثر بالبرودة أبداً,A
350,Cars,Medium,Multiple Choice,في [تقنيات ومحركات السيارات]، ما هي تقنية المضخة الحرارية (Heat Pump) المستخدمة في مكيفات السيارات الكهربائية؟,A) حرق البنزين لتدفئة المقاعد | B) نظام ديناميكي حراري يمتص الحرارة المهدرة من البطارية والمحركات والجو الخارجي لتدفئة المقصورة بكفاءة فائقة موفراً طاقة المدى | C) مروحة سقف | D) مولد بخاري,B
351,Cars,Medium,Multiple Choice,في [تقنيات ومحركات السيارات]، ما هو الفرق الجوهري بين الشاحن من المستوى الثاني (Level 2) والشاحن السريع بالتيار المستمر (Level 3 DC Fast)؟,A) المستوى الثاني أسرع بكثير | B) المستوى الثاني مخصص للشاحنات فقط | C) المستوى الثاني يغذي السيارة بتيار متردد (AC) يستغرق ساعات، بينما المستوى 3 يضخ تياراً مستمراً (DC) عالي الفولتية مباشرة للبطارية في 15-30 دقيقة | D) المستوى 3 يعمل بالرياح,C
352,Cars,Medium,Multiple Choice,في [تقنيات ومحركات السيارات]، ما هي تقنية 'الصب العملاق' (Giga Casting / Megacasting) في تصنيع هياكل السيارات الحديثة؟,A) طباعة الهياكل ثلاثية الأبعاد | B) تصنيع الهيكل يدوياً بالمطارق | C) لحام مئات الصفائح | D) استخدام ماكينات ضغط هيدروليكية جبارة لصب مقاطع شاسيه ضخمة كاملة من الألومنيوم كقطعة واحدة مسبوكة بدلاً من لحام عشرات الأجزاء,D
353,Cars,Medium,Multiple Choice,في [تقنيات ومحركات السيارات]، كيف تعمل مكابح الهواء النشطة (Airbrake) في السيارات الخارقة عند الكبح المفاجئ من سرعات عالية؟,A) يرتفع الجناح الخلفي الآلي بزاوية عمودية حادة ليعمل كشراع هوائي يزيد قوة السحب المعاكسة والضغط السفلي على المحور الخلفي | B) تفتح الأبواب تلقائياً | C) تنزل مظلة خلفية | D) تنعكس مراوح التبريد,A
354,Cars,Medium,Multiple Choice,في [تقنيات ومحركات السيارات]، ما هي شبكة CAN Bus (Controller Area Network) في السيارات؟,A) حافلة لنقل الركاب | B) بروتوكول اتصال شبكي قوي يسمح لوحدات التحكم الإلكترونية المتعددة (المحرك، الفرامل، الوسائد) بالتواصل معاً بسلكين فقط دون حزمة أسلاك معقدة | C) هوائي الإنترنت اللاسلكي | D) كابل الشحن,B
355,Cars,Medium,Multiple Choice,في [تقنيات ومحركات السيارات]، ما هي وظيفة صمام تفريغ الهواء (Blow-Off Valve / Diverter Valve) في محركات التوربو؟,A) كتم صوت المحرك | B) رش الوقود داخل التوربو | C) تفريغ ضغط الهواء المحبوس في أنابيب السحب عند إغلاق دواسة الوقود لحماية ريش التوربين من التباطؤ العنيف والضرر | D) تنظيف فلتر الهواء,C
356,Cars,Medium,Multiple Choice,في [تقنيات ومحركات السيارات]، كيف يُستغل 'تأثير فنتوري' (Venturi Effect) في هندسة ديناميكا الهواء السفلية (Ground Effects) لسيارات السباق؟,A) لتبريد ماء الرديتر | B) إزالة الضباب عن الزجاج | C) ضخ الهواء للمقصورة | D) بتضييق الأنفاق الهوائية أسفل أرضية السيارة لتسريع تدفق الهواء، مما يخلق منطقة ضغط منخفض تسحب وتلصق السيارة بالإسفلت بقوة هائلة,D
357,Cars,Medium,Multiple Choice,في [تقنيات ومحركات السيارات]، ما هي وظيفة صمام تهوية علبة الكرنك الإيجابية (PCV Valve) في محركات الوقود؟,A) سحب الغازات المتسربة والضارة داخل علبة الكرنك وإعادة توجيهها لغرفة الاحتراق لحرقها ومنع تكون الضغط المفرط وتلف الصوف | B) زيادة تدفق الوقود | C) خفض حرارة الزيت | D) تصريف ماء التبريد,A
358,Cars,Medium,Multiple Choice,في [تقنيات ومحركات السيارات]، ما هي تقنية التوجيه السلكي الإلكتروني (Steer-by-Wire) بنسب متغيرة في السيارات المستقبلية؟,A) التوجيه عبر كابلات حديدية كالدراجات | B) نظام يستبدل عمود التوجيه الميكانيكي بحساسات إلكترونية ومحركات كهربائية على العجلات لضبط زاوية الالتفاف ديناميكياً بدون تشابك يدين | C) القيادة بالمغناطيس | D) التحكم بالصوت,B
359,Cars,Medium,Multiple Choice,في [تقنيات ومحركات السيارات]، ماذا يعني الخط الأحمر (Redline) في عداد دورات محرك السيارة؟,A) السرعة المثالية للرحلات | B) أدنى سرعة خمول | C) أقصى حد آمن لسرعة دوران المحرك بالدقيقة والذي لا ينبغي تجاوزه لتفادي التلف الميكانيكي للصمامات والبساتم | D) موعد تغيير الزيت,C
360,Cars,Medium,Multiple Choice,في [تقنيات ومحركات السيارات]، كيف يعمل نظام توجيه المسار عبر المكابح (Brake Vectoring) عند الانعطاف السريع؟,A) قفل العجلات الأربع فوراً | B) رفع فرامل اليد | C) فصل ناقل الحركة | D) تطبيق كبح طفيف ومدروس على العجلة الخلفية الداخلية للمنطقع لتوليد عزم انعطاف يساعد مقدمة السيارة على الدخول السلس دون انزلاق,D
361,Cars,Medium,Multiple Choice,في [رياضة المحركات وفورمولا 1]، من هو السائق الوحيد في تاريخ سباقات السيارات الذي حقق التاج الثلاثي الأسطوري (فوز بموناكو وإنديانابوليس ولومان)؟,A) غراهام هيل | B) ماريو أندريتي | C) فرناندو ألونسو | D) جاكي إيكس,A
362,Cars,Medium,Multiple Choice,في [رياضة المحركات وفورمولا 1]، كيف انتهى سباق لومان 24 ساعة التاريخي لعام 1966 لسيارات فورد GT40 بمواجهة فيراري؟,A) فازت فيراري بفارق لفة | B) عبرت ثلاث سيارات فورد GT40 خط النهاية معاً في صورة استعراضية متتالية محققة المركز الأول والثاني والثالث تاريخياً | C) تعطلت كل سيارات فورد | D) ألغي السباق للأمطار,B
363,Cars,Medium,Multiple Choice,في [رياضة المحركات وفورمولا 1]، ماذا كانت حقبة 'المجموعة ب' (Group B) الأسطورية في بطولة العالم للراليات خلال منتصف الثمانينيات؟,A) فئة للسيارات الاقتصادية | B) سيارات كهربائية تجريبية | C) حقبة سيارات رالي خارقة بقوة تفوق 500 حصان ودفع كلي بدون قيود تقنية تقريباً وتم إلغاؤها بعد حوادث مأساوية | D) سباقات حلبات قصيرة,C
364,Cars,Medium,Multiple Choice,في [رياضة المحركات وفورمولا 1]، ما هو الإنجاز التاريخي الخالد الذي حققته مازدا 787B في سباق لومان 24 ساعة لعام 1991؟,A) أول سيارة هجينة تنهي السباق | B) أول سيارة دفع كلي تفوز | C) أسرع سيارة في خط الانطلاق | D) أول صانع ياباني في التاريخ يحرز فوزاً إجمالياً بلومان وأول سيارة بمحرك دوار (وانكل) تفوز بالسباق,D
365,Cars,Medium,Multiple Choice,في [رياضة المحركات وفورمولا 1]، ما هو منعطف 'الكورك سكرو' (The Corkscrew) الأسطوري على حلبة لاغونا سيكا في كاليفورنيا؟,A) منعطف مزدوج أعمى يهبط فجأة بارتفاع يعادل مبنى من خمسة طوابل ونصف خلال ثوانٍ معدودة | B) نفق مظلم | C) منعطف مائي زلق | D) حلقة دائرية مائلة,A
366,Cars,Medium,Multiple Choice,في [رياضة المحركات وفورمولا 1]، ما هو فريق F1 البريطاني العريق الذي أسسه فرانك ويليامز وباتريك هيد وهيمن على بطولات التسعينيات بأنظمته المتطورة؟,A) فريق لوتس | B) ويليامز ريسينغ | C) تيريل | D) برابهام,B
367,Cars,Medium,Multiple Choice,في [رياضة المحركات وفورمولا 1]، ما هو الهدف الهندسي من سيارة Tyrrell P34 الثورية ذات العجلات الست في موسم 1976 لـ F1؟,A) توفير دفع سداسي | B) حمل عجلات احتياطية | C) استخدام أربع عجلات أمامية صغيرة مقاس 10 بوصات تختفي خلف الجناح الأمامي لتقليل مقاومة الهواء وزيادة مساحة تماسك المكابح | D) مقاومة الأمطار,C
368,Cars,Medium,Multiple Choice,في [رياضة المحركات وفورمولا 1]، من هو السائق الأمريكي الأسطوري الذي أحرز بطولة العالم لسباقات فورمولا 1 عام 1978 بسيارة لوتس ذات التأثير الأرضي؟,A) إيه جي فويت | B) دان غورني | C) آل أنسر | D) ماريو أندريتي,D
369,Cars,Medium,Multiple Choice,في [رياضة المحركات وفورمولا 1]، ما هي رفرافة 'جورني فلاب' (Gurney Flap) الشهيرة في ديناميكا سيارات السباق؟,A) شفة معدنية صغيرة عمودية بزاوية قائمة تثبت على الحافة الخلفية للجناح لزيادة القوة الضاغطة بشكل هائل دون زيادة مقاومة الهواء | B) جناح مرن | C) فتحة تهوية بالمقصورة | D) شفرة كربونية للمكابح,A
370,Cars,Medium,Multiple Choice,في [رياضة المحركات وفورمولا 1]، لماذا أضيفت شيكانتان (منعطفان مزدوجان) على المستقيم الأسطوري 'مولسان' في لومان عام 1990؟,A) لبناء مدرجات جديدة | B) فرضت FIA كسر المستقيمات التي تتجاوز 2 كم بعدما تجاوزت سرعة السيارات حاجز 400 كم/س بما يهدد سلامة الإطارات | C) لتخفيف الضوضاء | D) لمرور القطارات,B
371,Cars,Medium,Multiple Choice,في [رياضة المحركات وفورمولا 1]، ما هو اللقب الشهير لسيارة لومان الأسطورية بورشه 917/20 لعام 1971 المطلية باللون الوردي ومخططة كقطع اللحم؟,A) السهم الفضي | B) الوحش الأسود | C) الخنزير الوردي | D) الدب البافاري,C
372,Cars,Medium,Multiple Choice,في [رياضة المحركات وفورمولا 1]، من هم السائقون الثلاثة الأساطير الذين فاز كل منهم بـ 7 بطولات في تاريخ سلسلة سباقات ناسكار؟,A) جيف جوردون وتوني ستيوارت ومارك مارتن | B) كين شريفر وديل جاريت وبوبي أليسون | C) داريل والتريب وكيل ياربرو وبوبي آيزاك | D) ريتشارد بيتي، وديل إيرنهاردت، وجيمي جونسون,D
373,Cars,Medium,Multiple Choice,في [رياضة المحركات وفورمولا 1]، من هو السائق الفرنسي الحائز على 4 بطولات عالم في F1 والملقب بـ 'البروفيسور' لدقته التكتيكية وحساباته الذكية؟,A) آلان بروست | B) جان أليزي | C) رينيه أرنو | D) ديدييه بيروني,A
374,Cars,Medium,Multiple Choice,في [رياضة المحركات وفورمولا 1]، من هو السائق النمساوي الشجاع الذي فاز ببطولة العالم لـ F1 عام 1970 بعد وفاته بحادث مونزا، ليكون البطل الوحيد المتوج غيابياً؟,A) نيكي لاودا | B) يوخن ريندت | C) غيرهارد بيرغر | D) هيلموت ماركو,B
375,Cars,Medium,Multiple Choice,في [رياضة المحركات وفورمولا 1]، ما هي المنافسة الأسطورية الشرسة في موسم 1976 التي وثقها فيلم هوليوود 'Rush'؟,A) فيراري ضد ويليامز | B) لوتس ضد برابهام | C) جيمس هانت (مكلارين) ضد نيكي لاودا (فيراري) بعد عودته المعجزة من الحريق | D) سينا ضد بروست,C
376,Cars,Medium,Multiple Choice,في [رياضة المحركات وفورمولا 1]، ما هو المنعطف الأسطوري الصاعد 'أو روج وريديون' على حلبة سبا البلجيكية؟,A) خط نهاية أحمر | B) منطقة حوادث تاريخية | C) منعطف من الطوب | D) هبوط خاطف يليه صعود أعمى فائق السرعة عبر منعطفات يسار-يمين تضغط السائق بقوى تسارع جاذبية عملاقة,D
377,Cars,Medium,Multiple Choice,في [رياضة المحركات وفورمولا 1]، ما هي استراتيجية الصيانة 'الأوفر كت' (Overcut) في سباقات الجائزة الكبرى؟,A) البقاء على المسار لفترة أطول بهواء نقي ووتيرة سريعة بينما يكون المنافس عالقاً في الزحام بإطاراته الجديدة لتجاوزه بعد التوقف | B) التوقف قبل المنافس | C) تغيير إطارين فقط | D) القيادة داخل خط الصيانة مرتين,A
378,Cars,Medium,Multiple Choice,في [رياضة المحركات وفورمولا 1]، ما هي سيارة F1 الشهيرة لعام 1978 المزودة بمروحة شفط خلفية عملاقة صممها جوردون موراي وفازت بسباقها الوحيد قبل حظرها؟,A) لوتس 79 | B) برابهام BT46B 'السيارة المروحة' | C) تيريل 008 | D) فيراري 312T3,B
379,Cars,Medium,Multiple Choice,في [رياضة المحركات وفورمولا 1]، ما هو محرك التوربو المرعب سعة 1.5 لتر بأربع أسطوانات لعام 1986 الذي ولد أكثر من 1400 حصان في التجارب التأهيلية مع فريق بينيتون؟,A) كوزوورث DFV | B) رينو EF1 | C) بي إم دبليو M12/13 تيربو | D) هوندا RA168E,C
380,Cars,Medium,Multiple Choice,في [رياضة المحركات وفورمولا 1]، ما هي الحلبة الأسترالية الأسطورية في نيو ساوث ويلز الممتدة فوق جبل بانوراما وتستضيف سباق باثورست 1000؟,A) ألبرت بارك | B) فيليب آيلاند | C) أديليد | D) حلبة ماونت بانوراما,D
381,Cars,Medium,Multiple Choice,في [رياضة المحركات والسباقات]، ما هي قاعدة '107%' الشهيرة في التجارب التأهيلية لسباقات فورمولا 1؟,A) استبعاد أي سائق يفشل في تسجيل زمن لفة ضمن 107% من زمن صاحب الصدارة الأول في المرحلة الأولى للتصفيات لأسباب السلامة | B) تحديد سرعة الصيانة | C) وزن السيارة الأدنى | D) نسبة استهلاك الوقود,A
382,Cars,Medium,Multiple Choice,في [رياضة المحركات والسباقات]، ما هي العواقب المأساوية لحادث كارثة سباق لومان عام 1955 التي راح ضحيتها أكثر من 80 شخصاً؟,A) إلغاء سباق لومان نهائياً | B) فرض قيود أمان مشددة على الحلبات وحظر سباقات السيارات تماماً في سويسرا لعشرات السنين وانسحاب مرسيدس من رياضة السيارات لعقود | C) حظر المحركات السريعة | D) إلغاء فئة السيارات الرياضية,B
383,Cars,Medium,Multiple Choice,في [رياضة المحركات والسباقات]، لماذا اعتبرت سيارات 'المجموعة ب' (Group B) في راليات الثمانينيات الأخطر في تاريخ رياضة المحركات؟,A) لأنها كانت بدون أبواب | B) لأنها لم تكن مزودة بمكابح | C) لتوليدها قوى تتخطى 500 حصان في هياكل خفيفة جداً من ألياف الكربون مع سرعات خارقة بين الجماهير المحتشدة على أطراف المسار | D) لبطئها الشديد,C
384,Cars,Medium,Multiple Choice,في [رياضة المحركات والسباقات]، كيف كتبت مازدا اسمها بحروف من ذهب في تاريخ سباق لومان 24 ساعة عام 1991؟,A) فازت بأول محرك هجين | B) أنهت السباق بثلاث عجلات | C) كانت أول سيارة بدون وقود | D) أصبحت أول صانع سيارات ياباني في التاريخ يفوز بالسباق والأول والوحيد الذي يفوز بمحرك دوار,D
385,Cars,Medium,Multiple Choice,في [رياضة المحركات والسباقات]، ما هي نتيجة الصراع التاريخي بين فورد وفيراري في سباق لومان 24 ساعة عام 1966؟,A) سيطرت سيارات فورد GT40 Mk II الثلاث على منصة التتويج كاملة بمراكزها الثلاثة الأولى مكسرة هيمنة فيراري | B) فازت فيراري | C) تعطلت كل سيارات فورد | D) توقف السباق بسبب المطر,A
386,Cars,Medium,Multiple Choice,في [رياضة المحركات والسباقات]، ماذا تعني منطقة 'بارك فيرميه' (Parc Fermé) في سباقات الحلبات؟,A) صالة كبار الزوار | B) منطقة حظر مغلقة وآمنة تحت رقابة الحكام لا يسمح للفرق بإجراء أي تعديلات على السيارات فيها بعد التأهيل لضمان النزاهة | C) منطقة تغيير الإطارات | D) فندق السائقين,B
387,Cars,Medium,Multiple Choice,في [رياضة المحركات والسباقات]، ما هي التقنية الديناميكية الهوائية الثورية التي أدخلتها سيارة لوتس 78 عام 1977 لامتصاص السيارة نحو الأسفلت؟,A) الأجنحة القابلة للسحب | B) غاز النيتروجين بالعادم | C) أنفاق التأثير الأرضي الجانبية (Ground Effects) ذات الحواف المرنة التي تخلق شفطاً هائلاً تحت السيارة | D) المراوح النفاثة,C
388,Cars,Medium,Multiple Choice,في [رياضة المحركات والسباقات]، لماذا وضعت الشيكانات في مستقيم مولسان الأسطوري بحلبة لومان عام 1990؟,A) لتحسين التجاوز | B) لتقصير مسافة الحلبة | C) لتوسيع خط السكة الحديدية | D) لأن سرعة سيارات المجموعة C وصلت إلى 407 كم/ساعة مما شكل خطراً غير مسبوق على انفجار الإطارات بسببه,D
389,Cars,Medium,Multiple Choice,في [رياضة المحركات والسباقات]، ما هو منعطف 'Corkscrew' الأسطوري في حلبة لاغونا سيكا بولاية كاليفورنيا؟,A) منعطف مزدوج يسار-يمين أعمى مع هبوط رأسي مفاجئ بارتفاع 5 طوابق ونصف | B) منعطف بيضاوي مائل | C) منعطف مائي مغمور | D) نفق تحت الأرض,A
390,Cars,Medium,Multiple Choice,في [رياضة المحركات والسباقات]، ما هي الميزة التقنية التي تميزت بها سيارة Tyrrell P34 لعام 1976 في فورمولا 1؟,A) امتلاك إطارات احتياطية | B) تزويدها بـ 6 عجلات (أربع عجلات توجيه صغيرة في الأمام) لتقليل مقاومة الهواء وزيادة سطح الكبح | C) محرك ديزل | D) سقف زجاجي بالكامل,B
391,Cars,Medium,Multiple Choice,في [رياضة المحركات والسباقات]، ما هو الفريق البريطاني العريق الذي أحرز تسعة ألقاب للصانعين في F1 في السبعينيات والثمانينيات والتسعينيات؟,A) لوتس | B) تيريل | C) ويليامز جراند بري | D) ساوبر,C
392,Cars,Medium,Multiple Choice,في [رياضة المحركات والسباقات]، ما هي سيارة فورمولا 1 التوربينية المرعبة لعام 1986 المزودة بمحرك BMW M12 تجاوزت قوته 1400 حصان في التصفيات؟,A) فيراري 126C2 | B) رينو RE40 | C) ويليامز FW11 | D) بينيتون B186,D
393,Cars,Medium,Multiple Choice,في [رياضة المحركات والسباقات]، من هو السائق الأمريكي الأسطوري الفائز ببطولة العالم لـ F1 لعام 1978 وبطولات إندي كار ودايتونا 500 وإندي 500؟,A) ماريو أندريتي | B) دان غورني | C) إيه جي فويت | D) فيل هيل,A
394,Cars,Medium,Multiple Choice,في [رياضة المحركات والسباقات]، من هو السائق والمهندس الأمريكي المبتكر الذي بدأ تقليد رش الشمبانيا على منصة لومان 1967 وابتكر رفرافة الجناح الشهيرة؟,A) كارول شيلبي | B) دان غورني | C) فيل هيل | D) بروس ماكلارين,B
395,Cars,Medium,Multiple Choice,في [رياضة المحركات والسباقات]، ما هي رفرافة 'جورني فلاب' (Gurney Flap) المثبتة على الجناح الخلفي للسيارات؟,A) مشتت هواء سفلي | B) جناح مرن | C) لسان صغير عمودي بزاوية 90 درجة يولد قوة ضاغطة سفلية هائلة مع زيادة طفيفة جداً في مقاومة الهواء | D) ممتص صدمات جانبي,C
396,Cars,Medium,Multiple Choice,في [رياضة المحركات والسباقات]، ما هو منعطف 'أو روج' (Eau Rouge) الأسطوري في حلبة سبا-فرانكورشان البلجيكية؟,A) منطقة حوادث حمراء | B) كثبان رملية | C) منعطف مائي ضيق | D) منعطف صاعد سريع جداً يخلق ضغط تسارع عملاق يصل إلى 4G أثناء تسلق تلة الغابات البلجيكية,D
397,Cars,Medium,Multiple Choice,في [رياضة المحركات والسباقات]، ما هو الإنجاز الأسطوري لسيارة بورشه 917 ذات المحرك المسطح Flat-12 في سباقات التحمل مطلع السبعينيات؟,A) محرك تبريد هوائي خارق وقوة هائلة قادت بورشه لتحقيق أول انتصارين إجماليين لها في تاريخ لومان 24 ساعة | B) أول سيارة ديزل | C) سيارة كهربائية نقية | D) سيارة ذات مقعدين بجوار بعضهما,A
398,Cars,Medium,Multiple Choice,في [رياضة المحركات والسباقات]، ما هو الفرق التكتيكي في سباقات F1 بين استراتيجية 'الأندركت' (Undercut) و'الأوفركت' (Overcut)؟,A) استبدال 6 إطارات | B) الأندركت يعني الدخول لتبديل الإطارات قبل المنافس بلفة واستغلال تماسك الإطارات الجديدة للتجاوز، بينما الأوفركت هو البقاء على المسار في هواء نقي | C) تغيير السائق | D) تزويد الوقود,B
399,Cars,Medium,Multiple Choice,في [رياضة المحركات والسباقات]، من هو السائق المعاصر الذي عادل الرقم القياسي الأسطوري بـ 7 بطولات في سلسلة كأس ناسكار الممتازة؟,A) جيف جوردون | B) توني ستيوارت | C) جيمي جونسون | D) كايل بوش,C
400,Cars,Medium,Multiple Choice,في [رياضة المحركات والسباقات]، ما هو السبب التقني الحاسم الذي جعل FIA تحظر أنظمة التعليق النشط (Active Suspension) بعد هيمنة ويليامز 1992-1993؟,A) تسببها في حرائق | B) ثقل وزنها الزائد | C) تكاليفها البسيطة | D) خفض التكاليف المتصاعدة للفرق والحد من السرعات الجنونية في المنعطفات وإعادة السيطرة الكاملة لمهارة السائق المباشرة,D
401,Cars,Hard,Multiple Choice,[⭐] [badge:mercedes_star] ما هي علامة السباقات الألمانية التاريخية التي تسابقت بسيارات 'السهام الفضية' في الثلاثينيات وسيارة CLK GTR في التسعينيات تحت هذا الشعار؟,A) ميرسيدي-بنز | B) بيمر | C) أودي | D) فولكسفاجن,A
402,Cars,Hard,Multiple Choice,[⭐] [badge:mercedes_star] ما هو صانع السيارات الذي يمثل شعاره رؤية غوتليب دايملر للمحركات الشاملة في البر والبحر والجو؟,A) بيمر | B) ميرسيدي-بنز | C) أودي | D) فولكسفاجن,B
403,Cars,Hard,Multiple Choice,[🔘🔘🔘🔘] [badge:audi_twisted_rings] ما هو الصانع الألماني المتشكل من اندماج أربع شركات (أودي، دي كيه دبليو، هورش، وفانديرر) عام 1932 تحت هذا الشعار ذي الحلقات الأربع؟,A) بيمر | B) ميرسيدي-بنز | C) أودي | D) أوبل,C
404,Cars,Hard,Multiple Choice,[🔘🔘🔘🔘] [badge:audi_twisted_rings] ما هي العلامة التي فازت بسباق لومان 24 ساعة بمحركات ديزل TDI الهندسية الرائدة وسيارات إي-ترون الهجينة تحت هذا الشعار؟,A) بيمر | B) ميرسيدي-بنز | C) أوبل | D) أودي,D
405,Cars,Hard,Multiple Choice,[⭕] [badge:toyota_ellipses] ما هي العلامة التي صنعت الكوبيه الرياضية الخالدة 2000GT عام 1967 يدوياً بالتعاون الهندسي مع ياماها تحت هذا الشعار؟,A) تويوتو | B) هوندو | C) نيسون | D) مازدو,A
406,Cars,Hard,Multiple Choice,[⭕] [badge:toyota_ellipses] ما هو الصانع الذي يرمز شكليه البيضاويين الداخليين المتعامدين في شعاره إلى الثقة المتبادلة بين العميل وشركة السيارات؟,A) هوندو | B) تويوتو | C) نيسون | D) مازدو,B
407,Cars,Hard,Multiple Choice,[🎗️] [badge:chevrolet_bowtie] ما هو القسم الأمريكي الذي أحدث ثورة بتقديم الجيل الثامن C8 من سيارته الرياضية بمحرك وسطي عام 2020 تحت شعار ربطة العنق هذا؟,A) فورد | B) دوجي | C) شيفروليت | D) بونتياك,C
408,Cars,Hard,Multiple Choice,[🎗️] [badge:chevrolet_bowtie] ما هي شركة السيارات التي استوحى مؤسسها بيلي دورانت شعار ربطة العنق الشهير هذا من ورق حائط في فندق باريسي عام 1913؟,A) فورد | B) دوجي | C) بونتياك | D) شيفروليت,D
409,Cars,Hard,Multiple Choice,[⚡] [badge:tesla_t_plug] ما هي شركة السيارات التي أطلقت أول سيارة رياضية إنتاجية لها عام 2008 بالاعتماد على شاسيه لوتس إليز تحت هذا الشعار؟,A) تيسلا | B) ريفيان | C) لوسيد | D) بولستار,A
410,Cars,Hard,Multiple Choice,[⚡] [badge:tesla_t_plug] ما هو صانع السيارات الكهربائية الذي صُمم شعاره هندسياً ليمثل مقطعاً عرضياً من الجزء الدوار والثابت لمحرك الحث الكهربائي؟,A) ريفيان | B) تيسلا | C) لوسيد | D) بولستار,B
411,Cars,Hard,Multiple Choice,[🛡️] [badge:porsche_crest] ما هو الصانع الذي حقق 19 فوزاً إجمالياً بسباق لومان 24 ساعة بدءاً من الأيقونة ذات المحرك المسطح Flat-12 طراز 917K عام 1970 تحت هذا الدرع؟,A) بيمر | B) أودي | C) بورش | D) ميرسيدي-بنز,C
412,Cars,Hard,Multiple Choice,[🛡️] [badge:porsche_crest] ما هو الصانع الذي يجمع درع شعاره بين حصان مدينة شتوتغارت وقرون الوعل والخطوط الحمراء والسوداء لدولة فورتمبيرغ التاريخية؟,A) بيمر | B) أودي | C) ميرسيدي-بنز | D) بورش,D
413,Cars,Hard,Multiple Choice,[🐎] [badge:ferrari_rearing_horse] ما هو فريق السباقات الإيطالي العريق الذي نافس في كل موسم من مواسم بطولة العالم لسباقات فورمولا 1 منذ 1950 تحت رمز الحصان هذا؟,A) فيراري | B) لامبورجيني | C) مازيراتي | D) باجاني,A
414,Cars,Hard,Multiple Choice,[🐎] [badge:ferrari_rearing_horse] ما هو صانع السيارات الذي استعار شعار الحصان الجامح من طائرة الطيار المقاتل الإيطالي البطل في الحرب العالمية الأولى فرانشيسكو باراكا؟,A) لامبورجيني | B) فيراري | C) مازيراتي | D) باجاني,B
415,Cars,Hard,Multiple Choice,[🐂] [badge:lamborghini_bull] ما هو صانع السوبركار الذي أسسه صانع جرارات زراعية في سانتاغاتا بولونييزي عام 1963 بعد خلاف حاد مع إنزو فيراري حول الكلتش؟,A) فيراري | B) بوغاتي | C) لامبورجيني | D) مازيراتي,C
416,Cars,Hard,Multiple Choice,[🐂] [badge:lamborghini_bull] ما هي الشركة التي صنعت طراز ميورا (Miura) بمحرك V12 وسطي عرضي عام 1966، والتي تصنف كأول سوبركار حقيقية في تاريخ السيارات؟,A) فيراري | B) بوغاتي | C) مازيراتي | D) لامبورجيني,D
417,Cars,Hard,Multiple Choice,[✨] [badge:subaru_pleiades_stars] ما هي العلامة التي حققت ثلاثة ألقاب متتالية للصانعين في بطولة العالم للراليات (1995-1997) مع السائق الأسطوري كولين ماكراي تحت هذا الشعار؟,A) سوبارو | B) ميتسوبيشي | C) تويوتو | D) سوزوكي,A
418,Cars,Hard,Multiple Choice,[✨] [badge:subaru_pleiades_stars] ما هي شركة السيارات التي يمثل اسمها وشعارها اللفظ الياباني لعنقود نجوم الثريا ('موتسورابوشي') الستة التي وحدت شركات فوجي للصناعات الثقيلة؟,A) ميتسوبيشي | B) سوبارو | C) تويوتو | D) سوزوكي,B
419,Cars,Hard,Multiple Choice,[🔵] [badge:ford_blue_oval] ما هو العملاق الصناعي الأمريكي الذي أحدث ثورة صناعية عالمية بابتكار خط التجميع المتحرك للسيارات في مصنع هايلاند بارك عام 1913؟,A) شيفروليت | B) دوجي | C) فورد | D) كاديلاك,C
420,Cars,Hard,Multiple Choice,[🔵] [badge:ford_blue_oval] ما هي الشركة الأمريكية التي اعتمدت محرك Boss 429 V8 الأسطوري نصف الكروي العملاق عام 1969 للتأهل لسباقات ناسكار تحت هذا الشعار؟,A) شيفروليت | B) دوجي | C) كاديلاك | D) فورد,D
421,Cars,Hard,Multiple Choice,"[🪽] [badge:aston_martin_wings] ما هو الصانع البريطاني الفاخر الذي طور الهايبركار فالكيري بالتعاون مع مصمم فورمولا 1 العبقري أدريان نيوي بمحرك كوزوورث V12 يدور حتى 11,100 د/د؟",A) أستون-مارتن | B) بنتلي | C) جاكوار | D) ماكلارين,A
422,Cars,Hard,Multiple Choice,[🪽] [badge:aston_martin_wings] ما هي شركة السيارات الرياضية البريطانية التي تحمل طرازاتها الأيقونية الحرفين 'DB' تكريماً للسير ديفيد براون الذي اشترى العلامة عام 1947؟,A) بنتلي | B) أستون-مارتن | C) جاكوار | D) ماكلارين,B
423,Cars,Hard,Multiple Choice,[⚔️] [badge:volvo_battleaxe] ما هي شركة السيارات التي أدهشت جماهير السباقات بمشاركتها بسيارة ستيشن واجن عائلية (850 Estate) في بطولة بريطانيا لسيارات السياحة 1994؟,A) ساب | B) كونيجسيج | C) فولفو | D) بولستار,C
424,Cars,Hard,Multiple Choice,[⚔️] [badge:volvo_battleaxe] ما هو الصانع الذي يمثل شعاره الرمز الكيميائي والخيميائي القديم للحديد (كوكب المريخ)، رمزاً للمتانة وقوة الصلب السويدي؟,A) ساب | B) كونيجسيج | C) بولستار | D) فولفو,D
425,Cars,Hard,Multiple Choice,[🐆] [badge:jaguar_leaping] ما هو الصانع البريطاني الذي هيمن على سباق لومان 24 ساعة في الخمسينيات بسيارتي السباق الانسيابيتين C-Type وD-Type ذات الزعنفة الخلفية؟,A) جاكوار | B) بنتلي | C) أستون-مارتن | D) لاند-روفر,A
426,Cars,Hard,Multiple Choice,[🐆] [badge:jaguar_leaping] ما هي شركة السيارات التي تأسست في بلاكبول عام 1922 كشركة لعربات الدراجات الجانبية (Swallow Sidecar) قبل تغيير اسمها بعد الحرب لهذا الحيوان المفترس؟,A) بنتلي | B) جاكوار | C) أستون-مارتن | D) لاند-روفر,B
427,Cars,Hard,Multiple Choice,[🎧] [badge:honda_headphones] ما هي الشركة اليابانية التي أسسها سويتشيرو هوندا عام 1948 ونمت لتصبح أكبر منتج لمحركات الاحتراق الداخلي في العالم تحت هذا الشعار؟,A) تويوتو | B) نيسون | C) هوندو | D) مازدو,C
428,Cars,Hard,Multiple Choice,[🎧] [badge:honda_headphones] ما هو مزود المحركات الياباني الذي قاد فريق مكلارين وأسطورة السباقات آيرتون سينا للسيطرة على بطولات فورمولا 1 بمحركات V10 وV12 خارقة؟,A) تويوتو | B) نيسون | C) مازدو | D) هوندو,D
429,Cars,Hard,Multiple Choice,[🤝] [badge:hyundai_italic_h] ما هو الصانع الذي طور منصة E-GMP الكهربائية المخصصة بنظام 800V فائق الشحن الذي يعيد شحن البطارية من 10% إلى 80% في 18 دقيقة تحت هذا الشعار؟,A) هيونداي | B) كيا | C) دايو | D) جينيسيس,A
430,Cars,Hard,Multiple Choice,[🤝] [badge:hyundai_italic_h] ما هو صانع السيارات الذي صمم شعار حرف 'H' المائل ليرمز هندسياً لشخصين (ممثل الشركة والعميل الراضي) يتصافحان باليد؟,A) كيا | B) هيونداي | C) دايو | D) جينيسيس,B
431,Cars,Hard,Multiple Choice,[🛑] [badge:nissan_circle_bar] ما هي شركة السيارات التي كانت تبيع طرازاتها عالمياً تحت اسم 'داتسون' قبل توحيد علامتها تحت هذا الشعار الدائري؟,A) تويوتو | B) هوندو | C) نيسون | D) مازدو,C
432,Cars,Hard,Multiple Choice,[🛑] [badge:nissan_circle_bar] ما هي الشركة التي طورت نظام الدفع الرباعي الإلكتروني المتطور ATTESA E-TS ومحرك VC-Turbo بنسبة الانضغاط المتغيرة تحت هذا الشعار؟,A) تويوتو | B) هوندو | C) مازدو | D) نيسون,D
433,Cars,Hard,Multiple Choice,[🪽] [badge:bentley_wings] ما هي دار تصنيع السيارات الفاخرة في كرو التي فازت بسباق لومان 24 ساعة عام 2003 بسيارة السباق النموذجية الانسيابية Speed 8 تحت هذا الشعار؟,A) بنتلي | B) رولز-رويس | C) أستون-مارتن | D) جاكوار,A
434,Cars,Hard,Multiple Choice,[🪽] [badge:bentley_wings] ما هو صانع السيارات الذي تأسس في لندن عام 1919 بواسطة دبليو أو بنتلي بهدف بناء 'سيارة سريعة، سيارة جيدة، الأفضل في فئتها'؟,A) رولز-رويس | B) بنتلي | C) أستون-مارتن | D) جاكوار,B
435,Cars,Hard,Multiple Choice,[🐏] [badge:ram_head] ما هي شركة الشاحنات التي سجلت براءة اختراع نظام 'RamBox' لصناديق التخزين الجانبية المدمجة والمقفلة والمزودة بمزاريب تصريف في جوانب الحوض؟,A) فورد | B) شيفروليت | C) رام | D) جي-ام-سي,C
436,Cars,Hard,Multiple Choice,[🐏] [badge:ram_head] ما هي سلالة الشاحنات الأمريكية التي أنتجت شاحنة SRT-10 الخارقة عام 2004 المزودة بمحرك الأفعى V10 سعة 8.3 لتر بقوة 500 حصان من دوج فايبر؟,A) فورد | B) شيفروليت | C) جي-ام-سي | D) رام,D
437,Cars,Hard,Multiple Choice,[📐] [badge:acura_caliper] ما هي العلامة الفاخرة التي ابتكرت نظام الدفع الكلي SH-AWD المزود بتروس تسريع تفاضلية خلفية لتوجيه عزم الدوران بدقة فائقة في المنعطفات؟,A) أكيورا | B) لكزس | C) إنفينيتي | D) جينيسيس,A
438,Cars,Hard,Multiple Choice,[📐] [badge:acura_caliper] ما هو صانع السيارات الذي اشتق اسمه من اللاتينية 'Acu' (بمعنى دقيق أو حاد) واستوحى شعاره من أداة الفرجار الميكانيكية للقياس الدقيق؟,A) لكزس | B) أكيورا | C) إنفينيتي | D) جينيسيس,B
439,Cars,Hard,Multiple Choice,[🛡️🛡️🛡️] [badge:buick_tri_shield] ما هي العلامة التي كانت دروعها الثلاثة ترمز تاريخياً لطرازاتها الثلاثة الرائدة لعام 1960: لو سابر، وإنفيكتا، وإلكترا؟,A) كاديلاك | B) شيفروليت | C) بيويك | D) بونتياك,C
440,Cars,Hard,Multiple Choice,[🛡️🛡️🛡️] [badge:buick_tri_shield] ما هي علامة السيارات الأمريكية التي تتمتع بمكانة تاريخية مرموقة ومبيعات ضخمة في الصين، حيث كان الإمبراطور بو يي ورئيس الوزراء تشوان لاي يتنقلان بسياراتها؟,A) كاديلاك | B) شيفروليت | C) بونتياك | D) بيويك,D
441,Cars,Hard,Multiple Choice,[👑] [badge:rolls_royce_intertwined_rr] ما هو الصانع الذي يبتكر أغطية مراكز جنوط ذاتية الاتزان ومثقلة تضمن بقاء شعار 'RR' منتصباً في وضع رأسي دائم حتى أثناء الدوران؟,A) رولز-رويس | B) بنتلي | C) مايباخ | D) أستون-مارتن,A
442,Cars,Hard,Multiple Choice,[👑] [badge:rolls_royce_intertwined_rr] ما هو صانع السيارات البريطاني التاريخي المتأسس في مانشستر عام 1904 بعد شراكة رائدة بين المهندس هنري رويس والتاجر الأرستقراطي تشارلز رولز؟,A) بنتلي | B) رولز-رويس | C) مايباخ | D) أستون-مارتن,B
443,Cars,Hard,Multiple Choice,[🪽] [badge:genesis_wings] ما هي العلامة الفاخرة التي زودت سيارتها الكهربائية GV60 بكرة بلورية دوارة مضيئة 'Crystal Sphere' في الكونسول تنقلب لتكشف مقبض ناقل الحركة؟,A) لكزس | B) إنفينيتي | C) جينيسيس | D) أكيورا,C
444,Cars,Hard,Multiple Choice,[🪽] [badge:genesis_wings] ما هو صانع السيارات الذي ينتج ليموزين G90 الفاخرة المزودة بنظام تعليق هوائي متعدد الحجرات ونظام توجيه بالعجلات الأربع تحت هذا الشعار؟,A) لكزس | B) إنفينيتي | C) أكيورا | D) جينيسيس,D
445,Cars,Hard,Multiple Choice,[🔘] [badge:volkswagen_steampunk] ما هي المجموعة الألمانية العملاقة ومقرها فولفسبورغ التي يترجم اسمها باللغة الألمانية حرفياً إلى 'سيارة الشعب'؟,A) فولكسفاجن | B) بيمر | C) أوبل | D) أودي,A
446,Cars,Hard,Multiple Choice,[🔘] [badge:volkswagen_steampunk] ما هي شركة السيارات التي أنتجت سيارة فايتون الفاخرة بمحرك W12 داخل 'المصنع الشفاف' الشهير ذي الجدران الزجاجية في مدينة درسدن؟,A) بيمر | B) فولكسفاجن | C) أوبل | D) أودي,B
447,Cars,Hard,Multiple Choice,[⚙️] [badge:volkswagen_winged] ما هو الفريق الذي سجل الرقم القياسي الكهربائي المطلق لحلبة نوربورغرينغ عام 2019 بسيارته النموذجية ID.R بقوة 670 حصاناً تحت هذا الشعار؟,A) بيمر-إيرو | B) أودي-سبورت | C) فولكسفاجن-إيرو | D) أوبل-بليتز,C
448,Cars,Hard,Multiple Choice,[⚙️] [badge:volkswagen_winged] ما هي العلامة التي صممت السيارة الخارقة التجريبية W12 Nardò بمحرك وسطي بقوة 650 حصاناً وحطمت الأرقام القياسية بسرعة 217 ميلاً في الساعة؟,A) بيمر-إيرو | B) أودي-سبورت | C) أوبل-بليتز | D) فولكسفاجن-إيرو,D
449,Cars,Hard,Multiple Choice,[🕊️] [badge:mazda_winged_hourglass] ما هو الصانع الياباني في هيروشيما الذي دخل التاريخ كأول صانع آسيوي يفوز بسباق لومان 24 ساعة عام 1991 بسيارة 787B رباعية الروتر؟,A) مازدو | B) تويوتو | C) نيسون | D) سوبارو,A
450,Cars,Hard,Multiple Choice,[🕊️] [badge:mazda_winged_hourglass] ما هي شركة السيارات التي ابتكرت تقنية Skyactiv-X، مقدّمة أول محرك بنزين تجاري في العالم يعمل بالاشتعال الانضغاطي المتجانس (SPCCI)؟,A) تويوتو | B) مازدو | C) نيسون | D) سوبارو,B
451,Cars,Hard,Multiple Choice,[⚡] [badge:lightning_circle_emblem] ما هو الصانع الذي تعاون مع لوتس عام 1990 لبناء سيارة السيدان الخارقة أوميغا (لوتس كارلتون) بتيربو مزدوج وسرعة 176 ميلاً في الساعة؟,A) فولكسفاجن | B) بيمر | C) أوبل | D) أودي,C
452,Cars,Hard,Multiple Choice,[⚡] [badge:lightning_circle_emblem] ما هي الشركة التاريخية التي أسسها آدم أوبل عام 1862 لتصنيع ماكينات الخياطة والدراجات، ثم اعتمدت شعار صاعقة البرق (Blitz) على شاحناتها عام 1930؟,A) فولكسفاجن | B) بيمر | C) أودي | D) أوبل,D
453,Cars,Hard,Multiple Choice,[🎼] [badge:treble_clef_emblem] ما هي علامة السيارات الصوتية التي تستخدم هذا الشعار لتمثيل حجرات الرنين (Helmholtz Resonators) التي تلغي الضوضاء وتضخم الترددات الطربية للمحرك؟,A) ميلودي-موتورز | B) سوناتا-أوتو | C) كادينس-كارز | D) هارموني-أوتو,A
454,Cars,Hard,Multiple Choice,[🎼] [badge:treble_clef_emblem] أي علامة سيارات خارقة تجريبية تستلهم هذا المفتاح الموسيقي تعبيراً عن التناغم الرياضي للهندسة الصوتية في محركات V12؟,A) سوناتا-أوتو | B) ميلودي-موتورز | C) كادينس-كارز | D) هارموني-أوتو,B
455,Cars,Hard,Multiple Choice,[🚘] [badge:kia_oval] من هو مصمم السيارات الألماني الشهير الذي ابتكر لغة تصميم شبك 'أنف النمر' (Tiger Nose) الأيقونية لهذه العلامة عام 2007؟,A) كريس بانغل | B) والتر دي سيلفا | C) بيتر شراير | D) إيان كالوم,C
456,Cars,Hard,Typing,[🚘] [badge:kia_oval] ما هي سيارة السيدان الرياضية الفاخرة ثنائية التوربو المكونة من 7 أحرف بالإنجليزية التي أطلقتها هذه العلامة عام 2017 (Stin...)?,,Stinger
457,Cars,Hard,Multiple Choice,[🛻] [badge:gmc_block_letters] ما هي شاحنة البيك أب الرياضية لعام 1991 بمحرك V6 تيربو ودفع كلي التي كانت أسرع في التسارع من فيراري 348؟,A) تايفون | B) سيلفرادو SS | C) تريل بليزر SS | D) سايكلون,D
458,Cars,Hard,Typing,[🛻] [badge:gmc_block_letters] ما هو الاسم الإنجليزي المكون من 6 أحرف لفئة التجهيز الفاخرة الحصرية لشاحنات هذه العلامة (Den...)?,,Denali
459,Cars,Hard,Multiple Choice,[🚙] [badge:jeep_letters] ما هي سيارة الدفع الرباعي الفاخرة متوسطة الحجم لعام 1993 ذات الشاسيه الأحادي المبتكر التي تعد من أكثر سيارات هذه العلامة مبيعاً؟,A) جراند شيروكي | B) شيروكي | C) واجونير | D) كوماندر,A
460,Cars,Hard,Typing,[🚙] [badge:jeep_letters] ما هي سيارة الطرق الوعرة القابلة للإزالة والشهيرة المكونة من 8 أحرف بالإنجليزية والتي تمثل أيقونة هذه العلامة (Wran...)?,,Wrangler
461,Cars,Hard,Typing,في [تقنيات ومحركات السيارات]، ما هي شركة المحركات البريطانية الرائدة في صناعة محركات التدفق المحوري الكهربائية فائقة الكثافة والمملوكة لمرسيدس (Y...)؟,,YASA
462,Cars,Hard,Typing,في [تقنيات ومحركات السيارات]، ما هو المصطلح الإنجليزي لتشكلات الشُعب الشبيهة بالإبر الدقيقة التي تنمو داخل بطاريات الليثيوم مسببة دوائر قصر (dend...)?,,dendrites
463,Cars,Hard,Typing,في [تقنيات ومحركات السيارات]، ما هو اسم السيارة الكهربائية التجريبية المزودة بمراوح شفط التي حطمت الرقم القياسي في مهرجان غودوود (Speirl...)?,,Speirling
464,Cars,Hard,Typing,في [رياضة المحركات وفورمولا 1]، من هو المهندس والعبقري البريطاني في الديناميكا الهوائية المصمم لسيارات ويليامز ومكلارين وريد بول البطلة؟,,Adrian Newey
465,Cars,Hard,Typing,في [رياضة المحركات وفورمولا 1]، ما هي شركة الإطارات الإيطالية الموردة الحصرية الوحيدة لإطارات جميع فرق بطولة العالم لـ F1؟,,Pirelli
466,Cars,Hard,Typing,في [رياضة المحركات وفورمولا 1]، من هو السائق البريطاني الوحيد في التاريخ الذي فاز ببطولة العالم لسباقات الدراجات النارية ثم بطولة F1؟,,John Surtees
467,Cars,Hard,Typing,في [رياضة المحركات والسباقات]، من هو مصمم سيارات F1 البريطاني ومؤلف كتاب 'كيف تبني سيارة' (How to Build a Car)؟,,Adrian Newey
468,Cars,Hard,Typing,في [رياضة المحركات والسباقات]، ما هو الاختصار المكون من 3 أحرف لنظام التوجيه ثنائي المحور الثوري الذي استخدمته مرسيدس في F1 عام 2020 (D...)؟,,DAS
469,Cars,Hard,Typing,في [رياضة المحركات والسباقات]، ما هي شركة الإطارات الإيطالية الشهيرة التي تزود سباقات فورمولا 1 بإطارات P Zero؟,,Pirelli
470,Cars,Hard,Typing,في [أيقونات وطرازات السيارات]، من هو المصمم الجنوب إفريقي العبقري الذي صمم الأسطورة ماكلارين F1 وسيارة T.50 الحديثة؟,,Gordon Murray
471,Cars,Hard,Typing,في [أيقونات وطرازات السيارات]، ما هي الشارة الرياضية المكونة من كلمتين ورمز الحرف R التي تطلقها هوندا على نسخها عالية الأداء (تايب ...)؟,,Type R
472,Cars,Hard,Typing,في [أيقونات وطرازات السيارات]، ما هو اسم الهايبركار الخارقة التي صممتها أستون مارتن بمحرك V12 بسعة 6.5 لتر بالتعاون مع ريد بول (فالك...)؟,,Valkyrie
473,Cars,Hard,Multiple Choice,في [تقنيات ومحركات السيارات]، كيف يعمل نظام 'Freevalve' الثوري الذي طورته شركة كونيجسيج في محركات الاحتراق الداخلي؟,A) مكابس بخارية | B) استبدال عمود الكامات بمشغلات هوائية-هيدروليكية-كهربائية مخصصة تفتح وتغلق كل صمام بشكل مستقل تماماً وبأي توقيت وعمق | C) وقود سائل بدون هواء | D) صمامات مغناطيسية على الإطارات,B
474,Cars,Hard,Multiple Choice,في [تقنيات ومحركات السيارات]، ما هو نظام عمل الصمامات 'الديزمودروميك' (Desmodromic) الشهير في محركات دوكاتي ومرسيدس 300 SLR التاريخية؟,A) ملفات كهربائية | B) صمامات هيدروليكية | C) نظام ميكانيكي يستخدم ذراعين وكامات منفصلة لفتح الصمام وإغلاقه قسرياً بشكل إيجابي دون الاعتماد على نوابض قد ترتد عند دورات المحرك القصوى | D) هواء مضغوط,C
475,Cars,Hard,Multiple Choice,في [تقنيات ومحركات السيارات]، ما هي ظاهرة 'التديزل' (Dieseling / Run-on) في محركات البنزين القديمة ذات الكربراتير؟,A) انقطاع دواسة الوقود | B) شحن مفرط للبطارية | C) تجمد الزيت | D) استمرار المحرك في الدوران والاشتعال لثوانٍ بعد إطفاء المفتاح بسبب حرارة رواسب الكربون المتوهجة داخل الأسطوانة,D
476,Cars,Hard,Multiple Choice,في [تقنيات ومحركات السيارات]، كيف يعمل نظام مكافحة تأخر التوربو (Anti-Lag System / Bang-Bang) في سيارات الرالي WRC؟,A) حقن وقود وهواء وإشعالها عمداً مباشرة داخل مجمع العادم قبل التوربين للحفاظ على دورانه وسرعته القصوى حتى عندما يرفع السائق قدمه عن دواسة الوقود | B) تبريد التوربو بالنيتروجين | C) إضافة محرك كهربائي للمكابح | D) عزل صمام العادم,A
477,Cars,Hard,Multiple Choice,في [تقنيات ومحركات السيارات]، كيف يغير نظام التعليق المغناطيسي (MagneRide) قساوة المساعدات في أجزاء من الألف من الثانية؟,A) صمامات ضاغط هواء | B) استخدام سائل ممتص صدمات هيدروليكي مشبع بجزيئات حديدية ميكروسكوبية تتصلب وتغير لزوجتها فوراً عند تطبيق مجال كهرومغناطيسي | C) تسخين الزيت كهربائياً | D) نوابض كربونية,B
478,Cars,Hard,Multiple Choice,في [تقنيات ومحركات السيارات]، ما هو الفرق بين ظاهرة 'التطويح / الدلفنة' (Porpoising) وظاهرة ارتداد الشاسيه الميكانيكي (Bouncing) في سيارات F1 ذات التأثير الأرضي لعام 2022؟,A) التطويح سببه الإطارات | B) الارتداد سببه المحرك | C) التطويح ظاهرة هوائية ديناميكية ناجمة عن انهيار مفاجئ لضغط الشفط الأرضي مع انخفاض السيارة ثم عودته دورياً، بينما الارتداد ميكانيكي ناتج عن قساوة النوابض واصطدام الشاسيه بالمسار | D) كلاهما خلل في الفرامل,C
479,Cars,Hard,Multiple Choice,في [تقنيات ومحركات السيارات]، ما هو الفرق الهيكلي الجوهري بين محركات التدفق المحوري (Axial Flux) ومحركات التدفق الشعاعي (Radial Flux) الكهربائية؟,A) التدفق المحوري يستخدم مكابس سائلة | B) التدفق الشعاعي بدون مغناطيس | C) المحوري محرك ديزل | D) في المحركات المحورية، يتدفق خط المجال المغناطيسي موازياً لمحور الدوران عبر أقراص مسطحة مما يوفر كثافة عزم دوران هائلة وحجماً فائق النحافة,D
480,Cars,Hard,Multiple Choice,[Hard] في [تقنيات ومحركات السيارات]، ما هو الابتكار الهندسي الرائد في سيارة سيتروين DS لعام 1955 الذي جعل ركوبها يوصف بـ 'البساط السحري'؟,A) نظام هيدروليكي نيوماتيكي مركزي عالي الضغط يدمج نظام التعليق الذاتي التكيفي والمكابح والتوجيه المعزز بسائل زيت هيدروليكي وغاز النيتروجين | B) نوابض تيتانيوم | C) نظام دفع سداسي | D) إطارات بدون هواء,A
481,Cars,Hard,Multiple Choice,في [تقنيات ومحركات السيارات]، ما هي وظيفة الصمام الحراري الناري (Pyro-Fuse) في بطاريات الجهد العالي للسيارات الكهربائية؟,A) تشغيل إضاءة المقصورة | B) شحنة متفجرة بيروتقنية مجهرية تنفجر في جزء من الثانية لفصل دائرة بطارية الجهد العالي ميكانيكياً وفورياً عند استشعار حادث تصادم لمنع الصعق والحرائق | C) تبريد خلايا الليثيوم | D) تسريع الشحن,B
482,Cars,Hard,Multiple Choice,في [تقنيات ومحركات السيارات]، ما هي الميزة التي توفرها أشباه موصلات كربيد السيليكون (SiC) في محولات الطاقة العاكسة (Inverters) بالسيارات الكهربائية؟,A) وسائد مكابح من السيليكون | B) تلميع الزجاج الأمامي | C) قدرة على تحمل فولتيات وترددات تحويل أعلى بكثير مع فقدان حراري منخفض، مما يحسن كفاءة استهلاك المدى بنسبة تصل إلى 10% | D) خفض وزن الإطارات,C
483,Cars,Hard,Multiple Choice,في [تقنيات ومحركات السيارات]، ماذا تعني سرعة التعطيل والانفلات (Stall Speed) في محول عزم الدوران (Torque Converter) بناقل الحركة الأوتوماتيكي؟,A) أدنى سرعة خمول | B) أقصى سرعة قصوى | C) سرعة انزلاق العجلات | D) أقصى سرعة دوران للمحرك يمكن بلوغها عند الضغط الكامل على دواسة الوقود بينما يتم تثبيت مكابح السيارة بالكامل لمنع حركة عمود الإخراج,D
484,Cars,Hard,Multiple Choice,في [تقنيات ومحركات السيارات]، كيف تعمل تقنية نسبة الانضغاط المتغيرة (VC-Turbo) التي ابتكرتها إنفينيتي / نيسان؟,A) آلية متعددة الوصلات تغير زاوية نقطة ارتكاز ذراع المكبس أثناء العمل لتعديل النقطة الميتة العليا للأسطوانة بسلاسة من 8:1 إلى 14:1 حسب الحاجة للأداء أو التوفير | B) صمامات كهربائية | C) تغيير حجم التوربو | D) حقن الماء في البساتم,A
485,Cars,Hard,Multiple Choice,في [تقنيات ومحركات السيارات]، ما هي وظيفة نظام الديناميكا الهوائية النشطة (ALA) الذي طورته لامبورجيني في سيارة هوراكان بيرفورمانتي؟,A) تحريك العجلات | B) شفرات ومنافذ هوائية آلية مدمجة تفتح وتغلق لتوجيه الهواء يميناً أو يساراً لخلق قوة ضاغطة هوائية موجهة ومتفاوتة بين الجانبين الداخلي والخارجي عند المنعطفات | C) تبريد الرادياتير | D) رفع السيارة,B
486,Cars,Hard,Multiple Choice,في [تقنيات ومحركات السيارات]، ما هي وظيفة أسطوانة المكابح الرئيسية المترادفة (Tandem Master Cylinder) في أنظمة الفرامل؟,A) مساعدة فرامل اليد | B) استعادة طاقة الكبح | C) احتواء مكبسين وغرفتي ضغط منفصلتين لتغذية دائرتي كبح مستقلتين هيدروليكياً (قطريتين)، لضمان عمل دائرة مكابح في حال تسرب أو فشل الأخرى | D) ضخ سائل التبريد,C
487,Cars,Hard,Multiple Choice,في [تقنيات ومحركات السيارات]، كم تبلغ القوة الضاغطة الهوائية السفلية التي تولدها مروحة الشفط لسيارة McMurtry Spéirling الكهربائية حتى وهي متوقفة تماماً عن الحركة؟,A) صفر | B) 50 رطلاً | C) 500 رطل | D) أكثر من 4000 رطل (2000 كجم) من قوة الالتصاق الفوري بالأرض حتى عند سرعة صفر كم/س,D
488,Cars,Hard,Multiple Choice,في [تقنيات ومحركات السيارات]، كيف يولد نظام الدفع في الهايبركار الكرواتية ريماك نيفيرا (Rimac Nevera) قوته البالغة 1914 حصاناً؟,A) أربعة محركات كهربائية مستقلة مخصصة ذات مغناطيس دائم مبرد بالسائل مثبتة على العجلات الأربع وتوجه العزم 100 مرة في الثانية | B) محرك V16 تيربو | C) محرك نفاث | D) بطارية وقود هيدروجيني,A
489,Cars,Hard,Multiple Choice,في [تقنيات ومحركات السيارات]، ما هي الوظيفة التقنية لخزان التزييت الجاف (Dry Sump Lubrication) في محركات سيارات السباق الفائقة؟,A) ضخ الوقود | B) استخدام خزان زيت خارجي منفصل ومضخات متعددة لشفط الزيت ومنع انقطاع التزييت عن المحرك عند قوى الانعطاف الهائلة، وخفض مركز ثقل المحرك لعدم وجود كارتير سفلي عميق | C) تبريد القير | D) تصفية العادم,B
490,Cars,Hard,Multiple Choice,في [رياضة المحركات وفورمولا 1]، ما هو نظام 'F-Duct' الثوري الذي ابتكرته مكلارين على سيارتها MP4-25 عام 2010 في F1؟,A) مبرد زيت المحرك | B) جناح أمامي مرن | C) نفق هوائي داخلي يمر عبر قمرة القيادة يقوم السائق بسد فتحته بركبته أو قفازه لتوجيه الهواء إلى الجناح الخلفي وإلغاء القوة الضاغطة لزيادة السرعة القصوى في المستقيمات | D) ناشر هواء مزدوج,C
491,Cars,Hard,Multiple Choice,في [رياضة المحركات وفورمولا 1]، ما هو نظام 'مخمد الكتلة' (Mass Damper) الذي طورته رينو وفازت به ببطولتي 2005 و2006 قبل أن تحظره FIA؟,A) حذافة رصاصية ثقيلة | B) قضيب توازن هيدروليكي | C) نوابض كربونية | D) أسطوانة معدنية ثقيلة معلقة بين نوابض داخل مخروط مقدمة السيارة تمتص ترددات ارتداد الإطارات فوق المطبات وتحافظ على استقرار وثبات ارتفاع الجناح الأمامي,D
492,Cars,Hard,Multiple Choice,في [رياضة المحركات وفورمولا 1]، ما هو نظام التوجيه ثنائي المحور (DAS) المبتكر الذي قدمته مرسيدس في موسم F1 لعام 2020؟,A) نظام ميكانيكي هيدروليكي يتيح للسائق سحب ودفع عجلة القيادة لتعديل زاوية تقارب العجلات الأمامية (Toe-in/out) في المستقيمات لتسخين الإطارات بانتظام | B) مقود سلكي بالكامل | C) توجيه العجلات الخلفية | D) تعديل زاوية الجناح,A
493,Cars,Hard,Multiple Choice,في [رياضة المحركات وفورمولا 1]، ما هي وحدة MGU-H المعقدة في محركات فورمولا 1 الهجينة الحالية سعة 1.6 لتر تيربو؟,A) مدفأة المقصورة | B) مولد كهربائي متصل مباشرة بعمود التوربو يستعيد الطاقة من الغازات الساخنة ويزيل تأخر التوربو فورياً بتدوير الضاغط كهربائياً | C) مضخة وقود | D) بطارية إضافية,B
494,Cars,Hard,Multiple Choice,في [رياضة المحركات وفورمولا 1]، ما هي الثغرة التقنية الشهيرة في قوانين سباق لومان لعام 1994 التي استغلها يوخن داور في سيارة Dauer 962 Le Mans؟,A) محركات الديزل التوربينية | B) خزان وقود عملاق | C) تسجيل سيارة سباق بورشه 962 النموذجية كسيارة طريق إنتاجية بفضل إضافة حقيبة جلدية صغيرة في صندوق الأمتعة للتسابق في فئة GT1 ضد سيارات الإنتاج | D) إطارات مخصصة,C
495,Cars,Hard,Multiple Choice,في [رياضة المحركات وفورمولا 1]، ما هو السبب التقني لفضيحة إطارات سباق جائزة الولايات المتحدة الكبرى 2005 في إنديانابوليس وانسحاب 14 سيارة؟,A) المطر على الإطارات الجافة | B) وقود ملوث | C) انكسار الأجنحة الخلفية | D) عدم قدرة إطارات ميشلان على تحمل الضغوط والحرارة القصوى الناتجة عن المنعطف البيضاوي المائل للحلبة مع منع تغيير الإطارات بموجب قوانين 2005,D
496,Cars,Hard,Multiple Choice,في [رياضة المحركات وفورمولا 1]، ما هو الغرض الإلزامي للوح الخشبي الرقائقي 'Jabroc Plank' أسفل أرضية سيارات فورمولا 1 منذ عام 1994؟,A) فرض حد أدنى لارتفاع ركوب الشاسيه لمنع خفض السيارات بشكل خطير واستبعاد أي سيارة يتآكل لوحها بأكثر من 1 ملم بعد السباق | B) تدفئة الأرضية | C) حماية السائق من الصخور | D) عزل الكهرباء,A
497,Cars,Hard,Multiple Choice,في [رياضة المحركات وفورمولا 1]، كيف أعاد فريق برابهام والمصمم جوردون موراي ابتكار استراتيجية وقفات الصيانة للتزود بالوقود عام 1982؟,A) كان الوقود يتسرب | B) حسب موراي أن الانطلاق بنصف خزان وقود وإطارات لينة سيعطي السيارة تفوقاً زمنياً هائلاً يعوض تماماً الوقت الضائع في وقفة الصيانة السريعة | C) لإراحة السائق | D) لتنظيف المكابح,B
498,Cars,Hard,Multiple Choice,في [رياضة المحركات وفورمولا 1]، ما هي فضيحة 'Spygate' الشهيرة التي هزت بطولة العالم لسباقات فورمولا 1 في عام 2007؟,A) تجسس رينو على بي إم دبليو | B) نسخ سبايكر لسيارات ريد بول | C) حصول موظفي مكلارين على وثائق تقنية وسرية مسربة من 780 صفحة خاصة بسيارات فريق فيراري مما أدى لتغريم مكلارين 100 مليون دولار وتجريدها من نقاط الصانعين | D) التلاعب بوزن الوقود,C
499,Cars,Hard,Multiple Choice,في [رياضة المحركات وفورمولا 1]، ما هو الإنجاز التقني غير المسبوق لسيارة أودي R10 TDI الفائزة بسباق لومان 24 ساعة عام 2006؟,A) خلايا وقود هيدروجين | B) بطاريات الحالة الصلبة | C) أول سيارة بدون مبرد | D) أول سيارة في التاريخ تفوز بسباق لومان 24 ساعة بمحرك ديزل توربيني,D
500,Cars,Hard,Multiple Choice,في [رياضة المحركات وفورمولا 1]، ما هو الرقم القياسي الأسطوري المطلق للسير ستيرلينغ موس وملاحه دينيس جينكينسون في سباق ميلي ميليا 1955 بمرسيدس 300 SLR؟,A) قطع مسافة 992 ميلاً عبر الطرق العامة الإيطالية المفتوحة في 10 ساعات و7 دقائق و48 ثانية بمتوسط سرعة لا يصدق بلغ 98.53 ميلاً في الساعة | B) 15 ساعة | C) 20 ساعة | D) 24 ساعة,A
