number,subject,difficulty,question_type,question,multiple_choices,answer
1,Literature,Easy,Multiple Choice,?? ?? ?????? ???????? ?????? ???? ????? ???? ????? ????????? ????????? '????????' ?'????????'?,A) ??????? | B) ????? | C) ????? | D) ???????,A
2,Literature,Easy,Multiple Choice,?? ????? '????????' ????????? ?? ?? ????? ???????? ?????? ???? ???? ???? ???? ????? ???????,A) ????? | B) ?????? | C) ????? | D) ??????,B
3,Literature,Easy,Multiple Choice,?? ?? ?????? ??????? ??????? ???? ???????? ??????? ?????? ???? ??????? ????? ?????? ?????????,A) ???????? ???????? | B) ??? ?????? | C) ???? ?????? | D) ????? ???????,C
4,Literature,Easy,Multiple Choice,?? '????????'? ?? ??? ???? ???????? ??????? ??????? ???? ??????? ????? ????? ?? ???????,A) ????? | B) ?????????? | C) ???????? | D) ????????,D
5,Literature,Easy,Multiple Choice,?? ???? ????? ?????? ???? ???? ?????????? ??????? '????? ?????' (Oedipus Rex)?,A) ??????? | B) ???????? | C) ??????? | D) ??????????,A
6,Literature,Easy,Multiple Choice,?? ???????? ??????? ????????? ???????? ?? ?? ???? ???? ??? ???????? ????? ????? ??????,A) ??????? | B) ???? | C) ????? | D) ?????,B
7,Literature,Easy,Multiple Choice,?? ???? ?????? ??? ??????? ??????? '????????'? ???? ???? ???? ????? ???????? ?????? ??? ????????,A) ????? | B) ????? | C) ????? | D) ???????,C
8,Literature,Easy,Multiple Choice,?? ???? ?????? ???? '????????' (Metamorphoses)? ??? ????? ????? ???? ???? ?????? ?????? ????????? ???????????,A) ??????? | B) ?????? | C) ????? | D) ?????,D
9,Literature,Easy,Multiple Choice,?? ?? ?????? ??????? ??????? ?? ??? ??????? ???????? ???????? ???? ???? ????? ?? ??????,A) ??? ???? | B) ???? | C) ???? | D) ????,A
10,Literature,Easy,Multiple Choice,?? ????? '????????'? ?? ??? ??????? ?? ????? ??????? (????????) ???? ??? ???????? ???? ???? ???? ?????,A) ????????? | B) ????????? | C) ???????? | D) ???????,B
11,Literature,Easy,Multiple Choice,?? ?????? ????? ?? ???????? ??????? ????????? ????????? (??? ???????? ???????) ????? ???? ?????? ?????,A) ?????? ??????? | B) ?????? ??????? | C) ?????? ????? | D) ?????? ??????,C
12,Literature,Easy,Multiple Choice,?? ?????????? ?????????? ?? ?? ??????? ???????? ???? ????? ???? ??? ???? ??? ????? ?????? ??? ??????,A) ???????? | B) ??????? | C) ???????? | D) ??? ????? ????????,D
13,Literature,Easy,Multiple Choice,?? ?? ???? ?????? ????????? ??????? ???? ???? ????? ?? ???? ?????? ????? ????? ??? ???????,A) ????? ?????? | B) ???????? | C) ???????? | D) ??????,A
14,Literature,Easy,Multiple Choice,?? '????????'? ?? ?? ??????? ???? ???? ????? ???????? ??? ?????? ?? ????? ?????,A) ??????? | B) ????? | C) ????? | D) ????,B
15,Literature,Easy,Multiple Choice,?? ?? ???????? ???????? ?????? ???? ??? ????????? ???????? ??????? ??????? ?????? ??? ???? '?????????'?,A) ????? | B) ?????? | C) ??????? | D) ???????,C
16,Literature,Easy,Multiple Choice,?? ???? ????? ?????? ???? ???? ???? ????????? ???????? ??????? ???????? ??? '??????' ?'?????' ?'?????????'?,A) ??????? | B) ??????? | C) ???????? | D) ??????????,D
17,Literature,Easy,Multiple Choice,?? ????? ????????? ?? ?? ?????? ?????? ????? ???????? ????? ???? ??? ???? ?????? ??????,A) ??????? | B) ?????? | C) ???? ????????? | D) ?????? ????,A
18,Literature,Easy,Multiple Choice,?? ????? ?????? ??????? ????? ?? ????? ?????? ????? ?? ?????? ?????? ?? '????????? ???????? ?? ???? ??????' (The Tenth Muse)?,A) ?????? | B) ???? | C) ??????? | D) ????????,B
19,Literature,Easy,Multiple Choice,?? ????? '????????'? ?? ?? ???? ????? ?????????? ???? ???? ?????? ???? ?????? ????? ????? ??? ??????,A) ????? | B) ??????? | C) ???? | D) ? Camilla,C
20,Literature,Easy,Multiple Choice,?? ?? ?????? ???????? ???????? ?????? ???? ???? ????? ??????? ?? ???????? ???? ????? ???? ?? ??????? ????????,A) ?????? | B) ??????? | C) ????? | D) ??????,D
21,Literature,Easy,Multiple Choice,?? ????? ????????? ?? ?? ??????? ????????? ???? ???? ????? ????? ???? ??? ???? ??? ???????? ??????? ??????,A) ???????? | B) ?????? | C) ????????? | D) ???????,A
22,Literature,Easy,Multiple Choice,?? ???? ??????? ?????? ???? ?????? '?????' ???? ???? ???? ?????? ??????? ???? ????? ?? ????? ???????,A) ??????? | B) ???????? | C) ??????? | D) ?????,B
23,Literature,Easy,Multiple Choice,?? ??? ??????? ???????? ????????? ?????? ???? ???? ???? ?????? ?????? ??????????,A) ??????? ??????? | B) ??? ???? | C) ???????? | D) ???? ??????,C
24,Literature,Easy,Multiple Choice,?? '????????'? ?? ?? ?????? ????? ????????? ???? ???? ???? ??????? ??????? ?????? ????? ????? ??? ???????,A) ???????? | B) ????????? | C) ?????????? | D) ?????????,D
25,Literature,Easy,Multiple Choice,?? ???????? ???????? ???? ??? ???? ????? ?????? ???? ????? ????? ?????? ????? ????? ????? ?????? ?????????,A) ??????? | B) ?????? | C) ???? ?????? | D) ????????,A
26,Literature,Easy,Multiple Choice,?? ?? ?????????? ???????? ????????? ??????? ???? ??? ??????? ???????? ??????? ???????? ?? '????????'?,A) ?????? | B) ?????? ???????? | C) ???????? | D) ???????,B
27,Literature,Easy,Multiple Choice,?? ???????? ????????? ????????? ?? ?? ??? ??????? ?????? ???????? ???? ??? ??? ???? ???????,A) ???? | B) ???? | C) ????????? | D) ????????,C
28,Literature,Easy,Multiple Choice,?? ????? ??????? ???? ???? ???? ???????? ?????? ??? ????? ??????? ?? ???? ????? ?????????,A) ???????? | B) ???????? | C) ???????????? | D) ????????,D
29,Literature,Easy,Multiple Choice,?? ??????????? ?????? ????????? ?? ?? ???? ???? ??????? ???????? ?????? ????????? ????????,A) ????? | B) ??????? | C) ???? | D) ?????,A
30,Literature,Easy,Multiple Choice,?? ?? ?????? ???????? ???? '?????? ??????' (The Golden Ass)? ??????? ????????? ??????? ??????? ???? ??? ?? ?????? ????????,A) ???????? | B) ??????? | C) ?????? | D) ??????,B
31,Literature,Easy,Multiple Choice,?? ?????????? ?????????? ?? ???? ???? ????? ???????? ??? ????? ??????? ?? ??? ?????? ???????? ????????,A) ?????? | B) ???????? | C) ?????????? | D) ?????,C
32,Literature,Easy,Multiple Choice,?? ?? ?????? ???????? ?????? ???? ????? ??????? ?? '??? ???????' ??????? ?????? ???????? ??????????,A) ????????? | B) ??????? | C) ???????? | D) ???????,D
33,Literature,Easy,Multiple Choice,?? ????? ????????? ?? ?? ??? ????? ???????? ??????? ????? ???????? ???? ????? ??????? ???????,A) ???? | B) ?????? | C) ?????? | D) ???????,A
34,Literature,Easy,Multiple Choice,?? ?????? ?????? ??? '?? ?????' (Poetics)? ?????? ??????? ????? ?????? ??? ??????? (??????????) ????????????,A) ????? | B) ????? | C) ??????? | D) ?????,B
35,Literature,Easy,Multiple Choice,?? ????? ????????? ?? ?? ????? ?????? ????????? ????????? ???? ??? ???? ?? ????? ????? ???????,A) ??????????? | B) ???????? | C) ????????? | D) ????????,C
36,Literature,Easy,Multiple Choice,?? ???? ????? ?????? ????? ???????? ??????? ??? '?????? ???????' ???? ????? ?????? ??????? ???????,A) ?????? | B) ?????? | C) ????? | D) ??????,D
37,Literature,Easy,Multiple Choice,?? '????????' ????????? ?? ?? ?????? ?????? ????? ???? ???? ????? ?? ??????? ????? ??? ???? ?????? ???????,A) ???????? | B) ???????? | C) ????? | D) ?????,A
38,Literature,Easy,Multiple Choice,?? ??? ?????? ?????? ???? ?? ?????? ?????? ?????? ???? ???? ??? ??? ??? ????? ???? ????? ?? ????? ??????,A) ???????? | B) ????? | C) ?????? | D) ?????????,B
39,Literature,Easy,Multiple Choice,?? ??? ?????? ???????? ???? ??? ???? ????? ?????? ?? ????? ??? ??? ????? ??? ?????? ???????,A) ??????? | B) ???????? | C) ????? | D) ?????,C
40,Literature,Easy,Multiple Choice,?? ????? ????????? ?? ?? ????? ???? ?????? ????? ?????? ??????? ????? ?????? ???????? ??????,A) ??????? | B) ????????? | C) ?????? | D) ??????,D
41,Literature,Easy,Multiple Choice,?? ??????????? ?????????? ?? ?? ??????? ???? ??? ????? ??????? ?? ?????? ??????? ????? ????? ?????? ??? ?????,A) ????????? | B) ???? | C) ????????? | D) ??????,A
42,Literature,Easy,Multiple Choice,?? '????????'? ?? ?? ??????? ???? ?????? ???????? ?? ??????? ???????? ??????? ???? ??? ????? ????? ?????,A) ???? | B) ??????? | C) ???????? | D) ???????,B
43,Literature,Easy,Multiple Choice,?? ???? ?????? ??? ??????? ????????? ??????? 'Carpe Diem' (????? ?????) ?? ?????? ?????????,A) ????? | B) ????? | C) ????? | D) ???????,C
44,Literature,Easy,Typing,?? ?? ????? ?????? ?? 7 ???? ?????? ???????? ?????? ??????? ???? ?????? ???????? ??????????,,???????
45,Literature,Easy,Typing,?? ??? ??????? ????????? ??????? ??????? ?? 6 ???? ?? ???? ?????? ???? ?????? ??????? ??? ??????,,??????
46,Literature,Easy,Typing,?? ??? ???? ???????? ??????? ?????? ?? 8 ???? ?? ????? ??????? (???...)?,,????????
47,Literature,Easy,Typing,?? ??? ????? ????????? ?????? ?? 4 ???? ?? ?????? ??????? ??????? ???? ??? ???? ??? ????,,?????
48,Literature,Easy,Typing,?? ??? ??????? ??????? ????????? ?????? ??????? ?? 7 ???? ???? ???? ???? ????? ?????? (?????...)?,,????????
49,Literature,Easy,Typing,?? ??? ????? ???????? ?????? ?????? ?? 5 ???? ???? ???????? ??????? ????????? ??????? ??????????,,?????
50,Literature,Easy,Typing,?? ??? ??? ????? ??? ??????? ?????? ?? 4 ???? ????? ?????? ??????? ???????,,????
51,Literature,Medium,Multiple Choice,?? ?? ????????? ?????? ???? ???? ?????? '?????????' ?????????? ??????? ?????? ???????? ????????,A) ????? ?????? ?????? ?? ???????? ???????? | B) ??????????? ???????? ????????? | C) ?????? ???????? ????????? | D) ????????? ??????? ????????? ?????????,D
52,Literature,Medium,Multiple Choice,?? ???? '?? ?????' ??????? ?? ?? ??????? ???????? ???? ??? ??? ????? ????????? ?? ?????? ???????? ??????,A) ???????? | B) ???????? | C) ??????????? | D) ????????,A
53,Literature,Medium,Multiple Choice,?? ?? ???????? ??????? ??????? ?? ???? '?????????' ???????? ???? ???? ????? ??? ??????? ????? ???????? ?????????,A) ??? ????????? | B) ?????? ????? | C) ?????? ??? | D) ???? ?????,B
54,Literature,Medium,Multiple Choice,?? ????? ??????? ????? ????? ???????? ??? ????? ??????? ?? ????? ?????? ????? ??????????,A) ?????? ?????? | B) ???????? | C) ??????????? | D) ?? ????? ???????,C
55,Literature,Medium,Multiple Choice,?? ???????? ??????? ????????? ?? ?? ????? ?????? ????? ?????? ???? ??? ???? ?????? ?????? ?????? ??????,A) ?????? | B) ???????? | C) ?????? | D) ????????,D
56,Literature,Medium,Multiple Choice,?? ?????? ?????? ?????? ??????? ??????? ???? ???? ?? ??????? ??????? '??????' ?'?????'?,A) ????? | B) ???????? | C) ?????? | D) ?????????,A
57,Literature,Medium,Multiple Choice,?? ????? '????????'? ?? ???? ???? ???? ????? ?????? ?? ?????????? ???? ????? ?????? ???????? ????? ?? ?????? ?????????,A) ????? | B) ???? | C) ??????? | D) ?????,B
58,Literature,Medium,Multiple Choice,?? ???? ????? ?????? ?? ???? ????? ?????? ?????? ?????? (Epinikia) ???? ???? ????? ??????? ????????? ????????,A) ???????? | B) ????????? | C) ????? | D) ???????,C
59,Literature,Medium,Multiple Choice,?? '????????'? ?? ?? ??? ?????? ????? ?????? ???? ???? ?????? ??? ???? ???? ?????? ???? ?? ??? ??????? ??? ???? ???????,A) ??????? | B) ?????? | C) ?????? | D) ?????,D
60,Literature,Medium,Multiple Choice,?? ????? ?????? ?????? ??????? ????? ????????? ???? ?????? ????????? ??????? ?????? ????? ???????????,A) ?? ????? ??????? | B) ??????? ???????? | C) ????????? | D) ????????,A
61,Literature,Medium,Multiple Choice,?? ?????? ????????? ???? ???? '???????' ?? ??????? ?? ?????? ????? ??????? ???? ????? ????? ???? ?????????? ???????,A) ?????? (??????) | B) ???????? (Catharsis) | C) ??????? (????????) | D) ???????,B
62,Literature,Medium,Multiple Choice,?? ????????? ?????????? ?? ?????? ????? ??????????? ????? ???? ???? ??????? ?? ??????? ???????? ??? ??? ????? ??????????????,A) ??????? | B) ???????? | C) ????????? | D) ?????,C
63,Literature,Medium,Multiple Choice,?? ?????? ????? ?????? ?????? ????? ?????????? ????? ??? ????????? ????? ??? '???????' ?'??????'?,A) ????? ?????? | B) ?????? ???????? | C) ?????????? | D) ?????? ??????,D
64,Literature,Medium,Multiple Choice,?? '????????'? ?? ??? ???????? ???????? ?????????? ?????? ?????? ????? ????? ?????? ?????? ????? ??????,A) ???? ????????? | B) ?????? ???????? | C) ???????? ???????? | D) ??????? ???????,A
65,Literature,Medium,Multiple Choice,?? ???? ?????? ??? '????? ????? ?????????????' ?????? ??????? ???????? ?????? ????? ??????? ??????????,A) ??????? | B) ????????? | C) ??????? | D) ????????,B
66,Literature,Medium,Multiple Choice,?? ??? ????? ???????? ?????? ?????? ???? ???? ??? ????? ????? ??? ???? ????? ??????? ?????????,A) ??????? ??????? | B) ??????? | C) ?? ????? | D) ???????,C
67,Literature,Medium,Multiple Choice,?? ?? ????????? ??????? ???????? ???????? ???? ??? ??? ?????? ?????? ????? ????? ??????? ????? ???? ??? ?????????,A) ?????? | B) ????? | C) ????? | D) ???????,D
68,Literature,Medium,Multiple Choice,?? ?????? ????????? ???? ????? ????? ???????? ?? ???? ?? ?????? ??????? ??? ?????? ????? ?????? ??????,A) ????????? | B) ???? ?????? | C) ?????? | D) ????,A
69,Literature,Medium,Multiple Choice,?? ????? '????????'? ?? ?? ??????? ????????? ???? ???? ?????? ?????? ?? ?????? ????? ?????? ?? ???????,A) ?????? | B) ??????? | C) ????? | D) ???????,B
70,Literature,Medium,Multiple Choice,?? ???? ?????? ???? ??? '??????? ???????' ???????? ??????? ???????? ??????? ????? ????????,A) ??????? | B) ????? | C) ????? | D) ?????????,C
71,Literature,Medium,Multiple Choice,?? ???????? ??????????? ?????????? ?? ?? ?????? ?????? ???????? ???? ????? ?? ??? ?????? ?????? ??? ??? ??????,A) ??????? | B) ????? | C) ???????? | D) ???????,D
72,Literature,Medium,Multiple Choice,?? ???? ?????? ??? ????? ?? ?????? ?????? ????? ??????? ???? ???? ????? ??? '?????'?,A) ??????? | B) ????? | C) ????????? | D) ???????,A
73,Literature,Medium,Multiple Choice,?? ?????? ??????? '????? ?? ???????'? ?? ??? ????? ??? ?????? ???????? ?????? ?????? ???????,A) ?????? | B) ?????? | C) ????????? | D) ??????,B
74,Literature,Medium,Multiple Choice,?? ?? ?????? ???????? ???? ??? '??? ????? ???????' (Ab Urbe Condita)? ?????? ??????? ??????? ????? ????????,A) ??????? | B) ???????? | C) ????? ?????? | D) ??????,C
75,Literature,Medium,Multiple Choice,?? '????????'? ?? ?? ??? ?????? ????? ?????? ????????? ???? ???? ?????? ????? ??? ?????,A) ???????? | B) ???????? | C) ???????? | D) ????????,D
76,Literature,Medium,Typing,?? ?? ??????? ?????? ???????? ????? ??? ???? ????????? ?? ?????? ??????? ??????? ????? ????????? (anagnor...)?,,anagnorisis
77,Literature,Medium,Typing,?? ?? ??????? ???????? ????? ??? ?????? ??????? ?? ?????? ?? ?????? ??????? ?? ??????? ?????????? (peripet...)?,,peripeteia
78,Literature,Medium,Typing,?? ?? ?????? ????????? ??????? ?? 8 ???? ???? ???? ????? ????? ?????? ????? ????? ??????? ??? ??????,,????????
79,Literature,Medium,Typing,?? ??????? ???????? ????? ??? ???????? ?????? ??????? ?????? ???? ???? ?????? ????????? ??? ?????? (h...)?,,hubris
80,Literature,Medium,Typing,?? ??? ??????? ???????? ????????? ?????? ?? 4 ???? ??????? ???? ????? ??????? ?? ????? ???????,,????
81,Literature,Hard,Multiple Choice,?? '????????'? ?? ?? ??????? ??????? ??????? ???????? ??? ??? ???? ?????? ???? ???? ????? ????????? ?? ?????? 18?,A) ????? ?????? ?????? ?????? ???????? ??????? ?????? ???? ?????? ?????? | B) ????? ???? ?????? ??? ???? ???????? | C) ???? ???? ????? ?????? | D) ????? ???? ??????? ??????? ??????,A
82,Literature,Hard,Multiple Choice,?? ????? ????????? ?? ????? ?????? ????? ????????? ??????? ???? ???? ?????? ?????? ?????? ???? ????? ???????,A) ?? ??? ??????? | B) ???????????? | C) ???????????? | D) ???????,B
83,Literature,Hard,Multiple Choice,?? ????? ??????? ??????? ?????? ????? ???? ????? ??????? ??????? ??? ?????? ???? ?????? ??? ?? ???? ???????,A) ?????? | B) ??????? | C) ???????? | D) ????????,C
84,Literature,Hard,Multiple Choice,?? ?????? ??????? ??????????? ????? ???? ????? ???????? ??? ?????? ?????? ??????? ?? ?????? ????? ??? ??????? ??????????,A) ??? ??????? | B) ??????? | C) ?????? | D) ???????,D
85,Literature,Hard,Multiple Choice,?? ?? ???????? ???????? ??? ???????? ???? ??? ????? ?????? ??????? ???? ????? ???????: '???? ???????' ?'???? ????'?,A) ????????? | B) ??????? | C) ?????????? | D) ??????????,A
86,Literature,Hard,Multiple Choice,?? ???? ?????? ???? '????????' ?'????????'? ?????? ??????? ?????? ?????? ?? ??? ??????? ?????? ???? ??????-?????????,A) ???????? | B) ??????? | C) ?????? ??? | D) ??????? ???????????,B
87,Literature,Hard,Multiple Choice,?? ?????? ??????? ????????? ????????? ???? ????? ??? ??????? ?????????? ???????? ?????? ???? ?????? ?????? ??? ?????? ???????????,A) ????????? | B) ?????????? | C) ????????? | D) ??????????,C
88,Literature,Hard,Multiple Choice,?? ?? ?????? ???????? ?????? ?? ???????? ???? ???? ??????? ??????? ???? ????????? ???????? ??????? (???????)?,A) ???? | B) ?????? | C) ????????? | D) ?????????,D
89,Literature,Hard,Multiple Choice,?? ????? '????????'? ?? ?? ??????? ???????? ???????? ?????? ????? ??? ???? ??? ??????? ?????? ??????? ??? ????? ?????,A) ????? | B) ????? | C) ?????? | D) ?????,A
90,Literature,Hard,Multiple Choice,?? ?? ???????? ???????? ???? ?????? '??????? ???????' ?????? ?? 37 ??????? ????? ??? ???? ????? ????? ????? ????? ??? 79 ??,A) ?????? ?????? | B) ????? ?????? | C) ???? | D) ??????,B
91,Literature,Hard,Multiple Choice,?? ?????? ???????? ??????? ?? ?? ??????? ??????????? ???? ???? ??????? ?????? ?????? ???? ???? ??? ????? ??? ?????? ???????? ??????????,A) ????????? | B) ???????? | C) ???? ????? ?? ????? | D) ??????,C
92,Literature,Hard,Multiple Choice,?? ???? ???? ?????? ??? '???????' ?????? ??????? ???????? '?????'? ??? ?? ????? ?????????? ?????? ??? ????? ??? ????? ???????,A) ??????? | B) ????????? | C) ????? | D) ?????,D
93,Literature,Hard,Multiple Choice,?? ??????? ?????????? ?? ?? ??????? ???????? ????? ??? ????? ?????? ?????? ?????? ???? ????? ??????? ??? ??????? ?? ??????,A) ????? | B) ?????? | C) ????? | D) ?????,A
94,Literature,Hard,Multiple Choice,?? ???????? ???????? ???? ??????? ?? ????? ???? ????? ???? ??????? ?????? ?????? ??????? ??? ??????? ??????? ?? ????? ???????,A) ???? ?? ???? | B) ????? | C) ????????? ??????? | D) ????????,B
95,Literature,Hard,Multiple Choice,?? ?? ???? ????? ???????? ???? '??? ???????? ?????? ???' (De Vita Caesarum)? ???? ??? ?????? ???? ?????? ???? ????????? ?????????,A) ??????? | B) ??????? | C) ???????? | D) ?????? ?????????,C
96,Literature,Hard,Multiple Choice,?? ???? '???????' ??????? ?? ?? ??????? ????????? ?????? ?????? ???????? ?? ?????? ???????? ????????,A) ?????? ??????? ??????? | B) ??????? ??????? ?????? | C) ????? ??????? ?????? | D) ????? (??????? ?????????)? ?????? (???????)? ??????,D
97,Literature,Hard,Multiple Choice,?? ??? ???? ????? ????? ????? ????? (?? 48 ??????) ????? ????? ???????? ?? ????? ??????? ????? ???? ???????? ????? ?????????,A) ???????????? | B) ?? ??? ??????? | C) ???????????? ???????? | D) ????? ???????,A
98,Literature,Hard,Typing,?? ?? ??????? ???????? ?????? ?? 6 ???? ????? ??? ???? ?????? ???????? ??? ????? ????? ???? ???? ????? ???????? (n...)?,,nostos
99,Literature,Hard,Typing,?? ?? ??????? ???????? ?????? ?? 5 ???? ????? ??? ??????? ??????? ??????? ????? ???? ???? ??????? ????????? (a...)?,,arete
100,Literature,Hard,Typing,?? ?? ?????? ????????? ??????? ?? 8 ???? ???? ???? ????? ????? ????? ????????? '?? ?????': (Ars ...)?,,Amatoria
101,Literature,Easy,Multiple Choice,?? ????? ???? ???? ??? ???? ???? ???????? ???? ?????? ???? ?? ????? ??? 1988?,A) ?? ???? | B) ???? ????? | C) ????? ?????? | D) ???? ?????,B
102,Literature,Easy,Multiple Choice,?? ?? ???????? ???????? ??????? ????? ????? ???? ???? ???? ????? ?????? ??? ????? ????? ?? 1919 ??? ???????????,A) ?????? ?????????? | B) ?????? ????? | C) ???????? | D) ?????? ??????,C
103,Literature,Easy,Multiple Choice,?? ?? ???????? ????????? ????????? ??????? ?? ???????? ????????? ???????? ???? ???? ????? ?? ?????????? ?????? ????? ?? ?????? ??????,A) ???? ??????? | B) ???? ???????? | C) ???? ???????? | D) ???? ??????,D
104,Literature,Easy,Multiple Choice,?? ????? ?????? ?????? ?? ??? ?????? ??????? ?? ?? ????? ?????????? ???? ???? ???? ??? ????? ????? ??? ???? ????? ??? ???? ??????? ?? ????? ?? ????????,A) ??? ????? | B) ?????? ?????? | C) ?????? ?????? | D) ?????? ???????,A
105,Literature,Easy,Multiple Choice,?? ?? ???? ????? ?????? ??????? ?????? ?????? ???? ?????? ??????? ??????? ??????? ?? ????? ????? '??????'?,A) ???? ?????? | B) ?? ???? | C) ????? ???? ??????? | D) ???? ????,B
106,Literature,Easy,Multiple Choice,?? ?? ??????? ?????? ?????? ??????? ??? 2002 ?????? ???? ???????? ???? ???? ?????? ??????? ??????? ??? ???? ????? ?? ??? ??????,A) ??????? | B) ?????? | C) ????? ???????? | D) ???? ????????,C
107,Literature,Easy,Multiple Choice,?? ???????? ???????? ??????? ???????? ?? ?? ????? ???? ??? ??? ???? ???? ??? ??????? ???? ?????? ??? ????? ??? ??????,A) ???? | B) ??????? | C) ???? | D) ??????,D
108,Literature,Easy,Multiple Choice,?? ????? ????? ????? ????? ????? ?????? ????? ?????? ???? ??????? ??????? ?? ??? ??????? ?????????,A) ???? ????? | B) ??????? | C) ??? ??????? | D) ???? ??????,A
109,Literature,Easy,Multiple Choice,?? ?? ?????? ??????? ?????? ????? ?????? ?????? ?????? ???? '?????? ???? ?? ???????' ?'???? ?????'?,A) ???? ????? | B) ????? ?????? | C) ???? ??? ?????? | D) ??????? ?????,B
110,Literature,Easy,Multiple Choice,?? ????? ???????? ?????? ??????? ?? ???? ??? ???? ?? ??? ??????? ???????? ???? ??????? ?? ????? ???? ?????? ???????? ??????,A) ???? ????? | B) ???? ?????? | C) ???? ???? ???????? | D) ????? ????,C
111,Literature,Easy,Multiple Choice,?? ????? ?????? ????? ????? ????? ????? '????? ??? ???? ?????'? ????????? ?? ??? ???? ????? ????? ??????,A) ????? ?????? | B) ???? ????? | C) ????? ???? | D) ???? ????????,D
112,Literature,Easy,Multiple Choice,?? ?? ???????? ?????? ???? ????? ???? ?????? ??????? ??????? ?????? ??????? ???? ??????,A) ??? ???????? ???? ?????? ???????? | B) ???? ???????? ???????? ??????? | C) ???? ?????? ????????? ??????? | D) ???? ?????? ???? ???????? ???????? 30,A
113,Literature,Easy,Multiple Choice,?? ?? ??????? ??????? ?? ??? ?????? ?????? ???? ???? ?????? ???? ????? ?? ????? ?? ????? ????? ?????? ????? ???? ??? ?????,A) ??? ????? | B) ??? ?????? ?????? | C) ?????? ?????? | D) ?????? ???????,B
114,Literature,Easy,Multiple Choice,?? ??????? ??????? ??????? ???????? ?? ?? ?????? ???? ???? ???? ?????? ??????? ?????? ???????? ?????????,A) ????? | B) ????? | C) ???? | D) ????,C
115,Literature,Easy,Multiple Choice,?? ???? ???? ???? ???? ????? ??????? ??????? ??????? ??? ?????? ????? ????????? ??????? ??? '???? ?????' ?'??? ?? ???'?,A) ??? ???? ??????? | B) ???? ??? | C) ???? ???? | D) ???? ?????,D
116,Literature,Easy,Multiple Choice,?? ????? ????????? ?? ?? ??? ?????? ???????? ??????? ???????????? ???? ??? ???? ????? ????? ?????? ?? ????? ???????,A) ???? | B) ?? | C) ??????? | D) ????,A
117,Literature,Easy,Multiple Choice,?? ????? ?????? ????? ????? ????? ????? ????? ???? ??? ??????? ?????? ??????? ??? ???? ???????? ????????,A) ???? ??????? | B) ????? ?????? | C) ?????? | D) ??? ???? ??????,B
118,Literature,Easy,Multiple Choice,?? ?? ???????? ??????????? ??????? ????? '?????? ??????'? ???? ???? ??????? ????????? ????? ????? ?????? ???????? ?? ????????,A) ???? ???????? | B) ???? ??? | C) ???? ????? | D) ????? ???????,C
119,Literature,Easy,Multiple Choice,?? ?? ???? ??????? ????????? ???????? ?? ?????? ????? ??? ???? ????? ????? ???????? ???????? ?????? ????????? ??????? ??????????,A) ???? ???????? | B) ?????? ??????? | C) ??????? ??????? | D) ??? ??????,D
120,Literature,Easy,Multiple Choice,?? ????? ?? ?????? ??????? ???? ???? '?????? ???? ??????'? ?????? ???? ????? ??????? ???? ????? ??????? ?? ????????,A) ??????? | B) ??? ??? ???? | C) ????? ?????? | D) ????? ??????,A
121,Literature,Easy,Multiple Choice,?? ?????? ???? ?????? ?? ?? ?? ?????? ?????? ??????? ?? ???? ??????? ?????? ????? ?????? ??????? ???? ???????,A) ???? ??? ?????? | B) ????? ???? ??? ?????? | C) ????? ??? ?????? | D) ???? ??? ??????,B
122,Literature,Easy,Multiple Choice,?? ??? ??????? ???????? ????? ????? ???? ???? ??? ?????? ?????? ?????? ???? ????? ????? ??????? ???????? ??? ??????,A) ?????? | B) ??????? | C) ???? ??????? | D) ???? ???????,C
123,Literature,Easy,Multiple Choice,?? ????? ?????? ??????? ?? ?? ????? ????????? ???? ???? ???? ????? ???? ??? ????? ????? ?????? ?????? ??????? ??? ???????,A) ??? ????? | B) ??? ??????? | C) ????? ?? ???? | D) ????? ?????? ??????,D
124,Literature,Easy,Multiple Choice,?? ?? ?????? ??????????? ?????? ???? '????????' ???????? ??????? ??????? '????? ?? ????' ???? ????? ???? ????? ?????? ?? ??????? ???????,A) ???? ??? | B) ?? ???? | C) ???? ????? | D) ????? ??????,A
125,Literature,Easy,Multiple Choice,?? ????? ???? ???? '???' ?'??? ???????'? ????? ?? ???? ????? ??? ????????? ??????? ?? ??????? ????????,A) ???? ???????? | B) ??? ???? ??????? | C) ???? ???? | D) ????? ??????,B
126,Literature,Easy,Multiple Choice,?? ?? ??????? ????????? ?????? ?????? ???? ???? ???? ???? ???????? ???????? ??????? ??????? (??????) ?? ?????? ?????????? ??? 2008?,A) ???? ?? ?????? | B) ????? ???? ?????? | C) ???? ?????? | D) ???? ?????,C
127,Literature,Easy,Multiple Choice,?? ??????????? ??????? ???????? ?? ?? ??? ????? ??????? ?????? ???? ??? ?? ????? ?? ????? ???? ?????,A) ???? | B) ?????? | C) ???? | D) ???????,D
128,Literature,Easy,Multiple Choice,?? ?? ?????? ??????? ?????????? ???????? ??? ????? ??????? ?????? ??????? ???? ???? ??? ???? ??????? ????? ?? ???????,A) ???? ??????? | B) ???? ?????? | C) ???? ???????? | D) ???? ??????,A
129,Literature,Easy,Multiple Choice,?? '????????' ????? ?????? ?? ?? ????? ?????? ?????? ???? ???? ??? ???? ????? ??????? ?????? ??? ??????? ?????? ???????,A) ????? | B) ???? | C) ???? | D) ????,B
130,Literature,Easy,Multiple Choice,?? ????? ??????? ?? ??? ?????? ??????? ??? ?????? ?? ????? ???????? ????????? ???????? ????? ?? ?????? ????????,A) ?????? ?????? | B) ????? ????? | C) ?????? ???? ??? | D) ???? ?? ?????,C
131,Literature,Easy,Multiple Choice,?? ????? ?????? ???? ???????? ?????? ??????? ???????? ?? ????? ?????? ??? ????? ??? ????? ????? ???????? ???????? ?????? ?? ????? ???????,A) ????? ??????? ?? ??????? | B) ??????? ????? | C) ???? ??????? | D) ?????? ?????,D
132,Literature,Easy,Multiple Choice,?? ??? ???? ??????? ?????? ??????? ?? ??? ??????? ?????? ????? ????? ?????? ??? ??????? ??????? ???? ????? ??? ?????? ?????????,A) ???? ?????? ??????? | B) ?????????? | C) ????????? | D) ???????,A
133,Literature,Easy,Multiple Choice,?? ????? ?????? ?????? ?????? ??? ???? ??? 1926 ???? ???? ??? ???? ??? ??? ????? ????? ?????? ?? ????? ????????,A) ?????? ??????? ?? ??? | B) ?? ????? ??????? | C) ???? ????? | D) ???? ?????,B
134,Literature,Easy,Multiple Choice,?? ????? ????????? ?? ????? ???? ??????? ????? ???? ???? ??? ???? ????????? ????? ??? ????? ????? ?????? ???????,A) ?????? ?????? | B) ????? | C) ??????? ?? ???? | D) ?????? ???????,C
135,Literature,Easy,Multiple Choice,?? ????? ????? ????? ???? ??? 1967 ???? ??????? ???? ?????? ?? ?????????? ?????? ??? ???? ????? ??? ????? ???????,A) ??? ??????? | B) ???? ??????? | C) ????? ??? ????? | D) ???????,D
136,Literature,Easy,Multiple Choice,?? ????? ????????? ????? ????? ??????? ??????? ??????? '????? ???????' ??? 1960? ????? ????? ?????? ??????? ??? ???????,A) ????? ?????? | B) ???? ???????? | C) ???? ????? | D) ???? ???,A
137,Literature,Easy,Multiple Choice,?? ?? ???????? ??????? ??????? ???? ???? ?????? ??????? ???????? ??????? ??? ???? ??? ??? ????? ??? ????????,A) ??? ????? | B) ??????? ???? ??? | C) ??? ??????? ?????? | D) ??? ???????,B
138,Literature,Easy,Multiple Choice,?? ????? ?????? ????? ????? ???? ??? 1966 ????? ???? ?? ???????? ???????? ??? ?????? ?????? ?? ????? ??? ???? ??????,A) ??????? | B) ???? ????? | C) ????? ??? ????? | D) ??????,C
139,Literature,Easy,Multiple Choice,?? ?? ???? ?????? ???????? ?? ??? ?????? ??????? ???? ???? ???? ???? ????? ??????? ?????? ?? ???? ??? ????????,A) ?????? ???? ??? | B) ?????? ??????? | C) ?????? ????? | D) ??? ???,D
140,Literature,Easy,Multiple Choice,?? ???????? ??????? ???????? ?? ?? ?????? ?????? ???? ??????? ??? ???? ???? ???? ????? ????? ????? ?????? ????????,A) ????? | B) ????? | C) ?????? | D) ????,A
141,Literature,Easy,Multiple Choice,?? ????? ???? ???? ???? ?????? ????????? ??????? ??????? '?? ???? ??????' ??? 1962?,A) ???? ????? | B) ????? ?????? | C) ???? ????? | D) ??? ????,B
142,Literature,Easy,Multiple Choice,?? ?? ?????? ??????? ???? ???? ??? 1822 ?? ?? ???? ??? ????? ??? ???? ????? ?????? ??????? ???????????? ????????,A) ??????? ?????? | B) ????? ????? | C) ??? ??????? ???????? | D) ?????? ?????,C
143,Literature,Easy,Multiple Choice,?? ?????? ???? ?????? ?? ?? ????? ?????? ??????? ??????? ???? ????? ?? ??????? ???? 1919 ????? ?????? ????? ?????????,A) ????? | B) ???? | C) ???? | D) ????,D
144,Literature,Easy,Typing,?? ?? ??? ????? ?????? ?????? ?????? ??? ????? ???? ?? ????? ??? 1988 ???? ???????? ????? ??????,,?????
145,Literature,Easy,Typing,?? ??? ??? ????? ??????? ?????????? ?? ??? ???????? ???? ??? ??? ???? ????? ?? ??? ?? ??????? (??...)?,,?????
146,Literature,Easy,Typing,?? ??? ???? ????? ?????? ???????? ?????? ???????? ?? ????? ????? ????? ?????????? ????????,,????
147,Literature,Easy,Typing,?? ?????? ??????? ?? 6 ???? ???? ???? ????? ?????? ??????? ????? ????? ?????? ?? ????: '???...'?,,??????
148,Literature,Easy,Typing,?? ??? ????? ??? ????????? ???? ???? ???? ???? ????? ?????? ???? ????? ?????? ????? ??????,,???????
149,Literature,Easy,Typing,?? ??? ??? ????? ??????? ?????? ?? ???????? ??????? ??????? ???? ????? ???? ???? ?????? ?? 7 ?????,,???????
150,Literature,Easy,Typing,?? ??? ???? ???? ???????? ??????? ?????? ?? ??? ??????? ??????? ????? ?????? ??????? (??...)?,,????
151,Literature,Medium,Multiple Choice,?? ?? ??????? ??????? ?? ??? ?????? ?????? ???? ???? ?????? ??????? ?????? ??? ????? ???? ????? ???? ??? ???? ?????????,A) ???? ??? ??? ????? | B) ?????? ?????? | C) ????? ?????? | D) ????? ?????,A
152,Literature,Medium,Multiple Choice,?? ????? ????? ???? ??? ???? ???? ??? 1938 ??? ???? ????? ??????? ?????? ?????? ??????? ??????? ???? ????? ?????? ????????,A) ?? ????? ??????? | B) ?????? ??????? ?? ??? | C) ???? ????? | D) ???? ????????,B
153,Literature,Medium,Multiple Choice,?? ??? ???????? ??????? ??????? ???????? ?? ????? ????? ????? ?????? ??????? ?????? ????? ????? ???? ?? ?????? ???????,A) ????? ????? ???? | B) ????? ????? | C) ????? ?????? | D) ????? ?????,C
154,Literature,Medium,Multiple Choice,?? ????? ????????? ?? ?? ??????? ???? ???? ???? ??????? ???? ????? ??? ????? ?? ?? ??? ??????? ??????? ??????,A) ????? | B) ?????? ?????? | C) ?????? ?????? | D) ??? ???????,D
155,Literature,Medium,Multiple Choice,?? ?????? ?????? ??????? ??????? ?? ???? ?????? ????? ?????? ??????? ??? ??????? ?????? ??? ??????? ?????? ?? ???????,A) ??? ????? | B) ?????? | C) ????? ????? | D) ????????,A
156,Literature,Medium,Multiple Choice,?? ??? ?????? ????? ????? ??????? ??????? ?? ??? ?????? ??????? ???? ???? ?? ????? ???? ??????? ?????? ???? ?????,A) ????? ?????? | B) ????? ???? ?? ????? ????? ???? | C) ????? ????? | D) ????? ???? ???????,B
157,Literature,Medium,Multiple Choice,?? ????? '????? ??????' ????? ?????? ?? ????? ???? ??? ??? ????? ???????? ????????? ??????? ???? ??? ??? ??????? ????????,A) ????? | B) ???? | C) ???? | D) ????,C
158,Literature,Medium,Multiple Choice,?? ???? ????? ???? ??? ??? ????? ????? ??????? ????????? ????? ??????? ????? ????? '??????? ??????'?,A) ???? ???? | B) ???? ??????? | C) ????? ???? ????????? | D) ??????? ???????,D
159,Literature,Medium,Multiple Choice,?? ?? ???? ?????? ?????? ?????? ???? ???? ???? ???????? ????????? ?????? ??????? ??????? ??????? ???????? ?? ????????,A) ??????? ?????? | B) ?????? ???? ??? | C) ??? ????? | D) ?????? ??????,A
160,Literature,Medium,Multiple Choice,?? ????? ?????? ???? ????? ???? ????? ???? ???????? ??????? ??????? ????? ???? ???? ?? ??? ????? ?????? ????????,A) ??? ?? ??? | B) ?????? | C) ??? ??????? | D) ???? ???????,B
161,Literature,Medium,Multiple Choice,?? ???????? ????????? ???????? ?? ?? ?????? ??????? ???? ????? ??? ???? ???????? ??????? ?? ?????? ?????? ????? ????? ???????,A) ???? ????? | B) ?????? ?? | C) ???? ???????? | D) ???? ??????,C
162,Literature,Medium,Multiple Choice,?? ????? ?????? ????? ????? ???? ??? 1977 ?????? ?? ??? ?????? ???????? ????? ???? ????? ??? ????? ?????? ???? ????????,A) ???? ?????? | B) ???? ??????? | C) ????? ????? | D) ????? ????????,D
163,Literature,Medium,Multiple Choice,?? ?? ???? ??????? ???????? ?????? ???? '????? ??????? ?? ????? ?????' ???? ??? ????? ??????? ???????? ??????? ??? ????,A) ????? ???????? | B) ??? ????? | C) ???? ????? ???????? | D) ???? ????,A
164,Literature,Medium,Multiple Choice,?? ?? ???? ?????? ???? ???? ???? ???? ????????? ??????? ??????? ??????: '???? ???? ????? ????? ??? ???? ??? ?? ?????'?,A) ???? ?????? | B) ????? ???? ??????? | C) ?????? ??? | D) ?????? ???? ???? ?????,B
165,Literature,Medium,Multiple Choice,?? ?? ?????? ????????? ?????? ?????? ???? ????? ????? ????? ??? 1927 ???? '???? ???????'?,A) ???? ??????? | B) ???? ????? | C) ???? ???? | D) ????? ???? ????????,C
166,Literature,Medium,Multiple Choice,?? ?? ??????? ??????? ?????? ??? ???? ??????? ??? 1988 ???? ???? ??????? ?????? ?????? ????? ???????? ????????? ??? ???? ????? ???????,A) ?????? | B) ??? ??????? | C) ?????? | D) ???,D
167,Literature,Medium,Multiple Choice,?? ????? ???????? ??????? ??????? ?????? ?????? ???? ?????? ?????? ??????? ?? ???? ????? ?? ?????? ??????? ????? ???????,A) ???? ????? | B) ?? ???? ?????? | C) ???? ????? | D) ?????? ???????,A
168,Literature,Medium,Multiple Choice,?? ????? ?????? ??????? ?? ?? ????? '???? ?????' (?????? ????)?,A) ?????? ????? ?? ???????? | B) ?? ???? ???? ?????? ??????? ????? ?? ???? ?????? ???? ????? ??????? ?????? | C) ?????? ?????? ?????? | D) ?? ???? ???????,B
169,Literature,Medium,Multiple Choice,?? ????? ?????? ????? ????? ????? '????? ???????' ????? ????? ?????? ???????? ?????? ??? ?????? ?? ??????? ???????,A) ???? ???????? | B) ???? ????? | C) ????? ?????? | D) ????? ????,C
170,Literature,Medium,Multiple Choice,?? ?????? ???? ?????? ?? ??? ?????? ????? ??????? ???????? ??? ????? ???? ?????? ????? ???????? ???? ?????? ??? ?????,A) ????? | B) ????? | C) ????? | D) ?????,D
171,Literature,Medium,Multiple Choice,?? ????? ????? ???? ??? 1913 ?????? ???? ???? ???? ???? ??? ????? ???? ?????? ????????? ??????? ?? ????? ???????,A) ???? | B) ?????? | C) ????? | D) ???? ????????,A
172,Literature,Medium,Multiple Choice,?? ??? ?????? ???????? ?? ?????? ???????? ??????? '?? ???? ?? ?????? ?????'? ???? ???? ??? ????? ??? ????? ????? ??????? ?????,A) ???? ?????? | B) ???? ????????? | C) ???? ?????? | D) ???? ???????,B
173,Literature,Medium,Multiple Choice,?? ?? ?????? ??????? ???????? ?????? ???? ????? '?????????' ??????? ??????? ???? ??????? ????,A) ?? ???? | B) ????? ??????? | C) ???? ????? ?????? | D) ??? ?????,C
174,Literature,Medium,Multiple Choice,?? ??? ?????? ?? ?? ????? ??????? ??????? ?? ???? ???? ?????? ????? ????? ????? ?????? ????? ????? ?????,A) ??????? | B) ??????? | C) ???? ??? | D) ??? ????,D
175,Literature,Medium,Multiple Choice,?? ????? ???????? ????? ???? ???? ??????? ???? ???? ??????? ?????? ???? ????? ???? ???? ????? ???? ??? ???????,A) ?????? | B) ??? ??????? | C) ?????? | D) ????,A
176,Literature,Medium,Typing,?? ?????? ????????? ??????? ?? ????? ?????? ??? ?????? ?? ????? ??????? ??????? ???????? ??????? ?? ??? ????????,A) ?? | B) ?? | C) ?? | D) ??,C
177,Literature,Medium,Typing,?? ?????? ????????? ??????? ?? ????? ?????? ??? ??? ??????? ??????? ?? ???? ???? ???? ????? ???? ????????,A) ?? | B) ??? | C)?? | D)??,D
178,Literature,Medium,Typing,?? ??? ???? ??????? ??????? ??????? ????? ???? ??? ?????? ?? ?????? ???? ????? (???...)?,,?????
179,Literature,Medium,Typing,?? ??? ????? ???? ??????? ?????? ???? ?????? ?? 5 ???? ???? '????? ????' ?'????????'?,,????
180,Literature,Medium,Typing,?? ?????? ??????? ?? 6 ???? ???? ??? ?????? ???? ??????? ???????? ??????? ?? ????? ???????? (?????? ???...)?,,??????
181,Literature,Hard,Multiple Choice,?? ?? ?????? ?????? ???????? ??????? ?? ??? ????? ???? ???? ????? ??????? ?????? ??? ????? ??? ???? ?????? ????? ?????? ???????,A) ????? ?? | B) ?????? ??? ???? ?????? | C) ?????? ???????? | D) ?????? ???????,B
182,Literature,Hard,Multiple Choice,?? ?? ???? ???? ?? ??? ?????? ?????? ????? ??? ???? ?? ???? ????? ??? ?????? ????? ???????? ???? ???? ?????? ?????,A) ????? ?? ???? | B) ??????? ?????? | C) ????? ????? | D) ?????? ????,C
183,Literature,Hard,Multiple Choice,?? ?? ?????? ?????? ?????? ?? ?????? ??????? ???? ??? ??????? 37 ????? ??? ??? ??????? ???? ???????? ???? ????? ????????? ?? ???????,A) ?????? | B) ?????? | C) ??????? | D) ???? ???,D
184,Literature,Hard,Multiple Choice,?? ????? ?????? ????? ????? ???? ??? 1974 ????? ???????? ???? ???? ????? ????? ???? ????????? ????????? ??? ???? 1967?,A) ?????? | B) ??????? | C) ?????? | D) ???? ?????,A
185,Literature,Hard,Multiple Choice,?? ??? ???? ?????? ???? ??? ????? ?? ???? ??????? ??????? ???? ?????? ???? ??? ??????? ???????? ????? ??? ??? ??????,A) ??? ????? | B) ????? ?????? ?????? | C) ?????? ?????? | D) ?????? ???????,B
186,Literature,Hard,Multiple Choice,?? ?? ??????? ??????? ????? ??? ???? ????? ????? ?????? ????? ??????? ?????? ???? ?? ??????? ????? ?????? ????????? ??????? ?? ?? ???????,A) ???????? | B) ???? ???? | C) ????? ?? ???? | D) ?????? ??????,C
187,Literature,Hard,Multiple Choice,?? ??? ?????? ??????? ??????? ???? ????? ???? ??? ?????? ??? 1933 ????? ?????? ?????? ????? ??? ???? ??????? ????? ?????,A) ?????? | B) ??????? | C) ?????? ?????? | D) ???????,D
188,Literature,Hard,Multiple Choice,?? ?????? ??? ??????? ?????? ????????? ?? ?? ????? ?????/??? ??? ?????? ?? '???? ?????' ???????? ????????,A) ?????? | B) ??????? | C) ???? ?????? | D) ?????? ???????,A
189,Literature,Hard,Multiple Choice,?? ?? ??????? ??????? ?? ??? ?????? ??????? ???? ???? ??? ????? ??? ???? ???? ?????? ???? ???? ?? ???? ???? ??????,A) ??? ??????? ?????? | B) ??? ??????? | C) ?????? ??????? | D) ??? ??????,B
190,Literature,Hard,Multiple Choice,?? ??? ?????? ???? ???? ????? ?????? '?????? 68' ??? ??????? ????????? ????????? '???? ???????' ?'????? ????????'?,A) ??? ???? ??????? | B) ??????? ????? | C) ????? ?????? | D) ???? ????,C
191,Literature,Hard,Multiple Choice,?? ?? ???? ???????? ???????? ???????? ???? ???? ??? ?????? ???? ??????? ????? ??????: '?? ????? ?????? ?????? ?? ?????? ??? ???? ?? ??? ???'?,A) ?????? ???? ??? | B) ?????? ????? | C) ?????? ?????? | D) ?????? ???????,D
192,Literature,Hard,Multiple Choice,?? ????? ??????? ???? ????? ?????? ??????? ??????? ??????? ????????? ??????? ???? ???? ??????? ?? ???? ?????? ??????? ????,A) ????? | B) ?????? | C) ???? | D) ??????,A
193,Literature,Hard,Multiple Choice,???? ???? ??????? ?????? ?????? ?????? '??????' (Sebayt) ?? ?????? ??? ???????? ??????? ????????,A) ??????? ????????? | B) ??? ??????? ?? ???????? ?????????? ????????? | C) ????? ????? | D) ???????? ???????,B
194,Literature,Hard,Multiple Choice,?? ???? ???? ???? ??? ???????? ??????? ?????????? ??????? '????? ??????' ??? 1964 ?????? ?????? ?????? ?????? ???????,A) ???? ??? ?????? ????? | B) ??? ???? | C) ???? ??? ?????? | D) ????? ??? ???????,C
195,Literature,Hard,Multiple Choice,?? ???? ????? ????? ????? ?????? ?? ????? ??? ??? ???? ??????? ???? ?????? ??? ??????? ?????? ???? ????? ????? ????????,A) ???? ??? | B) ???? ????? | C) ???? ???????? | D) ???? ???????,D
196,Literature,Hard,Multiple Choice,?? ?? ?????? ?????? ??????? ???? ???? '?????? 68' ???? ??? ????? '??????? ??? ???????' ???? '???? ????? ??????'?,A) ????? ?????? | B) ???? ???????? | C) ???? ???? | D) ??? ???? ???????,A
197,Literature,Hard,Multiple Choice,?? ?????? ????????? ?????????? ?? ?? ????? ???????? ???? ????? ??? ???? ????? ???????? ?? ??????? ??????? ?? ?????? ??????? ?? ?????? ??????,A) ??? ????? | B) ??? ??? ???? | C) ?????? ?????? | D) ???? ???????,B
198,Literature,Hard,Typing,?? ?? ??????? ?????? ?????? ????? ??? ??? ???????? ???????? ?????? ????????? ??? ??? ???? ??? (s...yt)?,,sebayt
199,Literature,Hard,Typing,?? ??? ?????? ???????? ???????? ?????? ?? 8 ???? ???? ??? ???? ????? ???? ????? ????? ??? 12 (?????...)?,,?????????
200,Literature,Hard,Typing,?? ??? ??????? ????????? ????????? ??????? ?? 6 ???? ???? ???? ???? ????? ?????? ?? ???????? ????????,,??????
201,Literature,Easy,Multiple Choice,?? ???? ????? ???????? ?? ????? ?????? ??? ?? ??? ????? ?????? ?????? ???????? ?????? ????? ??? ????? ?? ????? ????? ????????,A) ???? ??????? | B) ??? ?????? | C) ??? ???? | D) ?????? ?? ??????,C
202,Literature,Easy,Multiple Choice,?? ?? ?????? ?????? ???????? ???????? ?????? ?????? ?? ????? ???? ??? ????? ???? 5-7-5 ????? ??????,A) ??????? | B) ??????? | C) ??????? | D) ???????,D
203,Literature,Easy,Multiple Choice,?? ?? ???? ????? ???? ???? ??????? ?? ??? ???? ????? ???? ??????? ????????? '????? ????? ??? ?????? ??????'?,A) ?????? ???? | B) ???? ????? | C) ???????? ???? | D) ??????? ????,A
204,Literature,Easy,Multiple Choice,?? ????? ?????? ????? ??? ????? ?????? ????? ?????? ?????? ?????? ??????? ??? ???? ??????? '?????? ?????????' ?'????? ??? ??????'?,A) ???????? ??? | B) ?????? ???????? | C) ????? ?????? | D) ?????? ?????,B
205,Literature,Easy,Multiple Choice,?? ?? ??? ???? ?????? ???? ?????? ???? ?? ????? ??? 1968? ?????? ???????? ???????? ??????? ??? '??? ??????'?,A) ???????? ??? | B) ????? ?????? | C) ???????? ???????? | D) ????????? ????????,C
206,Literature,Easy,Multiple Choice,?? ??? ??????? ?????????? ??????? ??????? ????? ??????? ??? 1948 ????? ???????? ??????? ?????? ???? ???? ?????? ???????? ?? '????? ??????'?,A) ??? ?????? | B) ???? ?? ????? | C) ???????? ????? | D) ?? ??? ???????,D
207,Literature,Easy,Multiple Choice,?? ??? ????? ?? ????????? ????????? ???? ??? ????? ???? ????? ?? ????? ?????? ?????? ????? ???????? ????? ??????? ?????? ??? 1950?,A) ??????? | B) ???? ?????? | C) ?? ???? ?????? | D) ??? ????????,A
208,Literature,Easy,Multiple Choice,?? ?? ????? ?????? ??????????? ?? ??? ????? ???? ???? '???? ???????' (Makura no Soshi) ????? ???????? ???????? ????????,A) ???????? ?????? | B) ?? ??????? | C) ???? ?? ??????? | D) ?????? ??????,B
209,Literature,Easy,Multiple Choice,?? ???? ?????? ???? ?? ??? ????? ???? ??????? ??????? '??? ??' ???????? ??????????? ??????? '??????' (?????)?,A) ???? ????? | B) ????????? ????????? | C) ??????? ?????? | D) ????????? ????????,C
210,Literature,Easy,Multiple Choice,?? ?? ?????? ???????? ?????? ????? ???? '???? ??????? ??????' ????? ??????? '????? ?????' ???? ????? ?????? ??? 1970?,A) ?????? ????? | B) ???? ??? | C) ?????? ???? | D) ????? ??????,D
211,Literature,Easy,Multiple Choice,?? ?? ??????? ??????? ????????? ????????? ?????? ???? ???? ???? ????? ?? ????? ?????? ??? ??? ?????? ????? ??????????,A) ??? ?????? | B) ??? ???? | C) ??????? | D) ???? ??????????,A
212,Literature,Easy,Multiple Choice,?? ???? ?????? ??? ????? ???? ?? ????? ??? 1994 ???? ??????? ??????? '????? ?????' ???? ?????? ????? ????? ???? ?????? ???????,A) ???????? ???????? | B) ???????? ??? | C) ?????? ???????? | D) ????? ????????,B
213,Literature,Easy,Multiple Choice,?? ?? ??????? ??????? ????????? ?? ????? ???????? ??????? ?? '??? ????'? ????? ????? ?????? ??????? ?????? ????? ??????? ????????,A) ????-???? | B) ????? | C) ???? ?? ????? | D) ?????,C
214,Literature,Easy,Multiple Choice,?? ?? ??????? ?????? ??????? ??????? ????? ???????? ??????? ??? 1988 ???? ???? ?????? ??????? ?????? ????? ??? ??????? ??????? ??????????,A) ?????? ??????? | B) ?????? | C) ?? ???? | D) ????,D
215,Literature,Easy,Multiple Choice,?? ?? ?????? ????????? ?????? ????? ??????? ?? ???????? ??????? ??? ????? ???? ??? 2017 ???? '????? ??????' ?'?? ????? ???? ?????'?,A) ????? ???????? | B) ?????? ???????? | C) ???? ?????? | D) ??? ???,A
216,Literature,Easy,Multiple Choice,?? ???? ????? ????? ??????? ????? ?? ?? ?????? ???? ???? ???? ?? ???? ??? ????? ?????? ??? ??????,A) ???? ???? | B) ???? | C) ??? | D) ?????,B
217,Literature,Easy,Multiple Choice,?? ???? ?????? ?????? ???? ??????? ???????? ?????????? '????? ?? ???????' ?? ???? ????? ?????? ?? ???? ????? ???????,A) ?????? ???? | B) ???????? ??? | C) ???? ??? | D) ????????? ????????,C
218,Literature,Easy,Multiple Choice,?? ?? ??????? ?????????? ??????? ??????? ???? ?????? ??????? ??? 1994 ????? ????? ????? ?????? ???? ???????? ???????? ??????,A) ????? ?????? ???????? | B) ?????? | C) ???? ????? | D) ???? ???????,D
219,Literature,Easy,Multiple Choice,?? ???? ????? ?? ??? ???? ????? ?? '?????? ???????' ??????? ??????? ????? ????????? ??? '?????? ?????? ?? ????????'?,A) ?????????? ????????? | B) ????? ??????? | C) ?????? ??????? | D) ??????,A
220,Literature,Easy,Multiple Choice,?? ????? ?????? ????? ???????? ???? ??????? ????????? ??????? '???' (Silence) ?? ?????? ???????? ??????????? ?? ??????? ??????????,A) ????? ?????? | B) ?????? ???? | C) ????????? ???????? | D) ????????? ?????????,B
221,Literature,Easy,Multiple Choice,?? ?? ?????? ?????? ?????? ???? ??????? ?????????? ??????? '??? ????' ?????? ???????? ???????,A) ?????? ?????? | B) ????? | C) ?????? ???? | D) ???,C
222,Literature,Easy,Multiple Choice,?? ????? ?????? ?????????? ???????? ???? ???? ??????? ?????? ???? ?????? ?? ????? ???????? ????? ?? ?????? ???? ??????,A) ????? ???? ???? ?????? | B) ????? | C) ???? ?????? | D) ??????? ???????,D
223,Literature,Easy,Multiple Choice,?? ?? ???? ????? ??????? ????? ????? ?? ????? ???????? ?????????? ????? ?? ????? ?????? ???? ???? ?? 4500 ??????,A) ??????? | B) ??????? | C) ?????????? | D) ?????? ???????? ????,A
224,Literature,Easy,Multiple Choice,?? ????? '1Q84' ??????? ????????? ?? ?? ??????? ??????? ??????? ?? ?????? ???? ???? ?????? ?????? ???? ?????? ?????? ????????,A) ????? ?? ??????? | B) ???? ????? ?? ???? ????? | C) ???? ???????? | D) ???? ???? ?????,B
225,Literature,Easy,Multiple Choice,?? ?? ?????? ?? ??????? ??????? ?????? ??? ???? ???? ????? ????? ?????? ???????? ?? ??? ??????? ?????????,A) ?????? | B) ????? | C) ???? | D) ????????????,C
226,Literature,Easy,Multiple Choice,?? ????? ??????? ?????? ??????? ??????? ????? ????? ?? ??? ????? ???? ???? ??? ???? ?????? ????? ?? ????? ??? ?? ?? ????? ????????,A) ???? ????????? | B) ?????? ?????? | C) ??????? | D) ???????,D
227,Literature,Easy,Multiple Choice,?? ?? ??????? ??????? ????????? ???????? ???? ????? ??? 1935 ??????? ????? '???????' ?????? ??? ?????? ????? ???? ??????? ?????? ?????????,A) ????? ????????? | B) ????? ???????? | C) ????? ?????? | D) ????? ????,A
228,Literature,Easy,Multiple Choice,?? ?? ??????? ??? ??????? ?????? ?????? ??????? ??? 1949 ???? ????? ???? ????? ???????? ?????? ?????? ??????? ????? ???????? ??????? ?????????,A) ??? ??????? | B) ???????? ???? | C) ????? ?????? | D) ??????? ???????,B
229,Literature,Easy,Multiple Choice,?? '??? ????'? ?? ?? ??????? ??????? ?????? ???? ???? ???? ???? ?? ??? ????? ??? ??????? ???? ???? ?????? ???????,A) ?????? ??? | B) ?????? ????????? | C) ????? | D) ????????,C
230,Literature,Easy,Multiple Choice,?? ??????? ??????? ???????? ???? ????? ?? ???????? ?? '???? ????'? ????? ???? ??????? ???????? ???????? ??????? ?????? ??? ????????,A) ???? ?? ????? | B) ????? | C) ????? | D) ????-????,D
231,Literature,Easy,Multiple Choice,?? ????? ??????? ????? ????? ???????? ?????? ???? ??? 1906 ????? ??????? ???? ??????? ??? ???? ?? ????? ?? ????? ????? ???????????,A) ?????? | B) ??????? | C) ???????? | D) ???????,A
232,Literature,Easy,Multiple Choice,?? ?? ???? ??????? ????????? ?? ?????? ?????? ?????? ???? ?? ????? ??? 1212 ???? ????? ??????? ???????: '????? ????? ?? ?????'?,A) ?????? ?? ?????? | B) ????? ???? | C) ?????? ???????? | D) ?????? ????,B
233,Literature,Easy,Multiple Choice,?? ????? '?????? ?????????' ??????? ????????? ?? ??? ?????? ???????? ?????????? ????????? ???? ???? ??????? ??? ???? ??????? ????????,A) ?????? ????? | B) ???? ????? | C) ??????? | D) ??? ??????,C
234,Literature,Easy,Multiple Choice,?? ?? ??????? ????????? ????? ??????? ????????? ??????? '????? ?????? ????????' ?? ???? ??????? ????? ?? ???? ?????? ??? 80 ??????,A) ????? ???????? | B) ?????? ?????? | C) ???? ???????? | D) ???? ??????,D
235,Literature,Easy,Multiple Choice,?? ?? ????? ?????? ????? ??????? ??? 1947 ???? ???? ??????? ?????? ??????? ?????? ???????????? ????????? ??? ????? ???????? ????????,A) ??? ?????? | B) ?? ??? ??????? | C) ???? ?? ????? | D) ???????? ??????,A
236,Literature,Easy,Multiple Choice,?? ?? ??????? ???????? ??????? ?????? ??????? ??? 2016 ???? ???? ??? ???? ??????? ?? ????? 36 ????? ???? ?????? ??????? ?? ???? ????????,A) ???? ????? | B) ???? ?????? | C) ???? ????? | D) ????? ?????????? ??????,B
237,Literature,Easy,Multiple Choice,?? ?? ?????? ????????? ???????? ?????? ?? ?????? ?????? ?????? ???? ??? ?????? ????? ??????? ?? ?????? ???????,A) ???????? | B) ????????? | C) ???? ???? | D) ???????,C
238,Literature,Easy,Multiple Choice,?? ??? ????? ?????????? ????????? ???? ??? ?????? ??????? ??? ????? ???? ??????? ??????? ??? ????? ?? ???? ???????,A) ??????? | B) ???? ?????? | C) ????? | D) ?? ???? ??????,D
239,Literature,Easy,Multiple Choice,?? ?? ??????? ??????? ?????? ?????? ????????? ?? ????? ?????? ?????? ???? ???? ??? ?????? ????? ???? ???? ?? ??????,A) ???? ??????? ?????? | B) ???????? ???? | C) ?????? ???? ???? ????? | D) ??? ??????,A
240,Literature,Easy,Multiple Choice,?? ??? ??? ?????? ??? ????? ???? ????? ????? ?????? ????????? ??? 935 ? ??? ?? ?????? ?? ?? ????????? ??????? ????? ??????,A) ?????? ???????? | B) ?????? ???? | C) ?????? ?????? ?????? | D) ?????? ????????,B
241,Literature,Easy,Multiple Choice,?? ????? ???????? ?????????? ?? ?? ???? '???????' (Tanka) ????????,A) ????? ?????? ??????? | B) ?????? ?????? ????? | C) ????? ?????? ???????? ?? 31 ?????? ?? ???? ???? | D) ????? ????? ?? 17 ??????,C
242,Literature,Easy,Multiple Choice,?? ????? ????????? ???????? ???? ??????? ??? ???? ??? ????? ???????? ???? ???? ????? ?????? ????? ??? ?????? ????? ????? ????????,A) ??? ?????? | B) ??? ????? | C) ?????? ?????? | D) ??? ???? ?????? ???????,D
243,Literature,Easy,Multiple Choice,?? ??? ?????? ???????? ????????? ???????? ?????????? ??? 243 ??????? ?????? ?????? ?????? ????? ?? ????? ?????? ????,A) ?????? ?? ?????? | B) ?????? | C) ?????? ???? | D) ???????,A
244,Literature,Easy,Typing,?? ??? ?????? ?????? ???????? ?????? ?????? ?? 17 ?????? ?????? ?? ????? ???? (??...)?,,?????
245,Literature,Easy,Typing,?? ??? ???? ??? ??????? ?????? ?? ????? ??????? ????? ????? ????? ??? ?????? (??...)?,,????
246,Literature,Easy,Typing,?? ??? ?????? ?????? ??? ??? ????? ?? ????? ?????? ?????? ???????? ???????,,????
247,Literature,Easy,Typing,?? ??? ??????? ???????? ??????? ???? '????? ??? ??????' ?'?????? ?????????' (????...)?,,????????
248,Literature,Easy,Typing,?? ??? ????? ??? ???? ?????? ???? ?????? ???? ?? ????? ??? 1968 ???? ????? ??? ???????,,????????
249,Literature,Easy,Typing,?? ??? ????? ??????? ?????? ??????? ???? 1914 ????? ???? ?????????? '?????' ?? ??????,,??????
250,Literature,Easy,Typing,?? ??? ????? ??????? ??????? ?????????? ???? ???? ??? ????? ????? ???????? ???????? ?????????,,???????
251,Literature,Medium,Multiple Choice,?? ?? ???????? ???????? ???????? ???????? ???? ????? ????? ?????? ????? ??????? ?????? ??? 1970 ???? ????? ??????? ???????,A) ???? ??????? ?????? | B) ??? ??????? | C) ???? ?????? | D) ???? ?????,B
252,Literature,Medium,Multiple Choice,?? ????? '??????' ???????? ??????? ?? ?? ????? ???????? ???????? ???? ????? ?? ?????? ?????? ?????? ???? ????????,A) ?????? | B) ???? | C) ???? | D) ???????,C
253,Literature,Medium,Multiple Choice,?? ??? ?????? ??????? ?????? ?????????? ???????? ??? 1933 ???? ????? ??? ?? ??????? ???????? ???????? ??????? ?????? ?? ?????? ?????? ???????,A) ????? ???? ???? ?????? | B) ??????? ????? | C) ??? ???? ???????? | D) ???? ????,D
254,Literature,Medium,Multiple Choice,?? '??? ????'? ?? ?? ?????? ?????? ??????? ???? ????? ???? ???????? ???????? ????? ????? ??????? ?????? ?????? ???????,A) ???????? | B) ?????? ??? | C) ?????? ?????? | D) ?????? ?????????,A
255,Literature,Medium,Multiple Choice,?? ????? ?????? ????????? ??? ??? 1967? ?????? ??????? ????? ?? ?????? ??? 1860 ???? ???? ??????? ???????? ?????? ??????????? ?? 'The Silent Cry'?,A) ????? ????? | B) ???? ????? | C) ????? ??? ?????? ?????? | D) ??? ???? ?????,B
256,Literature,Medium,Multiple Choice,?? ?? ?????? ??????? ??????? ????? ???? ?? ?????? ?????? ???? ??? '??? ??????' (Fushikaden) ?????? ?????? ?????? ????????,A) ?????????? | B) ?????? | C) ????? ??????? | D) ??????,C
257,Literature,Medium,Multiple Choice,?? ?? ??????? ??????? ???????? ?????? ?????? ???? ??? ?? ????? ????? ??????? ?? ????? '?????' ??????? ?????? ?????? ???????? ?????? ?????,A) ??? ???????????? | B) ???????? ??????? | C) ?????????? | D) ????? ?????,D
258,Literature,Medium,Multiple Choice,?? ????? '??? ??????' ?????????? ?? ?? ???? ?????? ?????????? ??????? ?????? ?? ????? ???????? ??????? ???????,A) ???? ??????? ????? | B) ????? ???? | C) ????? ??? | D) ??????,A
259,Literature,Medium,Multiple Choice,?? ????? ??????? ??????? ???? ???? ??? 1971 ???? ?????? ???????? ???????? ???? ????? ?? ???? ????????? ??? ??????? ??????,A) ??? | B) ????????? | C) ????? | D) ??? ????,B
260,Literature,Medium,Multiple Choice,?? ?? ????? ?????? ?? ????? ?????? ??? ???? ????? ?????? ???????? ?????? '??? ?????? ??????'? ????? ???? ?????? ?????? ???????,A) ?????????? | B) ???????? | C) ?????-???? | D) ??????????,C
261,Literature,Medium,Multiple Choice,?? ??????? ??????? '????' ?????????? ?????????? ?? ?? ??????? ???????? ?????? ???? ???? ??????? ??????? ????? ???? ?????,A) ????? | B) ??????? (??????) | C) ?????? | D) ???? (Kappa),D
262,Literature,Medium,Multiple Choice,?? ?? ??????? ??????? ???????? ???? ?????? ??? ???????? ??? 1988 ???????? ???????? ???????? ???????? ????????? ??????? ?????? ???????,A) ????? ????? ?????? | B) ????? ???????? | C) ????? ???? | D) ????? ????????,A
263,Literature,Medium,Multiple Choice,?? ?? ????? ??? ????? ??????? ????? ???????? ????? ????? (?????????)? ???????? ??????? ???????? ???????? ??????? ?????????,A) ?????? ?????? | B) ???? ?? ??????? | C) ????? ?? ????? | D) ??????? ?????,B
264,Literature,Medium,Multiple Choice,?? ?? ??????? ??????? ????? ??? ??????? ??? 1962 ???? ???? ???? ??? ???? ??? ?????? ????? ????? ?? ???? ??? ???? ???? ????? ??????,A) ??? ??????? | B) ????? ??????? ?????? | C) ??? ??? | D) ???? ??????,C
265,Literature,Medium,Multiple Choice,?? ????? '????? ???? ???????' ??????? ????????? ??? ???? ????? ???? ?????? ????? ????? ?? ???? ??? ????? ?????? ??????? ??????,A) ???? ???? ????? | B) ?? ???? ???? | C) ?? ???? ?????? | D) ?? ??? ??? ???? ??????,D
266,Literature,Medium,Multiple Choice,?? ?? ??????? ??????? ???? ????? ?????? ??????? ??????? ???????: '???? ????? ??? ???? ???? ????? ???? ???? ?? ?? ?? ??????'?,A) ??? ?????? | B) ???? ?????????? | C) ??????? | D) ??????,A
267,Literature,Medium,Multiple Choice,?? ?? ?????? ???????? ???? ??? ??????? ?? ?????? ?? ???? ???????? ??? 1948 ??? ???? '?? ??? ???????'?,A) ????????? ????????? | B) ?????? ????? | C) ????? ?????? | D) ?????? ????,B
268,Literature,Medium,Multiple Choice,?? ?? ??????? ?????????? ??????? ?????? ?????? ??? 1954 ????????? ?? ??? '?????? ?????' ????????? ????? ?? ???? ?????? ???? ?? ????? ???????,A) ??? ??????? | B) ??? ???? | C) ??? ??????? | D) ??? ??????,C
269,Literature,Medium,Multiple Choice,?? ????? ???????? ?????????? ?? ?? ??? ???????? ???????? ????? ??????? ?? '???? ???????' ??????? ??????? '????? ???????'?,A) ?????? | B) ?????????? | C) ???? | D) ????????,D
270,Literature,Medium,Multiple Choice,?? ?? ??????? ???? ???? ??????? ??????? ?????? ?????? ??????? ????? ?????? ????? ??? ???? ???? ??? ????? ???? ????? ???? ????? ??????? ?????????,A) ???? ??????? | B) ??? ????? | C) ???? ????? | D) ??????,A
271,Literature,Medium,Multiple Choice,?? ?? ?????? ???????? ?????? ?? ????? ??? ????? ???? ???? ???? ?? ??????? ???????? ????? ???? ???????? ?? ???? ????????,A) ???????? ????? | B) ??????? ???? | C) ?????? ????? | D) ???????? ????????,B
272,Literature,Medium,Multiple Choice,?? ?? ????? ????? ??????? ?????? ???? 1901 ??????? ?????? ????? ???? ???? ??? ???? ?????? ???????? ????????? ??? ?????????,A) ??????? | B) ??????????? | C) ??? ?????? | D) ???????,C
273,Literature,Medium,Multiple Choice,?? '??? ????'? ???? ????? ??? ?????? ?????? ???????? ??????? ???? ???? ?? ???? ????? ?????? ????? ???? ??????? ????? ?????? ???????,A) ?????? ????? | B) ????? ????? | C) ????? ?????? | D) ???? ????,D
274,Literature,Medium,Multiple Choice,?? ??? ????? ????? ?????????? ???? ????? ???? ???? ?????? ????? ?????? ????? ????? ????? ?????? ?????? ???? ?????? ????????,A) ????? | B) ???? ?????? | C) ??? ???????? | D) ?????? ?????,A
275,Literature,Medium,Multiple Choice,?? ?? ??????? ???????????? ??????? ??????? ???????? ??? 1929 ???? ???? ???? ?????? ??? ?? ?????? ????? ???? ?????? ??? ??? ????? ????,A) ????? ?????? | B) ????? ????? ???????? | C) ????? ?????? | D) ????? ??????,B
276,Literature,Medium,Typing,?? ?????? ????????? ??????? ?? 5 ???? ?? ??????? ???????? ?????? ??? ?????? ?????? ????? ????? ??????? ??????? (mono no ...)?,,aware
277,Literature,Medium,Typing,?? ?? ??????? ???????? ????? ??? ?? ???????? ????? ???????? ???? ???? '???????? ?? ???????' (zui...)?,,zuihitsu
278,Literature,Medium,Typing,?? ??? ????? ???? ????? '??? ??' ?????? '??????' ?????? ?? ??? ????? (??...)?,,??????
279,Literature,Medium,Typing,?? ??? ????? ?????? ???????? ???? '???????? ????' ???? ???? ????? ????????? ?????? ??? 1970 (??...)?,,??????
280,Literature,Medium,Typing,?? ?????? ???? ???? ????? ???? ????? ?????? ???? ??????: '???... ????? ??? ?????? ??????'?,,?????
281,Literature,Hard,Multiple Choice,?? '??? ????'? ?? ?? ??????? ?????????? ??????? ???? ????? ???? ??? ?????? ?????? ???????? ?? ????? ???? ????? ?????? ?????,A) ????? | B) ?????? | C) ??????? | D) ?????????,C
282,Literature,Hard,Multiple Choice,?? ?? ????? ??????? ?????????? ?? ??? ????? ???? ??? '??? ????' ????? ????? ?????????? ??????? ????? ?? ??????? ?????????? (????????)?,A) ??? ?????????? ???? ??????? | B) ??? ????? ?????????? | C) ???? ?????? ???????? | D) ???? ?????????? ????? ?? '?? ??????' (Onnade) ??????? ?????? ????????????? ????? ?????? ??????? ??? ????? ??????,D
283,Literature,Hard,Multiple Choice,?? ?? ?????? ??????? ???? ??? ????? ???? '??????' (????? ??????? ???????) ??? 712 ? ?????? ???????? ???????? ???? ????? ??????? ????? ?? ????,A) ?? ?? ???????? | B) ?????????? ?? ???????? | C) ?? ?? ????????? | D) ???????? ?? ?????????,A
284,Literature,Hard,Multiple Choice,?? ?? ??????? ??????? ???????? ?? ???? ???? ???? ???? ??? ?????? ??????? ?????? ????? ?????? ???? ?????? ??? ??????? ?????????,A) ???? | B) ????? | C) ???? | D) ?????,B
285,Literature,Hard,Multiple Choice,?? ?? ??????? ????????? ????????? ??? 1928 ???????? ?????? ??????? ????? ?????? '???????? ???????' ????? ????? ??????? ???????,A) ??? ?????? | B) ??????? ??????? | C) ????? ??????? ???????? | D) ???? ???????? ????????,C
286,Literature,Hard,Multiple Choice,?? ????? ???? ???????? ?? ?? ?????? ??????? ??????? ???? ???? ??? ?????? ?????? ?????? (?????) ????????? ??????? ??????? (?????)?,A) ???? ????? | B) ????? ????? ?? ????? | C) ?????? ?????? | D) ?????-?????,D
287,Literature,Hard,Multiple Choice,?? ??? ????? ?????????? ???? ???? ?????? ??????? ???????? ????? ???? ????? ??????? ????? ????? ????? ?????? ??? ????? ????? ????? ????????,A) ???? ?????? | B) ????? | C) ??????? | D) ??? ????????,A
288,Literature,Hard,Multiple Choice,?? ????? ?????? ????????? ???????? ??????? ?????? ???? ????? ?????? ????? ?????? ??? 1968 ???? ????? ?????????? ??????????,A) ????? ?????? ?????? | B) ????????? | C) ????? ??? ????? | D) ???? ??????????,B
289,Literature,Hard,Multiple Choice,?? ?? ?????? ??????? ???????? ?????? ???? ????? '???? ?????' (Chiekosho)? ???? ??? ????? ?? ????? ???? ???? ????? ??????? ??????????,A) ???????? ???????? | B) ??????? ????? | C) ???????? ?????? | D) ???????? ?????,C
290,Literature,Hard,Multiple Choice,?? ?? ????? ??????? ????????? ?????? ?????? ??? ??? 1220 ???? ???? ????? ??????? ??? ????? ?????? ??????? ?????? (?????)?,A) ?????? | B) ??????? | C) ????? ?????? | D) ???????,D
291,Literature,Hard,Multiple Choice,?? ??????? ???????? ?????? ??????? ???????? ??????? ????????? ??? ??????? ??? 1967 ????? ?????? ??????????? ??? 'The Silent Cry'?,A) ???? ????? ????? ?? ??? ??? ?? | B) ????? ????? | C) ????? ???? ?????? | D) ???? ??????? ????? ?????,A
292,Literature,Hard,Multiple Choice,?? ?? ?????? ??????? ?????????? ????????? ???? ?????? ????? ???? ????? ?????? ????? ??????? ??? ??? ????? 5-7-5 ?7-7 ???? ??? ??? ??? ???????,A) ??????? | B) ??????? ?? ??????? | C) ??????? | D) ????????,B
293,Literature,Hard,Multiple Choice,?? ????? ??????? ????? ??? 1907 ???? ??????? ?????? ????? '????? ?????' ????? ?????? ???? ????? ???????? ????? ????????,A) ?????? ???????? | B) ???? ????????? | C) ?????? | D) ??????? ???????,C
294,Literature,Hard,Multiple Choice,?? ?? ????? ???????? ???? 1923? ?????? ?????????? ?? '?? ????'? ????? ?????? ???? ????? ???? ????? ????? ???? ????? ??? ????? ???????,A) ??????? ????? ????? ?????? | B) ???? ?????? | C) ??????? | D) ?????,D
295,Literature,Hard,Multiple Choice,?? ??????? ??????? ????????? ???????? ???? ???? ????? '??????????' (Kakekotoba / ?????? ????????)?,A) ???? ???? ?????? ???? ????? ??????? ????? ??? ?????? ??????? ??????? ??? ????? ???????? | B) ???? ????? ??? ??? ?????? | C) ????? ??????? ??????? | D) ??????? ???????? ????????,A
296,Literature,Hard,Multiple Choice,?? ?? ????? ?????????? ??????? ??????? ?????? ??????? ????? ??? 1934 ?? ????? ??????? ?????? ?? ???? ??? ????? ?????? ????????,A) ???? ??????? ??????? | B) ???? ??? ??? ???? ?????? | C) ?????? ?????? | D) ???? ????? ??????,B
297,Literature,Hard,Multiple Choice,?? ????? ?????? ?????? ?????? ?? ??? ????? ????? ?????? ????? ?????? ??? 1004 ????? ???????? ??? ??????? ???????? ?????????,A) ???????? | B) ?????? ?? ???? | C) ?????? ?????? | D) ???????? ??????,C
298,Literature,Hard,Typing,?? ?? ??????? ???????? ?????? ?? 4 ???? ????? ??? ?????? ?? ??????? ??????? ??????? ?? ??????? ????????? (k...)?,,kigo
299,Literature,Hard,Typing,?? ??????? ??????? ???????? ????? ??? ????? ??????? ??????? ?????? ?? ?????? ????? ???? (y...)?,,yugen
300,Literature,Hard,Typing,?? ??? ???? ????? ???? ???? ?? ????? ??????? '??????' ??? 712 ? (?? ?? ...)?,,????????
301,Literature,Easy,Multiple Choice,?? ???? ?????? ??????? ????? ????? ?? '???? ????' (The Bard)? ??? '?????' ?'?????' ?'????? ???????'?,A) ???????? ????? | B) ?? ?????? | C) ??? ?????? | D) ???? ??????,D
302,Literature,Easy,Multiple Choice,?? ?????? ?????? ?????????? '?????'? ?? ?? ???? ???????? ?????? ???? ???? ???????? ?? ??? ????? ????? ??????,A) ????? | B) ????? | C) ??????? | D) ?????????,A
303,Literature,Easy,Multiple Choice,?? ????? ??????? ???? ?? ????? ????????? ???? ????? ????? ???????? ??? '???? ?????' ?'?????? ?????' ?'??? ???????'?,A) ????? ????? | B) ?????? ????? | C) ???? ????? | D) ???? ?????,B
304,Literature,Easy,Multiple Choice,?? ?? ??????? ?????????? ????? ??????? ?????????? ?????????? ?????????? '?????? ??????' ??????? ???????? ????? ?????? ??????,A) ?????? ?????? | B) ???? ???? | C) ??? ????? | D) ???? ?????,C
305,Literature,Easy,Multiple Choice,?? ????? ???? ?????? ?????????? ??????? '1984'? ?? ?? ????? ??????? ????? ?????? ???????? ???? ????? ?????? ?????? ????? '... ??????'?,A) ??????? | B) ????????? | C) ??????? ?????? | D) ???? ??????,D
306,Literature,Easy,Multiple Choice,?? ?? ??????? ??????? ??????? ????? ???? ??????? ??? 1818 ?? ???? ???? ?????? ???? ?? ????? ????? ??????? ???? ????? ?????? ???????,A) ??????????? | B) ??????? | C) ????? ???? ????? ???? | D) ????? ??????? ????,A
307,Literature,Easy,Multiple Choice,?? ??? ?????? ????????? ??????? ????????? ??????? ???? ?????? ????? ???? ????? ???? ???? ???? ?? 221 ? ???? ???? ??????,A) ???? ????? | B) ????? ????? | C) ???? ????? | D) ?????? ???? ?????,B
308,Literature,Easy,Multiple Choice,?? ?? ??????? ??????? ?????????? ??????? ?????? ??????? ?? ????? ??????????? ????? ?????? ????? ?? ???????? ???? ????? ??????,A) ?????? | B) ?????? | C) ?????? | D) ????? ??????,C
309,Literature,Easy,Multiple Choice,?? ?? '??? ????? ?????????' ???? '?????? ????????' ?? ????? ?????? ??? ???? ?????? ???? ?? ?????? ????? ????? ??????,A) ???? ???????? | B) ??? ???? | C) ????? ?????? | D) ????? ?????,D
310,Literature,Easy,Multiple Choice,?? ?????? ?????? '????? ???????'? ?? ??? ????????? ????????? ??????????? ?????? ????? ????? ?? ???????,A) ??????? ????????? | B) ???????? ????? | C) ?????? ???????? | D) ??????? ???????,A
311,Literature,Easy,Multiple Choice,?? ?? ??????? ??????? ?????????? ?????? ?????? ??? ?????? ?? ????? ?????? ??? ???? ???? ???? ??????? ????? ????? ?? ??? ???? ?????,A) ???? ????? | B) ??????? ??????? | C) ????? ?????? | D) ???? ?????,B
312,Literature,Easy,Multiple Choice,?? ????? ??????? ?????? ???? ??? ???? ??????? ???????? ???????? ??? ??????? ??????? ?????? ??? ???? ???????? ????????,A) ??? ??? | B) ???? ???? | C) ??????? ????? | D) ????? ????,C
313,Literature,Easy,Multiple Choice,?? ??????? ???????? ??????? '????? ???????' ????? ??????? ?? ??? ?? ??????? ??????? ?????? ??? ?????? ?????? ????????,A) ?????? | B) ?????? | C) ?????? | D) ????????,D
314,Literature,Easy,Multiple Choice,?? ?? ?????? ????? ???????? ????????? ???? ????? ?????????? ??????? '??? ???????' (The Lord of the Rings) ?????? '???????'?,A) ?. ?. ?. ?????? | B) ??. ??. ???? | C) ????? ?????? | D) ???? ???????,A
315,Literature,Easy,Multiple Choice,?? ?? ??????? ??????? ?????????? ?????? ????????? ???? ????? ??? 1897 ???? ???? ????? ?????? ???? ?????? ???????????? ???????,A) ??????? | B) ??????? | C) ???? ?????? | D) ???? ????????,B
316,Literature,Easy,Multiple Choice,?? ?????? ?????? '?????'? ?? ?? ???????? ??????? ??????? ???? ????? ?????? ???? ????? ??? ????? ???? ?????????,A) ????? ?????? | B) ???????? | C) ???????? ?????? | D) ????? ?????,C
317,Literature,Easy,Multiple Choice,?? ????? ?????? ???????? ????? ???? ????? ?????? ????? ????? ???? ???? ??????? ??????? ????? ???????? ??????? ????????,A) ??????? ????? | B) ???? ????? | C) ?????? ?????? | D) ????? ??????,D
318,Literature,Easy,Multiple Choice,?? ?????? ???????? ???? '??? ???'? ??? ??????? ??????? ?????? ???? ??? ?? ?? ?????? ??????? ?? ??? ???????? ???????,A) ?????? ?????? | B) ?????? ?????? | C) ?? ?????? | D) ???????? ?????,A
319,Literature,Easy,Multiple Choice,?? ??? '?????? ??? ???????' ??????? ?????? ?? ?? ?????? ?????? ?????? ???? ????? ????? ??? ??????? ?????? ?????,A) ??? ??????? | B) ????? ????? | C) ????? ??? | D) ?????? ?????,B
320,Literature,Easy,Multiple Choice,?? ?? ?????? ???????? ????????? ????? ?????? ???? ????? '???? ?????? ????' ?????????? ???????? '????? ?? ???? ?????'?,A) ???? ?????? ?? | B) ?. ?. ???? | C) ?????? ????? | D) ?????? ?????,C
321,Literature,Easy,Multiple Choice,?? ????? ???? ???? ????????? ?????? ????? ??? 1932 ???? ??????? ????????? ????? ??????????? ?????????? ????????? ????? ???????,A) 1984 | B) ???????? 451 | C) ??? ????? | D) ???? ???? ????,D
322,Literature,Easy,Multiple Choice,?? ??????? ????? ????? ?????? ???? ????? ????? ?? ?? ?????? ????? ??????? ??????? ?????? ???? ???? ????? ??????,A) ????? ??? ?????? | B) ?????? ??????? | C) ???????? ????? | D) ?????????? ????????,A
323,Literature,Easy,Multiple Choice,?? ?? ??????? ?????????? ??????? ?? '???? ???????' ????? ?????? ?????? ???????? ???????? ???? ????? ??????? ??? ??????,A) ?????? ????? | B) ????? ?????? | C) ??? ????? | D) ?? ?? ????,B
324,Literature,Easy,Multiple Choice,?? ????? ????? ????? ??????? ??? 1954 ???? ?????? ?? ?????? ??????????? ???????? ?? ????? ????? ??????? ??? ??????? ?????????,A) ??????? ????? | B) ????? ????? | C) ???? ?????? | D) ????? ???????,C
325,Literature,Easy,Multiple Choice,?? ?? ??????? ???????? ?????????? ??????? ?? ????? ???? ????? ????? '?????? ??????' ?'??? ???????' ??????? ?????? '???? ??? ????? ????'?,A) ???? ????? | B) ?????? ???????? | C) ????? ?????? | D) ??????? ????,D
326,Literature,Easy,Multiple Choice,?? ????? '????? ??????' ?? ??. ??. ????? ?? ??? ????? ?????? ?????? ???? ??? ?????? ????? ????? ??? ??????? ????????,A) ????? | B) ??????? | C) ???????? | D) ?????,A
327,Literature,Easy,Multiple Choice,?? ???? ??????? ??????? ??? ??????? ??????? '????? ?????? ??????' ???? ???? ???? ?????? ???? ?????? ???????,A) ???? ????????? | B) ?????? ?????? ??????? | C) ?????? ?????? | D) ??? ????,B
328,Literature,Easy,Multiple Choice,?? ?????? ?????? '????'? ?? ?? ?????? ?????? ???? ???? ?????? ?????? ??????? ?????? ???? ?????? ????????,A) ????? | B) ??????? | C) ???? | D) ?????????,C
329,Literature,Easy,Multiple Choice,?? ????? ??????? ?????? ???? ??? 1719 ???? ????? ???? ???? 28 ????? ?? ????? ???????? ?????? ????? ????? '????'?,A) ????? ?????? | B) ????? ????? | C) ????? ??????? ????????? | D) ??????? ?????,D
330,Literature,Easy,Multiple Choice,?? ?? ???????? ?????????? ??????? ?? ????? ?????????? ?????? ??????? ???? ?? ??????? ????? ?????? ?????????? '???? ????'?,A) ???? ????? | B) ?????? ?????? | C) ??? ????? | D) ???????? ?????,A
331,Literature,Easy,Multiple Choice,?? ?????? ?????? '??? ???? ????? ?????'? ?? ??? ????? ??????? ???? ???? ?????? ???????: '?? ????? ?? ????? ??????? ????!'?,A) ??????? | B) ??? | C) ??????? | D) ?????,B
332,Literature,Easy,Multiple Choice,?? ???? ???????? ??? ??????? ???????? ?????????? '????? ?????' ?????? ??????? ??????? '????? ???? ????? ????'?,A) ????? ????? ???? | B) ?. ?. ???? | C) ????? ???? ???????? | D) ???? ????? ????,C
333,Literature,Easy,Multiple Choice,?? ????? ??? ????? '?????? ??????'? ?? ?? ??? ?????? ??????????? ????? ??????? ???? ??? ???????,A) ?????? ?????? | B) ???? ?????? | C) ????? ?????? | D) ?????????? ?????,D
334,Literature,Easy,Multiple Choice,?? ?? ???? ?????? ????????? ???? ???? ?????? ????? ?? 40 ????? ????? '???? ?????? ??????' ?????? '?? ?????'?,A) ??????? ?????? ??????? | B) ????? ???????? | C) ????? ?????? | D) ?????? ????? ??????,A
335,Literature,Easy,Multiple Choice,?? ????? '??????? ???????' ???????? ?? ???? ???? ???? ?? ?????? ?????? ???????: '?? ???? ?? ?????? ??? ?? ?? ???? ?? ??????'?,A) ??????? | B) ????? / ??????? | C) ?????? | D) ?????,B
336,Literature,Easy,Multiple Choice,?? ???? ??????? ???? ??? ??????? ???????? ?????? '?????' (Ulysses)? ??????? ??? ??????? ???? ?? ???? ??? 16 ????? 1904?,A) ?. ?. ???? | B) ?????? ????? | C) ???? ???? | D) ?????? ?????,C
337,Literature,Easy,Multiple Choice,?? ????? '??? ???????' ???????? ?? ?? ??????? ?????? ???? ??? ?????? ?????? ?? ??? ????? ?????? ???? ?????? ????????,A) ??????? ????? | B) ???????? ??? | C) ???????? ????????? | D) ????? ?????,D
338,Literature,Easy,Multiple Choice,?? ?? ?????? ????????? ????????? ??????? ???? '????? ??? ????' ?'????? ??? ??? ???????' ????? ????? ?? ???? ?? ??? 25 ??????,A) ??? ???? | B) ????? ??? ???? | C) ?????? ?????? | D) ???? ????,A
339,Literature,Easy,Multiple Choice,?? ????? ?????? ????? '??? ???????'? ?? ??? ????????? ??????????? ?????? ???? ????? ??????? ?????? ???? ?????? ?????????,A) ???? ????? | B) ???? ?????? | C) ????? ?????? | D) ???? ??????,B
340,Literature,Easy,Multiple Choice,?? ?????? ????? ??????? ????? ????? ???? ????????? ???????? ????????? ??? ????? ?????? ????? ????? ?? ??? ??????,A) ????? ?????? | B) ???? ???? ?????? | C) ?? ?????? ???? | D) ?????? ???????,C
341,Literature,Easy,Multiple Choice,?? ?????? ?????? '???????'? ?? ?? ??? ?????? ??????? ???? ?????? ?????? ?? ????? ????? ?????? ????? ???? ????? ???????,A) ??????? | B) ????? | C) ???????? | D) ????????,D
342,Literature,Easy,Multiple Choice,?? ???? ?????? ??????? ??? ?????? ?????????? ?????? '??? ?? ?? ????????' ?'??? ???????' ?? ?????? ?????? ????????,A) ????? ????? | B) ???? ??????? | C) ??. ??. ?????? | D) ?? ??? ??????,A
343,Literature,Easy,Multiple Choice,?? ???? ????? ?????? ??????? ??? ????? '?????? ??????? ???????' ??????? ????????? ??????????? '???????' ?'?????' (The Tyger)?,A) ?????? ??????? | B) ???? ???? | C) ???? ????????? | D) ????? ?????,B
344,Literature,Easy,Typing,?? ??? ????? ?????? ???????? ????????? ?????? ?? ??????? ???? ????? ????? (???...)?,,??????
345,Literature,Easy,Typing,?? ??? ????? ??????? ????????? ????????? ???? ?????? ????? ???? ??????? (???...)?,,?????
346,Literature,Easy,Typing,?? ??? ????? ???????? ?????????? ????? ?????? ?????? ????? ???? ?????? (??...)?,,?????
347,Literature,Easy,Typing,?? ?????? ??????? ?? 5 ???? ???? ???? ????? ????? ???? ?????? ???????: '????? ???...'?,,?????
348,Literature,Easy,Typing,?? ??? ????? ?????? ????????? ???? ????????? ????????? 1984 ?????? ????????,,??????
349,Literature,Easy,Typing,?? ??? ????? ???????? ?????? ???? ???? ????? ?????? ????? ????????? ?? ???? ??????,,?????
350,Literature,Easy,Typing,?? ??? ????? ?????? ?????? ????? ???? ???? ??????? ??? 1818 (??????...)?,,???????????
351,Literature,Medium,Multiple Choice,?? '?????? ????????' ?????? ?????? ?? ????? ????? ???? ?????? ???? ????? ?????? ?????? ?? ????? ?????? ?? ???????,A) ????? ????? | B) ??????? ??????? | C) ???? ??? | D) ??????,C
352,Literature,Medium,Multiple Choice,?? ???????? ????????? ????? ??? 1604 ???? ??? ???? ?????? ???? ????? ?? ???? 24 ????? ?? ??????? ?????????? ????? ??????? ????????,A) ???????? ?????? | B) ????? ????? | C) ?????? ?????? | D) ????? ???????,D
353,Literature,Medium,Multiple Choice,?? ?????? ?????? '????? ???'? ?? ?? ?????? ?????? ??????? ???? ?????? ?????? ?? ??????? ?????? ???????? ??????? ????????,A) ???????? | B) ?????? | C) ????? | D) ??????,A
354,Literature,Medium,Multiple Choice,?? ?? ??????? ???????? ???????? ???? ??? 1928 ???? ???? ???? ???? ????????? ????? ??? ??????? ????? ????? ???? ??? ?? ?????,A) ??????? | B) ???????? | C) ????? ??????? | D) ???? ?????,B
355,Literature,Medium,Multiple Choice,?? ???? ?????????? ????? ?????????? ???? ??? ??? ????? '???? ???? ??????' ????? ??????? ??????? '??? ?? ????? ????? ??????'?,A) ???? ?????? | B) ????? ?????? | C) ??? ??? | D) ???? ?????,C
356,Literature,Medium,Multiple Choice,?? ????? '??? ???' ??????? ??????? ?? ?? ???? ?????? ???? ????? ????? ??????? ?? ?????? ?????? ?? ??? ?????????,A) ??????? ?????? | B) ???? ????? | C) ???? ??? ???? | D) ????? ?????? ???????? ????? ?????,D
357,Literature,Medium,Multiple Choice,?? ?? ??????? ???????? ??????? ?????? ?. ?. ????? ??? 1922 ???? ????? ?? '????? ???? ??????' ??????? ?????? ??? ???????? ???????,A) ????? ?????? | B) ?????? ????? | C) ?????? ?????? | D) ????????? ??????,A
358,Literature,Medium,Multiple Choice,?? ???? ????? ???? ???????? ????? ????? ??? ?????? ????? ??? ????? ??????? ?? ??????? ????? ??? ??????? ???????????,A) ????? ??????? | B) ?????? ?????? | C) ????? ????? | D) ????? ???????,B
359,Literature,Medium,Multiple Choice,?? ???? ?????? ????????? ?? ??? ????? ?????? ?????? ????? ???? ?????? ???? ?????? ?????? ????? ????? ??????,A) ?????? | B) ????????? | C) ?????? | D) ??????,C
360,Literature,Medium,Multiple Choice,?? ????? ?????? ??. ??. ?????? ??? 1924 ?????? ???????? ??????? ?????????? ????????? ?? ????? ??? ????? ???? ??????? ????????,A) ?????? ??? | B) ??? ???? ???????? ?? ??? | C) ???? ?? ?????? | D) ???? ??? ?????,D
361,Literature,Medium,Multiple Choice,?? ?????? '?????' ???????? ?? ?? ?????? ?????????? ???? ????? ?????? ???? ????? ????? ?? ???? ???? ???? ?? ??????? ????????,A) ????? | B) ????? | C) ??????? | D) ??????,A
362,Literature,Medium,Multiple Choice,?? ?? ?????? ????????? ????????? ?????? ???? ????? ?????? ???? '????? ????? ????? ???????' ????? ??????? ???????? '??? ????'?,A) ????? ??? ???? | B) ?????? ?????? | C) ???? ????????? | D) ??? ????,B
363,Literature,Medium,Multiple Choice,?? ?? ????? ???????? ?????????? ?? ????? ?????? ??? ???? ????? ???? ??? ????? ??????? ????????? ???? ??? ????? ???? ????? ??????,A) ??? ???? | B) ????? ?????? | C) ????? ????? ??????? ?????? | D) ???????,C
364,Literature,Medium,Multiple Choice,?? ????? ??????? ????? ????? ??????? ???????: '??? ???? ???????? ???? ???? ???????? ??? ??? ??????? ???? ??? ???????'?,A) ?????? ?????? | B) ????? ????? | C) ????? ??????? | D) ??? ???????,D
365,Literature,Medium,Multiple Choice,?? ????? ???? ?????? '1984'? ?? ??? ???? ??????? ?????? ??????? ??????? ?? ????? ???? ???? ????? ??? ???? ?????? ?? ?????,A) ?????? 101 | B) ?????? 40 | C) ?????? ???????? | D) ???? ???????,A
366,Literature,Medium,Multiple Choice,?? ?? ????? ?????? ????????? ?????? ?????? ???? ???? ??? 1485 ???? ???? ???????? ??????? ????? ???? ?????? ??????? ??????????,A) ???? ???? | B) ??? ???? | C) ????? ???? | D) ???????? ??????,B
367,Literature,Medium,Multiple Choice,?? ??? ?????? ?????? ?????? ???????? ???? ??? 1928 ???? ???? ??? ?? ?????? ????? ??? ??? ???? ????? ????? ??? ?????? ?? ????? ??????,A) ???? ?????? | B) ?????? ?????? | C) ???? ??? ????? ???? | D) ?????? ???? ???,C
368,Literature,Medium,Multiple Choice,?? ????? '???? ?????? ????' ??????? ?????? ???? ???? ????? ??????? ???????? ?? ?????? ????? ???? ?????? ?? ???? ??????? ?????????,A) ??? ???? ????? ???? ?????? | B) ????? ?????? ??? ????? | C) ????? ???????? | D) ???? ?????? ????? ????? ???? ?????? ???????? ??????? ????? ???? ?????? ????? ?????,D
369,Literature,Medium,Multiple Choice,?? ?????? ????? ????? ?????? ?? ??? 1913 ????? ???? ?????????? ???? ?????? ??? ????? ????? ?????? ???????? ????? ?????? ??? ???? ???????????,A) ???????? | B) ?????? ?????? | C) ??????? ?????????? | D) ??? ?????? ???????,A
370,Literature,Medium,Multiple Choice,?? ????? ??? ?????? ??????? ???????? '???? ?????' (1678)? ?? ??? ????? ???? ???? ?? '????? ??????' ??? '??????? ????????'?,A) ?????? (??????) | B) ???????? (Christian) | C) ?????? (??????) | D) ???????????,B
371,Literature,Medium,Multiple Choice,?? ???? ??????? ??????? ??? ?? ?? ??????? ???????? ?? ???? ?????? ??? ??? ?????? ????? ?????? '???????????' ?'????????? ??????'?,A) ?????? ?????? | B) ??? ???? | C) ????? ??? ???? | D) ?? ???,C
372,Literature,Medium,Multiple Choice,?? ????? ???? ????? ???? '??? ?? ????????'? ?? ?? ??????? ?????? ???? ???? ?????? ??????? ????? ???????? ??????? ?? ???????????,A) ??? ???? ????? | B) ??? ???? ???? | C) ????? ?? ???? | D) ??? ??? ???? ????? ????,D
373,Literature,Medium,Multiple Choice,?? ?? ????? ?????? ????? ???? 1853 ???? ???? ??? ?????? ???????? ??????????? ??????? '???????? ?? ????????' ?? ????? ??????,A) ?????? ?????? | B) ??????? ??????? | C) ????? ???????? | D) ????? ?????,A
374,Literature,Medium,Multiple Choice,?? ?????? ?????? '???? ????????'? ?? ?? ????? ?????? ??????? ???? ????? ??????? ????? ??? ??????? ?? ??? ????? ?? ???? ??????,A) ?????? ?????? ??????? | B) ??? ?? ??? ???? | C) ????? ???? ????? ???? | D) ??????? ?? ????,B
375,Literature,Medium,Multiple Choice,?? ?? ????? ?????? ??????? ??????? ????? ?? ?????? ??? 1938 ???? ????? ???????? ?????????: '???? ?????? ??????? ????? ???? ??? ??????? ??????'?,A) ??? ??????? | B) ???? ??? ????? | C) ?????? | D) ??? ???????,C
376,Literature,Medium,Typing,?? ??? ??????? ?????????? ??????? ?????? ??????? ??? ?????? ??? ??? ???????? ??????,,??????
377,Literature,Medium,Typing,?? ??? ???? ?????????? ???? ??? ????? ??????? ?? ????? ?????? ???? ?????? ????? ????? (???...)?,,?????
378,Literature,Medium,Typing,?? ??? ??????? ?????? ????? ???? ???? ????? ?????? ?? ?????? ??????? ??????? ?? ?????? (????...)?,,??????
379,Literature,Medium,Typing,?? ????? ????? ????? ??????? ???? ??? ???????? ???? ??? ??? ??? ?? ????? ?????? ???????,,??????
380,Literature,Medium,Typing,?? ??? ????? ????? ???????? ????? ???? ??? ??? ?????? ????? ???? ?????? ???????: '?????? ??????? ???????'?,,???????????
381,Literature,Hard,Multiple Choice,?? ????? ?????? ????? ??????? '???? ?????'? ?? ???? ???? ????? ??????? ????? ???? ?????? ?????? ?????? ??? ?????,A) ????? ???? | B) ????????? | C) ????? ???????? | D) ???? ?????? ??????,D
382,Literature,Hard,Multiple Choice,?? ?? ??????? ????????? ??????? ?? ???? ????? ?????? ????? (1759) ??????? ???????????? ?????? ????? ??????? ??????? ?????? 4 ????? ??? ?????,A) ???? ????? ???????? ?????? ??????? | B) ???? ????? ?????? | C) ??? ???? | D) ???????,A
383,Literature,Hard,Multiple Choice,?? ?????? ??? ??? ????????????? ??????? '??? ???? ?? ???? ???????'? ?? ?? ?????? ???????? ????????? ????????? ???? ??????? ??????? ????????,A) ????? ????? ????? | B) ????? ?????? ???? ?? ?????? ?????? ????? ????? ????? ???? | C) ????? ???????? ????? | D) ???? ???? ??? ?????,B
384,Literature,Hard,Multiple Choice,?? ???????? ????? ???? ?????? ?? ??? ?????? ????? ???? ???? ????? ?? ???? ????? ???? ??????? ??????? ?????? ??????????,A) ??????? ?????? | B) ????? ?????? | C) ???? ????? | D) ???????? ???????,C
385,Literature,Hard,Multiple Choice,?? ??????? ??????? ?????????? ???????? ???? ????? ??? ????????? ???????? ??????? ??? ????? ????? ?? '???? ?????' ??????? ?? '???? ??????'?,A) ???? ????? (??????) | B) ????? ??? (??????) | C) ?????? ?????? | D) ????? (Kenning),D
386,Literature,Hard,Multiple Choice,?? ?? ??????? ????????? ?????? ?? 8 ?????? ??????? ?????????? (1748) ???? ???? ?????? ?????? ????? ????? ?? ?????? ?????? ???????,A) ???????? ?? ????? ???? ????? | B) ?????? | C) ????? ?????? ????????? | D) ???????,A
387,Literature,Hard,Multiple Choice,?? ?????? '????? ???'? ?? ?? ????? ?????? ????? ?????? ???? ????? ?? ???? ?????? ??????? '??? ??????' ??? ?????? ????????,A) ?????? | B) ????? | C) ??????? | D) ????,B
388,Literature,Hard,Multiple Choice,?? ????? ????? ?????? ?????? ???? ??????? ????????? ??? ???? ?????: ???????? (????????????)? ?????????? (??????????)? ????????,A) ?????? ?? ????? | B) ????? ????? | C) ??????? ??????? | D) ????? ????????,C
389,Literature,Hard,Multiple Choice,?? ????? ?????? '??????? ???????'? ?? ??? ??????? ????????? ??????? ???? ????? ????? ??????? ?? ??? ?????? ??? ?? ???????? ???????,A) ????? ??? | B) ???? ???? | C) ???????? | D) ???????????,D
390,Literature,Hard,Multiple Choice,?? ???? ????? ???? ????? ???? ??? 1790 ????? ??????? ???????? ????? ????? ???????: '?? ???? ??????? ???? ??? ??? ??????'?,A) ???? ????? ??????? | B) ????? ?????? | C) ??????? | D) ???? ??????,A
391,Literature,Hard,Multiple Choice,?? '?????? ????????' ??????? ?? ?? ??????? ???? ?????? ???? ??????? ?????? ?? ????? ????? ?????? ?? ????? ????? ??????? ??? ???? ????,A) ????? ?????? | B) ????? ???? ???? ??????? | C) ????? ?????? | D) ????? ??????????,B
392,Literature,Hard,Multiple Choice,?? ??? ??????? ???????? ??????? ????? ???? ??????? ??? 1939 ????????? ???? ??? ??????? ?????? ?????? ????? ?????? ????? ?????? ??????,A) ???? ?????? ?? ????? | B) ????? | C) ???? ??????? | D) ????? ????,C
393,Literature,Hard,Multiple Choice,?? ????? '???? ????' ????? ?????? ?? ??? ?????? ???????? ????? ????? ???? ?????? ??????? ???? ???????? ?? ????? '????? ????????'?,A) ??? ???????? | B) ??????? ?????? | C) ???? ???? | D) ?????? ???????,D
394,Literature,Hard,Multiple Choice,?? ??? ??????? ??????? ??????? ????? ??? 1898 ??? ????? ?? ????? ???? ????? ??????: '??? ??? ??? ?? ????? ???? ?? ???'?,A) ????? ??? ????? | B) ?? ??????? | C) ??? ????? | D) ??????,A
395,Literature,Hard,Multiple Choice,?? ?????? ???????? ????? '????? ???????'? ?? ?? ?????? ??????? ?????? ???? ???? ?? ??????? ??? ???? ??? ????? ???????,A) ?? ??? ??? ?????? ???????? | B) '???? ??? ????? ???? ???? ??? ????? ????? ????? ?????? ????????' | C) ?? ??? ?????? ?????? ?? ???? ?????? | D) ????? ?????? ???? ???????,B
396,Literature,Hard,Multiple Choice,?? ?? ?????? ????????? ????????? ???? ?????? ??????? ??????? '???????? ??? ????? ???????' ??? 1821 ?????? ???? ??????? ????????,A) ???? ????? | B) ?????? ???? | C) ????? ?? ?????? | D) ?? ???,C
397,Literature,Hard,Multiple Choice,?? ????? ??????? ???? '??? ???????'? ?? ?? ??????? ???????? ???? ????? ????? ????? ???? ???? ??? ??? ?????? ????????? ???????? ??? ???? ?????? ??????,A) ?????? ????? | B) ??? ??? | C) ????? ???? | D) ???? ??????,D
398,Literature,Hard,Typing,?? ?? ??????? ????????? ?????? ????? ??? ??????? ??????? ?????? ??? '???? ?????' ????? (k...)?,,kenning
399,Literature,Hard,Typing,?? ??? ??????? ???????? ?????? ???? ????? ????? ??????? ?? ????? ??????? ??????? ??????? (Pan...)?,,Pandemonium
400,Literature,Hard,Typing,?? ??? ?????? ?????? ??????? ???? ?????? ??????? ?? ????? ???? ???? ????? ????? (????...)?,,???????
401,Literature,Easy,Multiple Choice,?? ???? ?????? ????? ????? ??????? ?????? ???????? ??????? ??? '??????? ??????? ???' ?'??????? ??? ????'?,A) ???? ???? | B) ????? ?????? | C) ???????? ??????? | D) ????? ???? ??,A
402,Literature,Easy,Multiple Choice,?? ????? '?????? ??????' ?? ?. ???? ??????????? ?? ?? ????? ?????? ?????? ???? ???? ??? ?????? ????? ??? ???? ???????,A) ??? ??????? | B) ????? ?????? ?? ????? ???? ???? | C) ????? ?????? | D) ???? ???? ????,B
403,Literature,Easy,Multiple Choice,?? ????? ?????? ?????? ?????? ???? ??? 1851 ?????? ??????? ??????? ??????? ?? ???? ?????: '????? ???????' (Call me Ishmael)?,A) ???? ??? | B) ????? | C) ???? ??? | D) ?????? ???????,C
404,Literature,Easy,Multiple Choice,?? ???? ?????? ???? ????? ?????? ???? ?????? ???????? ??? ??????? ????????? ??????? '??????' (The Raven)?,A) ?????? ??????? | B) ??. ?. ???????? | C) ?????? ???? | D) ????? ???? ??,D
405,Literature,Easy,Multiple Choice,?? ?? ??????? ????????? ?????? ?? ??????? ??? ????? ??????? ??? 1960 ????? ???? ??????? ?????? ?????? ???? ??????? ?? ??? ????????,A) ?? ???? ?????? ?????? | B) ???? ????? ?????? | C) ????? ???? ???? | D) ??? ?????,A
406,Literature,Easy,Multiple Choice,?? ????? ????? ??????? '????? ??????'? ?? ??? ?????? ?????? ?????? ??????? ???? ????? ???? ???????? ???????? ?????? ?????,A) ??????? | B) ???????? | C) ????? | D) ?????,B
407,Literature,Easy,Multiple Choice,?? ????? ????????? ??????? ??? 1850 ???? ??? ????? ???? ???? ?????? ??????? ??????????? ??????? ??? ?????? ??? 'A' ??????? ??? ??????,A) ???? ????????? ?????? | B) ????? | C) ????? ??????? | D) ???????? ???????,C
408,Literature,Easy,Multiple Choice,?? ????? ?????? ??? '?????? ?????' ?'????? ?????'? ?????? ?????? ?????? ????????? ???? ???? ?????? ???????,A) ???? ????? | B) ?. ???? ?????????? | C) ?????? ???? | D) ??? ???????,D
409,Literature,Easy,Multiple Choice,?? ????? ?. ?. ??????? '?????? ?? ??? ???????'? ?? ?? ??????? ??????? ???????? ??????? ?? ?????? ????? ??? ??????? ???????,A) ????? ??????? | B) ??? ?????? | C) ??????? ??? | D) ??? ???????,A
410,Literature,Easy,Multiple Choice,?? ???? ?????? ???? ???? ????? ??? ???????? ????? ?????? '????? ?????' (Leaves of Grass) ?????? '????? ????'?,A) ???????? | B) ???? ?????? | C) ????? ????? | D) ????? ??????,B
411,Literature,Easy,Multiple Choice,?? ?? ??????? ????????? ???????? ?? ??????? ???? ???? ??? 1800 ????? ?????? ????? ????? ??? '????? ?? ????? ?????? ?????'?,A) ?????? ???? | B) ???????? ????? | C) ?????? ??????? | D) ?? ???????,C
412,Literature,Easy,Multiple Choice,?? ????? '???? ???' ?????? ??????? ?? ??? ??????? ??????? ?? ????? ??????? ???? ???? ????? ????? ???????? ?? ????? ???????,A) ??????? ??????? | B) ??????? ??????? | C) ??????? ?????? | D) ??????? ?????,D
413,Literature,Easy,Multiple Choice,?? ?????? ????? ???? ??? 1953 ???? ??????? ???????? ????????? ?? ???? ??? 1692 ???? ????? ???????? ?????? ??????????,A) ??????? | B) ??? ???? ????? | C) ???? ?????? | D) ???? ?? ?????,A
414,Literature,Easy,Multiple Choice,?? ?? ??????? ??????? ??? ????? ??????? ??????? ???? ??????? ??? 1987 ????? ????? ????? ???? ??????? ?? ???????? ???? ??????? ??? ?????? ????????,A) ???? | B) ???????? | C) ???? ?????? | D) ????? ????? ????,B
415,Literature,Easy,Multiple Choice,?? ????? ??? ??????? ?????????? '???????? 451'? ?? ?? ??????? ???????? ???? ?????? ??? ??????? ??? ?????? ???? ??????,A) ????? ????? ??????? | B) ????? ?????? ?????? | C) ??? ????? ???????? ????????? | D) ????? ???????,C
416,Literature,Easy,Multiple Choice,?? ????? '?????? ??????'? ?? ?? ?????? ?????? ???????? ???????? ???? ????? ??? ???? ??? ????? ????? ??? ???????,A) ??? ??????? | B) ???? ?????? | C) ???? ??????? | D) ??? ???????,D
417,Literature,Easy,Multiple Choice,?? ?????? ????? ?????? ?? ????? ??????? ??? ???? '?????' (Walden) ??? 1854 ?????? ?????? ?? ????? ??????? ?????? ?? ??? ??? ????????,A) ???? ????? ???? | B) ???? ????? ??????? | C) ???? ????? | D) ??????? ????,A
418,Literature,Easy,Multiple Choice,?? ????? ??? ??????? '????? ?????'? ?? ???? ???????? ????????? ?????????? ?????? ?????? ??????? ????? ????? ???? ?????,A) ??? ???? | B) ???? ????? | C) ????? ?????? | D) ??? ?????,B
419,Literature,Easy,Multiple Choice,?? ?? ???? ?????? ???????? ?????? ??? ????? ???? ????? '????? ??????' ?'????? ???? ??????' ?? ?????? ??????????? ?????????,A) ?????? ??????? | B) ?????? ??????? | C) ???? ????? | D) ?????? ?????,C
420,Literature,Easy,Multiple Choice,?? ??? ????? ???? ?? ??????? '????? ??????' (The Tell-Tale Heart)? ?? ?? ????? ????? ???? ???? ?????? ???????? ??????? ???? ?????? ?? ???? ????,A) ???? ???? ?????? | B) ????? ??? ??????? | C) ???? ?????? | D) ???? ??? ?????? ?????? ??? ????? ???????,D
421,Literature,Easy,Multiple Choice,?? ????? ????? ?????? ????? ????? ?????? ??? 1969 ???? ??? ???? ??????? ???? ????? ??? ????? ??? ????? ?? ??? ?????? ???????,A) ?????? ??? ???? | B) ??? ????? | C) ????? ??????? | D) ???? ????,A
422,Literature,Easy,Multiple Choice,?? ?? ???????? ??????? ??????? ??????? ???? ???? ?????? ?????? ???????????? ????? ????? ??? ??????? ?????? ????? ?????? ?????? ?? ??? ????????,A) ??? ??? ???? ???? | B) ???? ????? ?????? | C) ????? ??????? ???????? | D) ???? ????????,B
423,Literature,Easy,Multiple Choice,?? ????? ???? ???? '??????? ??????? ???'? ?? ?? ????? ?????? ?????? ???? ????? ?? ??? ????? ????? ?? ??? ????????? ??? ???????,A) ??? | B) ???? ?? | C) ??? | D) ?????,C
424,Literature,Easy,Multiple Choice,?? ????? ???????? ?? ???? ?????? ??? 1952 ????? ?????? ???????? ??????? ?????????? ?? ??? ?????? ??? ???? ???? ????? ??????,A) ??? ????? | B) ???? ????? ??? ??? ????? | C) ????? ?? ????? ??????? | D) ??? ???,D
425,Literature,Easy,Multiple Choice,?? ???? ?????? ???? ?????? ?? ??? ????? ?????? ??? ?????? ??? 1961 ??? ???? ??????? ??????? '?????? ???? ?? ?????'?,A) ????? ????? | B) ???? ???????? | C) ????? ?????? | D) ???????? ????,A
426,Literature,Easy,Multiple Choice,?? ????? ????? ??????? '?????? ??????'? ?? ?? ???? ??????? ???????? ?? ????? ???????? ???? ??? ?? ???? ??????? ?????????? ?????? ???????,A) ????? ?????? | B) ??????? ???? | C) ??? ????? | D) ??? ?????,B
427,Literature,Easy,Multiple Choice,?? ?? ????? ??? ??????? ???????? ??? 1939 ???? ???? ???? ????? ??? ??????? ???????? ?? ??????? ?? ????????? ??? ???????????,A) ??? ??? | B) ???? ??????? ?????? | C) ?????? ????? | D) ??????? ????,C
428,Literature,Easy,Multiple Choice,?? ????? ????? ???? ?? ??????? '??????'? ?? ?? ?????? ??????? ???????? ???????? ???? ?????? ?????? ?????? ??? ????? ?????? ???????,A) ??? ????? | B) ??? | C) ????? | D) ?? ?? ????,D
429,Literature,Easy,Multiple Choice,?? ?? ???????? ??????? ???????? ?????? ????? ??????? ????? ?????? ????????? '???????? ??? ?????' (Self-Reliance) ??? 1841?,A) ???? ????? ??????? | B) ???? ????? ???? | C) ???? ???? | D) ????? ???,A
430,Literature,Easy,Multiple Choice,?? ?? ??????? ???????? ??????? ??????? ?????? ??????? ?????? ??????? ??? 2006 ????? ???? ????? ?????? ??? ????? ?????? ???????? ????????,A) ???????? ???? | B) ?????? | C) ?? ??? ??????? | D) ?? ?????? ???????,B
431,Literature,Easy,Multiple Choice,?? ?????? ???? ???? '??? ???? ?????'? ?? ?? ?????? ?????? ????? ??????? ???? ???? ??? ????? ????? ????? ???? ????? ????????,A) ??? ????? | B) ???? ????? | C) ???? ????? | D) ??????,C
432,Literature,Easy,Multiple Choice,?? ?? ?????? ???????? ?????? ????? ???? '???? ?????' ??????? ???? ????? '?????? ????? ?? ???????' ?'??? ????'?,A) ???? ???? | B) ????? ????? | C) ???? ?????? ?????? | D) ???????? ????,D
433,Literature,Easy,Multiple Choice,?? ????? '????? ???????' ????????? ???????? ?? ?? ???? ??????????? ????? ???? ????? ?? ??????? ??? ?????? ????? ?????? ?????,A) ???? ???????? | B) ???? ?????????? | C) ??? ?????? | D) ?????? ?????????,A
434,Literature,Easy,Multiple Choice,?? ????? ????? ????? ??? 1929 ???? ????? ????? ??????? ???????? ??????? ??? ????? ????? ?????? ?? ????? ????? ?????? ?????? ?????,A) ????? ???? ?????? | B) ????? ?????? | C) ??? ?? ????? | D) ???????? ???????!,B
435,Literature,Easy,Multiple Choice,?? ?? ??????? ??????? ?????? ??????? ??? 1952 ???? ???? ?????? ??????? ????? ?????? ???? ?? ???? ????? ???? ?? ??????,A) ????? ???? ????? | B) ??? ???? ??????? | C) ????? ?????? | D) ?? ???? ???? ????,C
436,Literature,Easy,Multiple Choice,?? ??? ?????? ??????? ??????? ????? ?????? ??? 1969 ???? ???? ???? ??????? ??????? ?? ?????? ???????? ????????? ?? ????????,A) ?? ????? ???? ??????? ????? ??? | B) ??? ????? | C) ?????? ???? ????? | D) ???? ????? ???? ?????? ??????,D
437,Literature,Easy,Multiple Choice,?? ??? ????? ?????? '??????? ???????'? ?? ?? ??????? ??????? ???????? ???? ?????? ?????? ?????? ?? ??? ????? ???? ???? ??? ????,A) '???? ??? ????' | B) '?? ?????? ????????' | C) '??? ??? ?? ????' | D) '???? ?? ????',A
438,Literature,Easy,Multiple Choice,?? ????? ???? ????? ????? ??????? ??? 1953 ??? ???? ????? ??? ?????? ?? ?? ????? ?????? ?????? ??? ???? ??? ?????? ????????,A) ???? ??????? | B) ???? ????? ??? ??? ????? | C) ??? ??? | D) ?? ?????? ???? ??? ??????,B
439,Literature,Easy,Multiple Choice,?? ????? '?????? ??????'? ?? ?? ???? ?????? ????? ????? ???? ???? ????? ?????? ????? ?????? ??? ??????,A) ????? ??? | B) ????? ????? | C) ????? ???? ?????? | D) ????? ?????,C
440,Literature,Easy,Multiple Choice,?? ???? ?????? ?? '??? ?????' ??????? ??? ??????? ??????? '????' (Howl) ??? 1955: '???? ???? ???? ???? ?????? ??????'?,A) ??? ?????? | B) ???? ????? | C) ????? ?????????? | D) ???? ???????,D
441,Literature,Easy,Multiple Choice,?? ??? ?????? ??????? ???? 1819? ?? ?? ?????? ???? ???? ?? ???? ??????? ??? ?????? ??? ???? ??????? ???? ????? ????? ?? ????,A) ??? ??? ????? | B) ??????? ???? | C) ???? ???? | D) ??????? ????????,A
442,Literature,Easy,Multiple Choice,?? ?? ????? ????? ??????? ???? ?????? ??? 1957 ???????? ??? ????? ??? ????? ????? ??? ? ??? ??? ????? ?????? ????? ?? ???????,A) ????? ??????? | B) ??? ?????? | C) ??? ??? | D) ?????? ??????,B
443,Literature,Easy,Multiple Choice,?? ?? ??????? ??????? ??????? ???? ??????? ????? ??????? ????? ??? ?????? ?????? ????? ??? ?? ???? ?????? ??? ????? ????? ?????? ??????,A) ???? ????? | B) ??????? ?????????? | C) ????? ????? ??????? ?? ????? | D) ??????? ????????,C
444,Literature,Easy,Typing,?? ??? ????? ??????? ???????? ???? '?????? ??????' ?'?????? ?????' (????...)?,,??????????
445,Literature,Easy,Typing,?? ??? ????? ??????? ???????? ?????? ??? ???? ???? '????? ??????' ?'?????? ??????'?,,???????
446,Literature,Easy,Typing,?? ?????? ??????? ?? 3 ???? ???? ???? ??? ????? ????? ?????? ?? ????? ??????: '???? ...'?,,???
447,Literature,Easy,Typing,?? ??? ????? ???? ??? ????? ??????? ???????? ???? ????? '??????' ?????? ???????,,??
448,Literature,Easy,Typing,?? ??? ??????? ??????? ????????? ??????? ?????? ???? ??????? ??? ???? (??...)?,,????
449,Literature,Easy,Typing,?? ?? ????? ???? ???? ????? ????? ??? ??????? ??????? ?? ??? ?????: '???????? ...'?,,451
450,Literature,Easy,Typing,?? ????? ????? ???? ??????? ??????? ??? 1987 ?? ????? ???? ??????? ???? (???...)?,,????????
451,Literature,Medium,Multiple Choice,?? ????? '????? ???????' ????????? ???????? ?? ?? ????? ???? ???? ??????? ?? ??? ??? ???? ?????? ???? ?????????,A) ???? ????? | B) ???? ???? | C) ??? ????? | D) ????? 'A',D
452,Literature,Medium,Multiple Choice,?? ????? ????? ????? ??? 1930 ???? ?????? ?????????????? ?????? ??????? ??????? ??????? ??? ????????? ???? ????? ???? ????,A) ????? ???? ?????? | B) ???? | C) ??? ?? ????? | D) ????? ?? ??????,A
453,Literature,Medium,Multiple Choice,?? ????? '?????? ??????'? ?? ?? ????? ??????????? ?????? ????? ??????? ???? ???? ????? ??? ????? ?? ????? ???????,A) ??? ???? | B) ??? ??????? | C) ???? ?????? | D) ???????????,B
454,Literature,Medium,Multiple Choice,?? ?? ??? ????? ??? ??????? ??????? ????? ?? '???? ???'? ???????? ?????? ?????? ?? ?????? ???????? ?????? ?? ???????????,A) ????? | B) ?????? | C) ????? | D) ??????,C
455,Literature,Medium,Multiple Choice,?? ?? ?????? ??????? ??????? ???? 1845 ?????? ?????? ???????? ???? ???? ????? ???????? ?????? ????? ?? ??? ???? ??????? ????????,A) ?????? ?? ???????? | B) 12 ????? ?? ???????? | C) ????? ????? ?????? | D) ???? ???? ??????? ??????,D
456,Literature,Medium,Multiple Choice,?? ????? ??? ??????? '?????? ?????'? ?? ?? ????? ?????? ?????? ????? ???? ????? ??? ????? ????? ?????? ?????? ??????????,A) ??? ??? | B) ?? ??? | C) ??? ??? | D) ??? ????,A
457,Literature,Medium,Multiple Choice,?? ?? ??????? ????????? ???????? ??????? ?????? ??? 1985 ???? ???? ????? ?????? ?????? ??????? ?????? ???? ????? ??? ???? ??????,A) ???? ??????? | B) ???????? ???? | C) ???? ???? | D) ??? ????,B
458,Literature,Medium,Multiple Choice,?? ?? ?????? ??????? ???????? ?????? ??? ???? ????? ??????? ????? '??? ????? ????' ??????? '???? ??? ???? ?? ????? ?????'?,A) ???? ???? | B) ?????? ??????? | C) ????? ????? | D) ?????? ?????,C
459,Literature,Medium,Multiple Choice,?? ????? ????? ??????? '??? ???? ???????'? ?? ??? ??????? ??????? ???????? ???? ???? ?????? ???????? ????????? ?? ????? ??????? ??????????,A) ??? ????? | B) ??????? ???? | C) ???? ?????? | D) ????? ??????,D
460,Literature,Medium,Multiple Choice,?? ?? ????? ?????? ????????? ????? ???????? ?. ?. ?. ?? ???? ??? 1903 ???? ??? ?????? '?? ?????' ?'?????????? ?? ?????'?,A) ????? ????? ?????? | B) ??? ????? | C) ????? ??????? ?????? | D) ???? ?????????,A
461,Literature,Medium,Multiple Choice,?? ??? ????? ???? ?? '????? ???? ????'? ????? ???? ??? ??? ???? ??????? ?????? ?? ?? ?????? ???????? ??????? ???? ????????,A) ?????? ???? | B) ?. ????? ????? | C) ????? ????? | D) ???? ?????,B
462,Literature,Medium,Multiple Choice,?? ?? ????? ??? ??????? ???????? ??? 1952 ???? ???? ??? ??? ????? ?????? ??? ????? ?? ?????? ????? ???????? ?? ???? ????????,A) ????? ?????? | B) ?? ????? ?????? | C) ??? ??? | D) ???? ??????? ??????,C
463,Literature,Medium,Multiple Choice,?? ????? ?????? ????? ?????? ???? ??? 1895 ??? ????? ?????? ?????? ???????? ????? ?????? ??? ???? ????? ??????? ??????????,A) ????? ??? ??? ???? ???? | B) ?????? ?????? | C) ????: ???? ?? ??????? | D) ???? ??????? ???????,D
464,Literature,Medium,Multiple Choice,?? ????? '?? ???? ?????? ??????' ?????? ??? ?? ?? ????? ??????? ?????? ???? ???? ????? ??????? ?? ??? ?????? ??????? ?? ????????,A) ?? ????? | B) ??? ????? | C) ????? ????????? | D) ??? ?????,A
465,Literature,Medium,Multiple Choice,?? ????? ????????? ?????? ?????? ??? 1906 ???? ??????? ??????? ???? ?????? ?????? ????? ?????? ?? ?????? ?????? ??????? ?????????,A) ???????? | B) ??????? | C) ??????? | D) ???!,B
466,Literature,Medium,Multiple Choice,?? ????? '?????? ??????'? ?? ?? ?????? ????????? ??????? ????? ???? ???? ??? ?????? ??????? ??????? ??? '???? ??????'?,A) ????? ???????? | B) ????? ???? | C) ???? ??????? ?. ?. ???????? | D) ????? ???????,C
467,Literature,Medium,Multiple Choice,?? ????? ?????? ???????? ????? ??? 1936 ???? ???? ??????? ?????? ??????? ?????? ?????? ??????? ???? ????? ??????? ??????????,A) ??????? ??????? | B) ???? ??? ?????? ?? ???? | C) ???????? ???????! | D) ??? ?? ?????,D
468,Literature,Medium,Multiple Choice,?? ????? '???? ???'? ?? ?? ?????? ?????? ??????? ?????? ?? ????? ????????? ????? ????? ???? ?????? ?????? ??????? ?????????,A) ??????? | B) ??????? | C) ???? | D) ???????,A
469,Literature,Medium,Multiple Choice,?? ???? ?????? ????? ???? ???? ??????? ???????? '???????? ????????' ?????? '????? ?????? ????????' ???? ?????? ????? ??????,A) ?. ?. ????? | B) ????? ?????? | C) ???? ????? | D) ???? ?????? ???????,B
470,Literature,Medium,Multiple Choice,?? ?? ?????? ?????? ????? ??????? ??? 1962 ???? ???? ????? ????? ????? ?????? ??????? ??? ????? ????????? ??????? ???? ???????,A) ??? ????? ??????? | B) ????? ???? | C) ?? ???? ?? ??????? ????? | D) ???? ????,C
471,Literature,Medium,Multiple Choice,?? ????? ????? ???? ????? ??? 1899 ????? ????????? ?????? ????? ???????? ???? ???? ?? ??? ??????? (???? ????????) ??? ?????? ????????,A) ??? ???? | B) ????? ?????? | C) ???? ?? ????? | D) ??????,D
472,Literature,Medium,Multiple Choice,?? ????? ??????? '????? ???? ?????'? ?? ?? ??????? ???? ?????? ??????? ????? ???? ??? ?????? ?????? ?????? ?? ????? ??? ????? ???????? ???????,A) ????? ?????? | B) ????? ?????? | C) ????? ?????? | D) ??? ?????,A
473,Literature,Medium,Multiple Choice,?? ????? ?????? ???????? ??? 1993 ???? ??????? ??????? ??????? ????? ???????? ?? ?? ?????? ?????? ?????? ?? ????? ????????,A) ??????? | B) ?????? ??????? | C) ???? ?????? | D) ????,B
474,Literature,Medium,Multiple Choice,?? ????? ???? ???? '??????? ??? ????'? ?? ?? ?????? ?????? ???? ???? ??????? ??????? ?? ??????? ????? ?????? ??? ?????,A) ??? ???? | B) ?? ??? | C) ???? ?? | D) ?????? ????,C
475,Literature,Medium,Multiple Choice,?? ????? ????? ??????? ??? 1970 ???? ????? ?????? ??????? ?????? ??????? ?? ?????? ???? ???? ?? ???? ?? ????? ???? ????? ????????,A) ???? | B) ??? ??????? | C) ??? | D) ????? ????? ????,D
476,Literature,Medium,Typing,?? ??? ????? ??? ??????? ?????????? ??????? ?? 5 ???? ??????? ????? ?? ????? ???? ????,,?????
477,Literature,Medium,Typing,?? ??? ????? ?????? ??????? ???????? ???? ????? ?????? ?????? ???? ?????? (????...)?,,?????
478,Literature,Medium,Typing,?? ??? ????? ??????? ???????? ?????? ??? ???? ???? ?????? ????? ???? ??? (??????...)?,,???????
479,Literature,Medium,Typing,?? ????? ????? ??????? ?????? ?????? ???? ????? ?? ????? ?? ???? ?????? ???????,,??????
480,Literature,Medium,Typing,?? ??? ??????? ?? ?????????? ???? ??? ??? ????? ???? ???? ?????? ???? ???? ????? ???????,,?????
481,Literature,Hard,Multiple Choice,?? ????? '???? ???' ?????? ??????? ?? ?? ?????? ?????? ?? ??? ????? ????? ????? ???? ??? ????? ??????? ?????? ?????? ????? ??????,A) ??????? | B) ??? | C) ?? ??? | D) ???????,A
482,Literature,Hard,Multiple Choice,?? ????? ????? ????? ??? 1936 ???? ???? ???? ????? ?????? ?????? ??????? ????? ????? ??????? ?? ?????? ???????? ??????? ????? ????????,A) ?????? | B) ???????? ???????! | C) ???? | D) ??????,B
483,Literature,Hard,Multiple Choice,?? ??????? ?? ??? ???????? ?????? ?????? ?????? '??? ??? ????????' (1973)? ?? ?? ?????? ???????? ?????? ???? ????? ????? ????? ???????,A) ??????? ?????? | B) ???? ?????? | C) ????? V-2 ????????? | D) ???? ?????? ???????,C
484,Literature,Hard,Multiple Choice,?? ?? ????? ??????? ??????? ?????? ?????? ??? 1892 ???? ???? ?????? ???? ????? ??? ?????? ???? ????? ?? ???? ????? ??????? ????? ??? ???????,A) ???? ????????? ???????? | B) ??????? | C) ???? ??????? ??? | D) ??? ?????? ??????,D
485,Literature,Hard,Multiple Choice,?? ????? ?????? ?????? '???????? ????'? ?? ?? ??????? ????????? ??????? ??????? ???? ???? ????? ????? ??????? ???? ???? ?? ????????,A) ?????? ????? | B) ??? ???? ??????? | C) ??????? | D) ?????,A
486,Literature,Hard,Multiple Choice,?? ?? ??????? ?????????? ????????? ??????? ??? 1955 ???? ???? ???? ?????? ?????? ?????? ?????? ???? ?????? ??????? ??????? ????,A) ??? ????? | B) ?????? | C) ??? | D) ????,B
487,Literature,Hard,Multiple Choice,?? ????? ?????? ?????? ????? ??? 1899 ???? ??????? ???????? ?????? ?????? ????? ????? ??? ???? ?? ??? ????????? ????? ???????,A) ??????? | B) ???????? | C) ??????: ??? ?? ??? ????????? | D) ??????? ??????,C
488,Literature,Hard,Multiple Choice,?? ????? ?????? ??????? ??????? ??? 479 ('????? ?? ????? ?????? ?????')? ?? ?? ?????? ?????? ??????? ????? ????????? ?? ?????? ????????,A) ????? | B) ??????? | C) ?????? | D) ??????,D
489,Literature,Hard,Multiple Choice,?? ?? ??????? ????????? ?????? ?????? ????? ????? ??? 1996? ??????? ????? ??????? ?????????? ????? ?? ???????? ??? ????? ???? ??????,A) ????? ?? ?????? | B) ????? ?????? | C) ???? ?????? | D) ?????,A
490,Literature,Hard,Multiple Choice,?? ?? ??????? ??????? ??????????? ???????? ?? ????? ?????? ??? ???? ???? ??? ????????? ???? ?? ?????? ?????????? ??? ????? ???? ???? ??????,A) ??????? | B) ????? ??????? | C) ??????????? | D) ??????????? ?????????,B
491,Literature,Hard,Multiple Choice,?? ????? '????? ??????' ????? ?????? ?? ?? ????? ?????? ?? ??????? ???? ????? ????? ?? ??? ?????? ??? 2 ????? 1910 ????? ?? ???? ??? ???????,A) ????? ??????? | B) ???? ??????? | C) ??????? ??????? | D) ???? ???????,C
492,Literature,Hard,Multiple Choice,?? ????? ?????? ???? ??? ????? ??? 1925 ???? ?????? ???????? ???????? ?????? ??? ???????? ???? ????? ?????? ???????? ?? ????????,A) ?? ????? 42 | B) 1919 | C) ????? ?????? | D) ??????? ????????,D
493,Literature,Hard,Multiple Choice,?? ????? ????? ?????? ??????? '?????? ??????'? ?? ?? ??????? ??????? ??????? ???????? ??? ??? ????? ?????? ????????? ??? ????????,A) ?? ?????? ?? ?????? ???????? ??? ??????? ??????? ??????? ?????? ??? ????? ??? ????? ???? ??????? ???????? ?????? | B) ?? ?????? ??? ????????? | C) ???? ????? ???? ????? | D) ???? ?? ??????,A
494,Literature,Hard,Multiple Choice,?? ?? ?????? ???????? ??????? ?????? ????? ???? ??? ??????? ??????? ???????? ?????? '????????' (The Cantos) ?? 120 ??????,A) ?. ?. ????? | B) ???? ????? | C) ???? ???? | D) ?? ?? ??????,B
495,Literature,Hard,Multiple Choice,?? ????? '???? ????????? ??????' ????????? ???????? ?? ?? ?????? ?????????? ???? ???? ??? ?????? ????? ??? ??? ?? ?????? ??? ??? ??? ????????,A) ?? ?????? ???? ????? | B) ?????? ????? ?????? | C) '?????? ???? ???? ??????' | D) ????? ?????,C
496,Literature,Hard,Multiple Choice,?? ?? ?????? ?????? ?????? ???? 1930 ???? ????? ???? ??? ?????? ??????? ??????? (????? ?????????) ?????? ?? ??????? ????????? ???????? ?? ????????,A) ???? ??? ?????? | B) ?????? | C) ???????? ??????? | D) ????? ?????,D
497,Literature,Hard,Multiple Choice,?? ?? ??????? ??????? ??? ??????? ??????? ?????? ?? ???? ?????? ??? 1952 ????? ????? '??????' ???????? ?????? ????? ?? ????? ???????,A) ??? ??? | B) ??? ????? | C) ??????? | D) ???? ??????,A
498,Literature,Hard,Typing,?? ?? ??? ?????? ???????? ?????? ?????? ??? ????? ???????????? ?? ????? ???????? ???? ??????? ???????,,?????
499,Literature,Hard,Typing,?? ????? ????? ????? ??????? ????????? ??????? ????? ?? ????? ????? ?????? ????? ????? (?????...)?,,???????
500,Literature,Hard,Typing,?? ?? ??? ????? ????? ?????? ????????? ???????? ?? ????? ????? ?????? ??????? (?????...)?,,??????
