number,subject,difficulty,question_type,question,multiple_choices,answer
1,Literature,Easy,Multiple Choice,من هو الشاعر الإغريقي القديم الذي يُنسب إليه تأليف الملحمتين الخالدتين 'الإلياذة' و'الأوديسة'؟,A) هوميروس | B) هسيود | C) فرجيل | D) سفوكليس,A
2,Literature,Easy,Multiple Choice,في ملحمة 'الإلياذة' لهوميروس، من هو البطل الطروادي العظيم الذي قتله أخيل خارج أسوار طروادة؟,A) باريس | B) هيكتور | C) بريام | D) أينياس,B
3,Literature,Easy,Multiple Choice,ما هي الحيلة الخشبية الشهيرة التي استخدمها الإغريق للتسلل سراً واقتحام مدينة طروادة وإسقاطها؟,A) المنجنيق الطروادي | B) برج الحصار | C) حصان طروادة | D) الكبش الحديدي,C
4,Literature,Easy,Multiple Choice,في 'الأوديسة'، ما اسم زوجة أوديسيوس المخلصة والوفية التي انتظرته عشرين عاماً في إيثاكا؟,A) هيلين | B) كليتمنسترا | C) أندروماك | D) بينيلوبي,D
5,Literature,Easy,Multiple Choice,أي كاتب مسرحي يوناني قديم ألّف التراجيديا الشهيرة 'أوديب ملكاً' (Oedipus Rex)؟,A) سفوكليس | B) يوربيديس | C) إسخيلوس | D) أرسطوفانيس,A
6,Literature,Easy,Multiple Choice,في الأساطير والآداب اليونانية القديمة، من هو كبير آلهة جبل أوليمبوس وصاحب صاعقة البرق؟,A) بوسيدون | B) زيوس | C) هاديس | D) أبولو,B
7,Literature,Easy,Multiple Choice,أي شاعر روماني كتب الملحمة الوطنية 'الإنيادة'، التي تروي رحلة البطل الطروادي أينياس إلى إيطاليا؟,A) أوفيد | B) هوراس | C) فرجيل | D) كاتولوس,C
8,Literature,Easy,Multiple Choice,أي شاعر روماني ألّف 'التحولات' (Metamorphoses)، وهي قصيدة سردية كبرى تفصل أساطير التحول الإغريقية والرومانية؟,A) يوفينال | B) سينيكا | C) لوكان | D) أوفيد,D
9,Literature,Easy,Multiple Choice,ما هي النقطة الوحيدة الضعيفة في جسد المحارب الإغريقي الأسطوري أخيل التي تسببت في مقتله؟,A) كعب قدمه | B) عنقه | C) كتفه | D) قلبه,A
10,Literature,Easy,Multiple Choice,في ملحمة 'الأوديسة'، ما اسم العملاق ذو العين الواحدة (السيكلوب) الذي فقأ أوديسيوس عينه بوتد خشبي محمي؟,A) المينوتور | B) بوليفيموس | C) سيربيروس | D) الهيدرا,B
11,Literature,Easy,Multiple Choice,أي مجموعة شهيرة من الحكايات الرمزية الأخلاقية للحيوانات (مثل السلحفاة والأرنب) تُنسب لقاص إغريقي قديم؟,A) حكايات فايدروس | B) خرافات بابريوس | C) خرافات إيسوب | D) حكايات بيلباي,C
12,Literature,Easy,Multiple Choice,في التراجيديا الإغريقية، ما هو المخلوق الأسطوري برأس امرأة وجسد أسد الذي طرح اللغز الشهير على أوديب؟,A) الكيميرا | B) الهاربي | C) الجورجون | D) أبو الهول الإغريقي,D
13,Literature,Easy,Multiple Choice,من هي ملكة إسبرطة الأسطورية الفاتنة التي أشعل خطفها من قِبل الأمير باريس نيران حرب طروادة؟,A) هيلين طروادة | B) كاساندرا | C) بينيلوبي | D) هيكوبا,A
14,Literature,Easy,Multiple Choice,في 'الأوديسة'، من هي الساحرة التي حولت بحارة أوديسيوس إلى خنازير في جزيرة إييا؟,A) كاليبسو | B) سيرسي | C) ميديا | D) سيلا,B
15,Literature,Easy,Multiple Choice,من هو الفيلسوف الإغريقي القديم الذي كتب المحاورات الفلسفية الشهيرة لأستاذه سقراط، بما فيها 'الجمهورية'؟,A) أرسطو | B) أبيقور | C) أفلاطون | D) هرقليطس,C
16,Literature,Easy,Multiple Choice,أي كاتب مسرحي يوناني قديم يُعد رائد الكوميديا الهجائية الساخرة بمسرحيات مثل 'الطيور' و'السحب' و'ليسستراتي'؟,A) ميناندر | B) سفوكليس | C) يوربيديس | D) أرسطوفانيس,D
17,Literature,Easy,Multiple Choice,في الأدب الروماني، من هو المؤسس والملك الأول الأسطوري لروما الذي قتل أخاه التوأم ريموس؟,A) رومولوس | B) أينياس | C) نوما بومبيليوس | D) يوليوس قيصر,A
18,Literature,Easy,Multiple Choice,أي شاعرة غنائية يونانية قديمة من جزيرة ليسبوس لُقبت في العالم القديم بـ 'الموسيقية والعاشرة من ربات الفنون' (The Tenth Muse)؟,A) كورينا | B) صافو | C) إيرينّا | D) براكسيلا,B
19,Literature,Easy,Multiple Choice,في ملحمة 'الإنيادة'، من هي ملكة قرطاج التراجيدية التي أحبت أينياس حباً جارفاً وماتت حرقاً بعد رحيله؟,A) كروزا | B) لافينيا | C) ديدو | D) ك Camilla,C
20,Literature,Easy,Multiple Choice,من هو الخطيب والسياسي الروماني العظيم الذي ألقى الخطب الشهيرة ضد كاتيلينا وكتب رسائل كبرى في البلاغة والواجب؟,A) سينيكا | B) تاسيتوس | C) بليني | D) شيشرون,D
21,Literature,Easy,Multiple Choice,في الأدب الإغريقي، من هي الأميرة الطروادية التي أنزل عليها أبولو لعنة ألا يصدق أحد نبوءاتها الصادقة أبداً؟,A) كاساندرا | B) إلكترا | C) إيفيجينيا | D) أنتيغون,A
22,Literature,Easy,Multiple Choice,أي كاتب تراجيدي إغريقي ألّف مسرحية 'ميديا' التي تسعى فيها البطلة لانتقام مروع ومدمر من زوجها جايسون؟,A) سفوكليس | B) يوربيديس | C) إسخيلوس | D) ثيسبس,B
23,Literature,Easy,Multiple Choice,ما اسم القصيدة الملحمية التعليمية لهسيود التي تسرد أصول وأنساب الآلهة الإغريقية؟,A) الأعمال والأيام | B) درع هرقل | C) ثيوغونيا | D) دليل النساء,C
24,Literature,Easy,Multiple Choice,في 'الأوديسة'، ما هي كائنات البحر الأسطورية التي كانت تغوي البحارة بغنائها الساحر لتهلك سفنهم على الصخور؟,A) الحوريات | B) النيريدات | C) الأوقيانيد | D) السيرينات,D
25,Literature,Easy,Multiple Choice,أي تراجيديا لسفوكليس تروي قصة ابنة أوديب الوفية التي تتحدى أوامر الحاكم كريون لتدفن جثمان شقيقها بولينيكس؟,A) أنتيغون | B) إلكترا | C) نساء تراكيس | D) ألكيستيس,A
26,Literature,Easy,Multiple Choice,من هو الإمبراطور الروماني والفيلسوف الرواقي الذي كتب تأملاته الفلسفية الشخصية المعروفة بـ 'التأملات'؟,A) سينيكا | B) ماركوس أوريليوس | C) إبكتيتوس | D) هادريان,B
27,Literature,Easy,Multiple Choice,في الأساطير الإغريقية وهوميروس، من هو إله الحدادة والنار والصنائع الذي صاغ درع أخيل الخارق؟,A) آريس | B) هرمس | C) هيفايستوس | D) ديونيسوس,C
28,Literature,Easy,Multiple Choice,أي ملحمة إغريقية تبدأ بغضب أخيل واعتزاله القتال بعد خلافه وإهانته من قِبل الملك أجاممنون؟,A) الأوديسة | B) الإنيادة | C) الأرجوناتيكا | D) الإلياذة,D
29,Literature,Easy,Multiple Choice,في الميثولوجيا والأدب الروماني، من هي إلهة الحب والجمال المكافئة للإلهة الإغريقية أفروديت؟,A) فينوس | B) مينيرفا | C) جونو | D) ديانا,A
30,Literature,Easy,Multiple Choice,من هو الكاتب الروماني مؤلف 'الحمار الذهبي' (The Golden Ass)، الرواية اللاتينية الكاملة الوحيدة التي نجت من العصور القديمة؟,A) بترونيوس | B) أبوليوس | C) بلوتوس | D) تيرينس,B
31,Literature,Easy,Multiple Choice,في التراجيديا الإغريقية، من التي قتلت الملك أجاممنون فور عودته منتصراً من حرب طروادة انتقاماً لابنتها؟,A) إلكترا | B) كاساندرا | C) كليتمنسترا | D) هيلين,C
32,Literature,Easy,Multiple Choice,من هو المؤرخ الإغريقي القديم الذي يُلقب عالمياً بـ 'أبي التاريخ' لتوثيقه الحروب الفارسية اليونانية؟,A) ثوسيديديس | B) زينوفون | C) بوليبيوس | D) هيرودوت,D
33,Literature,Easy,Multiple Choice,في الأدب الروماني، من هو إله الحرب الروماني المكافئ للإله الإغريقي آريس ووالد رومولوس وريموس؟,A) مارس | B) جوبيتر | C) فولكان | D) ميركوري,A
34,Literature,Easy,Multiple Choice,أي فيلسوف يوناني كتب 'فن الشعر' (Poetics)، مؤسساً لمفاهيم النقد الأدبي مثل التطهير (الكاثارسيس) والهامارتيا؟,A) سقراط | B) أرسطو | C) أفلاطون | D) زينون,B
35,Literature,Easy,Multiple Choice,في الأدب اليوناني، من هو الابن المخلص لأوديسيوس وبينيلوبي الذي خرج يبحث عن أخبار والده الغائب؟,A) نيوبتوليموس | B) أوريستيس | C) تيليماخوس | D) دييفوبوس,C
36,Literature,Easy,Multiple Choice,أي كاتب مسرحي روماني اشتهر بالملهاة الشعبية مثل 'الجندي المغوار' التي ألهمت شكسبير وموليير لاحقاً؟,A) تيرينس | B) سينيكا | C) إنيوس | D) بلوتوس,D
37,Literature,Easy,Multiple Choice,في 'الإلياذة' لهوميروس، من هو الصديق الحميم لأخيل الذي أشعل مقتله في المعركة نيران غضب أخيل وعودته للقتال؟,A) باتروكلس | B) ديوميديس | C) أياكس | D) نسطور,A
38,Literature,Easy,Multiple Choice,أي ملك إغريقي أسطوري عوقب في العالم السفلي بدحرجة صخرة ضخمة إلى قمة جبل لتهوي كلما اقترب من القمة للأبد؟,A) تانتالوس | B) سيزيف | C) إكسيون | D) بروميثيوس,B
39,Literature,Easy,Multiple Choice,ما اسم الملاح الأسطوري الذي كان ينقل أرواح الموتى في قاربه عبر نهر ستيكس إلى العالم السفلي؟,A) ثاناتوس | B) سيربيروس | C) شارون | D) مينوس,C
40,Literature,Easy,Multiple Choice,في الأدب الإغريقي، من هو البطل الذي استعاد الصوف الذهبي بمساعدة بحارة الأرجو والساحرة ميديا؟,A) بيرسيوس | B) بيليروفون | C) ثيسيوس | D) جايسون,D
41,Literature,Easy,Multiple Choice,في الميثولوجيا الإغريقية، من هو التيتان الذي سرق النار المقدسة من الآلهة وأهداها للبشر وعوقب بالصلب على صخرة؟,A) بروميثيوس | B) أطلس | C) إبيميثيوس | D) كرونوس,A
42,Literature,Easy,Multiple Choice,في 'الأوديسة'، من هي الحورية التي احتجزت أوديسيوس في جزيرتها المنعزلة أوجيجيا لمدة سبع سنوات بدافع الحب؟,A) سيلا | B) كاليبسو | C) خاريبديس | D) ناوسيكا,B
43,Literature,Easy,Multiple Choice,أي شاعر روماني صاغ العبارة اللاتينية الشهيرة 'Carpe Diem' (اغتنم اليوم) في قصائده الغنائية؟,A) فرجيل | B) أوفيد | C) هوراس | D) كاتولوس,C
44,Literature,Easy,Typing,ما هو الاسم المكون من 7 أحرف للشاعر الإغريقي الكفيف المنسوب إليه ملحمتا الإلياذة والأوديسة؟,,هوميروس
45,Literature,Easy,Typing,ما اسم المدينة التاريخية الشهيرة المكونة من 6 أحرف في آسيا الصغرى التي حاصرها الإغريق عشر سنوات؟,,طروادة
46,Literature,Easy,Typing,ما اسم زوجة أوديسيوس المخلصة المكون من 8 أحرف في ملاحم هوميروس (بين...)؟,,بينيلوبي
47,Literature,Easy,Typing,ما اسم الملك التراجيدي المكون من 4 أحرف في مسرحية سفوكليس الشهيرة الذي قتل أباه دون علم؟,,أوديب
48,Literature,Easy,Typing,ما اسم الملحمة الشعرية الرومانية لفرجيل المكونة من 7 أحرف التي تحكي رحلة البطل أينياس (الإني...)؟,,الإنيادة
49,Literature,Easy,Typing,ما اسم القاص اليوناني الحكيم المكون من 5 أحرف صاحب الخرافات الرمزية للحيوانات كالأرنب والسلحفاة؟,,إيسوب
50,Literature,Easy,Typing,ما اسم إله الحرب عند الرومان المكون من 4 أحرف ووالد التوأم رومولوس وريموس؟,,مارس
51,Literature,Medium,Multiple Choice,ما هي المسرحيات الثلاث التي تشكل ثلاثية 'الأورستيا' التراجيدية الخالدة للكاتب الإغريقي إسخيلوس؟,A) أوديب ملكاً، وأوديب في كولونوس، وأنتيغون | B) الطرواديات، وهيكوبا، وأندروماك | C) ميديا، وإلكترا، وأوريستيس | D) أجاممنون، وحاملات القرابين، والصافحات,D
52,Literature,Medium,Multiple Choice,في كتاب 'فن الشعر' لأرسطو، ما هو المصطلح الإغريقي الذي يدل على الخطأ التراجيدي أو الهفوة المصيرية للبطل؟,A) هامارتيا | B) كاثارسيس | C) أناغنوريسيس | D) بيريبتيا,A
53,Literature,Medium,Multiple Choice,ما هي الأسطورة الرمزية الشهيرة في كتاب 'الجمهورية' لأفلاطون التي توضح الفرق بين الإدراك الحسي والمعرفة الحقيقية؟,A) كهف تروفونيوس | B) أسطورة الكهف | C) أسطورة إير | D) خاتم جايجس,B
54,Literature,Medium,Multiple Choice,أي رواية رومانية ساخرة كتبها بترونيوس تصف البذخ والمجون في مأدبة المحرر الثري تريمالكيو؟,A) الحمار الذهبي | B) فارساليا | C) الساتيريكون | D) في طبيعة الأشياء,C
55,Literature,Medium,Multiple Choice,في الأساطير والمسرح الإغريقي، ما هو الكلب المرعب ثلاثي الرؤوس الذي كان يحرس بوابات العالم السفلي هاديس؟,A) أوثروس | B) الكيميرا | C) بايثون | D) سيربيروس,D
56,Literature,Medium,Multiple Choice,أي فيلسوف إغريقي خُلّدت محاكمته وإعدامه بشرب السم في محاورتي أفلاطون 'الدفاع' و'فايدو'؟,A) سقراط | B) فيثاغورس | C) ديوجين | D) بارمينيدس,A
57,Literature,Medium,Multiple Choice,في ملحمة 'الإنيادة'، أي إلهة كانت تحمل حقداً أبدياً ضد الطرواديين وظلت تلاحق أينياس بالويلات لمنعه من الوصول لإيطاليا؟,A) فينوس | B) جونو | C) مينيرفا | D) فيستا,B
58,Literature,Medium,Multiple Choice,أي شاعر غنائي إغريقي من طيبة اشتهر بقصائد المديح والنصر (Epinikia) التي خلدت أبطال الألعاب الأولمبية القديمة؟,A) سيمونيدس | B) باخيلييدس | C) بندار | D) ألكايوس,C
59,Literature,Medium,Multiple Choice,في 'الإلياذة'، من هو ملك طروادة المسن الحكيم الذي تسلل بشجاعة إلى خيمة أخيل ليتوسل إليه من أجل استعادة جثة ابنه هيكتور؟,A) أنخيسيس | B) بيليوس | C) لارتيس | D) بريام,D
60,Literature,Medium,Multiple Choice,أي قصيدة فلسفية ملحمية رومانية كتبها لوكريتيوس لشرح المذهب الأبيقوري والذرات وطبيعة الكون الفيزيائية؟,A) في طبيعة الأشياء | B) التقويم الروماني | C) الجورجيات | D) الفلكيات,A
61,Literature,Medium,Multiple Choice,ما الكلمة الإغريقية التي تعني 'التطهير' أو التنقية من عاطفتي الخوف والشفقة التي عدّها أرسطو غاية التراجيديا الكبرى؟,A) هيوبرس (الغرور) | B) كاثارسيس (Catharsis) | C) ميميسيس (المحاكاة) | D) نيميسيس,B
62,Literature,Medium,Multiple Choice,في الكوميديا الإغريقية، أي مسرحية ساخرة لأرسطوفانيس أضربت فيها نساء اليونان عن أزواجهن لإجبارهم على وقف الحرب البيلوبونيسية؟,A) الضفادع | B) الدبابير | C) ليسستراتي | D) السحب,C
63,Literature,Medium,Multiple Choice,أي فيلسوف رواقي ومسرحي روماني ومعلم للإمبراطور نيرون كتب تراجيديات دموية مثل 'ثييستيس' و'فايدرا'؟,A) بليني الأكبر | B) ماركوس أوريليوس | C) كوينتيليان | D) سينيكا الأصغر,D
64,Literature,Medium,Multiple Choice,في 'الأوديسة'، ما هما الخطيران البحريان المتقابلان اللذان يمثلان وحشاً سداسي الرؤوس ودوامة مائية هائلة؟,A) سيلا وخاريبديس | B) ميدوسا والهيدرا | C) الجورجون والهاربي | D) إيكيدنا وتايفون,A
65,Literature,Medium,Multiple Choice,أي مؤرخ إغريقي كتب 'تاريخ الحرب البيلوبونيسية' واشتهر بتحليله العقلاني الصارم وخطبة بريكليس الجنائزية؟,A) هيرودوت | B) ثوسيديديس | C) زينوفون | D) بوليبيوس,B
66,Literature,Medium,Multiple Choice,ما اسم العمل التعليمي الساخر لأوفيد الذي يقدم فيه نصائح طريفة حول فنون الغزل واكتساب المحبوبة؟,A) الرسائل البطلية | B) الأحزان | C) فن الهوى | D) التقويم,C
67,Literature,Medium,Multiple Choice,من هو الموسيقار والشاعر الأسطوري الإغريقي الذي نزل إلى العالم السفلي ليعيد زوجته يوريديس بفتنة عزفه على القيثارة؟,A) أمفيون | B) أريون | C) لينوس | D) أورفيوس,D
68,Literature,Medium,Multiple Choice,أي مسرحية ليوربيديس تصور أتباع الإله ديونيسوس في حالة من النشوة الصوفية وهم يمزقون الملك بنثيوس إرباً؟,A) الباكخيات | B) نساء طروادة | C) إلكترا | D) إيون,A
69,Literature,Medium,Multiple Choice,في ملحمة 'الإنيادة'، من هي الأميرة الإيطالية التي أثار زواجها المدبر من أينياس حرباً ضروساً مع تورنوس؟,A) كاميلا | B) لافينيا | C) كروزا | D) يوتورنا,B
70,Literature,Medium,Multiple Choice,أي شاعر يوناني قديم كتب 'الأعمال والأيام' متناولاً الفلاحة والأخلاق وأسطورة صندوق باندورا؟,A) هوميروس | B) بندار | C) هسيود | D) ثيوكريتوس,C
71,Literature,Medium,Multiple Choice,في الأساطير والتراجيديا الإغريقية، ما هو الحصان المجنح الأسطوري الذي انبثق من عنق جورجون ميدوسا عند قطع رأسها؟,A) كريساور | B) أريون | C) سلايبنير | D) بيجاسوس,D
72,Literature,Medium,Multiple Choice,أي شاعر روماني كتب قصائد حب ملتهبة وصريحة موجهة لحبيبته التي أطلق عليها اسم 'لسبيا'؟,A) كاتولوس | B) هوراس | C) بروبرتيوس | D) تيبولوس,A
73,Literature,Medium,Multiple Choice,في مسرحية سفوكليس 'أوديب في كولونوس'، أي ملك أثيني قدم الملاذ والحماية لأوديب الكفيف المنفي؟,A) أيجيوس | B) ثيسيوس | C) مينيستيوس | D) كودروس,B
74,Literature,Medium,Multiple Choice,من هو المؤرخ الروماني الذي كتب 'منذ تأسيس المدينة' (Ab Urbe Condita)، موثقاً التاريخ الملحمي لروما القديمة؟,A) تاسيتوس | B) سوتونيوس | C) تيتوس ليفيوس | D) سالوست,C
75,Literature,Medium,Multiple Choice,في 'الإلياذة'، من هو ملك موكناي وقائد الجيوش الإغريقية الذي صادر بريسيس وأشعل غضب أخيل؟,A) مينيلاوس | B) أوديسيوس | C) ديوميديس | D) أجاممنون,D
76,Literature,Medium,Typing,ما هو المصطلح النقدي الإغريقي الدال على لحظة الاستبصار أو التعرف واكتشاف الحقيقة للبطل التراجيدي (anagnor...)?,,anagnorisis
77,Literature,Medium,Typing,ما هو المصطلح الإغريقي الدال على التحول المفاجئ في المصير أو انقلاب الأحداث في الدراما التراجيدية (peripet...)?,,peripeteia
78,Literature,Medium,Typing,ما هي الكلمة الإغريقية المكونة من 8 أحرف التي تعني تطهير النفس وتفريغ شحنات الخوف والشفقة عند أرسطو؟,,كاثارسيس
79,Literature,Medium,Typing,ما المصطلح الإغريقي الدال على الكبرياء المفرط والغرور القاتل الذي يودي بالبطل التراجيدي إلى الهلاك (h...)?,,hubris
80,Literature,Medium,Typing,ما اسم الشاعرة الغنائية اليونانية المكون من 4 أحرف الملقبة بربة الشعر العاشرة من جزيرة ليسبوس؟,,صافو
81,Literature,Hard,Multiple Choice,في 'الإلياذة'، ما هي المشاهد الكونية الرائعة المنقوشة على درع أخيل العجيب الذي صنعه الإله هيفايستوس في النشيد 18؟,A) مدينة السلام ومدينة الحرب، والزراعة والحصاد والرقص ونهر المحيط الكوني | B) أعمال هرقل الاثني عشر وحرب العمالقة | C) سقوط روما وصعود طروادة | D) أنساب آلهة الأولمب والعالم السفلي,A
82,Literature,Hard,Multiple Choice,أي ملحمة هيلينستية من أربعة أناشيد ألفها أبولونيوس الرودسي تسرد رحلة جايسون وبحارة الأرجو لطلب الصوف الذهبي؟,A) ما بعد هوميروس | B) الأرجوناتيكا | C) الديونيسياكا | D) الثيبية,B
83,Literature,Hard,Multiple Choice,أي ملحمة تاريخية رومانية للشاعر لوكان تصور الحرب الأهلية الدامية بين يوليوس قيصر وبومبي دون أي تدخل للآلهة؟,A) بونيكا | B) الثيبية | C) فارساليا | D) الأخيليا,C
84,Literature,Hard,Multiple Choice,أي مسرحية كوميدية لأرسطوفانيس يسافر فيها الإله ديونيسوس إلى العالم السفلي للتحكيم في مناظرة شعرية بين إسخيلوس ويوربيديس؟,A) أهل أخارناي | B) الفرسان | C) السلام | D) الضفادع,D
85,Literature,Hard,Multiple Choice,من هو الفيلسوف الإغريقي قبل السقراطي الذي كتب قصيدة سداسية الأوتار تفصل مساري المعرفة: 'طريق الحقيقة' و'طريق الظن'؟,A) بارمينيدس | B) هرقليطس | C) أنكساغوراس | D) إمبيدوكليس,A
86,Literature,Hard,Multiple Choice,أي مؤرخ روماني ألّف 'الحوليات' و'التواريخ'، واشتهر بأسلوبه النفسي النافذ في كشف استبداد أباطرة أسرة يوليوس-كلاوديوس؟,A) سوتونيوس | B) تاسيتوس | C) كاسيوس ديو | D) أميانوس مارسيليانوس,B
87,Literature,Hard,Multiple Choice,في البناء المسرحي التراجيدي الإغريقي، ماذا يُطلق على الأغنية الافتتاحية المصحوبة بالرقص التي تؤديها الجوقة عند دخولها الأوركسترا؟,A) الإكسودوس | B) الستاسيمون | C) البارودوس | D) البرولوغوس,C
88,Literature,Hard,Multiple Choice,من هو الشاعر الإغريقي الرعوي من سيراكيوز الذي يُعد المبتكر الحقيقي لشعر البوكوليك والقصائد الرعوية (الأيديل)؟,A) بيون | B) موسخوس | C) كاليماخوس | D) ثيوكريتوس,D
89,Literature,Hard,Multiple Choice,في ملحمة 'الأوديسة'، ما هو المفهوم الأخلاقي اليوناني المقدس الدال على واجب حسن الضيافة وإكرام الغرباء تحت حماية زيوس؟,A) زينيا | B) كليوس | C) نوستوس | D) ميتيس,A
90,Literature,Hard,Multiple Choice,من هو الموسوعي الروماني مؤلف موسوعة 'التاريخ الطبيعي' الضخمة في 37 مجلداً، والذي لقي حتفه أثناء ثوران بركان فيزوف عام 79 م؟,A) سينيكا الأكبر | B) بليني الأكبر | C) فارو | D) سيلسوس,B
91,Literature,Hard,Multiple Choice,في المسرح اليوناني القديم، ما هي الرافعة الميكانيكية التي كانت تُستخدم لإنزال الممثل الذي يؤدي دور الإله لحل العقدة الدرامية المستعصية؟,A) إيكيكليما | B) كوثورنوس | C) حيلة الإله من الآلة | D) سكينيه,C
92,Literature,Hard,Multiple Choice,أي شاعر رثاء روماني كتب 'الأحزان' وقصيدة التقويم الأسطوري 'فاستي'، قبل أن ينفيه الإمبراطور أوغسطس إلى توميس على البحر الأسود؟,A) تيبولوس | B) بروبرتيوس | C) غالوس | D) أوفيد,D
93,Literature,Hard,Multiple Choice,في الملاحم الهوميرية، ما هو المفهوم الإغريقي الدال على المجد الخالد والصيت الذائع الذي يناله المحارب عبر بطولاته في الحرب؟,A) كليوس | B) نوستوس | C) أريتي | D) إيدوس,A
94,Literature,Hard,Multiple Choice,أي تراجيديا لإسخيلوس تدور أحداثها في مدينة سوسة وتصور حسرة وانكسار البلاط الملكي الفارسي بعد الهزيمة المدوية في معركة سلاميس؟,A) سبعة ضد طيبة | B) الفرس | C) بروميثيوس مغلولاً | D) الضارعات,B
95,Literature,Hard,Multiple Choice,من هو كاتب السير الروماني مؤلف 'سير القياصرة الاثني عشر' (De Vita Caesarum)، الذي وثق تفاصيل حياة يوليوس قيصر والأباطرة اللاحقين؟,A) تاسيتوس | B) بلوتارخ | C) سوتونيوس | D) فيليوس باتركولوس,C
96,Literature,Hard,Multiple Choice,في كتاب 'الخطابة' لأرسطو، ما هي الوسائل الإقناعية الفنية الثلاث الأساسية في الخطاب والتأثير البلاغي؟,A) ميثوس، ولوغوس، وكرونوس | B) محاكاة، وتطهير، وخطيئة | C) دورة، وعكسها، وخاتمة | D) إيثوس (المكانة الأخلاقية)، وباثوس (العاطفة)، ولوغوس,D
97,Literature,Hard,Multiple Choice,ما اسم أطول ملحمة شعرية قديمة باقية (في 48 نشيداً) ألفها نونوس الأخميمي في العصر المتأخر وتفصل حياة ومغامرات الإله ديونيسوس؟,A) الديونيسياكا | B) ما بعد هوميروس | C) الأرجوناتيكا الأورفية | D) الصيد بالكلاب,A
98,Literature,Hard,Typing,ما هو المصطلح الإغريقي المكون من 6 أحرف الدال على رحلة العودة البطولية إلى الوطن والتي تشكل جوهر ملحمة الأوديسة (n...)?,,nostos
99,Literature,Hard,Typing,ما هو المفهوم الإغريقي المكون من 5 أحرف الدال على الفضيلة والتميز البطولي وبلوغ أقصى كمال للقدرات الإنسانية (a...)?,,arete
100,Literature,Hard,Typing,ما هي الكلمة اللاتينية المكونة من 8 أحرف التي تكمل عنوان قصيدة أوفيد التعليمية 'فن الهوى': (Ars ...)؟,,Amatoria
101,Literature,Easy,Multiple Choice,أي روائي مصري أصبح أول أديب يكتب بالعربية يفوز بجائزة نوبل في الأدب عام 1988؟,A) طه حسين | B) نجيب محفوظ | C) توفيق الحكيم | D) يوسف إدريس,B
102,Literature,Easy,Multiple Choice,ما هي الثلاثية الروائية الخالدة لنجيب محفوظ التي ترصد حياة عائلة قاهرية عبر ثلاثة أجيال من 1919 حتى الخمسينيات؟,A) رباعية الإسكندرية | B) ثلاثية النيل | C) الثلاثية | D) ثلاثية غرناطة,C
103,Literature,Easy,Multiple Choice,ما هي المجموعة الجنائزية الفرعونية الشهيرة من التعاويذ والتراتيل والصلوات التي كانت تُدفن مع المومياوات لإرشاد الروح في العالم الآخر؟,A) نصوص الأهرام | B) نصوص التوابيت | C) كتاب البوابات | D) كتاب الموتى,D
104,Literature,Easy,Multiple Choice,في الأدب المصري القديم في عصر الدولة الوسطى، ما هي القصة الكلاسيكية التي تروي فرار أحد حاشية القصر إلى بلاد الشام بعد وفاة الفرعون ثم عودته في شيخوخته؟,A) قصة سنوحي | B) الملاح الغريق | C) الفلاح الفصيح | D) الأمير المنكود,A
105,Literature,Easy,Multiple Choice,من هو عميد الأدب العربي والمفكر المصري الكفيف مؤلف السيرة الذاتية الشهيرة المكونة من ثلاثة أجزاء 'الأيام'؟,A) عباس العقاد | B) طه حسين | C) مصطفى صادق الرافعي | D) أحمد أمين,B
106,Literature,Easy,Multiple Choice,ما هي الرواية الأكثر مبيعاً الصادرة عام 2002 للأديب علاء الأسواني التي تصور تحولات المجتمع القاهري عبر سكان عمارة في وسط البلد؟,A) ميرامار | B) شيكاجو | C) عمارة يعقوبيان | D) نادي السيارات,C
107,Literature,Easy,Multiple Choice,في الأساطير والديانة المصرية القديمة، من هو الإله برأس ابن آوى الذي أشرف على التحنيط وقاد الموتى إلى محكمة وزن القلب؟,A) حورس | B) أوزوريس | C) تحوت | D) أنوبيس,D
108,Literature,Easy,Multiple Choice,أي رواية شهيرة لنجيب محفوظ سُميت تيمناً بزقاق تاريخي ينبض بالحياة الشعبية في قلب القاهرة الفاطمية؟,A) زقاق المدق | B) السكرية | C) بين القصرين | D) مقهى الكرنك,A
109,Literature,Easy,Multiple Choice,من هو الكاتب المسرحي المصري ورائد المسرح العربي الحديث مؤلف 'يوميات نائب في الأرياف' و'عودة الروح'؟,A) يوسف إدريس | B) توفيق الحكيم | C) صلاح عبد الصبور | D) ميخائيل رومان,B
110,Literature,Easy,Multiple Choice,في الأدب الجنائزي المصري القديم، ما الذي كان يوضع في كفة الميزان المقابلة لقلب المتوفى في محكمة ماعت لتحديد استحقاقه للجنة؟,A) عملة ذهبية | B) زهرة اللوتس | C) ريشة الحق والعدالة | D) جعران مقدس,C
111,Literature,Easy,Multiple Choice,أي كاتبة وطبيبة مصرية نسوية ألّفت رواية 'امرأة عند نقطة الصفر'، المستوحاة من قصة حياة سجينة تُدعى فردوس؟,A) لطيفة الزيات | B) رضوى عاشور | C) أهداف سويف | D) نوال السعداوي,D
112,Literature,Easy,Multiple Choice,ما هي الروايات الثلاث التي تتألف منها ثلاثية القاهرة الشهيرة للأديب العالمي نجيب محفوظ؟,A) بين القصرين، وقصر الشوق، والسكرية | B) اللص والكلاب، والشحاذ، والطريق | C) سمان وخريف، وميرامار، والكرنك | D) زقاق المدق، وخان الخليلي، والقاهرة 30,A
113,Literature,Easy,Multiple Choice,ما هي الحكاية الأدبية في عصر الدولة الوسطى التي تروي مغامرة بحار تقطعت به السبل في جزيرة ساحرة يحكمها ثعبان ذهبي ضخم رحيم؟,A) قصة سنوحي | B) قصة الملاح الغريق | C) الفلاح الفصيح | D) الأمير المنكود,B
114,Literature,Easy,Multiple Choice,في الديانة والآداب المصرية القديمة، من هي الإلهة التي جسدت الحق والعدل والنظام الكوني والتوازن الأخلاقي؟,A) إيزيس | B) حتحور | C) ماعت | D) سخمت,C
115,Literature,Easy,Multiple Choice,أي أديب مصري يُعد رائد القصة القصيرة العربية الحديثة بلا منازع، وصاحب المجموعات الخالدة مثل 'أرخص ليالي' و'بيت من لحم'؟,A) صنع الله إبراهيم | B) يحيى حقي | C) بهاء طاهر | D) يوسف إدريس,D
116,Literature,Easy,Multiple Choice,في الأدب الفرعوني، من هو إله الحكمة والكتابة والعلوم الهيروغليفية الذي كان يدون نتائج ميزان الحساب في محكمة الموتى؟,A) تحوت | B) رع | C) أوزوريس | D) بتاح,A
117,Literature,Easy,Multiple Choice,أي رواية فلسفية رمزية مثيرة للجدل لنجيب محفوظ تعيد سرد التاريخ الروحي للبشرية عبر سيرة الجبلاوي وأبنائه؟,A) اللص والكلاب | B) أولاد حارتنا | C) الشحاذ | D) يوم قُتل الزعيم,B
118,Literature,Easy,Multiple Choice,من هي الروائية والأكاديمية المصرية مؤلفة 'ثلاثية غرناطة'، التي تسرد المأساة التاريخية لسقوط الحكم العربي الإسلامي في الأندلس؟,A) نوال السعداوي | B) سلوى بكر | C) رضوى عاشور | D) ميرال الطحاوي,C
119,Literature,Easy,Multiple Choice,ما هي مادة الكتابة التاريخية المصنوعة من نباتات القصب على ضفاف النيل والتي استخدمها الفراعنة لتدوين المخطوطات الأدبية والإدارية؟,A) الرق الحيواني | B) الرقوق الجلدية | C) الألواح الطينية | D) ورق البردي,D
120,Literature,Easy,Multiple Choice,أي فرعون من الأسرة الثامنة عشرة نظّم 'أنشودة آتون الكبرى'، مسبحاً لقرص الشمس ومؤسساً لأول ديانة توحيدية في التاريخ؟,A) إخناتون | B) توت عنخ آمون | C) رمسيس الثاني | D) تحتمس الثالث,A
121,Literature,Easy,Multiple Choice,في ثلاثية نجيب محفوظ، من هو رب الأسرة الصارم المستبد في بيته والمتيم بليالي الطرب والمرح والحرية خارج المنزل؟,A) كمال عبد الجواد | B) السيد أحمد عبد الجواد | C) ياسين عبد الجواد | D) فهمي عبد الجواد,B
122,Literature,Easy,Multiple Choice,ما اسم الرواية الفلسفية لنجيب محفوظ التي تدور حول السجين الخارج حديثاً سعيد مهران وسعيه المحموم للانتقام ممن خانوه؟,A) الشحاذ | B) ميرامار | C) اللص والكلاب | D) حضرة المحترم,C
123,Literature,Easy,Multiple Choice,في الأدب المصري القديم، ما هي القصة الأخلاقية التي يقدم فيها مزارع فقير تسع شكاوى بليغة ومفحمة للحاكم مطالباً برد مظلمته؟,A) قصة سنوحي | B) قصة الأخوين | C) تقرير ون آمون | D) شكاوى الفلاح الفصيح,D
124,Literature,Easy,Multiple Choice,من هو الكاتب والدبلوماسي المصري مؤلف 'البوسطجي' والرواية القصيرة الرائدة 'قنديل أم هاشم' التي تعالج صراع العلم الغربي مع الإيمان الشعبي؟,A) يحيى حقي | B) طه حسين | C) يوسف إدريس | D) توفيق الحكيم,A
125,Literature,Easy,Multiple Choice,أي روائي مصري ألّف 'ذات' و'تلك الرائحة'، ويُعد من أبرز أعلام جيل الستينيات الطليعي في الرواية العربية؟,A) جمال الغيطاني | B) صنع الله إبراهيم | C) بهاء طاهر | D) إدوار الخراط,B
126,Literature,Easy,Multiple Choice,ما هي الرواية التاريخية للأديب المصري بهاء طاهر التي فازت بالجائزة العالمية للرواية العربية (البوكر) في دورتها الافتتاحية عام 2008؟,A) الحب في المنفى | B) خالتي صفية والدير | C) واحة الغروب | D) نقطة النور,C
127,Literature,Easy,Multiple Choice,في الميثولوجيا المصرية القديمة، من هو إله البعث والعالم السفلي الذي غدر به شقيقه ست وقتله وقطع جسده؟,A) حورس | B) أنوبيس | C) آمون | D) أوزوريس,D
128,Literature,Easy,Multiple Choice,ما هي النصوص الدينية والجنائزية المنقوشة على جدران أهرامات الدولة القديمة وتعد أقدم أدب ديني وجنائزي مدوّن في العالم؟,A) متون الأهرام | B) كتاب الموتى | C) نصوص التوابيت | D) كتاب الآخرة,A
129,Literature,Easy,Multiple Choice,في 'الثلاثية' لنجيب محفوظ، من هو الابن الأصغر المفكر الذي يجسد نضج نجيب محفوظ الفلسفي وصراعه بين الإيمان والفكر الحديث؟,A) ياسين | B) كمال | C) فهمي | D) أحمد,B
130,Literature,Easy,Multiple Choice,أي بردية تعليمية من عصر الدولة القديمة تضم مجموعة من الحكم والأمثال الأخلاقية المنسوبة لوزير من الأسرة الخامسة؟,A) الفلاح الفصيح | B) نبوءة نفرتي | C) تعاليم بتاح حتب | D) حوار مع الروح,C
131,Literature,Easy,Multiple Choice,أي رواية للأديب جمال الغيطاني تستحضر التاريخ المملوكي في القرن السادس عشر لترمز إلى أجهزة القمع البوليسي واستبداد السلطة في العصر الحديث؟,A) رسالة البصائر في المصائر | B) التاريخ السري | C) متون الأهرام | D) الزيني بركات,D
132,Literature,Easy,Multiple Choice,ما اسم حركة الإحياء الفكري والأدبي في مصر والعالم العربي أواخر القرن التاسع عشر وبدايات العشرين التي زاوجت بين التراث والتحديث؟,A) حركة النهضة العربية | B) الرومانسية | C) السريالية | D) الحداثة,A
133,Literature,Easy,Multiple Choice,ما عنوان الكتاب النقدي الرائد لطه حسين عام 1926 الذي أحدث ضجة كبرى حول مدى أصالة الشعر العربي في العصر الجاهلي؟,A) مستقبل الثقافة في مصر | B) في الشعر الجاهلي | C) شجرة البؤس | D) قادة الفكر,B
134,Literature,Easy,Multiple Choice,في الأدب الفرعوني، أي بردية تروي مغامرات مبعوث معبد آمون إلى جبيل الفينيقية لشراء خشب الأرز لبناء القارب المقدس؟,A) الملاح الغريق | B) سنوحي | C) مغامرات ون آمون | D) الأمير المنكود,C
135,Literature,Easy,Multiple Choice,أي رواية لنجيب محفوظ صدرت عام 1967 تدور أحداثها داخل بنسيون في الإسكندرية وتُروى عبر أربع وجهات نظر فكرية مختلفة؟,A) بين القصرين | B) اللص والكلاب | C) ثرثرة فوق النيل | D) ميرامار,D
136,Literature,Easy,Multiple Choice,أي كاتبة وأكاديمية مصرية ألّفت الرواية النسوية الرائدة 'الباب المفتوح' عام 1960، مؤرخة لنضال الفتاة المصرية نحو التحرر؟,A) لطيفة الزيات | B) نوال السعداوي | C) رضوى عاشور | D) سلوى بكر,A
137,Literature,Easy,Multiple Choice,ما هي الأسطورة الأدبية القديمة التي تسرد الصراع القضائي والمعارك الخارقة بين حورس وست على وراثة عرش أوزوريس؟,A) قصة سنوحي | B) منازعات حورس وست | C) قصة الحقيقة والزور | D) قصة الأخوين,B
138,Literature,Easy,Multiple Choice,أي رواية فلسفية لنجيب محفوظ صدرت عام 1966 وتصور نخبة من المثقفين المحبطين وهم يدخنون الحشيش في عوامة على ضفاف النيل؟,A) ميرامار | B) سمان وخريف | C) ثرثرة فوق النيل | D) الشحاذ,C
139,Literature,Easy,Multiple Choice,ما هو النص الحكمي التعليمي من عصر الدولة الحديثة الذي كتبه حكيم مصري ويحمل تشابهاً لافتاً مع نصوص سفر الأمثال؟,A) تعاليم بتاح حتب | B) تعاليم أمنموبي | C) تعاليم حرددف | D) حكم آني,D
140,Literature,Easy,Multiple Choice,في الأساطير المصرية القديمة، من هي الإلهة الوفية زوجة أوزوريس وأم حورس التي جمعت أشلاء زوجها بحبها وقواها السحرية؟,A) إيزيس | B) حتحور | C) نيفتيس | D) سخمت,A
141,Literature,Easy,Multiple Choice,أي مسرحي مصري رائد ألّف مسرحية اللامعقول العبثية الشهيرة 'يا طالع الشجرة' عام 1962؟,A) يوسف إدريس | B) توفيق الحكيم | C) نجيب محفوظ | D) علي سالم,B
142,Literature,Easy,Multiple Choice,من هو العالم الفرنسي الذي تمكن عام 1822 من فك رموز حجر رشيد، مما أتاح قراءة النصوص الأدبية الهيروغليفية القديمة؟,A) ريتشارد بيرتون | B) هوارد كارتر | C) جان فرانسوا شامبليون | D) فلندرز بيتري,C
143,Literature,Easy,Multiple Choice,في ثلاثية نجيب محفوظ، من هو الابن الوطني الجامعي المثالي الذي يشارك في مظاهرات ثورة 1919 ويسقط شهيداً برصاص الاحتلال؟,A) ياسين | B) كمال | C) خليل | D) فهمي,D
144,Literature,Easy,Typing,ما هو لقب عائلة الأديب المصري الحائز على جائزة نوبل في الأدب عام 1988 مؤلف الثلاثية وزقاق المدق؟,,محفوظ
145,Literature,Easy,Typing,ما اسم بطل القصة الأدبية الكلاسيكية من عصر الفراعنة الذي هرب إلى بلاد الشام ثم عاد في شيخوخته (سـ...)?,,سنوحي
146,Literature,Easy,Typing,ما اسم نبات القصب المائي الفرعوني الشهير المستخدم في صناعة لفائف الكتب والمخطوطات القديمة؟,,بردي
147,Literature,Easy,Typing,ما الكلمة المكونة من 6 أحرف التي تكمل عنوان السيرة الذاتية لعميد الأدب العربي طه حسين: 'الـ...'؟,,الأيام
148,Literature,Easy,Typing,ما اسم عاصمة مصر التاريخية التي تدور فيها معظم أحداث روايات نجيب محفوظ الكبرى وزقاق المدق؟,,القاهرة
149,Literature,Easy,Typing,ما اسم إله البعث والعالم السفلي في الأساطير المصرية القديمة وزوج إيزيس وأبو حورس المكون من 7 أحرف؟,,أوزوريس
150,Literature,Easy,Typing,ما اسم إلهة الحق والعدالة والنظام الكوني في مصر القديمة الممثلة بريشة النعام البيضاء (مـ...)?,,ماعت
151,Literature,Medium,Multiple Choice,ما هي البردية الفريدة من عصر الدولة الوسطى التي تسجل حواراً فلسفياً عميقاً بين إنسان يائس يناجي روحه حول جدوى الانتحار؟,A) حوار بين رجل وروحه | B) الفلاح الفصيح | C) بردية وستكار | D) نبوءة نفرتي,A
152,Literature,Medium,Multiple Choice,أي دراسة فكرية كبرى لطه حسين صدرت عام 1938 طرح فيها رؤيته للتعليم مؤكداً انتماء الثقافة المصرية لحوض البحر الأبيض المتوسط؟,A) في الشعر الجاهلي | B) مستقبل الثقافة في مصر | C) قادة الفكر | D) حديث الأربعاء,B
153,Literature,Medium,Multiple Choice,ما اسم المخطوطة الأدبية الشهيرة المحفوظة في برلين والتي تتضمن حكايات عجائبية يرويها أبناء الملك خوفو عن معجزات السحرة؟,A) بردية تشستر بيتي | B) بردية هاريس | C) بردية وستكار | D) بردية إيبرس,C
154,Literature,Medium,Multiple Choice,في الأدب الفرعوني، ما هي الحكاية التي تروي سيرة الأخوين أنبو وباتا وما تعرضا له من غدر وخيانات وتحولات خارقة؟,A) سنوحي | B) الملاح الغريق | C) الفلاح الفصيح | D) قصة الأخوين,D
155,Literature,Medium,Multiple Choice,أي مسرحية لتوفيق الحكيم، مستلهمة من سورة الكهف، تعالج الصراع الفلسفي بين الإنسان والزمن بعد استيقاظ الفتية من رقدتهم؟,A) أهل الكهف | B) شهرزاد | C) الملك أوديب | D) بجماليون,A
156,Literature,Medium,Multiple Choice,ما اسم مجموعة قصائد الغزل العاطفي البديعة من عصر الدولة الحديثة التي تعبر عن لواعج الحب والغرام بأسلوب شعري رقيق؟,A) أغاني تورينو | B) أغاني الحب في بردية تشستر بيتي | C) بردية هاريس | D) أغنية عازف القيثار,B
157,Literature,Medium,Multiple Choice,في رواية 'أولاد حارتنا' لنجيب محفوظ، أي شخصية ترمز إلى عصر العلم والمعرفة التجريبية الحديثة التي حلت محل الأديان القديمة؟,A) رفاعة | B) قاسم | C) عرفة | D) أدهم,C
158,Literature,Medium,Multiple Choice,أي كاتب وناقد مصري كان أحد أقطاب مدرسة الديوان التجديدية بجانب العقاد، وألّف رواية 'إبراهيم الكاتب'؟,A) أحمد شوقي | B) حافظ إبراهيم | C) مصطفى لطفي المنفلوطي | D) إبراهيم المازني,D
159,Literature,Medium,Multiple Choice,ما هو النص الأدبي المصري القديم الذي يرثي حالة الانهيار الاجتماعي الشامل والحروب الأهلية وانقلاب الموازين في المجتمع؟,A) تحذيرات إيبوور | B) تعاليم بتاح حتب | C) قصة سنوحي | D) الملاح الغريق,A
160,Literature,Medium,Multiple Choice,أي رواية للكاتب يوسف إدريس تصور مأساة عمال التراحيل وفقرهم، وبطلتها عزيزة التي تبحث عن حبة بطاطا لإطعام أطفالها؟,A) بيت من لحم | B) الحرام | C) قاع المدينة | D) حمال الكراسي,B
161,Literature,Medium,Multiple Choice,في التقاليد الجنائزية المصرية، ما هي النصوص السحرية التي كُتبت على أسطح التوابيت الخشبية في الدولة الوسطى ممهدة لكتاب الموتى؟,A) كتاب الأرض | B) ترانيم رع | C) نصوص التوابيت | D) كتاب الكهوف,C
162,Literature,Medium,Multiple Choice,أي ملحمة روائية لنجيب محفوظ صدرت عام 1977 وتتألف من عشر حكايات تتوارثها أجيال حارة قديمة حول عاشور الناجي وقيم الفتوات؟,A) مقهى الكرنك | B) اللص والكلاب | C) أفراح القبة | D) ملحمة الحرافيش,D
163,Literature,Medium,Multiple Choice,من هو رائد التنوير والترجمة المصري مؤلف 'تخليص الإبريز في تلخيص باريز' الذي نقل معالم الحضارة الفرنسية الحديثة إلى مصر؟,A) رفاعة الطهطاوي | B) علي مبارك | C) جمال الدين الأفغاني | D) محمد عبده,A
164,Literature,Medium,Multiple Choice,أي نص مصري فرعوني يعكس نظرة شكية تدعو للاستمتاع بالحياة الحاضرة قائلاً: 'اتبع قلبك واصنع بهجة، فلن يعود أحد من القبر'؟,A) كتاب الموتى | B) أغنية عازف القيثار | C) تعاليم آني | D) ترتيلة آكلي لحوم البشر,B
165,Literature,Medium,Multiple Choice,من هو الشاعر الكلاسيكي المصري العظيم الذي بايعه شعراء العرب عام 1927 بلقب 'أمير الشعراء'؟,A) حافظ إبراهيم | B) خليل مطران | C) أحمد شوقي | D) محمود سامي البارودي,C
166,Literature,Medium,Multiple Choice,ما هي الرواية البارزة للأديب صنع الله إبراهيم عام 1988 التي تقدم توثيقاً نقدياً ساخراً لفساد الانفتاح الاقتصادي عبر حياة موظفة حكومية؟,A) اللجنة | B) تلك الرائحة | C) الجليد | D) ذات,D
167,Literature,Medium,Multiple Choice,ما عنوان المسرحية الرمزية الشهيرة لتوفيق الحكيم التي تستخدم صراعاً عائلياً مع حشرة صغيرة في الحمام لمناقشة مأساة الحرية؟,A) مصير صرصار | B) يا طالع الشجرة | C) عودة الوعي | D) الأيدي الناعمة,A
168,Literature,Medium,Multiple Choice,في الأدب المصري القديم، ما هو مضمون 'هجاء المهن' (تعاليم خيتي)؟,A) مسرحية هزلية عن الفراعنة | B) نص يمجد مهنة الكاتب المريحة ويسخر من مشقة وقذارة جميع المهن اليدوية الأخرى | C) معاهدة نقابية للتجار | D) نص ديني للأعياد,B
169,Literature,Medium,Multiple Choice,أي أديبة وناقدة مصرية بارزة ألّفت 'الباب المفتوح' وأسست ملتقى المرأة والذاكرة لإحياء دور المرأة في التاريخ الأدبي؟,A) نوال السعداوي | B) رضوى عاشور | C) لطيفة الزيات | D) أليفة رفعت,C
170,Literature,Medium,Multiple Choice,في ثلاثية نجيب محفوظ، ما اسم الزوجة والأم الصابرة المغلوبة على أمرها التي يطردها زوجها لزيارتها مقام الحسين دون إذنه؟,A) زبيدة | B) خديجة | C) عائشة | D) أمينة,D
171,Literature,Medium,Multiple Choice,أي رواية ريفية صدرت عام 1913 للأديب محمد حسين هيكل تُعد أول رواية فنية واقعية بالمعايير الحديثة في الأدب العربي؟,A) زينب | B) الأيام | C) سنوحي | D) دمعة وابتسامة,A
172,Literature,Medium,Multiple Choice,ما اسم الكتاب الجنائزي من الدولة الحديثة، وترجمته 'ما يوجد في العالم الآخر'، ويصف رحلة إله الشمس عبر ساعات الليل الاثنتي عشرة؟,A) كتاب الموتى | B) كتاب الآميدوات | C) كتاب التنفس | D) متون الأهرام,B
173,Literature,Medium,Multiple Choice,من هو الكاتب والمفكر الموسوعي المصري مؤلف سلسلة 'العبقريات' الشهيرة كعبقرية محمد وعبقرية عمر؟,A) طه حسين | B) مصطفى الرافعي | C) عباس محمود العقاد | D) زكي مبارك,C
174,Literature,Medium,Multiple Choice,في قصة سنوحي، من هو الشيخ والأمير الآسيوي في رتنو الذي استقبل سنوحي وزوجه ابنته الكبرى ومنحه أراضي خصبة؟,A) أبيمالك | B) كادشمان | C) زمري ليم | D) عمو ننسي,D
175,Literature,Medium,Multiple Choice,أي رواية كافكاوية ساخرة لصنع الله إبراهيم يخضع فيها المواطن لتحقيق عبثي ومهين أمام لجنة غامضة تقرر مدى أهليته؟,A) اللجنة | B) تلك الرائحة | C) الجليد | D) وردة,A
176,Literature,Medium,Typing,ما الكلمة الفرعونية المكونة من حرفين الدالة على القرين أو القوة الحيوية الروحية المرافقة للإنسان في مصر القديمة؟,,كا
177,Literature,Medium,Typing,ما الكلمة الفرعونية المكونة من حرفين الدالة على روح الإنسان المصورة في هيئة طائر برأس إنسان يزور المقبرة؟,,با
178,Literature,Medium,Typing,ما اسم الأم المضحية والزوجة المطيعة للسيد أحمد عبد الجواد في ثلاثية نجيب محفوظ (أمـ...)?,,أمينة
179,Literature,Medium,Typing,ما اسم عائلة أمير الشعراء المصري أحمد المكون من 5 أحرف مؤلف 'مجنون ليلى' و'الشوقيات'؟,,شوقي
180,Literature,Medium,Typing,ما الكلمة المكونة من 6 أحرف التي تصف الفلاح صاحب الشكاوى البلاغية الشهيرة في الأدب الفرعوني (الفلاح الـ...)?,,الفصيح
181,Literature,Hard,Multiple Choice,ما هو النشيد الطقسي الفرعوني المنقوش في هرم أوناس الذي يصور الملك المتوفى رمزياً وهو يلتهم لحم وسحر الآلهة لينال الخلود المطلق؟,A) صلوات رع | B) أنشودة أكل لحوم الآلهة | C) ترنيمة التوابيت | D) أنشودة أوزوريس,B
182,Literature,Hard,Multiple Choice,أي نص مصري قديم من عصر الدولة الوسطى يُنسب إلى حكيم من بسطة يتنبأ فيه بأزمات وفوضى اجتماعية ستحل بمصر يعقبها منقذ؟,A) تقرير ون آمون | B) تحذيرات إيبوور | C) نبوءة نفرتي | D) تعاليم خيتي,C
183,Literature,Hard,Multiple Choice,من هو الوزير المصري الحكيم من الأسرة الخامسة الذي تضم تعاليمه 37 بنداً تحث على التواضع وحسن الاستماع وضبط النفس والابتعاد عن الغرور؟,A) إمحوتب | B) كاجمني | C) أمنموبي | D) بتاح حتب,D
184,Literature,Hard,Multiple Choice,أي رواية سياسية لنجيب محفوظ صدرت عام 1974 وتدور حواراتها داخل مقهى قاهري يتردد عليه المعتقلون السياسيون بعد نكسة 1967؟,A) الكرنك | B) ميرامار | C) الشحاذ | D) سمان وخريف,A
185,Literature,Hard,Multiple Choice,ما اسم النص الأدبي الذي يضم مظالم خن أنوب وبلاغته الفائقة أمام الحاكم رنزي بعد استيلاء الإقطاعي نيمتي نخت على حميره؟,A) قصة سنوحي | B) شكاوى الفلاح الفصيح | C) الملاح الغريق | D) الأمير المنكود,B
186,Literature,Hard,Multiple Choice,ما هي الرواية القصيرة ليحيى حقي التي يسافر بطلها الطبيب الشاب إسماعيل لدراسة الطب في إنجلترا ويعود ليصطدم بالخرافات الشعبية في حي السيدة؟,A) البوسطجي | B) دماء وطين | C) قنديل أم هاشم | D) الفراش الشاغر,C
187,Literature,Hard,Multiple Choice,ما اسم المجلة الأدبية الشهيرة التي أسسها أحمد حسن الزيات عام 1933 وشكلت منبراً لأعلام الفكر كطه حسين والعقاد وأحمد أمين؟,A) الهلال | B) المقتطف | C) الكاتب العربي | D) الرسالة,D
188,Literature,Hard,Multiple Choice,في أساطير مصر القديمة وبردية جوميلهاك، من هو الإله الذئب/ابن آوى الملقب بـ 'فاتح الطرق' والمرافق لأنوبيس؟,A) وبواوت | B) دواموتف | C) خنتي أمنتيو | D) أنوبيس القناوي,A
189,Literature,Hard,Multiple Choice,ما هي البردية الأدبية من عصر الدولة الحديثة التي تروي قصة أخوين حيث يودع الأخ الأصغر باتا قلبه في زهرة شجرة الأرز؟,A) قصة الحقيقة والزور | B) قصة الأخوين | C) الأمير المنكود | D) قصة الشقاء,B
190,Literature,Hard,Multiple Choice,أي قاص وروائي مصري رائد ينتمي لجماعة 'جاليري 68' كتب الرواية السريالية التفكيكية 'رامة والتنين' و'مدينة الزعفران'؟,A) صنع الله إبراهيم | B) إبراهيم أصلان | C) إدوار الخراط | D) بهاء طاهر,C
191,Literature,Hard,Multiple Choice,ما هو النص التعليمي الأخلاقي الفرعوني الذي يوصي فيه الحكيم ابنه باحترام الجار قائلاً: 'لا تزحزح علامات الحدود في الحقول ولا تطمع في شبر أرض'؟,A) تعاليم بتاح حتب | B) تعاليم حرددف | C) تعاليم الولاء | D) تعاليم أمنموبي,D
192,Literature,Hard,Multiple Choice,أي رواية للأديبة رضوى عاشور تستحضر التاريخ القاهري الفاطمي والمملوكي وتتقاطع فيها سيرة الكاتبة مع سيرة أستاذة التاريخ شجر؟,A) أطياف | B) غرناطة | C) سراج | D) الرحلة,A
193,Literature,Hard,Multiple Choice,ماذا يعني المصطلح الأدبي المصري القديم 'سباييت' (Sebayt) في دراسات علم المصريات والآداب الشرقية؟,A) الأدعية الجنائزية | B) أدب الحكمة، أو التعاليم والإرشادات الأخلاقية | C) أغاني الغزل | D) الحوليات الملكية,B
194,Literature,Hard,Multiple Choice,أي شاعر مصري رائد كتب المسرحية الشعرية التراجيدية الشهيرة 'مأساة الحلاج' عام 1964 مصوراً محاكمة وإعدام الصوفي الشهيد؟,A) أحمد عبد المعطي حجازي | B) أمل دنقل | C) صلاح عبد الصبور | D) محمود حسن إسماعيل,C
195,Literature,Hard,Multiple Choice,أي سيرة ذاتية مصرية قديمة منقوشة في مقابر بني حسن تسجل إنجازات حاكم إقليمي وفر إمدادات الغذاء وحمى رعيته أثناء المجاعة؟,A) سيرة وني | B) نقوش حرخوف | C) لوحة إيكرنفرت | D) سيرة أمنمحات,D
196,Literature,Hard,Multiple Choice,من هو الكاتب المصري الطليعي مؤسس مجلة 'جاليري 68' الذي صاغ مصطلح 'الكتابة عبر النوعية' وكتب 'محطة السكة الحديد'؟,A) إدوار الخراط | B) يوسف الشاروني | C) بهاء طاهر | D) صنع الله إبراهيم,A
197,Literature,Hard,Multiple Choice,في الطقوس الجنائزية الفرعونية، ما هو الطقس الكهنوتي الذي تُلمس فيه شفاه وعيون المومياء أو التمثال لتمكينه من التنفس والكلام في العالم الآخر؟,A) وزن القلب | B) طقس فتح الفم | C) التجلي الروحي | D) وقفة أوزوريس,B
198,Literature,Hard,Typing,ما هو المصطلح المصري القديم الدال على أدب التعاليم والنصائح والحكم الأخلاقية مثل حكم بتاح حتب (s...yt)?,,sebayt
199,Literature,Hard,Typing,ما اسم الكتاب الجنائزي الفرعوني المكون من 8 أحرف الذي يصف رحلة الشمس خلال ساعات الليل الـ 12 (الآمـ...)?,,الآميدوات
200,Literature,Hard,Typing,ما اسم المدينة الأندلسية التاريخية المكونة من 6 أحرف التي خلدت رضوى عاشور سقوطها في ثلاثيتها الشهيرة؟,,غرناطة
201,Literature,Easy,Multiple Choice,أي تحفة أدبية كلاسيكية من القرن الحادي عشر في عصر هييآن ألفتها السيدة موراساكي شيكيبو وتُعد أول رواية في تاريخ الأدب العالمي؟,A) كتاب الوسادة | B) قصة الهيكي | C) قصة غنجي | D) مقالات في الفراغ,C
202,Literature,Easy,Multiple Choice,ما هو القالب الشعري الياباني التقليدي الشهير المكون من ثلاثة أسطر غير مقفاة بوزن 5-7-5 مقاطع لفظية؟,A) التانكا | B) الرينغا | C) السنريو | D) الهايكو,D
203,Literature,Easy,Multiple Choice,من هو أشهر وأعظم معلم لشعر الهايكو في عصر إيدو ومؤلف كتاب الرحلات الكلاسيكي 'الدرب الضيق إلى الشمال الأقصى'؟,A) ماتسوو باشو | B) يوسا بوسون | C) كوباياشي عيسى | D) ماساوكا شيكي,A
204,Literature,Easy,Multiple Choice,أي روائي ياباني معاصر حظي بشهرة عالمية واسعة وترجمت أعماله لعشرات اللغات، ومن أشهر رواياته 'الغابة النرويجية' و'كافكا على الشاطئ'؟,A) كنزابورو أوي | B) هاروكي موراكامي | C) يوكيو ميشيما | D) أوسامو دازاي,B
205,Literature,Easy,Multiple Choice,من هو أول أديب ياباني يفوز بجائزة نوبل في الأدب عام 1968، واشتهر برواياته الشاعرية المرهفة مثل 'بلد الثلوج'؟,A) كنزابورو أوي | B) يوكيو ميشيما | C) ياسوناري كاواباتا | D) جونيتشيرو تانيزاكي,C
206,Literature,Easy,Multiple Choice,ما اسم الرواية التراجيدية النفسية لأوسامو دازاي الصادرة عام 1948 وتصور الاغتراب الوجودي لبطلها أوبا يوزو وتُعرف يابانياً بـ 'نينغن شيكاكو'؟,A) شمس الغروب | B) اركض يا ميلوس | C) اعترافات دازاي | D) لم يعد إنساناً,D
207,Literature,Easy,Multiple Choice,أي قصة قصيرة لـ ريونوسوكي أكوتاغاوا تدور عند بوابة كبرى مهدمة في كيوتو وألهمت المخرج أكيرا كوروساوا فيلمه العالمي الشهير عام 1950؟,A) راشومون | B) شاشة الجحيم | C) في غابة خيزران | D) خيط العنكبوت,A
208,Literature,Easy,Multiple Choice,من هي وصيفة البلاط الإمبراطوري في عصر هييآن التي ألفت 'كتاب الوسادة' (Makura no Soshi) مسجلة تأملاتها وقوائمها البديعة؟,A) موراساكي شيكيبو | B) سي شوناغون | C) أونو نو كوماتشي | D) إيزومي شيكيبو,B
209,Literature,Easy,Multiple Choice,أي أديب ياباني رائد في عصر مييجي ألّف الرواية الساخرة 'أنا قط' والرواية السيكولوجية العميقة 'كوكورو' (القلب)؟,A) موري أوغاي | B) ريونوسوكي أكوتاغاوا | C) ناتسومي سوسيكي | D) جونيتشيرو تانيزاكي,C
210,Literature,Easy,Multiple Choice,من هو الكاتب الياباني المثير للجدل مؤلف 'معبد السرادق الذهبي' ومؤسس ميليشيا 'جمعية الدرع' الذي انتحر طقسياً عام 1970؟,A) أوسامو دازاي | B) كوبو آبي | C) شوساكو إندو | D) يوكيو ميشيما,D
211,Literature,Easy,Multiple Choice,ما هي الملحمة الحربية التاريخية اليابانية الكبرى التي تؤرخ لحرب غينبي في القرن الثاني عشر بين عشيرتي تايرا وميناموتو؟,A) قصة الهيكي | B) قصة غنجي | C) تايهيكي | D) سوغا مونوغاتاري,A
212,Literature,Easy,Multiple Choice,أي أديب ياباني حاز جائزة نوبل في الأدب عام 1994 وكتب الرواية المؤثرة 'مسألة شخصية' التي تستلهم تجربة ولادة ابنه المعاق ذهنياً؟,A) ياسوناري كاواباتا | B) كنزابورو أوي | C) هاروكي موراكامي | D) كازوو إيشيغورو,B
213,Literature,Easy,Multiple Choice,ما هو المفهوم الجمالي الكلاسيكي في الأدب الياباني المتجلي في 'قصة غنجي'، ويعني الشغف الحزين والتأثر الشفيف بزوال الأشياء وفنائها؟,A) وابي-سابي | B) يوغان | C) مونو نو أواري | D) شيبوي,C
214,Literature,Easy,Multiple Choice,ما هي الرواية الأولى القصيرة للكاتبة بنانا يوشيموتو الصادرة عام 1988 التي حققت نجاحاً عالمياً كبيراً وتدور حول الفقدان والطعام والمواساة؟,A) وداعاً تسوغومي | B) نائمون | C) حظ عاثر | D) مطبخ,D
215,Literature,Easy,Multiple Choice,من هو الكاتب البريطاني ياباني الأصل المولود في ناغازاكي والحائز على جائزة نوبل عام 2017 مؤلف 'بقايا النهار' و'لا تدعني أذهب أبداً'؟,A) كازوو إيشيغورو | B) هاروكي موراكامي | C) يوكو أوغاوا | D) كين ليو,A
216,Literature,Easy,Multiple Choice,في أشهر قصيدة هايكو لماتسوو باشو، ما هو الكائن الحي الذي يقفز في بركة ماء قديمة محدثاً صوت الماء؟,A) سمكة شبوط | B) ضفدع | C) بطة | D) يعسوب,B
217,Literature,Easy,Multiple Choice,أي كاتب ياباني سريالي ألّف الرواية الوجودية الكافكاوية 'امرأة في الكثبان' عن عالم حشرات يُحتجز في حفرة رملية معزولة؟,A) شوساكو إندو | B) كنزابورو أوي | C) كوبو آبي | D) جونيتشيرو تانيزاكي,C
218,Literature,Easy,Multiple Choice,ما هي الرواية الديستوبية الشهيرة للكاتبة يوكو أوغاوا الصادرة عام 1994 وتصور جزيرة غامضة تُختفى منها الذكريات والأشياء قسراً؟,A) مدبرة المنزل والأستاذ | B) انتقام | C) فندق إيريس | D) شرطة الذاكرة,D
219,Literature,Easy,Multiple Choice,أي كاتب مسرحي في عصر إيدو يُلقب بـ 'شكسبير اليابان' لإبداعه مسرحيات عرائس البونراكو مثل 'انتحار العشاق في سونيزاكي'؟,A) تشيكاماتسو مونزايمون | B) زيامي موتوكيو | C) إيهارا سايكاكو | D) كانامي,A
220,Literature,Easy,Multiple Choice,أي روائي ياباني مسيحي كاثوليكي ألّف الرواية التاريخية العميقة 'صمت' (Silence) عن اضطهاد المبشرين البرتغاليين في اليابان الإقطاعية؟,A) يوكيو ميشيما | B) شوساكو إندو | C) جونيتشيرو تانيزاكي | D) ريونوسوكي أكوتاغاوا,B
221,Literature,Easy,Multiple Choice,من هو الأمير المشرق الفاتن وبطل الرواية الكلاسيكية الخالدة 'قصة غنجي' للسيدة موراساكي شيكيبو؟,A) الأمير شوتوكو | B) كاورو | C) هيكارو غنجي | D) نيو,C
222,Literature,Easy,Multiple Choice,أي رواية ملحمية لجونيتشيرو تانيزاكي ترصد حياة وتطلعات وزيجات أربع شقيقات من عائلة برجوازية عريقة في أوساكا قبيل الحرب؟,A) البعض يفضل نبات القراص | B) ناومي | C) رمال متحركة | D) الأخوات ماكيوكا,D
223,Literature,Easy,Multiple Choice,ما هي أقدم وأضخم مختارات شعرية باقية في الأدب الياباني الكلاسيكي، جُمعت في القرن الثامن وتضم أكثر من 4500 قصيدة؟,A) مانيوشو | B) كوكينشو | C) شينكوكينشو | D) أوغورا هياكونين إيشو,A
224,Literature,Easy,Multiple Choice,في رواية '1Q84' لهاروكي موراكامي، ما هي الظاهرة الفلكية الغريبة في السماء التي جعلت البطلة أومامي تدرك دخولها واقعاً موازياً؟,A) شمسان في الظهيرة | B) وجود قمرين في سماء الليل | C) سماء أرجوانية | D) كسوف دائم للشمس,B
225,Literature,Easy,Multiple Choice,ما هي الكلمة أو العبارة الفصلية الدالة على موسم معين والتي يشترط ورودها تقليدياً في شعر الهايكو الياباني؟,A) كيريجي | B) تانكا | C) كيغو | D) ماكوراكوتوبا,C
226,Literature,Easy,Multiple Choice,ما عنوان الرواية السيرة الذاتية الرائدة لموري أوغاي في عصر مييجي التي تروي قصة طالب ياباني نخبوي في برلين يقع في حب راقصة ألمانية؟,A) فيتا سيكسواليس | B) الإوزة البرية | C) سانشيرو | D) الراقصة,D
227,Literature,Easy,Multiple Choice,ما هي الجائزة الأدبية اليابانية المرموقة التي تأسست عام 1935 تكريماً لمؤلف 'راشومون' وتُمنح نصف سنوياً لأفضل كتاب الرواية الجادة الصاعدين؟,A) جائزة أكوتاغاوا | B) جائزة تانيزاكي | C) جائزة ميشيما | D) جائزة نوما,A
228,Literature,Easy,Multiple Choice,ما هي الرواية شبه الذاتية ليوكيو ميشيما الصادرة عام 1949 التي أحدثت صدمة أدبية بتناولها الصريح للهوية الجنسية للبطل وافتتانه بالقديس سباستيان؟,A) صوت الأمواج | B) اعترافات قناع | C) الشمس والصلب | D) الألوان المحرمة,B
229,Literature,Easy,Multiple Choice,في 'قصة غنجي'، من هي الحبيبة الرقيقة للأمير غنجي التي تموت فجأة في قصر مهجور إثر إصابتها بطيف غيرة السيدة روكوجو؟,A) الليدي أوي | B) الليدي فوجيتسوبو | C) يوغاو | D) موراساكي,C
230,Literature,Easy,Multiple Choice,ما المفهوم الجمالي الياباني الذي يحتفي به تانيزاكي في 'مديح الظل'، ويعني تذوق البساطة والعتامة والسكينة والجمال الناقص غير المتكلف؟,A) مونو نو أواري | B) يوغان | C) كاواي | D) وابي-سابي,D
231,Literature,Easy,Multiple Choice,أي رواية كوميدية نقدية شهيرة لناتسومي سوسيكي صدرت عام 1906 وتصور مغامرات معلم رياضيات شاب طائش من طوكيو في مدرسة ريفية بماتسوياما؟,A) بوتشان | B) سانشيرو | C) سوريكارا | D) البوابة,A
232,Literature,Easy,Multiple Choice,ما هو النص التأملي الكلاسيكي من العصور الوسطى للناسك كامو نو تشومي عام 1212 الذي يفتتح بعبارته الشهيرة: 'جريان النهر لا ينقطع'؟,A) مقالات في الفراغ | B) حكاية كوخي | C) يوميات ساراشينا | D) يوميات توسا,B
233,Literature,Easy,Multiple Choice,في رواية 'الغابة النرويجية' لهاروكي موراكامي، ما اسم الفرقة الغنائية البريطانية الأسطورية التي تحمل الرواية اسم إحدى أغانيها الشهيرة؟,A) رولينج ستونز | B) بينك فلويد | C) البيتلز | D) ليد زيبلين,C
234,Literature,Easy,Multiple Choice,من هي الكاتبة اليابانية مؤلفة الرواية الإنسانية الرقيقة 'مدبرة المنزل والأستاذ' عن عالم رياضيات عبقري لا تدوم ذاكرته سوى 80 دقيقة؟,A) بنانا يوشيموتو | B) ساياكا موراتا | C) ميكو كاواكامي | D) يوكو أوغاوا,D
235,Literature,Easy,Multiple Choice,ما هي رواية أوسامو دازاي الصادرة عام 1947 التي أرست المصطلح الشائع لانحدار الطبقة الأرستقراطية اليابانية بعد الحرب العالمية الثانية؟,A) شمس الغروب | B) لم يعد إنساناً | C) اركض يا ميلوس | D) الخيزران الأزرق,A
236,Literature,Easy,Multiple Choice,ما هي الرواية المعاصرة لساياكا موراتا الصادرة عام 2016 التي تروي قصة كيكو البالغة من العمر 36 عاماً وتجد خلاصها وهويتها في متجر تموينات؟,A) سكان الأرض | B) فتاة المتجر | C) نهود وبيوض | D) معجون الفاصولياء الحلوة,B
237,Literature,Easy,Multiple Choice,ما هو المسرح الكلاسيكي الياباني المقنع ذو الطابع الروحي البطيء الذي وضع قواعده زيامي موتوكيو في رسائله الفنية؟,A) الكابوكي | B) البونراكو | C) مسرح النو | D) الكيوغن,C
238,Literature,Easy,Multiple Choice,أي قصة قصيرة لريونوسوكي أكوتاغاوا تقدم سبع شهادات متناقضة حول واقعة مقتل ساموراي واعتداء على زوجته في أجمة خيزران؟,A) راشومون | B) شاشة الجحيم | C) الأنف | D) في غابة خيزران,D
239,Literature,Easy,Multiple Choice,ما هي الرواية النفسية ليوكيو ميشيما المستوحاة من حادثة حقيقية لإحراق راهب بوذي شاب متلعثم لمعبد أثري عريق في كيوتو؟,A) معبد السرادق الذهبي | B) اعترافات قناع | C) البحار الذي لفظه البحر | D) ثلج الربيع,A
240,Literature,Easy,Multiple Choice,ما اسم أول يوميات سفر أدبية كبرى كُتبت بحروف الكانا اليابانية عام 935 م على يد الشاعر كي نو تسورايوكي متقمصاً شخصية امرأة؟,A) يوميات موراساكي | B) يوميات توسا | C) يوميات إيزومي شيكيبو | D) يوميات ساراشينا,B
241,Literature,Easy,Multiple Choice,في الشعر الياباني الكلاسيكي، ما هو قالب 'التانكا' (Tanka) الغنائي؟,A) بيتان مقفيان فكاهيان | B) أنشودة درامية طويلة | C) قصيدة غنائية كلاسيكية من 31 مقطعاً في خمسة أشطر | D) قصيدة طبيعة من 17 مقطعاً,C
242,Literature,Easy,Multiple Choice,أي رواية لياسوناري كاواباتا تدور أحداثها حول طقوس حفل الشاي الياباني وتصف تعلق البطل المعقد بآنية شاي ارتبطت بماضي والده العاطفي؟,A) بلد الثلوج | B) صوت الجبل | C) الجمال والحزن | D) سرب طيور الكركي البيضاء,D
243,Literature,Easy,Multiple Choice,ما اسم مجموعة المقالات والتأملات الجمالية والأخلاقية الـ 243 الشهيرة للراهب البوذي يوشيدا كينكو في القرن الرابع عشر؟,A) مقالات في الفراغ | B) هوجوكي | C) يوميات توسا | D) غوكانشو,A
244,Literature,Easy,Typing,ما اسم القالب الشعري الياباني القصير المكون من 17 مقطعاً لفظياً في ثلاثة أسطر (ها...)?,,هايكو
245,Literature,Easy,Typing,ما اسم معلم شعر الهايكو الأكبر في تاريخ اليابان ومؤلف الدرب الضيق إلى الشمال (با...)?,,باشو
246,Literature,Easy,Typing,ما اسم الأمير المشرق بطل أول رواية في تاريخ العالم للسيدة موراساكي شيكيبو؟,,غنجي
247,Literature,Easy,Typing,ما اسم الروائي الياباني المعاصر مؤلف 'كافكا على الشاطئ' و'الغابة النرويجية' (مورا...)?,,موراكامي
248,Literature,Easy,Typing,ما لقب عائلة أول أديب ياباني يفوز بجائزة نوبل في الأدب عام 1968 صاحب رواية بلد الثلوج؟,,كاواباتا
249,Literature,Easy,Typing,ما اسم رواية ناتسومي سوسيكي الشهيرة لعام 1914 والتي تعني باليابانية 'القلب' أو الروح؟,,كوكورو
250,Literature,Easy,Typing,ما اسم القصة القصيرة الشهيرة لأكوتاغاوا التي تدور عند بوابة كيوتو الجنوبية واقتبسها كوروساوا؟,,راشومون
251,Literature,Medium,Multiple Choice,ما هي الرباعية الروائية الملحمية الفلسفية التي أتمها يوكيو ميشيما صبيحة انتحاره الطقسي عام 1970 وتعد وصيته الأدبية الكبرى؟,A) معبد السرادق الذهبي | B) بحر الخصوبة | C) زوال الملاك | D) جياد هاربة,B
252,Literature,Medium,Multiple Choice,في رواية 'كوكورو' لناتسومي سوسيكي، ما هو اللقب التقديري الياباني الذي ينادي به الراوي أستاذه ومعلمه طوال الرواية؟,A) سينباي | B) شيشو | C) سنسي | D) أوتوسان,C
253,Literature,Medium,Multiple Choice,ما اسم المقال الجمالي البديع لجونيتشيرو تانيزاكي عام 1933 الذي يبرهن على أن العمارة والورنيش الياباني يستمدان سحرهما من الظلال والضوء الخافت؟,A) البعض يفضل نبات القراص | B) التاريخ السري | C) قطة ورجل وامرأتان | D) مديح الظل,D
254,Literature,Medium,Multiple Choice,في 'قصة غنجي'، من هي البطلة الشابة اليتيمة التي يتكفل غنجي بتربيتها وتعليمها لتصبح زوجته الأثيرة ومثاله الأعلى للمرأة؟,A) موراساكي | B) الليدي أوي | C) الليدي روكوجو | D) الليدي فوجيتسوبو,A
255,Literature,Medium,Multiple Choice,أي رواية ملحمية لكنزابورو أوي عام 1967، تستلهم انتفاضة ريفية في شيكوكو عام 1860 ونال عنها تقديراً نوبلياً، وتُعرف بالإنجليزية بـ 'The Silent Cry'؟,A) مسألة شخصية | B) صرخة صامتة | C) علمنا كيف نتجاوز جنوننا | D) يوم يمسح دموعي,B
256,Literature,Medium,Multiple Choice,من هو المنظر والممثل المسرحي لمسرح النو في العصور الوسطى الذي كتب 'روح الزهرة' (Fushikaden) مؤسساً المذهب الروحي للتمثيل؟,A) تشيكاماتسو | B) كانامي | C) زيامي موتوكيو | D) أوكوني,C
257,Literature,Medium,Multiple Choice,ما هو الاتجاه الروائي الياباني الذاتي الصريح الذي برز في أوائل القرن العشرين مع رواية 'فوتون' لتاياما كاتاي، ويعتمد الاعتراف الشخصي الفج؟,A) أدب البروليتاريا | B) الحساسية الجديدة | C) الرومانسية | D) رواية الأنا,D
258,Literature,Medium,Multiple Choice,في رواية 'بلد الثلوج' لكاواباتا، ما هي مهنة البطلة التراجيدية الريفية كوماكو في منتجع الينابيع الساخنة الجبلي؟,A) غيشا إقليمية ريفية | B) ناسجة حرير | C) صاحبة نزل | D) مزارعة,A
259,Literature,Medium,Multiple Choice,أي رواية تاريخية لشوساكو إندو صدرت عام 1971 تروي الرحلة الملحمية لساموراي مخلص يُوفد في بعثة دبلوماسية إلى المكسيك وروما؟,A) صمت | B) الساموراي | C) فضيحة | D) نهر عميق,B
260,Literature,Medium,Multiple Choice,ما هو النوع النثري في القرن السابع عشر الذي أبدعه إيهارا سايكاكو، ومعناه 'كتب العالم العائم'، ويصور حياة التجار ومناطق البهجة؟,A) مونوغاتاري | B) زويهيتسو | C) أوكيو-زوشي | D) أوتوغيزوشي,C
261,Literature,Medium,Multiple Choice,في الرواية الساخرة 'كابا' لريونوسوكي أكوتاغاوا، ما هو المخلوق الأسطوري المائي الذي يقيم مجتمعاً معكوساً يزوره مريض عقلي؟,A) تينغو | B) كيتسونه (الثعلب) | C) تانوكي | D) كابا (Kappa),D
262,Literature,Medium,Multiple Choice,ما هي الجائزة الأدبية المرموقة التي أسستها دار شينتشوشا عام 1988 للاحتفاء بالأعمال الروائية الطليعية والمتمردة تكريماً ليوكيو ميشيما؟,A) جائزة يوكيو ميشيما | B) جائزة تانيزاكي | C) جائزة نوما | D) جائزة كاواباتا,A
263,Literature,Medium,Multiple Choice,من هي شاعرة عصر هييآن البارزة وإحدى الخالدين الستة للشعر (الروكاسين)، المشهورة بجمالها الأسطوري وقصائدها الغزلية المحترقة؟,A) إيزومي شيكيبو | B) أونو نو كوماتشي | C) دايني نو سانمي | D) أكازومي إيمون,B
264,Literature,Medium,Multiple Choice,ما هي الرواية الرمزية لكوبو آبي الصادرة عام 1962 التي يفقد فيها رجل وجهه إثر انفجار صناعي ويطلب من طبيب صنع قناع بديل يحاكي البشر؟,A) رجل الصندوق | B) العصر الجليدي الرابع | C) وجه آخر | D) دفتر الكنغر,C
265,Literature,Medium,Multiple Choice,في رواية 'تاريخ طائر الزنبرك' لهاروكي موراكامي، أين يجلس البطل تورو أوكادا لأيام طويلة في فناء بيت مهجور للتأمل والنفاذ للوعي؟,A) داخل شجرة مجوفة | B) في علية منزل | C) في ملجأ خرساني | D) في قاع بئر جافة ومظلمة,D
266,Literature,Medium,Multiple Choice,ما هي الملحمة الحربية التي تفتتح بمرثية الأجراس البوذية الشهيرة: 'رنين أجراس دير غيون شوجا يتردد بصدى زوال كل ما في الوجود'؟,A) قصة الهيكي | B) سوغا مونوغاتاري | C) تايهيكي | D) غيكيكي,A
267,Literature,Medium,Multiple Choice,من هو الكاتب الياباني الذي غرق منتحراً مع عشيقته في قناة تاماغاوا عام 1948 وهو مؤلف 'لم يعد إنساناً'؟,A) ريونوسوكي أكوتاغاوا | B) أوسامو دازاي | C) يوكيو ميشيما | D) تاميكي هارا,B
268,Literature,Medium,Multiple Choice,ما هي الرواية الرومانسية المبهجة ليوكيو ميشيما عام 1954 المستوحاة من قصة 'دافنيس وكلوي' الإغريقية وتصور حب صياد وغواصة لؤلؤ في جزيرة معزولة؟,A) بعد المأدبة | B) عطش للحب | C) صوت الأمواج | D) ثلج الربيع,C
269,Literature,Medium,Multiple Choice,في الأدب الياباني الكلاسيكي، ما هو جنس المقالات التأملية الحرة المفرقة كـ 'كتاب الوسادة' وترجمته الحرفية 'اتباع الفرشاة'؟,A) هايبون | B) مونوغاتاري | C) نيكي | D) زويهيتسو,D
270,Literature,Medium,Multiple Choice,ما هي الرواية التي وصلت للقائمة القصيرة لجائزة البوكر الدولية ليوكو أوغاوا وتدور حول غرفة سرية تحت أرضية منزل يُخبأ فيها الورد والطيور الممنوعة؟,A) شرطة الذاكرة | B) حوض الغطس | C) فندق إيريس | D) انتقام,A
271,Literature,Medium,Multiple Choice,من هو الشاعر الياباني المجدد في أواخر عصر مييجي الذي أحدث ثورة في الهايكو والتانكا واشتق اسمه المستعار من طائر الوقواق؟,A) تاكاهاما كيوشي | B) ماساوكا شيكي | C) يوسانو أكيكو | D) إيشيكاوا تاكوبوكو,B
272,Literature,Medium,Multiple Choice,ما هو ديوان قصائد التانكا الرائد لعام 1901 للشاعرة يوسانو أكيكو الذي أحدث ضجة كبرى لجرأته العاطفية والأنثوية غير المسبوقة؟,A) تشيزوكو | B) هاكوبوكورين | C) شعر متشابك | D) كانزاشي,C
273,Literature,Medium,Multiple Choice,في 'قصة غنجي'، ماذا يُطلق على الفصول العشرة الختامية للرواية التي تدور في قرية جبلية ضبابية ريفية خارج العاصمة وتتسم بالشجن الشديد؟,A) حوليات كيوتو | B) خاتمة هييآن | C) أغاني الخريف | D) فصول أوجي,D
274,Literature,Medium,Multiple Choice,أي قصة قصيرة شهيرة لأكوتاغاوا تروي مأساة راهب بوذي متعجرف يُدعى زينتشي يبتكر سبلاً غريبة ومضحكة لتقصير عضوه الوجهي المتدلي؟,A) الأنف | B) شاشة الجحيم | C) خيط العنكبوت | D) دواليب مسننة,A
275,Literature,Medium,Multiple Choice,ما هي الرواية البروليتارية الشهيرة لتاكيجي كوباياشي عام 1929 التي عُذب ومات كاتبها على يد الشرطة وتصور كفاح العمال على متن سفينة صيد؟,A) سفينة المصنع | B) سفينة تعليب السلطعون | C) سفينة الجحيم | D) الفجر الأحمر,B
276,Literature,Medium,Typing,ما الكلمة اليابانية المكونة من 5 أحرف في الفلسفة الجمالية الدالة على التأثر الشفيف بزوال وجمال الأشياء الفانية (mono no ...)?,,aware
277,Literature,Medium,Typing,ما هو المصطلح الياباني الدال على فن المقالات الحرة المتنوعة التي تعني 'انسياقاً مع الفرشاة' (zui...)?,,zuihitsu
278,Literature,Medium,Typing,ما اسم عائلة مؤلف رواية 'أنا قط' ورواية 'كوكورو' الرائد في عصر مييجي (سو...)?,,سوسيكي
279,Literature,Medium,Typing,ما اسم عائلة الكاتب الياباني صاحب 'اعترافات قناع' الذي أنهى حياته بالانتحار الطقسي عام 1970 (مي...)?,,ميشيما
280,Literature,Medium,Typing,ما الكلمة التي تكمل عنوان كتاب رحلات ماتسوو باشو الشهير: 'الـ... الضيق إلى الشمال الأقصى'؟,,الدرب
281,Literature,Hard,Multiple Choice,في 'قصة غنجي'، ما هي الظاهرة الماورائية المخيفة التي ينفصل فيها طيف السيدة روكوجو اللاواعي عن جسدها الحي ليعذب حبيبات غنجي؟,A) يوريه | B) أونريو | C) إيكيريو | D) مونونوكيه,C
282,Literature,Hard,Multiple Choice,ما هو السبب الثقافي والاجتماعي في عصر هييآن الذي جعل 'قصة غنجي' تُكتب بحروف الهيراغانا الصوتية بدلاً من الصينية الكلاسيكية (الكانبون)؟,A) منع الإمبراطور للغة الصينية | B) رخص طباعة الهيراغانا | C) أمية السيدة موراساكي | D) كانت الهيراغانا تُعرف بـ 'يد النساء' (Onnade) المخصصة للنساء الأرستقراطيات بينما اقتصرت الصينية على وثائق الرجال,D
283,Literature,Hard,Multiple Choice,من هو الكاتب والمؤرخ الذي جمع ودوّن كتاب 'كوجيكي' (سجلات الوقائع القديمة) عام 712 م مدوناً الأساطير الشفاهية التي حفظها الراوية هييدا نو أري؟,A) أو نو ياسومارو | B) كاكينوموتو نو هيتومارو | C) كي نو تسورايوكي | D) سوغاوارا نو ميتشيزاني,A
284,Literature,Hard,Multiple Choice,ما هو المفهوم الجمالي الياباني في مسرح النو الذي يشير إلى الغموض الأثيري والعمق السري الشفيف الذي يستعصي على الكلمات المباشرة؟,A) سابي | B) يوغان | C) وابي | D) ميابي,B
285,Literature,Hard,Multiple Choice,ما هي الرواية التجريبية لكاواباتا عام 1928 المكتوبة بأسلوب سينمائي ينتمي لمدرسة 'الحساسية الجديدة' وتصور أحياء الترفيه بطوكيو؟,A) بلد الثلوج | B) العاصمة القديمة | C) عصابة أساكوسا القرمزية | D) منزل الجميلات النائمات,C
286,Literature,Hard,Multiple Choice,في نظرية باشو الشعرية، ما هو المبدأ الجمالي المزدوج الذي يوفق بين الجوهر الأزلي الخالد (فويكي) والتقلبات العصرية العابرة (ريوكو)؟,A) وابي وسابي | B) يوغان ومونو نو أواري | C) كارومي وشيبوي | D) فويكي-ريوكو,D
287,Literature,Hard,Multiple Choice,أي قصة مرعبة لأكوتاغاوا يطلب فيها الرسام المهووس يوشيهيدي إحراق عربة ملكية بداخلها عذراء حسناء ليشهد الجحيم بأم عينيه ليكمل شاشته البوذية؟,A) شاشة الجحيم | B) الأنف | C) راشومون | D) خيط العنكبوت,A
288,Literature,Hard,Multiple Choice,ما الاسم الرسمي للميليشيا الطلابية القومية الخاصة التي أسسها الكاتب يوكيو ميشيما عام 1968 بهدف حماية الإمبراطور والتقاليد؟,A) جمعية التنين الأسود | B) تاتينوكاي | C) جمعية زهر الكرز | D) طريق الإمبراطور,B
289,Literature,Hard,Multiple Choice,من هو الشاعر والنحات الياباني الحديث مؤلف ديوان 'سماء تشيكو' (Chiekosho)، الذي يضم مراثي حب موجعة ترصد جنون زوجته النحاتة وانفصامها؟,A) هاغيوارا ساكوتارو | B) ميازاوا كينجي | C) تاكامورا كوتارو | D) ناكاهارا تشويا,C
290,Literature,Hard,Multiple Choice,ما هو العمل الفلسفي والتاريخي البوذي للراهب جين عام 1220 الذي يفسر تاريخ اليابان عبر مفهوم انحدار الشريعة والكون (مابّو)؟,A) هوجوكي | B) تايهيكي | C) أزوما كاغامي | D) غوكانشو,D
291,Literature,Hard,Multiple Choice,ما العنوان الياباني الأصلي للرواية الملحمية الشهيرة لكنزابورو أوي الصادرة عام 1967 والتي تُرجمت بالإنجليزية إلى 'The Silent Cry'؟,A) رغبي العام الأول من عصر مان إن | B) مسألة شخصية | C) مذكرة عداء البديل | D) اقطف البراعم وأطلق النار,A
292,Literature,Hard,Multiple Choice,ما هي اللعبة الشعرية الكلاسيكية التشاركية التي مارسها شعراء كبار كباشو وتتضمن تعاقب الشعراء على نظم مقاطع 5-7-5 و7-7 لتصل إلى مئة بيت مترابط؟,A) الهايكو | B) الرينغا أو الرينكو | C) التانكا | D) دودويتسو,B
293,Literature,Hard,Multiple Choice,أي رواية لتاياما كاتاي عام 1907 تُعد التدشين الفعلي لتيار 'رواية الأنا' وتصور افتتان كاتب متزوج بتلميذته وعشقه لفراشها؟,A) الوصية المكسورة | B) فيتا سيكسواليس | C) اللحاف | D) السحابة العائمة,C
294,Literature,Hard,Multiple Choice,ما هي رواية تانيزاكي لعام 1923، وتُعرف باليابانية بـ 'حب أحمق'، وتصور محاولة موظف تنشئة فتاة مقاهٍ لتصبح سيدة فاتنة على النمط الغربي؟,A) التاريخ السري للورد موساشي | B) رمال متحركة | C) المفتاح | D) ناومي,D
295,Literature,Hard,Multiple Choice,في البلاغة الشعرية اليابانية القديمة، ماذا تعني تقنية 'كاكيكوتوبا' (Kakekotoba / الكلمة المحورية)؟,A) جناس لغوي وتورية توظف تشابه الأصوات للربط بين معنيين دلاليين مختلفين عبر شطرين متجاورين | B) لفظة فصلية تدل على الزهور | C) إهداء افتتاحي للقصيدة | D) القافية الختامية المتكررة,A
296,Literature,Hard,Multiple Choice,ما هي القصة الفانتازية الشعرية الشهيرة للشاعر ميازاوا كينجي عام 1934 عن الصبي جيوفاني ورحلته في قطار عبر مجرات السماء والنجوم؟,A) مطعم الطلبات الكثيرة | B) ليلة على سكة حديد المجرة | C) الربيع وأسورا | D) حياة غوسكو بودوري,B
297,Literature,Hard,Multiple Choice,أي شاعرة وعشيقة لأمراء البلاط في عصر هييآن دوّنت يوميات شعرية مشهورة عام 1004 مليئة بمحاورات شعر التانكا العاطفية الملتهبة؟,A) ساراشينا | B) سانوكي نو سوكي | C) إيزومي شيكيبو | D) موراساكي شيكيبو,C
298,Literature,Hard,Typing,ما هو المصطلح الياباني المكون من 4 أحرف الدال على اللفظة أو الإشارة الفصلية الواجبة في الهايكو الكلاسيكي (k...)?,,kigo
299,Literature,Hard,Typing,ما المصطلح الجمالي الياباني الدال على العمق والغموض الأثيري المهيب في الفنون ومسرح النو (y...)?,,yugen
300,Literature,Hard,Typing,ما اسم جامع ومدون أقدم كتاب في تاريخ اليابان 'كوجيكي' عام 712 م (أو نو ...)?,,ياسومارو
301,Literature,Easy,Multiple Choice,أي كاتب ومسرحي إنجليزي عظيم، يُلقب بـ 'شاعر آفون' (The Bard)، كتب 'هاملت' و'ماكبث' و'روميو وجولييت'؟,A) كريستوفر مارلو | B) بن جونسون | C) جون ويبستر | D) وليم شكسبير,D
302,Literature,Easy,Multiple Choice,في مسرحية شكسبير التراجيدية 'هاملت'، من هو أمير الدنمارك المعذب الذي يسعى للانتقام من عمه لقتله والده الملك؟,A) هاملت | B) ليرتس | C) هوراشيو | D) فورتنبراس,A
303,Literature,Easy,Multiple Choice,أي روائي إنجليزي شهير من العصر الفيكتوري ألّف روائع الأدب الإنساني مثل 'آمال عظيمة' و'أوليفر تويست' و'قصة مدينتين'؟,A) توماس هاردي | B) تشارلز ديكنز | C) وليم ثاكري | D) جورج إليوت,B
304,Literature,Easy,Multiple Choice,من هي الكاتبة الإنجليزية مؤلفة الرواية الرومانسية الاجتماعية الكلاسيكية 'كبرياء وتحامل' وبطليها إليزابيث بينيت والسيد دارسي؟,A) شارلوت برونتي | B) ماري شيلي | C) جين أوستن | D) جورج إليوت,C
305,Literature,Easy,Multiple Choice,في رواية جورج أورويل الديستوبية الشهيرة '1984'، ما هو الرمز الشمولي الكلي الحضور والمستبد الذي يراقب الجميع ويُرفع شعاره '... يراقبك'؟,A) أوبراين | B) غولدشتاين | C) المراقب الأعلى | D) الأخ الأكبر,D
306,Literature,Easy,Multiple Choice,ما هي الرواية القوطية الرائدة لماري شيلي الصادرة عام 1818 عن عالم يخلق كائناً حياً من أشلاء الجثث البشرية وتعد رائدة الخيال العلمي؟,A) فرانكنشتاين | B) دراكولا | C) دكتور جيكل ومستر هايد | D) جزيرة الدكتور مورو,A
307,Literature,Easy,Multiple Choice,ما اسم المحقق الاستشاري الخيالي الفيكتوري العبقري الذي ابتكره السير آرثر كونان دويل وكان يقيم في 221 ب شارع بيكر بلندن؟,A) هرقل بوارو | B) شرلوك هولمز | C) الأب براون | D) اللورد بيتر ويمسي,B
308,Literature,Easy,Multiple Choice,ما هي الملحمة الشعرية الإنجليزية القديمة الأقدم الباقية في اللغة الإنجليزية، وتروي بطولات محارب من الغيتيين يصرع الوحش غرندل؟,A) الهائم | B) البحار | C) بيوولف | D) معركة مالدون,C
309,Literature,Easy,Multiple Choice,من هو 'أبو الشعر الإنجليزي' مؤلف 'حكايات كانتربري' في القرن الرابع عشر التي يرويها حجاج في طريقهم لضريح توماس بيكيت؟,A) وليم لانغلاند | B) جون غاور | C) توماس مالوري | D) جيفري تشوسر,D
310,Literature,Easy,Multiple Choice,في مسرحية شكسبير 'روميو وجولييت'، ما هما العائلتان النبيلتان المتحاربتان بعداوة دموية قديمة في فيرونا؟,A) كابوليت ومونتاغيو | B) مونتاغيو ويورك | C) تيودور ولانكستر | D) ميديتشي وبورجيا,A
311,Literature,Easy,Multiple Choice,ما هي الملحمة الشعرية الإنجليزية الكبرى للشاعر جون ميلتون في القرن السابع عشر التي تسرد هبوط الإنسان وتمرد إبليس في شعر مرسل مهيب؟,A) ملكة الجان | B) الفردوس المفقود | C) شمشون الجبار | D) رحلة الحاج,B
312,Literature,Easy,Multiple Choice,أي رواية لإيميلي برونتي تصور قصة الحب الجارفة والمظلمة والمدمرة بين هيثكليف وكاثرين إيرنشو فوق مروج يوركشاير العاصفة؟,A) جين إير | B) ميدل مارش | C) مرتفعات وذرنغ | D) أغنيس غراي,C
313,Literature,Easy,Multiple Choice,في الرواية المجازية الساخرة 'مزرعة الحيوان' لجورج أورويل، أي نوع من حيوانات المزرعة يستولي على السلطة بقيادة نابليون؟,A) الخيول | B) الكلاب | C) الخراف | D) الخنازير,D
314,Literature,Easy,Multiple Choice,من هو الكاتب وعالم اللغويات البريطاني مؤلف ملحمة الفانتازيا الخالدة 'سيد الخواتم' (The Lord of the Rings) ورواية 'الهوبيت'؟,A) ج. ر. ر. تولكين | B) سي. إس. لويس | C) فيليب بولمان | D) تيري براتشيت,A
315,Literature,Easy,Multiple Choice,ما هي الرواية القوطية الكلاسيكية للمؤلف الأيرلندي برام ستوكر عام 1897 التي قدمت شخصية الكونت مصاص الدماء الترانسلفاني الشهير؟,A) كارميلا | B) دراكولا | C) مصاص الدماء | D) قلعة أوترانتو,B
316,Literature,Easy,Multiple Choice,في مسرحية شكسبير 'ماكبث'، من هن الكائنات الغيبية الخارقة التي تنبأن لماكبث بأنه سيصبح سيد كودور وملك اسكتلندا؟,A) أشباح الموتى | B) الملائكة | C) الساحرات الثلاث | D) عرائس البحر,C
317,Literature,Easy,Multiple Choice,أي رواية هجائية لجوناثان سويفت تسرد رحلات خيالية لبحار وجراح يزور بلاد الأقزام ليليبوت وبلاد العمالقة والخيول الحكيمة؟,A) روبنسون كروزو | B) رحلة الحاج | C) اقتراح متواضع | D) رحلات غوليفر,D
318,Literature,Easy,Multiple Choice,أي روائية إنجليزية ألفت 'جين إير'، قصة المربية اليتيمة الأبية التي تقع في حب إدوارد روتشستر في قصر ثورنفيلد الغامض؟,A) شارلوت برونتي | B) إيميلي برونتي | C) آن برونتي | D) إليزابيث غاسكل,A
319,Literature,Easy,Multiple Choice,في قصة 'ترنيمة عيد الميلاد' لتشارلز ديكنز، من هو العجوز البخيل القاسي الذي تزوره أشباح عيد الميلاد لتغيير قلبه؟,A) بوب كراتشيت | B) إبنزر سكروج | C) أوريا هيب | D) أوليفر تويست,B
320,Literature,Easy,Multiple Choice,من هو الكاتب والمسرحي الأيرلندي الذكي الشهير مؤلف رواية 'صورة دوريان غراي' والكوميديا المتألقة 'أهمية أن تكون جاداً'؟,A) جورج برنارد شو | B) و. ب. ييتس | C) أوسكار وايلد | D) صامويل بيكيت,C
321,Literature,Easy,Multiple Choice,أي رواية خيال علمي استشرافية لألدوس هكسلي عام 1932 تصور مجتمعاً مستقبلياً تحكمه التكنولوجيا والاستنساخ الاصطناعي وعقار السوما؟,A) 1984 | B) فهرنهايت 451 | C) آلة الزمن | D) عالم جديد شجاع,D
322,Literature,Easy,Multiple Choice,في مغامرات شرلوك هولمز للمؤلف آرثر كونان دويل، من هو الصديق الوفي والطبيب العسكري السابق الذي يوثق قضايا هولمز؟,A) دكتور جون واطسون | B) المفتش ليستراد | C) مايكروفت هولمز | D) البروفيسور موريارتي,A
323,Literature,Easy,Multiple Choice,من هي الكاتبة الإنجليزية الملقبة بـ 'ملكة الجريمة' والتي ابتكرت شخصيتي المحققين الشهيرين هرقل بوارو والآنسة جين ماربل؟,A) دوروثي سايرز | B) أجاثا كريستي | C) روث راندل | D) بي دي جيمس,B
324,Literature,Easy,Multiple Choice,أي رواية رمزية لوليم غولدينغ عام 1954 تصور مجموعة من الفتية البريطانيين العالقين في جزيرة نائية ينحدرون إلى الهمجية والوحشية؟,A) روبنسون كروزو | B) جزيرة الكنز | C) أمير الذباب | D) جزيرة المرجان,C
325,Literature,Easy,Multiple Choice,من هي الكاتبة والناقدة الإنجليزية الرائدة في أسلوب تيار الوعي مؤلفة 'السيدة دالواي' و'إلى المنارة' والمقال النسوي 'غرفة تخص المرء وحده'؟,A) جورج إليوت | B) كاثرين مانسفيلد | C) دوريس ليسينغ | D) فرجينيا وولف,D
326,Literature,Easy,Multiple Choice,في سلسلة 'سجلات نارنيا' لـ سي. إس. لويس، ما اسم الأسد المهيب الناطق الذي خلق نارنيا ويضحي بنفسه على المائدة الحجرية؟,A) أصلان | B) كاسبيان | C) ريبيتشيب | D) تومنس,A
327,Literature,Easy,Multiple Choice,أي شاعر رومانسي إنجليزي كتب الملحمة الشعرية 'قصيدة البحار القديم' التي يقتل فيها البحار طائر القطرس الودود؟,A) وليم ووردزوورث | B) صامويل تايلور كولريدج | C) اللورد بايرون | D) جون كيتس,B
328,Literature,Easy,Multiple Choice,في مسرحية شكسبير 'عطيل'، من هو الضابط الخبيث الذي يحيك مؤامرة مسمومة بالغيرة لإقناع عطيل بخيانة ديدمونة؟,A) كاسيو | B) رودريغو | C) ياغو | D) برابانتيو,C
329,Literature,Easy,Multiple Choice,أي رواية مغامرات لدانيل ديفو عام 1719 تروي مأساة بحار يقضي 28 عاماً في جزيرة استوائية مهجورة بصحبة خادمه 'جمعة'؟,A) رحلات غوليفر | B) جزيرة الكنز | C) عائلة روبنسون السويسرية | D) روبنسون كروزو,D
330,Literature,Easy,Multiple Choice,من هي الروائية الإنجليزية الكبيرة في العصر الفيكتوري، واسمها الحقيقي ماري آن إيفانز، مؤلفة التحفة الاجتماعية 'ميدل مارش'؟,A) جورج إليوت | B) شارلوت برونتي | C) جين أوستن | D) إليزابيث غاسكل,A
331,Literature,Easy,Multiple Choice,في مسرحية شكسبير 'حلم ليلة منتصف الصيف'، ما اسم الجني المشاكس الذي يطلق عبارته الشهيرة: 'يا إلهي، كم هؤلاء الفانون حمقى!'؟,A) أوبيرون | B) بوك | C) تيتانيا | D) بوتوم,B
332,Literature,Easy,Multiple Choice,أي مؤلف إسكتلندي كتب مغامرات القراصنة الكلاسيكية 'جزيرة الكنز' والقصة النفسية الشهيرة 'دكتور جيكل ومستر هايد'؟,A) السير والتر سكوت | B) ج. م. باري | C) روبرت لويس ستيفنسون | D) آرثر كونان دويل,C
333,Literature,Easy,Multiple Choice,في رواية جين أوستن 'كبرياء وتحامل'، ما هو اسم النبيل الأرستقراطي الثري والفخور صاحب قصر بمبرلي؟,A) تشارلز بينغلي | B) جورج ويكهام | C) السيد كولينز | D) فيتزويليام دارسي,D
334,Literature,Easy,Multiple Choice,من هو شاعر البلاط الفيكتوري الذي تولى المنصب لأكثر من 40 عاماً وألّف 'هجوم اللواء الخفيف' ومرثية 'في ذكراه'؟,A) ألفريد، اللورد تينيسون | B) روبرت براونينغ | C) ماثيو أرنولد | D) جيرارد مانلي هوبكنز,A
335,Literature,Easy,Multiple Choice,في ملحمة 'الفردوس المفقود' لميلتون، أي ملاك ساقط يعلن في الجحيم عبارته الشهيرة: 'أن تسود في الجحيم خير من أن تخدم في النعيم'؟,A) بعلزبول | B) إبليس / الشيطان | C) بليعال | D) مامون,B
336,Literature,Easy,Multiple Choice,أي كاتب أيرلندي رائد كتب الملحمة الحداثية الكبرى 'عوليس' (Ulysses)، متتبعاً يوم ليوبولد بلوم في دبلن يوم 16 يونيو 1904؟,A) و. ب. ييتس | B) صامويل بيكيت | C) جيمس جويس | D) أوسكار وايلد,C
337,Literature,Easy,Multiple Choice,في ملحمة 'سيد الخواتم' لتولكين، من هو الهوبيت الشجاع الذي يرث الخاتم الأوحد من عمه بيلبو ويسافر لجبل الهلاك لتدميره؟,A) ساموايز غامجي | B) بيريغرين توك | C) ميريادوك برانديبوك | D) فرودو باجنز,D
338,Literature,Easy,Multiple Choice,من هو الشاعر الرومانسي الإنجليزي العبقري مؤلف 'قصيدة إلى بلبل' و'قصيدة إلى جرة إغريقية' وتوفي بالسل في روما عن عمر 25 عاماً؟,A) جون كيتس | B) بيرسي بيش شيلي | C) اللورد بايرون | D) وليم بليك,A
339,Literature,Easy,Multiple Choice,في رواية تشارلز ديكنز 'قصة مدينتين'، ما هما العاصمتان الأوروبيتان اللتان تدور أحداث الرواية بينهما إبان الثورة الفرنسية؟,A) لندن وروما | B) لندن وباريس | C) مدريد وباريس | D) دبلن وباريس,B
340,Literature,Easy,Multiple Choice,أي مسرحية عبثية لصامويل بيكيت ينتظر فيها المتشردان فلاديمير وإستراغون على قارعة الطريق شخصية غامضة لا تصل أبداً؟,A) نهاية اللعبة | B) شريط كراب الأخير | C) في انتظار غودو | D) الأيام السعيدة,C
341,Literature,Easy,Multiple Choice,في مسرحية شكسبير 'العاصفة'، من هو دوق ميلانو المخلوع الذي يستعين بالسحر في جزيرة نائية لإحداث عاصفة تغرق سفينة أعدائه؟,A) كاليبان | B) أرييل | C) فرديناند | D) بروسبيرو,D
342,Literature,Easy,Multiple Choice,أي كاتب وروائي إنجليزي كتب المآسي الاجتماعية الكبرى 'تيس من آل دوربرفيل' و'جود المغمور' في مقاطعة ويسيكس الريفية؟,A) توماس هاردي | B) جورج ميريديث | C) إي. إم. فورستر | D) دي إتش لورانس,A
343,Literature,Easy,Multiple Choice,أي شاعر وفنان تشكيلي إنجليزي كتب ديوان 'ترانيم البراءة والخبرة' متضمناً القصيدتين المتقابلتين 'الحَمَل' و'النمر' (The Tyger)؟,A) صامويل كولريدج | B) وليم بليك | C) وليم ووردزوورث | D) روبرت ساوثي,B
344,Literature,Easy,Typing,ما اسم عائلة الشاعر والمسرحي الإنجليزي الأشهر في التاريخ مؤلف هاملت ومكبث (شكـ...)?,,شكسبير
345,Literature,Easy,Typing,ما اسم عائلة الروائي الإنجليزي الفيكتوري مؤلف أوليفر تويست وقصة مدينتين (ديـ...)?,,ديكنز
346,Literature,Easy,Typing,ما اسم عائلة الروائية الإنجليزية مؤلفة كبرياء وتحامل وإيما وعقل وعاطفة (أو...)?,,أوستن
347,Literature,Easy,Typing,ما الكلمة المكونة من 5 أحرف التي تكمل عنوان رواية جورج أورويل الرمزية: 'مزرعة الـ...'؟,,حيوان
348,Literature,Easy,Typing,ما اسم عائلة الكاتب البريطاني صاحب الروايتين الشهيرتين 1984 ومزرعة الحيوان؟,,أورويل
349,Literature,Easy,Typing,ما اسم الوحش الأسطوري المرعب الذي صرعه البطل بيوولف بيديه العاريتين في قاعة هيروت؟,,غرندل
350,Literature,Easy,Typing,ما اسم المسخ الشهير وعنوان رواية ماري شيلي الصادرة عام 1818 (فرانكـ...)?,,فرانكنشتاين
351,Literature,Medium,Multiple Choice,في 'حكايات كانتربري' لجيفري تشوسر، أي شخصية نسوية مرحة وجريئة تقدم حكاية ومقدمة دفاعية عن سيادة المرأة في الزواج؟,A) رئيسة الدير | B) الراهبة الثانية | C) زوجة باث | D) أليسون,C
352,Literature,Medium,Multiple Choice,أي تراجيديا لكريستوفر مارلو عام 1604 تحكي قصة باحث ألماني يوقع ميثاق دم لمدة 24 عاماً مع الشيطان مفستوفيليس لينال المعرفة المحرمة؟,A) تيمورلنك العظيم | B) يهودي مالطا | C) إدوارد الثاني | D) دكتور فاوستوس,D
353,Literature,Medium,Multiple Choice,في مسرحية شكسبير 'الملك لير'، من هي الابنة الصغرى الصادقة التي يحرمها والدها من الميراث لرفضها المداهنة الكاذبة والتملق؟,A) كورديليا | B) غونريل | C) ريغان | D) بورشيا,A
354,Literature,Medium,Multiple Choice,ما هي الرواية الطليعية لفرجينيا وولف عام 1928 التي تتبع سيرة شاعر أرستقراطي يتحول بين الجنسين ويعيش أربعة قرون دون أن يهرم؟,A) الأمواج | B) أورلاندو | C) الليل والنهار | D) غرفة جاكوب,B
355,Literature,Medium,Multiple Choice,أي شاعر ميتافيزيقي وعميد لكاتدرائية سانت بول كتب قصيدة 'وداع يحرم الحداد' وصاحب العبارة الخالدة 'ليس أي إنسان جزيرة منعزلة'؟,A) جورج هيربرت | B) أندرو مارفيل | C) جون دون | D) هنري فوغان,C
356,Literature,Medium,Multiple Choice,في رواية 'جين إير' لشارلوت برونتي، ما هو السر المظلم الذي يخفيه السيد روتشستر في الطابق الثالث من قصر ثورنفيلد؟,A) مجوهرات مسروقة | B) وصية مزورة | C) وريث غير شرعي | D) زوجته الأولى المجنونة بيرثا ماسون,D
357,Literature,Medium,Multiple Choice,ما هي القصيدة الحداثية الخالدة للشاعر ت. س. إليوت عام 1922 التي تفتتح بـ 'أبريل أقسى الشهور' وتستلهم أسطورة ملك الصيادين العقيم؟,A) الأرض اليباب | B) الرجال الجوف | C) أربعاء الرماد | D) الرباعيات الأربع,A
358,Literature,Medium,Multiple Choice,أي مقال هجائي لاذع لجوناثان سويفت يقترح فيه بسخرية مريرة بيع أطفال الفقراء في أيرلندا كطعام شهي لأثرياء الإقطاعيين؟,A) رسائل درابييه | B) اقتراح متواضع | C) معركة الكتب | D) حكاية البرميل,B
359,Literature,Medium,Multiple Choice,في عالم تولكين الأسطوري، ما كان الاسم الأصلي لمخلوق النهر الذي أفسدته شهوة الخاتم الأوحد وأصبح يُدعى غولوم؟,A) دياغول | B) باندوبراس | C) سمیغول | D) توبولد,C
360,Literature,Medium,Multiple Choice,أي رواية للأديب إي. إم. فورستر عام 1924 تستكشف التوترات العرقية والاستعمار البريطاني في الهند حول حادثة كهوف مارابار الغامضة؟,A) هواردز إند | B) حيث تخشى الملائكة أن تطأ | C) غرفة مع إطلالة | D) طريق إلى الهند,D
361,Literature,Medium,Multiple Choice,في مسرحية 'ماكبث' لشكسبير، من هو النبيل الإسكتلندي الذي تُذبح عائلته بأمر ماكبث وينجح في قتله وقطع رأسه في المعركة الأخيرة؟,A) ماكدف | B) بانكو | C) مالكولم | D) فليانس,A
362,Literature,Medium,Multiple Choice,من هو الشاعر الرومانسي الإنجليزي النبيل الذي وصفته حبيبته بأنه 'مجنون وشرير وخطير المعرفة' وألّف الملحمة الهجائية 'دون جوان'؟,A) بيرسي بيش شيلي | B) اللورد بايرون | C) وليم ووردزوورث | D) جون كيتس,B
363,Literature,Medium,Multiple Choice,ما هي ملحمة الفروسية الإنجليزية من القرن الرابع عشر التي يواجه فيها أحد فرسان المائدة المستديرة تحدي قطع الرأس أمام محارب زمردي؟,A) موت آرثر | B) حكاية الفارس | C) السير غواين والفارس الأخضر | D) اللؤلؤة,C
364,Literature,Medium,Multiple Choice,أي رواية لتشارلز ديكنز تفتتح بالجملة الخالدة: 'كان أفضل الأوقات، وكان أسوأ الأوقات، كان عصر الحكمة، وكان عصر الحماقة'؟,A) المنزل الكئيب | B) أوقات عصيبة | C) دوريت الصغيرة | D) قصة مدينتين,D
365,Literature,Medium,Multiple Choice,في رواية جورج أورويل '1984'، ما اسم غرفة التعذيب وإعادة التأهيل الرهيبة في وزارة الحب التي تحتوي على أسوأ كوابيس كل سجين؟,A) الغرفة 101 | B) الغرفة 40 | C) الخلية الزجاجية | D) غرفة الذاكرة,A
366,Literature,Medium,Multiple Choice,ما هو العمل النثري الفيكتوري لتوماس مالوري الذي نُشر عام 1485 وجمع ونقح الأساطير الكاملة للملك آرثر وفرسان الطاولة المستديرة؟,A) كتاب بروت | B) موت آرثر | C) الملك هورن | D) اعترافات العاشق,B
367,Literature,Medium,Multiple Choice,ما اسم المقال النسوي الشهير لفرجينيا وولف عام 1928 الذي تؤكد فيه أن المرأة تحتاج إلى دخل مادي مستقل وفضاء خاص لتتمكن من كتابة الأدب؟,A) ثلاث غينيات | B) القارئ العادي | C) غرفة تخص المرء وحده | D) غرانيت وقوس قزح,C
368,Literature,Medium,Multiple Choice,في رواية 'صورة دوريان غراي' لأوسكار وايلد، ماذا يحدث للوحة الزيتية المحبوسة في العلية بينما يغرق دوريان في حياة الخطيئة والملذات؟,A) تظل شابة بينما يشيخ دوريان | B) تتحول اللوحة إلى شيطان | C) تحترق تلقائياً | D) تشيخ اللوحة وتظهر عليها ندوب الفساد الأخلاقي والشرور بينما يبقى دوريان شاباً نضراً,D
369,Literature,Medium,Multiple Choice,أي مسرحية شهيرة لجورج برنارد شو عام 1913 يراهن فيها البروفيسور هنري هيجينز على تحويل بائعة الزهور الكوكنية إليزا دوليتل إلى سيدة أرستقراطية؟,A) بجماليون | B) الرائد باربرا | C) الإنسان والسوبرمان | D) بيت القلوب المحطمة,A
370,Literature,Medium,Multiple Choice,في ملحمة جون بانيان الرمزية المسيحية 'رحلة الحاج' (1678)، ما اسم الحاج الذي يرحل من 'مدينة الهلاك' نحو 'المدينة السماوية'؟,A) فيثفول (المؤمن) | B) كريستيان (Christian) | C) هوبفول (الراجي) | D) إيفانجيليست,B
371,Literature,Medium,Multiple Choice,أي شاعر رومانسي إنجليزي غرق في سن التاسعة والعشرين في خليج سبيزيا بعد غرق زورقه، وألّف سونيتة 'أوزيماندياس' و'بروميثيوس طليقاً'؟,A) اللورد بايرون | B) جون كيتس | C) بيرسي بيش شيلي | D) لي هنت,C
372,Literature,Medium,Multiple Choice,في رواية آرثر كونان دويل 'كلب آل باسكرفيل'، ما هو المخلوق المرعب الذي تشاع أسطورة ملاحقته لأسرة باسكرفيل النبيلة في المستنقعات؟,A) ذئب رهيب عملاق | B) وحش مصاص دماء | C) شيطان ذو قرون | D) كلب صيد شبحي متوهج وضخم,D
373,Literature,Medium,Multiple Choice,ما هي رواية تشارلز ديكنز لعام 1853 التي تدور حول القضية القضائية الماراثونية العقيمة 'جارندايس ضد جارندايس' في محكمة العدل؟,A) المنزل الكئيب | B) نيكولاس نيكلباي | C) ديفيد كوبرفيلد | D) دومبي وابنه,A
374,Literature,Medium,Multiple Choice,في مسرحية شكسبير 'تاجر البندقية'، ما هو الشرط القاسي والرهيب الذي يفرضه المرابي شيلوك على أنطونيو في حال العجز عن سداد الدين؟,A) مصادرة أسطوله التجاري | B) رطل من لحم جسده | C) ثلاثة آلاف دينار ذهبي | D) التنازل عن قصره,B
375,Literature,Medium,Multiple Choice,ما هي رواية الغموض القوطية للكاتبة دافني دي مورييه عام 1938 التي تفتتح بعبارتها الأسطورية: 'حلمت الليلة الماضية بأنني ذهبت إلى ماندرلي مجدداً'؟,A) نزل جامايكا | B) ابنة عمي راشيل | C) ريبيكا | D) خور الفرنسي,C
376,Literature,Medium,Typing,ما اسم العائلة الإنجليزية للأخوات شارلوت وإيميلي وآن مؤلفات جين إير ومرتفعات وذرنغ؟,,برونتي
377,Literature,Medium,Typing,ما اسم قاعة الاحتفالات ومقر عرش الملك هروثغار في ملحمة بيوولف التي هاجمها الوحش غرندل (هيـ...)?,,هيروت
378,Literature,Medium,Typing,ما اسم المحارب الغيتي الوفي الذي ساند الملك بيوولف في معركته المميتة الأخيرة ضد التنين (ويغـ...)?,,ويغلاف
379,Literature,Medium,Typing,ما الاسم الأول للسيد روتشستر صاحب قصر ثورنفيلد الذي أحب جين إير في رواية شارلوت برونتي؟,,إدوارد
380,Literature,Medium,Typing,ما اسم تمثال الملك الفرعوني رمسيس الذي كتب عنه الشاعر بيرسي شيلي سونيته الخالدة: 'انظروا لأعمالي واقنطوا'؟,,أوزيماندياس
381,Literature,Hard,Multiple Choice,في ملحمة إدموند سبنسر الرمزية 'ملكة الجان'، أي فارس يجسد فضيلة القداسة ويحمل شارة الصليب الأحمر القاني على درعه؟,A) السير غيون | B) بريتومارت | C) السير كاليديور | D) فارس الصليب الأحمر,D
382,Literature,Hard,Multiple Choice,ما هي الرواية التجريبية الساخرة في تسعة أجزاء للورنس ستيرن (1759) المليئة بالاستطرادات وصفحات فارغة ورخامية ويستغرق راويها 4 أجزاء لكي يولد؟,A) حياة وآراء تريسترام شاندي، جنتلمان | B) رحلة همفري كلينكر | C) توم جونز | D) كلاريسا,A
383,Literature,Hard,Multiple Choice,في سونيتة جون دون الميتافيزيقية المقدسة 'حطم قلبي يا إلهي الثالوث'، ما هي الصورة البلاغية المتناقضة المستخدمة لطلب التطهير والحرية الروحية؟,A) عاصفة بحرية عاتية | B) مدينة محاصرة تطلب أن تُقتحم وتُسبى قسراً لتصبح عفيفة وحرة | C) بوتقة كيميائية صاهرة | D) مرآة تعكس ضوء الشمس,B
384,Literature,Hard,Multiple Choice,أي تراجيديا دموية لجون ويبستر في عصر النهضة تتزوج فيها دوقة أرملة من مدير قصرها سراً فيعذبها ويخنقها أخواها المستبدان؟,A) الشيطان الأبيض | B) الطفل المبدل | C) دوقة مالفي | D) تراجيديا المنتقم,C
385,Literature,Hard,Multiple Choice,في البلاغة الشعرية الإنجليزية القديمة، ماذا يُطلق على الاستعارة المجازية المركبة مثل تسمية البحر بـ 'طريق الحوت' والسماء بـ 'شمعة الفضاء'؟,A) وقفة صوتية (سيزورا) | B) تأكيد نفي (ليتوتس) | C) مناظرة هجائية | D) كيننغ (Kenning),D
386,Literature,Hard,Multiple Choice,ما هي الرواية الرسائلية الضخمة في 8 مجلدات لصامويل ريتشاردسون (1748) التي ترصد الحصار النفسي لفتاة شريفة من النبيل الفاسق لوفليس؟,A) كلاريسا، أو تاريخ شابة حسناء | B) باميلا | C) السير تشارلز غرانديسون | D) روكسانا,A
387,Literature,Hard,Multiple Choice,في مسرحية 'الملك لير'، من هو الابن الشرعي لإيرل غلوستر الذي يتنكر في هيئة الشحاذ المجنون 'توم البائس' فوق المروج العاصفة؟,A) إدموند | B) إدغار | C) أوزوالد | D) كينت,B
388,Literature,Hard,Multiple Choice,أي دراسة نقدية لماثيو أرنولد تقسم المجتمع الإنجليزي إلى ثلاث طبقات: البرابرة (الأرستقراطية)، والفلستيون (البرجوازية)، والرعاع؟,A) مقالات في النقد | B) وظيفة النقد | C) الثقافة والفوضى | D) الأدب والعقيدة,C
389,Literature,Hard,Multiple Choice,في ملحمة ميلتون 'الفردوس المفقود'، ما اسم العاصمة الشيطانية الشاهقة التي شيدها إبليس وأعوانه في هوة الجحيم على يد المعماري مولسبر؟,A) مدينة ديس | B) وادي هنوم | C) تارتاروس | D) بانديمونيوم,D
390,Literature,Hard,Multiple Choice,أي كتاب نبوئي مصور لوليم بليك عام 1790 يهاجم اللاهوت التقليدي ويعلن حكمته الشهيرة: 'إن طريق الإفراط يقود إلى قصر الحكمة'؟,A) زواج الجنة والجحيم | B) أغاني الخبرة | C) أورشليم | D) كتاب أوريزن,A
391,Literature,Hard,Multiple Choice,في 'حكايات كانتربري' لتشوسر، ما هي الحكاية التي يرويها خادم الغفران الفاسد عن ثلاثة فتيان يبحثون عن الموت لقتله فيجدونه تحت شجرة ذهب؟,A) حكاية الطحان | B) حكاية بائع صكوك الغفران | C) حكاية الناظر | D) حكاية الفرانكلين,B
392,Literature,Hard,Multiple Choice,ما اسم الرواية الحداثية الأخيرة لجيمس جويس الصادرة عام 1939 والمكتوبة بلغة حلم تجريبية متعددة اللغات وتبدأ وتنتهي بجملة دائرية ناقصة؟,A) صورة الفنان في شبابه | B) عوليس | C) يقظة فينيغان | D) أهالي دبلن,C
393,Literature,Hard,Multiple Choice,في رواية 'ميدل مارش' لجورج إليوت، ما اسم الباحث الكهنوتي الجاف المسن الذي تتزوجه دوروثيا بروك لمساعدته في تأليف 'مفتاح الأساطير'؟,A) ويل لاديسلاو | B) تيرتيوس ليدغيت | C) آرثر بروك | D) إدوارد كازوبون,D
394,Literature,Hard,Multiple Choice,ما اسم القصيدة المؤثرة لأوسكار وايلد عام 1898 بعد خروجه من السجن وتضم البيت الشهير: 'ومع ذلك فإن كل إنسان يقتل ما يحب'؟,A) مرثية سجن ريدنغ | B) من الأعماق | C) أبو الهول | D) رافينا,A
395,Literature,Hard,Multiple Choice,في مسرحية كريستوفر مارلو 'دكتور فاوستوس'، ما هو السؤال البلاغي الشهير الذي يهتف به فاوستوس عند رؤية طيف هيلين طروادة؟,A) هل هذا وجه اللعنة الأبدية؟ | B) 'أكان هذا الوجه الذي أطلق ألف سفينة وأحرق أبراج طروادة السامقة؟' | C) ما هذا الجمال الساكن في عتمة الليل؟ | D) أيبلغ الفاني نعمة السماء؟,B
396,Literature,Hard,Multiple Choice,من هو الكاتب الرومانسي الإنجليزي مؤلف السيرة الذاتية الشهيرة 'اعترافات آكل أفيون إنجليزي' عام 1821 راصداً رؤاه النفسية وإدمانه؟,A) وليم هازلت | B) تشارلز لامب | C) توماس دي كوينسي | D) لي هنت,C
397,Literature,Hard,Multiple Choice,في رواية فرجينيا وولف 'إلى المنارة'، من هي الرسامة الطليعية التي تصارع مشاعر الفقد لعقد كامل حتى تضع لمستها التجريدية النهائية على لوحة السيدة رامزي؟,A) برودنس رامزي | B) روز بوش | C) مينتا دويل | D) ليلي بريسكو,D
398,Literature,Hard,Typing,ما هو المصطلح الإنجليزي القديم الدال على التعبير المجازي المركب مثل 'طريق الحوت' للبحر (k...)?,,kenning
399,Literature,Hard,Typing,ما اسم العاصمة الجحيمية الكبرى التي بناها إبليس وأعوانه في ملحمة الفردوس المفقود لميلتون (Pan...)?,,Pandemonium
400,Literature,Hard,Typing,ما اسم الكاهن العجوز المتزمت الذي تتزوجه دوروثيا في رواية ميدل مارش لجورج إليوت (كازو...)?,,كازوبون
401,Literature,Easy,Multiple Choice,أي كاتب أمريكي شهير، واسمه الحقيقي صامويل لانغهورن كليمنس، كتب 'مغامرات هكلبيري فين' و'مغامرات توم سوير'؟,A) مارك توين | B) هرمان ميلفيل | C) ناثانيال هاوثورن | D) إدغار آلان بو,A
402,Literature,Easy,Multiple Choice,في رواية 'غاتسبي العظيم' لـ ف. سكوت فيتزجيرالد، ما هو الضوء الرمزي الغامض الذي يحدق فيه غاتسبي ليلاً عبر مياه الخليج؟,A) جسر بروكلين | B) الضوء الأخضر في نهاية رصيف ديزي | C) تمثال الحرية | D) فنار بحري بعيد,B
403,Literature,Easy,Multiple Choice,أي رواية ملحمية لهرمان ميلفيل صدرت عام 1851 وتفتتح بجملتها الشهيرة المكونة من ثلاث كلمات: 'نادني إسماعيل' (Call me Ishmael)؟,A) بيلي بود | B) تايبي | C) موبي ديك | D) السترة البيضاء,C
404,Literature,Easy,Multiple Choice,أي رائد أمريكي لأدب الرعب القوطي وقصص التحري البوليسي كتب القصيدة السوداوية الشهيرة 'الغراب' (The Raven)؟,A) واشنطن إيرفينغ | B) هـ. ب. لافكرافت | C) أمبروز بيرس | D) إدغار آلان بو,D
405,Literature,Easy,Multiple Choice,ما هي الرواية الإنسانية لهاربر لي الحائزة على جائزة بوليتزر عام 1960 ويقوم فيها المحامي الشريف أتيكوس فينش بالدفاع عن توم روبنسون؟,A) أن تقتل طائراً بريئاً | B) اذهب وانصب حارساً | C) القلب صياد وحيد | D) ابن البلد,A
406,Literature,Easy,Multiple Choice,في رواية إرنست همنغواي 'الشيخ والبحر'، ما اسم الصياد الكوبي العجوز المكافح الذي يصارع سمكة المارلين العملاقة لثلاثة أيام؟,A) مانولين | B) سانتياغو | C) بيدرو | D) دييغو,B
407,Literature,Easy,Multiple Choice,أي رواية لناثانيال هاوثورن عام 1850 تحكي قصة هيستر برين التي يجبرها مجتمعها البيوريتاني المتزمت على ارتداء حرف 'A' القرمزي على صدرها؟,A) منزل الجملونات السبعة | B) فانشو | C) الحرف القرمزي | D) رومانسية بليثديل,C
408,Literature,Easy,Multiple Choice,أي روائي أمريكي كتب 'عناقيد الغضب' و'فئران ورجال'، مجسداً معاناة العمال المهاجرين إبان حقبة الكساد الكبير؟,A) وليم فوكنر | B) ف. سكوت فيتزجيرالد | C) سنكلير لويس | D) جون شتاينبك,D
409,Literature,Easy,Multiple Choice,في رواية ج. د. سالينجر 'الحارس في حقل الشوفان'، من هو المراهق المتمرد والمغترب المطرود من مدرسته ويمقت زيف المجتمع وتصنعه؟,A) هولدن كولفيلد | B) جاي غاتسبي | C) هكلبيري فين | D) نيك كاراواي,A
410,Literature,Easy,Multiple Choice,أي شاعر أمريكي رائد ألّف ديوان شعر التفعيلة والحر الثوري 'أوراق العشب' (Leaves of Grass) وقصيدة 'أغنية نفسي'؟,A) لونغفيلو | B) والت ويتمان | C) روبرت فروست | D) والاس ستيفنز,B
411,Literature,Easy,Multiple Choice,من هي الشاعرة الأمريكية المنعزلة في أمهيرست التي كتبت نحو 1800 قصيدة تأملية قصيرة مكثفة مثل 'لأنني لم أستطع التوقف للموت'؟,A) سيلفيا بلاث | B) إليزابيث بيشوب | C) إيميلي ديكنسون | D) آن سيكستون,C
412,Literature,Easy,Multiple Choice,في رواية 'موبي ديك' لهرمان ميلفيل، ما اسم القبطان المهووس ذو الساق العاجية الذي يقود سفينة بيكود للانتقام من الحوت الأبيض؟,A) القبطان ستارباك | B) القبطان كويكويغ | C) القبطان بيلداد | D) القبطان إيهاب,D
413,Literature,Easy,Multiple Choice,أي مسرحية لآرثر ميلر عام 1953 توظف محاكمات الساحرات التاريخية في سالم عام 1692 كرمز سياسي لمكارثية ملاحقة الشيوعيين؟,A) البوتقة | B) موت بائع متجول | C) كلهم أبنائي | D) مشهد من الجسر,A
414,Literature,Easy,Multiple Choice,ما هي الرواية الحائزة على جائزة بوليتزر للأديبة توني موريسون عام 1987 وتصور مأساة سيتي، الأم الهاربة من العبودية التي يطاردها طيف طفلتها القتيلة؟,A) سولا | B) المحبوبة | C) نشيد سليمان | D) العين الأشد زرقة,B
415,Literature,Easy,Multiple Choice,في رواية راي برادبري الديستوبية 'فهرنهايت 451'، ما هي الوظيفة الحقيقية التي يؤديها بطل الرواية غاي مونتاغ كرجل إطفاء؟,A) إخماد حرائق المداخن | B) قيادة سيارات السباق | C) حرق الكتب المحظورة ومصادرتها | D) تفتيش المصانع,C
416,Literature,Easy,Multiple Choice,في رواية 'غاتسبي العظيم'، من هو الراوي المتزن والمراقب الأخلاقي الذي ينتقل لحي ويست إيغ ويسكن بجوار قصر غاتسبي؟,A) توم بوكانان | B) جورج ويلسون | C) ماير وولفشيم | D) نيك كاراواي,D
417,Literature,Easy,Multiple Choice,أي فيلسوف وكاتب أمريكي من أعلام التسامي ألف كتاب 'فالدن' (Walden) عام 1854 موثقاً تجربته في العيش المنعزل البسيط في كوخ قرب البحيرة؟,A) هنري ديفيد ثورو | B) رالف والدو إيمرسون | C) أموس ألكوت | D) مارغريت فولر,A
418,Literature,Easy,Multiple Choice,في رواية جون شتاينبك 'فئران ورجال'، ما اسما العاملين المهاجرين المتناقضين اللذين يحلمان بامتلاك مزرعة أرانب خاصة بهما؟,A) توم وجيم | B) جورج وليني | C) كاندي وكروكس | D) بيل ومايك,B
419,Literature,Easy,Multiple Choice,من هو أديب الجنوب الأمريكي الحائز على جائزة نوبل ومؤلف 'الصخب والعنف' و'بينما أرقد محتضرة' في مقاطعة يوكناباتوفا المتخيلة؟,A) فلانري أوكونور | B) كارسون ماكولرز | C) وليم فوكنر | D) يودورا ويلتي,C
420,Literature,Easy,Multiple Choice,في قصة إدغار آلان بو المرعبة 'القلب الواشي' (The Tell-Tale Heart)، ما هو الصوت الخفي الذي يدفع القاتل للاعتراف بجريمته أمام الشرطة في نوبة فزع؟,A) دقات ساعة الحائط | B) خطوات على السلالم | C) صفير الرياح | D) دقات قلب العجوز القتيل تحت ألواح الأرضية,D
421,Literature,Easy,Multiple Choice,أي رواية ساخرة مناهضة للحرب لكيرت فونيجت عام 1969 تدور حول بيلي بيلغريم الذي يتفكك عبر الزمن بعد نجاته من قصف دريسدن الحارق؟,A) المسلخ رقم خمسة | B) مهد القطة | C) إفطار الأبطال | D) ليلة الأم,A
422,Literature,Easy,Multiple Choice,ما هي المسرحية الشهيرة لتينيسي ويليامز التي تصور انهيار السيدة الأرستقراطية بلانش دوبوا عند زيارتها لأختها ستيلا وزوجها ستانلي في نيو أورلينز؟,A) قطة على صفيح ساخن | B) عربة اسمها الرغبة | C) حديقة الحيوان الزجاجية | D) ليلة الإغوانا,B
423,Literature,Easy,Multiple Choice,في رواية مارك توين 'مغامرات هكلبيري فين'، من هو العبد الهارب النبيل الذي يرافق هك على طوافة خشبية في نهر المسيسيبي نحو الحرية؟,A) توم | B) إنجن جو | C) جيم | D) سيلاس,C
424,Literature,Easy,Multiple Choice,أي رواية كلاسيكية لـ رالف إيلسون عام 1952 تعالج الهوية والتهميش العنصري للأمريكيين من أصل أفريقي عبر راوٍ أسود مجهول الاسم؟,A) ابن البلد | B) اذهب ونادِ بها فوق الجبل | C) النار في المرة القادمة | D) رجل خفي,D
425,Literature,Easy,Multiple Choice,أي شاعر أمريكي ألقى قصيدته في حفل تنصيب الرئيس جون كينيدي عام 1961 وهو مؤلف القصيدة الشهيرة 'الطريق الذي لم يُسلك'؟,A) روبرت فروست | B) كارل ساندبيرغ | C) والاس ستيفنز | D) لانغستون هيوز,A
426,Literature,Easy,Multiple Choice,في رواية إرنست همنغواي 'وداعاً للسلاح'، من هو سائق الإسعاف الأمريكي في الجيش الإيطالي الذي يقع في غرام الممرضة الإنجليزية كاثرين باركلي؟,A) روبرت جوردان | B) فريدريك هنري | C) جيك بارنز | D) نيك آدامز,B
427,Literature,Easy,Multiple Choice,ما هي رواية جون شتاينبك الملحمية عام 1939 التي ترصد رحلة عائلة جود الفقيرة المطرودة من مزرعتها في أوكلاهوما نحو كاليفورنيا؟,A) شرق عدن | B) شارع السردين المعلب | C) عناقيد الغضب | D) تورتيلا فلات,C
428,Literature,Easy,Multiple Choice,في قصيدة إدغار آلان بو الشهيرة 'الغراب'، ما هي الكلمة الوحيدة المشؤومة والغامضة التي يرددها الطائر الأسود على مسامع الشاعر الحزين؟,A) إلى الأبد | B) يأس | C) لينور | D) قط لن يعود,D
429,Literature,Easy,Multiple Choice,من هو الفيلسوف والكاتب الأمريكي الرائد لمذهب التسامي ومؤلف المقال الكلاسيكي 'الاعتماد على النفس' (Self-Reliance) عام 1841؟,A) رالف والدو إيمرسون | B) هنري ديفيد ثورو | C) وليم جيمس | D) توماس بين,A
430,Literature,Easy,Multiple Choice,ما هي الرواية الملحمية القاتمة لكورماك مكارثي الفائزة بجائزة بوليتزر عام 2006 وتصور أباً وابنه يسيران عبر أطلال أمريكا المحترقة بالرماد؟,A) ميريديان الدم | B) الطريق | C) لا بلد للعجائز | D) كل الخيول الجميلة,B
431,Literature,Easy,Multiple Choice,في مسرحية آرثر ميلر 'موت بائع متجول'، من هو البائع الجوال المسن الموهوم الذي يقدم على إنهاء حياته لينال ابنه أموال التأمين؟,A) بيف لومان | B) هابي لومان | C) ويلي لومان | D) تشارلي,C
432,Literature,Easy,Multiple Choice,من هو الشاعر الأمريكي البارز وزعيم حركة 'نهضة هارلم' الأدبية مؤلف قصيدة 'الزنجي يتحدث عن الأنهار' و'حلم مؤجل'؟,A) كلود مكاي | B) كونتي كولين | C) جيمس ويلدون جونسون | D) لانغستون هيوز,D
433,Literature,Easy,Multiple Choice,في رواية 'الحرف القرمزي' لناثانيال هاوثورن، من هو القس البيوريتاني الشاب الذي يُكشف في النهاية أنه الوالد السري للطفلة بيرل؟,A) آرثر ديميسديل | B) روجر تشيلينغورث | C) جون ويلسون | D) الحاكم بيلينغهام,A
434,Literature,Easy,Multiple Choice,أي رواية لوليم فوكنر عام 1929 تصور تدهور عائلة كومبسون الجنوبية العريقة عبر أربعة أصوات روائية من بينها الشاب المعاق ذهنياً بنجي؟,A) بينما أرقد محتضرة | B) الصخب والعنف | C) ضوء في أغسطس | D) أبشالوم، أبشالوم!,B
435,Literature,Easy,Multiple Choice,ما هي الرواية القصيرة لإرنست همنغواي عام 1952 التي فازت بجائزة بوليتزر ومثلت مساهمة كبرى في نيله جائزة نوبل في الأدب؟,A) الشمس تشرق أيضاً | B) لمن تقرع الأجراس | C) الشيخ والبحر | D) أن تملك وألا تملك,C
436,Literature,Easy,Multiple Choice,ما اسم السيرة الذاتية المؤثرة لمايا أنجيلو عام 1969 التي تروي فيها طفولتها وصمودها في مواجهة العنصرية والاعتداء في أركنساس؟,A) كل أولاد الله يحتاجون أحذية سفر | B) قلب امرأة | C) تجمعوا معاً باسمي | D) أعرف لماذا يغرد الطائر الحبيس,D
437,Literature,Easy,Multiple Choice,في قصة هرمان ميلفيل 'بارتلبي النسّاخ'، ما هي العبارة المهذبة الممتنعة التي يرددها الناسخ السلبي في وول ستريت كلما طُلب منه عمل؟,A) 'أفضل ألا أفعل' | B) 'لا يمكنني الامتثال' | C) 'هذا ليس من شأني' | D) 'اطلب من غيري',A
438,Literature,Easy,Multiple Choice,أي رواية سيرة ذاتية لجيمس بالدوين عام 1953 تصف نشأة الفتى جون غرايمز في حي هارلم وصراعه الروحي تحت وطأة زوج والدته المتزمت؟,A) غرفة جيوفاني | B) اذهب ونادِ بها فوق الجبل | C) بلد آخر | D) لو استطاع شارع بيل التحدث,B
439,Literature,Easy,Multiple Choice,في رواية 'غاتسبي العظيم'، ما هي مهنة جوردان بيكر، صديقة ديزي التي تشتهر بكونها لاعبة رياضية غير نزيهة؟,A) لاعبة تنس | B) مصممة أزياء | C) لاعبة غولف محترفة | D) مغنية أوبرا,C
440,Literature,Easy,Multiple Choice,أي شاعر أمريكي من 'جيل البيت' التمردي كتب القصيدة الصادمة 'عواء' (Howl) عام 1955: 'رأيت أفضل عقول جيلي يدمرها الجنون'؟,A) جاك كيرواك | B) وليم بوروز | C) لورنس فيرلينغيتي | D) ألين غينسبرغ,D
441,Literature,Easy,Multiple Choice,في قصة واشنطن إيرفينغ لعام 1819، من هو القروي الذي ينام في جبال كاتسكيل بعد احتساء خمر غامض ويستيقظ ليجد عشرين عاماً قد مضت؟,A) ريب فان وينكل | B) إيكابود كرين | C) بروم بونز | D) ديدريتش نيكربوكر,A
442,Literature,Easy,Multiple Choice,ما هي رواية السفر الشهيرة لجاك كيرواك عام 1957 المكتوبة على لفافة ورق متصلة وتتبع سال و دين عبر طرقات أمريكا بحثاً عن الحرية؟,A) مشردو الدارما | B) على الطريق | C) بيغ سور | D) ملائكة الخراب,B
443,Literature,Easy,Multiple Choice,ما هي النظرية السردية الشهيرة التي ابتكرها إرنست همنغواي وتقضي بأن المعنى الأعمق للقصة يجب أن يكون مضمراً تحت السطح ككتلة جليدية طافية؟,A) تيار الوعي | B) التغريب والغرائبية | C) نظرية الجبل الجليدي أو الحذف | D) المعادل الموضوعي,C
444,Literature,Easy,Typing,ما اسم عائلة الروائي الأمريكي مؤلف 'غاتسبي العظيم' و'الليلة ناعمة' (فيتز...)?,,فيتزجيرالد
445,Literature,Easy,Typing,ما اسم عائلة الروائي الأمريكي الحائز على نوبل مؤلف 'الشيخ والبحر' و'وداعاً للسلاح'؟,,همنغواي
446,Literature,Easy,Typing,ما الكلمة المكونة من 3 أحرف التي تكمل اسم رواية هرمان ميلفيل عن الحوت الأبيض: 'موبي ...'؟,,ديك
447,Literature,Easy,Typing,ما اسم عائلة رائد أدب الرعب والتحري الأمريكي مؤلف قصيدة 'الغراب' والقلب الواشي؟,,بو
448,Literature,Easy,Typing,ما اسم العائلة الأدبية المستعارة لسامويل كليمنس مؤلف مغامرات توم سوير (تـ...)?,,توين
449,Literature,Easy,Typing,ما هو الرقم الذي يكمل عنوان رواية راي برادبري الشهيرة عن حرق الكتب: 'فهرنهايت ...'؟,,451
450,Literature,Easy,Typing,ما عنوان رواية توني موريسون الشهيرة عام 1987 عن مأساة الأم الهاربة سيتي (الـ...)?,,المحبوبة
451,Literature,Medium,Multiple Choice,في رواية 'الحرف القرمزي' لناثانيال هاوثورن، ما هو الرمز الذي يظهر محفوراً في لحم صدر القس المعذب آرثر ديميسديل؟,A) صليب مسيحي | B) أفعى سامة | C) عين دامعة | D) الحرف 'A',D
452,Literature,Medium,Multiple Choice,أي رواية لوليم فوكنر عام 1930 تصور الرحلة التراجيكوميدية لعائلة بوندرين الريفية الفقيرة عبر المسيسيبي لدفن جثمان الأم آدي؟,A) بينما أرقد محتضرة | B) ملاذ | C) ضوء في أغسطس | D) الذين لا يقهرون,A
453,Literature,Medium,Multiple Choice,في رواية 'غاتسبي العظيم'، من هو الزوج الأرستقراطي العنيف لديزي بوكانان الذي يقيم علاقة غير شرعية مع ميرتل ويلسون؟,A) دان كودي | B) توم بوكانان | C) جورج ويلسون | D) كليبسبرينغر,B
454,Literature,Medium,Multiple Choice,ما هو اسم سفينة صيد الحيتان للقبطان إيهاب في 'موبي ديك'، والمسماة تيمناً بقبيلة من السكان الأصليين انقرضت في ماساتشوستس؟,A) راحيل | B) يربعام | C) بيكود | D) البهجة,C
455,Literature,Medium,Multiple Choice,ما هي السيرة الذاتية الرائدة لعام 1845 لمناضل العبيد الأمريكي التي وثقت ويلات العبودية وكفاحه الشاق من أجل تعلم القراءة والحرية؟,A) صعوداً من العبودية | B) 12 عاماً من العبودية | C) أرواح الشعب الأسود | D) سيرة حياة فريدريك دوغلاس,D
456,Literature,Medium,Multiple Choice,في رواية جون شتاينبك 'عناقيد الغضب'، من هو الابن الأكبر المطلق سراحه الذي يتحول إلى مناضل نقابي لحماية العمال الزراعيين؟,A) توم جود | B) آل جود | C) نوح جود | D) جيم كاسي,A
457,Literature,Medium,Multiple Choice,ما هي الرواية التاريخية الملحمية لكورماك مكارثي عام 1985 التي تصور العنف المروع لعصابة غلانتون لصائدي فروة الرأس على حدود تكساس؟,A) حارس البستان | B) ميريديان الدم | C) ظلام دامس | D) طفل الرب,B
458,Literature,Medium,Multiple Choice,من هو الكاتب المسرحي الأمريكي الحائز على أربع جوائز بوليتزر ومؤلف 'رجل الثلج قادم' ومسرحية 'رحلة يوم طويل في ظلمات الليل'؟,A) آرثر ميلر | B) تينيسي ويليامز | C) يوجين أونيل | D) إدوارد أولبي,C
459,Literature,Medium,Multiple Choice,في رواية إرنست همنغواي 'لمن تقرع الأجراس'، ما اسم الأستاذ الجامعي الأمريكي الذي ينضم لكتائب المقاومة الجمهورية في الحرب الأهلية الإسبانية؟,A) جيك بارنز | B) فريدريك هنري | C) هاري مورغان | D) روبرت جوردان,D
460,Literature,Medium,Multiple Choice,ما هو العمل الفكري الكلاسيكي لعالم الاجتماع و. إ. ب. دو بويز عام 1903 الذي صاغ مفهومي 'خط اللون' و'الازدواجية في الوعي'؟,A) أرواح الشعب الأسود | B) غسق الفجر | C) إعادة الإعمار الأسود | D) زنجي فيلادلفيا,A
461,Literature,Medium,Multiple Choice,في قصة إدغار آلان بو 'جرائم شارع مورغ'، والتي تُعد أول قصة تحرٍ بوليسية حديثة، من هو المحقق الباريسي العبقري غريب الأطوار؟,A) المفتش باكت | B) س. أوغست دوبين | C) شرلوك هولمز | D) هرقل بوارو,B
462,Literature,Medium,Multiple Choice,ما هي رواية جون شتاينبك الملحمية عام 1952 التي تعيد سرد قصة هابيل وقابيل عبر جيلين من عائلتي تراسك وهاملتون في وادي ساليناس؟,A) مراعي السماء | B) في معركة مشبوهة | C) شرق عدن | D) شارع السردين المعلب,C
463,Literature,Medium,Multiple Choice,أي رواية واقعية نفسية لستيفن كرين عام 1895 تصف الرعب النفسي والجبن والبطولة لجندي اتحادي شاب خلال الحرب الأهلية الأمريكية؟,A) حادثة فوق جسر أوول كريك | B) الفندق الأزرق | C) ماغي: فتاة من الشوارع | D) شارة الشجاعة الحمراء,D
464,Literature,Medium,Multiple Choice,في رواية 'أن تقتل طائراً بريئاً' لهاربر لي، من هو الجار المنعزل الغامض الذي يترك هدايا للأطفال في جذع الشجرة وينقذهم في النهاية؟,A) بو رادلي | B) بوب إيويل | C) والتر كانينغهام | D) ديل هاريس,A
465,Literature,Medium,Multiple Choice,أي رواية استقصائية لأبتون سنكلير عام 1906 كشفت الأوضاع المزرية وغير الصحية لمصانع تعليب اللحوم في شيكاغو وأحدثت تشريعات فيدرالية؟,A) الأخطبوط | B) الأدغال | C) الهاوية | D) نفط!,B
466,Literature,Medium,Multiple Choice,في رواية 'غاتسبي العظيم'، ما هي اللوحة الإعلانية القديمة لطبيب عيون التي تطل كعينين إلهيتين مغلقتين فوق 'وادي الرماد'؟,A) دكتور إيكلبورغ | B) دكتور ماير | C) عينا الدكتور ت. ج. إيكلبورغ | D) دكتور كاراواي,C
467,Literature,Medium,Multiple Choice,أي رواية ملحمية لمارغريت ميتشل عام 1936 تروي سيرة سكارليت أوهارا وكفاحها العاتي لحماية مزرعتها إبان الحرب الأهلية الأمريكية؟,A) الثعالب الصغيرة | B) انظر نحو الديار يا ملاك | C) أبشالوم، أبشالوم! | D) ذهب مع الريح,D
468,Literature,Medium,Multiple Choice,في رواية 'موبي ديك'، من هو الرامح الماهر الموشوم القادم من جزيرة بولينيزية بعيدة والذي يصبح الصديق الأوفى والأقرب لإسماعيل؟,A) كويكويغ | B) تاشتيغو | C) داغو | D) فيدالاه,A
469,Literature,Medium,Multiple Choice,أي شاعر أمريكي حداثي بارز ألّف القصيدة الفلسفية 'إمبراطور المثلجات' وديوان 'أضواء الخريف الشمالية' وكان مديراً لشركة تأمين؟,A) ت. س. إليوت | B) والاس ستيفنز | C) عزرا باوند | D) وليم كارلوس ويليامز,B
470,Literature,Medium,Multiple Choice,ما هي مسرحية إدوارد أولبي الشهيرة عام 1962 التي تصور معركة نفسية عنيفة مدفوعة بالكحول بين زوجين أكاديميين يُدعيان جورج ومارثا؟,A) قصة حديقة الحيوان | B) توازن دقيق | C) من يخاف من فرجينيا وولف؟ | D) منظر بحري,C
471,Literature,Medium,Multiple Choice,أي رواية رائدة لكيت شوبان عام 1899 أثارت استنكاراً واسعاً حينها لتصويرها تمرد زوجة في نيو أورلينز (إدنا بونتلييه) على القيود الزوجية؟,A) قصة ساعة | B) أهالي البايو | C) ليلة في أكادي | D) الصحوة,D
472,Literature,Medium,Multiple Choice,في رواية همنغواي 'الشمس تشرق أيضاً'، ما هو المصطلح الذي أطلقته غيرترود شتاين لوصف جيل الشباب المحبط التائه في باريس بعد الحرب العالمية الأولى؟,A) الجيل الضائع | B) العصر المذهب | C) الجيل الصامت | D) جيل البيت,A
473,Literature,Medium,Multiple Choice,أي رواية لجيفري يوجينيدس عام 1993 تروي المأساة الغامضة للفتيات الخمس الجميلات من آل ليسبون اللاتي انتحرن في ضواحي ميشيغان؟,A) ميدلسكس | B) انتحار العذارى | C) حبكة الزواج | D) حرية,B
474,Literature,Medium,Multiple Choice,في رواية مارك توين 'مغامرات توم سوير'، من هو القاتل الشرير الذي يقتل الدكتور روبنسون في المقبرة ويورط البائس ماف بوتر؟,A) سيد سوير | B) هك فين | C) إنجن جو | D) ألفريد تمبل,C
475,Literature,Medium,Multiple Choice,أي رواية لتوني موريسون عام 1970 تروي مأساة الطفلة السوداء بيكولا بريدلوف في أوهايو التي تدعو كل ليلة أن يهبها الله عينين زرقاوين؟,A) سولا | B) طفل القطران | C) جاز | D) العين الأشد زرقة,D
476,Literature,Medium,Typing,ما اسم سفينة صيد الحيتان التراجيدية المكونة من 5 أحرف للقبطان إيهاب في رواية موبي ديك؟,,بيكود
477,Literature,Medium,Typing,ما اسم عائلة الكاتب الجنوبي الأمريكي مؤلف الصخب والعنف وبينما أرقد محتضرة (فوكـ...)?,,فوكنر
478,Literature,Medium,Typing,ما اسم عائلة الروائي الأمريكي الحائز على نوبل مؤلف عناقيد الغضب وشرق عدن (شتاينـ...)?,,شتاينبك
479,Literature,Medium,Typing,ما الاسم الأول للمحامي النبيل أتيكوس والد سكاوت في رواية أن تقتل طائراً بريئاً؟,,أتيكوس
480,Literature,Medium,Typing,ما اسم البحيرة في ماساتشوستس التي عاش عند كوخها هنري ثورو لعامين وكتب عنها كتابه الشهير؟,,فالدن
481,Literature,Hard,Multiple Choice,في رواية 'موبي ديك' لهرمان ميلفيل، من هو الناجي الوحيد من غرق سفينة بيكود والذي يطفو فوق تابوت كويكويغ الخشبي لتنقذه سفينة راحيل؟,A) إسماعيل | B) بيب | C) دو بوي | D) ستارباك,A
482,Literature,Hard,Multiple Choice,أي رواية لوليم فوكنر عام 1936 تعيد بناء حياة توماس سوتبين وطموحه المحموم لبناء سلالة إقطاعية في الجنوب الأمريكي وتستلهم مأساة توراتية؟,A) القرية | B) أبشالوم، أبشالوم! | C) ملاذ | D) اللصوص,B
483,Literature,Hard,Multiple Choice,في الرواية ما بعد الحداثية الضخمة لتوماس بينشون 'قوس قزح الجاذبية' (1973)، ما هو السلاح التدميري النازي الذي يلاحق البطل شفرته السرية؟,A) القنبلة الذرية | B) شفرة إنيغما | C) صاروخ V-2 الباليستي | D) مدفع غوستاف العملاق,C
484,Literature,Hard,Multiple Choice,ما هي القصة النفسية لشارلوت بيركنز غيلمان عام 1892 التي تصور انحدار زوجة مريضة إلى الجنون بسبب حبسها في غرفة كئيبة وتوهمها امرأة خلف النقوش؟,A) نبتة الوستارية العملاقة | B) هيرلاند | C) ثلاث مناسبات شكر | D) ورق الحائط الأصفر,D
485,Literature,Hard,Multiple Choice,في رواية كورماك مكارثي 'ميريديان الدم'، من هو الشخصية الشيطانية الخارقة الصلعاء التي تجسد فلسفة الحرب الأبدية وقوى الدم في الصحراء؟,A) القاضي هولدن | B) جون جويل غلانتون | C) تودفاين | D) الفتى,A
486,Literature,Hard,Multiple Choice,ما هي الرواية الإنجليزية لفلاديمير نابوكوف عام 1955 التي يروي فيها الراوي المريب هامبرت هامبرت هوسه المرضي بالفتاة دولوريس هيز؟,A) نار باهتة | B) لوليتا | C) آدا | D) بنين,B
487,Literature,Hard,Multiple Choice,أي رواية طبيعية لفرانك نوريس عام 1899 ترصد التدهور الأخلاقي والجشع المادي لطبيب أسنان غير مرخص في سان فرانسيسكو يُدعى ماكتيغ؟,A) الهاوية | B) الأخطبوط | C) ماكتيغ: قصة من سان فرانسيسكو | D) فاندوفر والوحش,C
488,Literature,Hard,Multiple Choice,في قصيدة إيميلي ديكنسون الشهيرة رقم 479 ('لأنني لم أستطع التوقف للموت')، من هو الراكب الثالث المرافق للموت والمتحدثة في العربة البطيئة؟,A) الزمن | B) الأبدية | C) الذكرى | D) الخلود,D
489,Literature,Hard,Multiple Choice,ما هي الرواية الموسوعية الضخمة لديفيد فوستر والاس عام 1996، المليئة بمئات الحواشي التفسيرية، وتدور في أكاديمية تنس ومصحة علاج إدمان؟,A) دعابة لا نهائية | B) الملك الشاحب | C) مقشة النظام | D) نسيان,A
490,Literature,Hard,Multiple Choice,ما هو المفهوم السياسي الأيديولوجي الأمريكي في القرن التاسع عشر الذي صاغه جون أوسوليفان وبرر به التوسع الاستعماري نحو الغرب كقدر إلهي محتوم؟,A) التسامي | B) القدر المتجلي | C) البراغماتية | D) الاستثنائية الأمريكية,B
491,Literature,Hard,Multiple Choice,في رواية 'الصخب والعنف' لوليم فوكنر، من هو الابن الدارس في هارفارد الذي ينتحر غرقاً في نهر تشارلز يوم 2 يونيو 1910 لعجزه عن تحمل عار عائلته؟,A) جيسون كومبسون | B) بنجي كومبسون | C) كوينتين كومبسون | D) شريف ماكانون,C
492,Literature,Hard,Multiple Choice,أي رواية حداثية لجون دوس باسوس عام 1925 توظف تقنيات المونتاج الإخباري ولقطات عين الكاميرا لرصد إيقاع الحياة الجماعية في نيويورك؟,A) خط العرض 42 | B) 1919 | C) المال الوفير | D) مانهاتن ترانسفير,D
493,Literature,Hard,Multiple Choice,في رواية هرمان ميلفيل القصيرة 'بينيتو سيرينو'، ما هي الحقيقة الصادمة المروعة المكتشفة على متن سفينة العبيد الإسبانية سان دومينيك؟,A) أن العبيد قد تمردوا واستولوا على السفينة وأجبروا القبطان سيرينو على تمثيل دور السيد أمام القبطان الأمريكي الزائر | B) أن الطاقم مات بالكوليرا | C) أنها محملة بذهب مسروق | D) أنها فخ قراصنة,A
494,Literature,Hard,Multiple Choice,من هو الشاعر الأمريكي الحداثي المثير للجدل الذي نظم الملحمة الشعرية الطليعية الضخمة 'الأناشيد' (The Cantos) في 120 قسماً؟,A) ت. س. إليوت | B) عزرا باوند | C) هارت كرين | D) إي إي كامنجز,B
495,Literature,Hard,Multiple Choice,في رواية 'منزل الجملونات السبعة' لناثانيال هاوثورن، ما هي اللعنة الانتقامية التي تفوه بها الساحر ماثيو مول على آل بينشون وهو على حبل المشنقة؟,A) لن يعرفوا الحب أبداً | B) سيحترق قصرهم بالنار | C) 'سيسقيه الرب دماً ليشربه' | D) سيبيد نسلهم,C
496,Literature,Hard,Multiple Choice,ما هو البيان الأدبي الفكري لعام 1930 الذي أصدره اثنا عشر كاتباً ومفكراً جنوبياً (شعراء فاندربيلت) دفاعاً عن الزراعة والتقاليد الجنوبية ضد التصنيع؟,A) انظر نحو الديار | B) الطريد | C) الفروسية الحديثة | D) سأتخذ موقفي,D
497,Literature,Hard,Multiple Choice,ما هي الرواية الحائزة على الجائزة الوطنية للكتاب لـ رالف إيلسون عام 1952 وتصور منظمة 'الإخوة' السياسية وتنتهي بتمرد حي هارلم الدامي؟,A) رجل خفي | B) ابن البلد | C) جونتينث | D) الظل والفعل,A
498,Literature,Hard,Typing,ما هو لقب القاضي الشيطاني الأصلع المرعب بطل العنف الميتافيزيقي في رواية ميريديان الدم لكورماك مكارثي؟,,هولدن
499,Literature,Hard,Typing,ما الاسم الأول لطالب هارفارد التراجيدي المنتحر غرقاً في رواية الصخب والعنف لوليم فوكنر (كوينـ...)?,,كوينتين
500,Literature,Hard,Typing,ما هو لقب قبطان سفينة العبيد الإسبانية المتمردة في رواية هرمان ميلفيل القصيرة (سيريـ...)?,,سيرينو
