number,subject,difficulty,question_type,question,multiple_choices,answer
1,Anime,Easy,Multiple Choice,"In 'Dragon Ball Z', what extraterrestrial warrior race does Son Goku belong to?",A) Saiyan | B) Namekian | C) Yardrat | D) Frost Demon,A
2,Anime,Easy,Multiple Choice,"In 'One Piece', what kind of Devil Fruit did Monkey D. Luffy eat that turned his body to rubber?",A) Mera Mera no Mi | B) Gomu Gomu no Mi | C) Ope Ope no Mi | D) Hito Hito no Mi,B
3,Anime,Easy,Multiple Choice,"In 'Naruto', what Nine-Tailed fox beast was sealed inside Naruto Uzumaki on the day of his birth?",A) Shukaku | B) Matatabi | C) Kurama | D) Gyuki,C
4,Anime,Easy,Multiple Choice,"In 'Bleach', what is the name of Ichigo Kurosaki's massive Zanpakuto sword?",A) Senbonzakura | B) Hyorinmaru | C) Wabisuke | D) Zangetsu,D
5,Anime,Easy,Multiple Choice,"In 'Hunter x Hunter', what is the main protagonist Gon Freecss's primary motivation for becoming a Hunter?",A) To find his father Ging | B) To become rich | C) To avenge his clan | D) To defeat the Phantom Troupe,A
6,Anime,Easy,Multiple Choice,"In 'JoJo's Bizarre Adventure', what is the name of the supernatural manifestation of fighting spirit introduced in Part 3 (Stardust Crusaders)?",A) Hamon | B) Stand | C) Spin | D) Nen,B
7,Anime,Easy,Multiple Choice,"In 'Dragon Ball', how many dragon balls must be gathered together to summon the wish-granting dragon Shenron?",A) 5 | B) 6 | C) 7 | D) 8,C
8,Anime,Easy,Multiple Choice,"In 'One Piece', what iconic piece of headwear was given to Luffy by 'Red-Haired' Shanks?",A) Bandana | B) Pirate Tricorn | C) Wool Beanie | D) Straw Hat,D
9,Anime,Easy,Multiple Choice,"In 'Naruto', what is the signature swirling chakra sphere jutsu invented by the Fourth Hokage and perfected by Naruto?",A) Rasengan | B) Chidori | C) Amaterasu | D) Shinra Tensei,A
10,Anime,Easy,Multiple Choice,"In 'Bleach', what title is given to the ultimate released form of a Soul Reaper's Zanpakuto, following the initial Shikai release?",A) Resurreccion | B) Bankai | C) Vollstandig | D) Segunda Etapa,B
11,Anime,Easy,Multiple Choice,"In 'Dragon Ball Z', who is the proud Prince of all Saiyans and Goku's greatest lifelong rival?",A) Raditz | B) Nappa | C) Vegeta | D) Broly,C
12,Anime,Easy,Multiple Choice,"In 'One Piece', what legendary pirate treasure left by Gol D. Roger is every pirate in the world sailing to find?",A) The Rio Poneglyph | B) The All Blue | C) The Ancient Weapon | D) The One Piece,D
13,Anime,Easy,Multiple Choice,"In 'Naruto', what dojutsu (eye technique) is the hereditary kekkei genkai of the Uchiha clan?",A) Sharingan | B) Byakugan | C) Rinnegan | D) Tenseigan,A
14,Anime,Easy,Multiple Choice,"In 'Bleach', what former Soul Reaper captain of Squad 5 betrays the Soul Society and ascends to Hueco Mundo?",A) Gin Ichimaru | B) Sosuke Aizen | C) Kaname Tosen | D) Kisuke Urahara,B
15,Anime,Easy,Multiple Choice,"In 'Hunter x Hunter', what is the signature electrical assassination weapon and Yo-Yo combat style user who is Gon's best friend?",A) Kurapika | B) Leorio | C) Killua Zoldyck | D) Hisoka,C
16,Anime,Easy,Multiple Choice,"In 'JoJo's Bizarre Adventure' Part 3, what is the name of Jotaro Kujo's incredibly fast and powerful Stand?",A) Crazy Diamond | B) Silver Chariot | C) Hermit Purple | D) Star Platinum,D
17,Anime,Easy,Multiple Choice,"In 'Dragon Ball Z', what martial arts mentor originally taught Goku the signature energy beam attack 'Kamehameha'?",A) Master Roshi | B) King Kai | C) Korin | D) Kami,A
18,Anime,Easy,Multiple Choice,"In 'One Piece', who is the Straw Hat Pirates' swordsman who fights using the unique Three-Sword Style (Santoryu)?",A) Sanji | B) Roronoa Zoro | C) Usopp | D) Brook,B
19,Anime,Easy,Multiple Choice,"In 'Naruto', who is the masked leader of Team 7 famous as the 'Copy Ninja' who wields the Sharingan?",A) Jiraiya | B) Asuma Sarutobi | C) Kakashi Hatake | D) Might Guy,C
20,Anime,Easy,Multiple Choice,"In 'Bleach', what are the masked, corrupted monstrous souls that Soul Reapers must purify with their Zanpakuto called?",A) Arrancar | B) Quincy | C) Bount | D) Hollows,D
21,Anime,Easy,Multiple Choice,"In 'Dragon Ball Z', which villain destroyed Planet Namek and was defeated by Goku's first legendary transformation into a Super Saiyan?",A) Frieza | B) Cell | C) Majin Buu | D) Captain Ginyu,A
22,Anime,Easy,Multiple Choice,"In 'One Piece', what is the name of the Straw Hat crew's master chef who fights exclusively with his powerful legs?",A) Franky | B) Sanji | C) Jinbe | D) Chopper,B
23,Anime,Easy,Multiple Choice,"In 'Naruto', what criminal mercenary rogue-ninja organization, wearing black cloaks adorned with red clouds, hunts the Jinchuriki?",A) The Seven Swordsmen | B) Root | C) The Akatsuki | D) Sound Village Four,C
24,Anime,Easy,Multiple Choice,"In 'Hunter x Hunter', what magician jester character derives sadistic pleasure from fighting strong opponents and uses the Bungee Gum Nen ability?",A) Illumi | B) Chrollo Lucilfer | C) Feitan | D) Hisoka Morow,D
25,Anime,Easy,Multiple Choice,"In 'JoJo's Bizarre Adventure', who is the vampire recurring arch-nemesis of the Joestar family who shouts 'Kono Dio Da!'?",A) Dio Brando | B) Kars | C) Yoshikage Kira | D) Enrico Pucci,A
26,Anime,Easy,Multiple Choice,"In 'Dragon Ball Z', who is Goku's eldest son who defeated Perfect Cell in the Cell Games after awakening Super Saiyan 2?",A) Goten | B) Gohan | C) Trunks | D) Pan,B
27,Anime,Easy,Multiple Choice,"In 'One Piece', what reindeer doctor ate the Human-Human Fruit (Hito Hito no Mi) and serves as the physician of the Straw Hats?",A) Bepo | B) Law | C) Tony Tony Chopper | D) Carrot,C
28,Anime,Easy,Multiple Choice,"In 'Naruto', who is Naruto's lifelong rival and teammate who leaves the village to seek power from Orochimaru?",A) Neji Hyuga | B) Shikamaru Nara | C) Kiba Inuzuka | D) Sasuke Uchiha,D
29,Anime,Easy,Multiple Choice,"In 'Bleach', what is the spirit-infused spiritual capital city where the Thirteen Court Guard Squads reside?",A) Soul Society | B) Hueco Mundo | C) Karakura Town | D) Las Noches,A
30,Anime,Easy,Multiple Choice,"In 'Hunter x Hunter', what Scarlet-Eyed survivor of the Kurta clan wields conjured chains to hunt down the Phantom Troupe?",A) Leorio | B) Kurapika | C) Ging | D) Knuckle,B
31,Anime,Easy,Multiple Choice,"In 'Dragon Ball', what green, wish-granting magic bean can instantly restore a severely wounded fighter to full health and stamina?",A) Tree of Might Fruit | B) Ultra Divine Water | C) Senzu Bean | D) Namekian Seed,C
32,Anime,Easy,Multiple Choice,"In 'One Piece', who was Luffy's sworn older brother, nicknamed 'Fire Fist', who was the Second Division Commander of the Whitebeard Pirates?",A) Sabo | B) Marco | C) Shanks | D) Portgas D. Ace,D
33,Anime,Easy,Multiple Choice,"In 'Naruto', what is the highest title and leadership rank of the ninja who protects the Hidden Leaf Village (Konohagakure)?",A) Hokage | B) Kazekage | C) Mizukage | D) Raikage,A
34,Anime,Easy,Multiple Choice,"In 'Bleach', what Quincy technique and military faction under Yhwach invaded the Soul Society in the final Thousand-Year Blood War arc?",A) Espada | B) The Wandenreich | C) Fullbringers | D) Visored,B
35,Anime,Easy,Multiple Choice,"In 'JoJo's Bizarre Adventure' Part 4 (Diamond is Unbreakable), who is the pompadour-sporting protagonist whose Stand is Crazy Diamond?",A) Jonathan Joestar | B) Joseph Joestar | C) Josuke Higashikata | D) Giorno Giovanna,C
36,Anime,Easy,Multiple Choice,"In 'Dragon Ball Z', what fusion dance or green Potara earrings item creates the fused warrior Vegito?",A) Capsule Corp Rings | B) Metamoran Vests | C) Dragon Radar | D) Potara Earrings,D
37,Anime,Easy,Multiple Choice,"In 'One Piece', what is the name of the first pirate ship used by the Straw Hat Pirates before the Thousand Sunny?",A) The Going Merry | B) The Red Force | C) The Moby Dick | D) The Victoria Punk,A
38,Anime,Easy,Multiple Choice,"In 'Naruto Shippuden', which legendary rogue ninja possessing the Rinnegan led the Six Paths of Pain and destroyed the Hidden Leaf Village?",A) Obito | B) Nagato | C) Madara | D) Itachi,B
39,Anime,Easy,Multiple Choice,"In 'Hunter x Hunter', what life energy manipulation system forms the fundamental combat system taught by Wing?",A) Chakra | B) Ki | C) Nen | D) Reiryoku,C
40,Anime,Easy,Multiple Choice,"In 'JoJo's Bizarre Adventure' Part 5 (Golden Wind), which son of Dio strives to become a 'Gang-Star' within the Passione mafia?",A) Guido Mista | B) Bruno Bucciarati | C) Narancia Ghirga | D) Giorno Giovanna,D
41,Anime,Easy,Multiple Choice,"In 'Dragon Ball Z', what time-traveling warrior is the son of Vegeta and Bulma who warns the Z-Fighters about the Androids?",A) Future Trunks | B) Gotenks | C) Bardock | D) Cabba,A
42,Anime,Easy,Multiple Choice,"In 'One Piece', what sea-spanning marine boundary and mountain canal separates the four blue seas from the Grand Line?",A) Calm Belt | B) Reverse Mountain | C) Fish-Man Island | D) Enies Lobby,B
43,Anime,Easy,Multiple Choice,"In 'Naruto', who sacrificed himself by exterminating his entire clan to protect the Hidden Leaf Village, sparing only his younger brother Sasuke?",A) Shisui Uchiha | B) Fugaku Uchiha | C) Itachi Uchiha | D) Madara Uchiha,C
44,Anime,Easy,Typing,What 4-letter name belongs to the legendary Saiyan protagonist of Dragon Ball sent to Earth as an infant?,,Goku
45,Anime,Easy,Typing,What 5-letter name belongs to the Straw Hat pirate captain whose body became rubber after eating a Devil Fruit?,,Luffy
46,Anime,Easy,Typing,What 6-letter name belongs to the orange-jumpsuit-wearing ninja protagonist who dreamed of becoming Hokage?,,Naruto
47,Anime,Easy,Typing,What 6-letter first name belongs to the orange-haired substitute Soul Reaper protagonist of Bleach (Ich...)?,,Ichigo
48,Anime,Easy,Typing,What 3-letter name belongs to the green-clad fishing rod-wielding protagonist of Hunter x Hunter?,,Gon
49,Anime,Easy,Typing,What 4-letter name belongs to the charismatic vampire arch-villain who shouted 'ZA WARUDO!' in JoJo's Bizarre Adventure?,,Dio
50,Anime,Easy,Typing,What 6-letter surname belongs to Goku's Saiyan rival whose royal title is 'Prince of all Saiyans'?,,Vegeta
51,Anime,Medium,Multiple Choice,"In 'Dragon Ball Z', what is the name of the gravity-manipulating celestial deity who teaches Goku the Kaioken and the Spirit Bomb (Genki Dama)?",A) Grand Kai | B) Supreme Kai | C) Whis | D) King Kai,D
52,Anime,Medium,Multiple Choice,"In 'One Piece', what rare and supreme category of Haki allows the user to exert their willpower over others, knocking out weak-willed enemies?",A) Haoshoku Haki (Conqueror's) | B) Busoshoku Haki (Armament) | C) Kenbunshoku Haki (Observation) | D) Ryou,A
53,Anime,Medium,Multiple Choice,"In 'Naruto', what forbidden reanimation jutsu created by Tobirama Senju and perfected by Kabuto revives deceased shinobi into battle?",A) Izanagi | B) Edo Tensei | C) Reaper Death Seal | D) Kotoamatsukami,B
54,Anime,Medium,Multiple Choice,"In 'Bleach', what elite group of ten powerful Arrancar serve directly beneath Sosuke Aizen in Las Noches?",A) The Sternritter | B) The Visored | C) The Espada | D) The Stealth Force,C
55,Anime,Medium,Multiple Choice,"In 'Hunter x Hunter', what is the name of the terrifying, chimera-like humanoid species whose King Meruem possesses unfathomable power?",A) Magical Beasts | B) Calamities | C) Dark Continent Parasites | D) Chimera Ants,D
56,Anime,Medium,Multiple Choice,"In 'JoJo's Bizarre Adventure' Part 4, what is the Stand ability of serial killer Yoshikage Kira's Stand 'Killer Queen'?",A) Turning anything it touches into a bomb | B) Stopping time for 5 seconds | C) Stealing memories on discs | D) Erasing space,A
57,Anime,Medium,Multiple Choice,"In 'Dragon Ball Z', what pink magical genie created by the wizard Bibidi can absorb other fighters and regenerate from smoke?",A) Janemba | B) Majin Buu | C) Hirudegarn | D) Baby,B
58,Anime,Medium,Multiple Choice,"In 'One Piece', which member of the Worst Generation wields the Op-Op Fruit (Ope Ope no Mi) and leads the Heart Pirates?",A) Eustass Kid | B) Basil Hawkins | C) Trafalgar D. Water Law | D) Scratchmen Apoo,C
59,Anime,Medium,Multiple Choice,"In 'Naruto', what are the three legendary ninja of the Leaf Village (Densetsu no Sannin) trained by the Third Hokage Hiruzen Sarutobi?","A) Kakashi, Obito, and Rin | B) Minato, Kushina, and Fugaku | C) Guy, Asuma, and Kurenai | D) Jiraiya, Tsunade, and Orochimaru",D
60,Anime,Medium,Multiple Choice,"In 'Bleach', who is the Captain-Commander of the Gotei 13 whose flame-based Zanpakuto 'Ryujin Jakka' incinerates everything it touches?",A) Genryusai Shigekuni Yamamoto | B) Shunsui Kyoraku | C) Jushiro Ukitake | D) Byakuya Kuchiki,A
61,Anime,Medium,Multiple Choice,"In 'Hunter x Hunter', what is the name of the notorious 13-member criminal band of thieves from Meteor City led by Chrollo Lucilfer?",A) Shadow Beasts | B) The Phantom Troupe | C) Chimera Guard | D) The Hunters Association,B
62,Anime,Medium,Multiple Choice,"In 'JoJo's Bizarre Adventure' Part 2 (Battle Tendency), which young, trickster British Joestar protagonist battles the ancient Pillar Men using Hamon and clackers?",A) Jonathan Joestar | B) Jotaro Kujo | C) Joseph Joestar | D) Johnny Joestar,C
63,Anime,Medium,Multiple Choice,"In 'Dragon Ball Super', what divine state of godhood, taught by Whis, allows Goku's body to react and dodge unconsciously without thought?",A) Super Saiyan Blue | B) Super Saiyan God | C) Beast Form | D) Ultra Instinct,D
64,Anime,Medium,Multiple Choice,"In 'One Piece', what was the historic execution location in the East Blue where the Pirate King Gol D. Roger was born and died?",A) Loguetown | B) Foosha Village | C) Shells Town | D) Syrup Village,A
65,Anime,Medium,Multiple Choice,"In 'Naruto', what is the name of the red, flower-patterned ultimate Sharingan evolution awakened by witnessing the death of someone deeply cherished?",A) Byakugan | B) Mangekyo Sharingan | C) Rinne-Sharingan | D) Ketsuryugan,B
66,Anime,Medium,Multiple Choice,"In 'Bleach', who is the Captain of Squad 11 who constantly seeks life-or-death battles, wears an eyepatch that feeds on his immense Reiatsu, and has no initial Shikai name?",A) Ikkaku Madarame | B) Renji Abarai | C) Kenpachi Zaraki | D) Sajin Komamura,C
67,Anime,Medium,Multiple Choice,"In 'Hunter x Hunter', what blind Gungi board-game champion girl develops a deeply moving, transformative emotional bond with the Chimera Ant King Meruem?",A) Palm Siberia | B) Shizuku | C) Machi | D) Komugi,D
68,Anime,Medium,Multiple Choice,"In 'JoJo's Bizarre Adventure' Part 3, what specific tarot card-inspired ability gives Dio's Stand 'The World' (Za Warudo) its terrifying power?",A) Stopping time | B) Intangibility | C) Fire manipulation | D) Clairvoyance,A
69,Anime,Medium,Multiple Choice,"In 'Dragon Ball Z', what bio-android from an alternate future created by Dr. Gero absorbs Androids 17 and 18 to achieve his 'Perfect' form?",A) Android 16 | B) Cell | C) Android 19 | D) Android 20,B
70,Anime,Medium,Multiple Choice,"In 'One Piece', what judicial island stronghold of the World Government was assaulted by the Straw Hats to rescue Nico Robin from CP9?",A) Impel Down | B) Marineford | C) Enies Lobby | D) Mary Geoise,C
71,Anime,Medium,Multiple Choice,"In 'Naruto Shippuden', what massive multi-tailed beast is formed by combining all nine Tailed Beasts into the vessel of the Gedo Statue?",A) Zero-Tails | B) Reibi | C) Nue | D) The Ten-Tails,D
72,Anime,Medium,Multiple Choice,"In 'Bleach', who is the exiled former Captain of Squad 12 and founder of the Shinigami Research Institute who created the Hogyoku?",A) Kisuke Urahara | B) Mayuri Kurotsuchi | C) Tessai Tsukabishi | D) Yoruichi Shihoin,A
73,Anime,Medium,Multiple Choice,"In 'Hunter x Hunter', which category of Nen does Gon Freecss naturally belong to, which focuses on strengthening natural body durability and punch power?",A) Transmutation | B) Enhancement | C) Conjuration | D) Specialization,B
74,Anime,Medium,Multiple Choice,"In 'JoJo's Bizarre Adventure' Part 5, what is the ultimate arrow-pierced evolution of Giorno Giovanna's Stand that resets any action or willpower back to zero?",A) King Crimson | B) Silver Chariot Requiem | C) Gold Experience Requiem | D) Made in Heaven,C
75,Anime,Medium,Multiple Choice,"In 'Dragon Ball Z', what special training chamber inside Kami's Lookout dilates time so that one full year inside equals just one day outside?",A) Gravity Chamber | B) Other World Arena | C) Pendulum Room | D) Hyperbolic Time Chamber,D
76,Anime,Medium,Typing,What 6-letter title belongs to the supreme military commanders of the Soul Society in Bleach who lead the 13 divisions (Cap...)?,,captain
77,Anime,Medium,Typing,What 4-letter title belongs to the mystical life-energy spiritual armor in One Piece that translates to 'Ambition' (H...)?,,Haki
78,Anime,Medium,Typing,What 8-letter surname belongs to the mangaka creator who wrote and illustrated the world-record-breaking manga One Piece (O...)?,,Oda
79,Anime,Medium,Typing,What 6-letter name belongs to the Chimera Ant King in Hunter x Hunter who played Gungi with Komugi (Mer...)?,,Meruem
80,Anime,Medium,Typing,What 8-letter name belongs to the creator of Dragon Ball who tragically passed away in 2024 (Tori...)?,,Toriyama
81,Anime,Hard,Multiple Choice,"In 'Dragon Ball', what is Goku's original birth name given to him on Planet Vegeta before being sent to Earth?",A) Kakarot | B) Bardock | C) Turles | D) Broly,A
82,Anime,Hard,Multiple Choice,"In 'One Piece', what is the ancient Void Century kingdom secret implied by the Kozuki clan's indestructible stone monoliths?",A) Devil Fruit Seeds | B) The Poneglyphs | C) Plagiarized Marine logs | D) The All Blue map,B
83,Anime,Hard,Multiple Choice,"In 'Naruto', what is the ultimate genjutsu projected onto the surface of the moon to trap all living beings in an eternal dream world?",A) Kotoamatsukami | B) Tsukuyomi | C) Infinite Tsukuyomi | D) Izanami,C
84,Anime,Hard,Multiple Choice,"In 'Bleach', what was the original name and function of the Zero Division royal guards who protect the Soul King?",A) Onmitsukido | B) Kido Corps | C) Central 46 | D) Royal Guard,D
85,Anime,Hard,Multiple Choice,"In 'Hunter x Hunter', what extreme covenant and condition did Gon make during the Chimera Ant arc to instantly gain the power to crush Neferpitou?","A) He sacrificed all his future life energy, talent, and potential in exchange for temporary maximum adult power | B) He sold his soul to a Dark Continent demon | C) He permanently blinded himself | D) He absorbed Kurapika's Nen",A
86,Anime,Hard,Multiple Choice,"In 'JoJo's Bizarre Adventure' Part 6 (Stone Ocean), who is the female protagonist who is Jotaro Kujo's estranged daughter incarcerated in Green Dolphin Street Prison?",A) Trish Una | B) Jolyne Cujoh | C) Lisa Lisa | D) Erina Pendleton,B
87,Anime,Hard,Multiple Choice,"In 'Dragon Ball Z', what technique invented by King Kai multiplies the user's ki, speed, sensory awareness, and power output at the risk of catastrophic muscle tearing?",A) Spirit Bomb | B) Instant Transmission | C) Kaioken | D) Destructo Disc,C
88,Anime,Hard,Multiple Choice,"In 'One Piece', which ancient Void Century figure left an apology note inscribed on a Poneglyph in Fish-Man Island addressed to the Mermaid Princess?",A) Gol D. Roger | B) Mont Blanc Noland | C) Silvers Rayleigh | D) Joy Boy,D
89,Anime,Hard,Multiple Choice,"In 'Naruto Shippuden', which shinobi clan possessed the dead-bone pulse kekkei genkai (Shikotsumyaku), capable of manipulating their own skeleton as weapons?",A) Kaguya clan | B) Senju clan | C) Uzumaki clan | D) Hyuga clan,A
90,Anime,Hard,Multiple Choice,"In 'Bleach', what is the unique releasing command and visual effect of Byakuya Kuchiki's Zanpakuto 'Senbonzakura'?","A) 'Roar, Zabimaru' | B) 'Scatter, Senbonzakura' (Chiru), dissolving into a thousand razor-sharp pink cherry blossom blade petals | C) 'Shoot to kill, Shinso' | D) 'Sit upon the frosted heavens'",B
91,Anime,Hard,Multiple Choice,"In 'Hunter x Hunter', who is the Chairman of the Hunters Association who detonated the Miniature Rose explosive inside his own chest to defeat Meruem?",A) Ging Freecss | B) Zeno Zoldyck | C) Isaac Netero | D) Beyond Netero,C
92,Anime,Hard,Multiple Choice,"In 'JoJo's Bizarre Adventure' Part 7 (Steel Ball Run), what mystical rotational energy technique passed down by the Zeppeli family utilizes the Golden Ratio?",A) Hamon | B) Nen | C) Stand disc | D) Spin,D
93,Anime,Hard,Multiple Choice,"In 'Dragon Ball Super', who is the God of Destruction of Universe 7 who awakened from a decades-long nap seeking the 'Super Saiyan God'?",A) Lord Beerus | B) Champa | C) Belmod | D) Whis,A
94,Anime,Hard,Multiple Choice,"In 'One Piece', what is the rare and enigmatic 'Will' carried by figures such as Luffy, Roger, Garp, Teach, Dragon, and Law?",A) Will of Fire | B) Will of D. | C) Will of the Ancients | D) Will of Joy,B
95,Anime,Hard,Multiple Choice,"In 'Naruto', what is the forbidden kinjutsu of the Uchiha clan that sacrifices the user's eyesight to rewrite reality and turn death into an illusion?",A) Amaterasu | B) Tsukuyomi | C) Izanagi | D) Kamui,C
96,Anime,Hard,Multiple Choice,"In 'Bleach', what is the name of Sosuke Aizen's Zanpakuto that possesses the terrifying power of 'Complete Hypnosis' (Kanzen Saimin)?",A) Suzumebachi | B) Sode no Shirayuki | C) Benihime | D) Kyoka Suigetsu,D
97,Anime,Hard,Multiple Choice,"In 'Hunter x Hunter', which member of the Zoldyck family possesses the reality-warping wish-granting entity known as 'Nanika' from the Dark Continent?",A) Alluka Zoldyck | B) Kalluto Zoldyck | C) Milluki Zoldyck | D) Silva Zoldyck,A
98,Anime,Hard,Typing,What 7-letter birth name belongs to Goku on Planet Vegeta before he was found on Earth by Grandpa Gohan (Kak...)?,,Kakarot
99,Anime,Hard,Typing,What 7-letter title belongs to the mythical Void Century figure who promised to return to Wano and left the One Piece on Laugh Tale (Joy ...)?,,Joy Boy
100,Anime,Hard,Typing,What 6-letter name belongs to the 12th Chairman of the Hunters Association who fought Meruem with the 100-Type Guanyin Bodhisattva?,,Netero
101,Anime,Easy,Multiple Choice,"In 'Attack on Titan', who is the main protagonist who vows to eradicate every single Titan after witnessing his mother's death?",A) Armin Arlert | B) Eren Yeager | C) Levi Ackerman | D) Jean Kirstein,B
102,Anime,Easy,Multiple Choice,"In 'Demon Slayer' (Kimetsu no Yaiba), what is the name of Tanjiro's younger sister who was turned into a demon?",A) Kanao | B) Shinobu | C) Nezuko Kamado | D) Mitsuri,C
103,Anime,Easy,Multiple Choice,"In 'Jujutsu Kaisen', who is the blindfolded, white-haired Special Grade Jujutsu sorcerer possessing the Limitless technique and the Six Eyes?",A) Kento Nanami | B) Suguru Geto | C) Aoi Todo | D) Satoru Gojo,D
104,Anime,Easy,Multiple Choice,"In 'Fullmetal Alchemist', what fundamental metaphysical law states that 'in order to obtain or create something, something of equal value must be lost or given'?",A) The Law of Equivalent Exchange | B) The Law of Conservation | C) The Philosopher's Rule | D) The Alchemical Constant,A
105,Anime,Easy,Multiple Choice,"In 'Death Note', what high school prodigy finds the supernatural notebook dropped by the Shinigami Ryuk and becomes 'Kira'?",A) L Lawliet | B) Light Yagami | C) Teru Mikami | D) Soichiro Yagami,B
106,Anime,Easy,Multiple Choice,"In 'My Hero Academia', what is the name of the quirkless protagonist who inherits the legendary quirk 'One For All' from All Might?",A) Katsuki Bakugo | B) Shoto Todoroki | C) Izuku Midoriya | D) Tenya Iida,C
107,Anime,Easy,Multiple Choice,"In 'Chainsaw Man', what is the name of Denji's adorable canine-like Chainsaw Devil companion who became his heart?",A) Kon | B) Meowy | C) Beam | D) Pochita,D
108,Anime,Easy,Multiple Choice,"In 'Attack on Titan', which elite military division is responsible for exploring beyond the protective walls to combat Titans in open territory?",A) The Survey Corps | B) Garrison Regiment | C) Military Police | D) Royal Guard,A
109,Anime,Easy,Multiple Choice,"In 'Demon Slayer', what distinct color blade is forged when Tanjiro Kamado grips his Nichirin Sword for the first time?",A) Crimson Red | B) Jet Black | C) Pure Blue | D) Golden Yellow,B
110,Anime,Easy,Multiple Choice,"In 'Jujutsu Kaisen', who is the ancient 'King of Curses' reincarnated inside the body of Yuji Itadori after Yuji ingests a cursed finger?",A) Mahito | B) Kenjaku | C) Ryomen Sukuna | D) Jogo,C
111,Anime,Easy,Multiple Choice,"In 'Fullmetal Alchemist', what prosthetic metal limbs made of durable alloy are fitted onto Edward Elric's right arm and left leg?",A) Cyber-limbs | B) Iron-frames | C) Alchem-plates | D) Automail,D
112,Anime,Easy,Multiple Choice,"In 'Death Note', what eccentric, sweets-addicted world-class detective sits in a peculiar crouching posture and operates under the letter 'L'?",A) L Lawliet | B) Near | C) Mello | D) Watari,A
113,Anime,Easy,Multiple Choice,"In 'My Hero Academia', what is the hero name of the Symbol of Peace who serves as Deku's mentor?",A) Endeavor | B) All Might | C) Eraser Head | D) Hawks,B
114,Anime,Easy,Multiple Choice,"In 'Chainsaw Man', who is the mysterious, manipulative high-ranking Public Safety Devil Hunter who takes Denji in as her 'pet'?",A) Power | B) Kobeni | C) Makima | D) Himeno,C
115,Anime,Easy,Multiple Choice,"In 'Attack on Titan', what 3D maneuver equipment powered by gas canisters allows soldiers to grapple buildings and trees to strike Titans?",A) Grapple Rig | B) Hook Drive | C) Air Thruster System | D) Omni-Directional Mobility Gear,D
116,Anime,Easy,Multiple Choice,"In 'Demon Slayer', who is the progenitor of all demons and the primary antagonist responsible for the massacre of Tanjiro's family?",A) Muzan Kibutsuji | B) Akaza | C) Doma | D) Kokushibo,A
117,Anime,Easy,Multiple Choice,"In 'Jujutsu Kaisen', what is the supreme, pinnacle barrier technique of Jujutsu sorcery that traps opponents in a separate pocket dimension with a guaranteed-hit effect?",A) Black Flash | B) Domain Expansion | C) Simple Domain | D) Cursed Technique Reversal,B
118,Anime,Easy,Multiple Choice,"In 'Fullmetal Alchemist', what is the legendary alchemical amplifier that bypasses the Law of Equivalent Exchange, which Edward and Alphonse seek?",A) The Elixir of Life | B) The Sacred Ring | C) The Philosopher's Stone | D) The Transmutation Core,C
119,Anime,Easy,Multiple Choice,"In 'Death Note', what favorite Earth food does the Shinigami Ryuk compulsively crave and consume throughout the series?",A) Chocolate | B) Strawberries | C) Potato Chips | D) Red Apples,D
120,Anime,Easy,Multiple Choice,"In 'My Hero Academia', what is the explosive Quirk possessed by Deku's volatile childhood rival, Katsuki Bakugo?",A) Explosion | B) Hellflame | C) Half-Cold Half-Hot | D) Engine,A
121,Anime,Easy,Multiple Choice,"In 'Attack on Titan', who is the humanity's strongest soldier, a clean-freak Captain of the Special Operations Squad?",A) Erwin Smith | B) Levi Ackerman | C) Hange Zoe | D) Dot Pixis,B
122,Anime,Easy,Multiple Choice,"In 'Demon Slayer', what cowardly, lightning-fast Demon Slayer only unleashes his formidable Thunder Breathing when he falls asleep or faints?",A) Inosuke Hashibira | B) Genya Shinazugawa | C) Zenitsu Agatsuma | D) Kanao Tsuyuri,C
123,Anime,Easy,Multiple Choice,"In 'Jujutsu Kaisen', what is the name of the dark-haired first-year student who summons divine shadow familiars through the Ten Shadows Technique?",A) Yuji Itadori | B) Toge Inumaki | C) Yuta Okkotsu | D) Megumi Fushiguro,D
124,Anime,Easy,Multiple Choice,"In 'Fullmetal Alchemist', what is Alphonse Elric's physical body bound to after their tragic failed human transmutation?",A) A giant suit of armor | B) A pocket watch | C) A stone golem | D) A mechanical doll,A
125,Anime,Easy,Multiple Choice,"In 'Chainsaw Man', what Blood Fiend character has horns protruding from her head, hates bathing and vegetables, and claims to be the smartest creature alive?",A) Reze | B) Power | C) Quanxi | D) Kobeni,B
126,Anime,Easy,Multiple Choice,"In 'Attack on Titan', what are the names of the three concentric stone walls protecting the remnants of humanity on Paradis Island?","A) Alpha, Beta, and Gamma | B) Eden, Zion, and Babel | C) Maria, Rose, and Sheena | D) Hope, Faith, and Charity",C
127,Anime,Easy,Multiple Choice,"In 'Demon Slayer', what boisterous Demon Slayer wears a hollowed-out boar head mask and fights with two serrated Nichirin swords?",A) Zenitsu | B) Tengen Uzui | C) Sanemi Shinazugawa | D) Inosuke Hashibira,D
128,Anime,Easy,Multiple Choice,"In 'My Hero Academia', which student possesses the dual Quirk 'Half-Cold Half-Hot', generating ice from his right side and flames from his left?",A) Shoto Todoroki | B) Eijiro Kirishima | C) Denki Kaminari | D) Fumikage Tokoyami,A
129,Anime,Easy,Multiple Choice,"In 'Death Note', what fatal deal can a human Death Note owner make with a Shinigami in exchange for the power to see any human's name and lifespan?",A) Blood Sacrifice | B) Shinigami Eyes deal | C) Soul Bond | D) The Grim Pact,B
130,Anime,Easy,Multiple Choice,"In 'Attack on Titan', what exact bodily location must be sliced deeply with blades to kill a pure Titan?",A) The heart | B) The forehead | C) The nape of the neck | D) The spine,C
131,Anime,Easy,Multiple Choice,"In 'Jujutsu Kaisen', what hammer-wielding, nail-driving female sorcerer from the countryside is the third member of Gojo's first-year trio?",A) Maki Zenin | B) Mai Zenin | C) Miwa Kasumi | D) Nobara Kugisaki,D
132,Anime,Easy,Multiple Choice,"In 'Fullmetal Alchemist: Brotherhood', what State Alchemist title is held by Roy Mustang, who snaps his ignition-cloth gloves to spark fires?",A) The Flame Alchemist | B) The Iron Alchemist | C) The Crimson Alchemist | D) The Crystal Alchemist,A
133,Anime,Easy,Multiple Choice,"In 'Demon Slayer', what title is held by the elite nine master swordsmen who represent the highest rank of the Demon Slayer Corps?",A) The Upper Ranks | B) The Hashira | C) The Kizuki | D) The Twelve Moons,B
134,Anime,Easy,Multiple Choice,"In 'My Hero Academia', what prestigious hero training academy do Deku and his Class 1-A peers attend?",A) Shiketsu High | B) Ketsubutsu Academy | C) U.A. High School | D) Seiei High,C
135,Anime,Easy,Multiple Choice,"In 'Chainsaw Man', what Public Safety devil hunter made contracts with the Fox Devil and the Curse Devil, and wields a nail-shaped sword?",A) Kishibe | B) Beam | C) Arai | D) Aki Hayakawa,D
136,Anime,Easy,Multiple Choice,"In 'Attack on Titan', who is the 13th Commander of the Survey Corps who led the suicidal charge against the Beast Titan in Shiganshina?",A) Erwin Smith | B) Hange Zoe | C) Keith Shadis | D) Dot Pixis,A
137,Anime,Easy,Multiple Choice,"In 'Demon Slayer', what ancient swordsmanship style, passed down through the Kamado family dance (Hinokami Kagura), is the ancestor of all breathing styles?",A) Moon Breathing | B) Sun Breathing | C) Water Breathing | D) Flame Breathing,B
138,Anime,Easy,Multiple Choice,"In 'Jujutsu Kaisen', what spatial phenomenon amplifies the impact of cursed energy to the power of 2.5 when struck within 0.000001 seconds of physical contact?",A) Divergent Fist | B) Hollow Purple | C) Black Flash | D) Falling Blossom Emotion,C
139,Anime,Easy,Multiple Choice,"In 'Fullmetal Alchemist', who are the seven artificial humans named after the deadly sins, created by 'Father'?",A) The Chimeras | B) The Mannequins | C) The Ishvalans | D) The Homunculi,D
140,Anime,Easy,Multiple Choice,"In 'Death Note', what gothic pop idol model falls madly in love with Light Yagami and serves as the Second Kira?",A) Misa Amane | B) Kiyomi Takada | C) Sachiko Yagami | D) Sayu Yagami,A
141,Anime,Easy,Multiple Choice,"In 'My Hero Academia', what terrifying arch-villain possesses the quirk to steal, stockpile, and redistribute quirks to others?",A) Tomura Shigaraki | B) All For One | C) Overhaul | D) Dabi,B
142,Anime,Easy,Multiple Choice,"In 'Attack on Titan', what massive 60-meter Titan breached Wall Maria in the very first episode?",A) The Armored Titan | B) The Beast Titan | C) The Colossal Titan | D) The Jaw Titan,C
143,Anime,Easy,Multiple Choice,"In 'Chainsaw Man', what terrifying worldwide calamity devil killed 1.2 million people in five minutes across the globe?",A) The Darkness Devil | B) The Control Devil | C) The Bomb Devil | D) The Gun Devil,D
144,Anime,Easy,Typing,What 4-letter first name belongs to the Titan-shifting protagonist of Attack on Titan whose surname is Yeager?,,Eren
145,Anime,Easy,Typing,What 7-letter name belongs to the Demon Slayer protagonist who carries his demon sister Nezuko in a wooden box on his back?,,Tanjiro
146,Anime,Easy,Typing,What 4-letter surname belongs to the overpowered white-haired Jujutsu Kaisen teacher Satoru (G...)?,,Gojo
147,Anime,Easy,Typing,What 6-letter name belongs to the Fullmetal Alchemist protagonist whose younger brother is Alphonse?,,Edward
148,Anime,Easy,Typing,What 4-letter hero nickname belongs to Izuku Midoriya in My Hero Academia?,,Deku
149,Anime,Easy,Typing,What 5-letter name belongs to the teenage protagonist of Chainsaw Man who can sprout chainsaws from his head and arms?,,Denji
150,Anime,Easy,Typing,What 4-letter name belongs to the Shinigami death god who dropped his Death Note on Earth because he was bored?,,Ryuk
151,Anime,Medium,Multiple Choice,"In 'Attack on Titan', which titan possesses the unique ability to peer into the memories of both its past and future inheritors?",A) The Attack Titan | B) The Beast Titan | C) The Jaw Titan | D) The War Hammer Titan,A
152,Anime,Medium,Multiple Choice,"In 'Demon Slayer', who is the Insect Hashira of the Demon Slayer Corps who uses wisteria flower poison to slay demons?",A) Mitsuri Kanroji | B) Shinobu Kocho | C) Kanao Tsuyuri | D) Tamayo,B
153,Anime,Medium,Multiple Choice,"In 'Jujutsu Kaisen 0', who is the Special Grade sorcerer protagonist who is haunted by the vengeful cursed spirit of his childhood friend Rika Orimoto?",A) Megumi Fushiguro | B) Kento Nanami | C) Yuta Okkotsu | D) Panda,C
154,Anime,Medium,Multiple Choice,"In 'Fullmetal Alchemist: Brotherhood', what is the true identity and homunculus name of Amestris's supreme military leader, King Bradley?",A) Greed | B) Pride | C) Envy | D) Wrath,D
155,Anime,Medium,Multiple Choice,"In 'Death Note', what are the names of the two orphaned young successors to L raised in Wammy's House in England?",A) Near (Nate River) and Mello | B) Matt and Roger | C) Teru and Kiyomi | D) Raye and Naomi,A
156,Anime,Medium,Multiple Choice,"In 'My Hero Academia', which villain leads the League of Villains and possesses the lethal Quirk 'Decay', which disintegrates anything he touches with all five fingers?",A) Dabi | B) Tomura Shigaraki | C) Twice | D) Overhaul,B
157,Anime,Medium,Multiple Choice,"In 'Chainsaw Man', what primal fear devil appears in Hell with severed astronaut corpses praying in two parallel rows?",A) The Hell Devil | B) The Future Devil | C) The Darkness Devil | D) The Ghost Devil,C
158,Anime,Medium,Multiple Choice,"In 'Attack on Titan', what catastrophic apocalyptic event is initiated by Eren Yeager using the Founding Titan to unleash millions of Wall Titans to flatten the earth?",A) The Great Titan War | B) The Reiss Purge | C) The Fall of Marley | D) The Rumbling,D
159,Anime,Medium,Multiple Choice,"In 'Demon Slayer', who is the Flame Hashira whose heroic, blazing battle against Upper Rank Three Akaza on the Mugen Train inspired millions of fans?",A) Kyojuro Rengoku | B) Tengen Uzui | C) Giyu Tomioka | D) Muichiro Tokito,A
160,Anime,Medium,Multiple Choice,"In 'Jujutsu Kaisen', what is the devastating technique of Satoru Gojo that combines his attraction technique 'Blue' and repulsion technique 'Red' into an imaginary mass that erases everything in its trajectory?",A) Falling Blossom Emotion | B) Hollow Technique: Purple | C) Infinite Void | D) Simple Domain,B
161,Anime,Medium,Multiple Choice,"In 'Fullmetal Alchemist: Brotherhood', which homunculus was created in a flask in ancient Xerxes using the blood of Van Hohenheim?",A) Wrath | B) Pride | C) 'Father' | D) Greed,C
162,Anime,Medium,Multiple Choice,"In 'Death Note', what exact rule describes what happens if the cause of death is not specified within 40 seconds of writing a person's name?",A) The person will die in an accident | B) The Death Note burns | C) The death is cancelled | D) The person will simply die of a heart attack,D
163,Anime,Medium,Multiple Choice,"In 'My Hero Academia', what tragic hero-turned-villain is revealed to be Toya Todoroki, the burned eldest son of the flame hero Endeavor?",A) Dabi | B) Spinner | C) Overhaul | D) Twice,A
164,Anime,Medium,Multiple Choice,"In 'Chainsaw Man', what is the true devil identity of Makima, revealed as one of the Four Horsemen of the Apocalypse?",A) The War Devil | B) The Control Devil | C) The Famine Devil | D) The Death Devil,B
165,Anime,Medium,Multiple Choice,"In 'Attack on Titan', what continental nation-state across the sea used Eldian subjects as Titan cannon-fodder and sent the Warrior unit to Paradis?",A) Hizuru | B) Mid-East Allied Forces | C) Marley | D) Eldia,C
166,Anime,Medium,Multiple Choice,"In 'Demon Slayer', who is the Upper Rank One demon who was once a human swordsman and the twin brother of Yoriichi Tsugikuni?",A) Akaza | B) Doma | C) Hantengu | D) Kokushibo,D
167,Anime,Medium,Multiple Choice,"In 'Jujutsu Kaisen', who is Megumi Fushiguro's mercenary father, known as the 'Sorcerer Killer', who possesses zero cursed energy due to a Heavenly Restriction?",A) Toji Fushiguro | B) Naobito Zenin | C) Kenjaku | D) Jin Itadori,A
168,Anime,Medium,Multiple Choice,"In 'Fullmetal Alchemist: Brotherhood', who is the scarred vigilante survivor of the Ishvalan Civil War who hunts State Alchemists with deconstruction alchemy?",A) Miles | B) Scar | C) Buccaneer | D) Roy Mustang,B
169,Anime,Medium,Multiple Choice,"In 'My Hero Academia', what powerful Quirk belonged to the young girl Eri, which allows her to rewind a living body's state backwards in time?",A) Fast-Forward | B) Overhaul | C) Rewind | D) Erasure,C
170,Anime,Medium,Multiple Choice,"In 'Death Note', what FBI agent's fiancee and former agent deductive work almost unmasks Light Yagami before Light forces her to commit suicide via the notebook?",A) Halle Lidner | B) Wedy | C) Kiyomi Takada | D) Naomi Misora,D
171,Anime,Medium,Multiple Choice,"In 'Attack on Titan', what beast Titan shifter is revealed to be Eren Yeager's royal-blooded older half-brother?",A) Zeke Yeager | B) Grisha Yeager | C) Tom Ksaver | D) Porco Galliard,A
172,Anime,Medium,Multiple Choice,"In 'Demon Slayer: Entertainment District Arc', who is the flamboyant Sound Hashira who leads Tanjiro and company into the Yoshiwara red-light district?",A) Sanemi Shinazugawa | B) Tengen Uzui | C) Gyomei Himejima | D) Obanai Iguro,B
173,Anime,Medium,Multiple Choice,"In 'Jujutsu Kaisen', what grade-1 sorcerer and salaryman fights with a blunt, cleaver-like blade wrapped in cloth using the 7:3 Ratio Technique?",A) Atsuya Kusakabe | B) Masamichi Yaga | C) Kento Nanami | D) Naoya Zenin,C
174,Anime,Medium,Multiple Choice,"In 'Fullmetal Alchemist', who is the iron-willed, ice-cold Major General commanding the northern fortress of Briggs, armed with a saber?",A) Riza Hawkeye | B) Maria Ross | C) Winry Rockbell | D) Olivier Mira Armstrong,D
175,Anime,Medium,Multiple Choice,"In 'Chainsaw Man', what Soviet-trained assassin girl is the hybrid host of the Bomb Devil and forms a genuine bond with Denji before tragedy strikes?",A) Reze | B) Power | C) Kobeni | D) Quanxi,A
176,Anime,Medium,Typing,"What 6-letter surname belongs to Captain Levi and Mikasa in Attack on Titan, an elite clan persecuted by the King?",,Ackerman
177,Anime,Medium,Typing,What 7-letter title belongs to the elite nine pillar swordsmen of the Demon Slayer Corps (Ha...)?,,Hashira
178,Anime,Medium,Typing,What 6-letter name belongs to the ancient King of Curses whose fingers Yuji Itadori ingests (Suk...)?,,Sukuna
179,Anime,Medium,Typing,What 8-letter material is used for Edward Elric's mechanical prosthetic limbs in Fullmetal Alchemist (Auto...)?,,automail
180,Anime,Medium,Typing,What 4-letter pseudonym is taken by Light Yagami as the god of the new world in Death Note?,,Kira
181,Anime,Hard,Multiple Choice,"In 'Attack on Titan', who was the ancient progenitor girl who first came into contact with the mysterious luminous spine creature and became the first Titan 2,000 years ago?",A) Dina Fritz | B) Ymir Fritz | C) Frieda Reiss | D) Maria Fritz,B
182,Anime,Hard,Multiple Choice,"In 'Demon Slayer', who was the legendary Sengoku-era swordsman who created Sun Breathing and nearly sliced Muzan Kibutsuji into 1,800 pieces in their historic duel?",A) Kokushibo | B) Michikatsu Tsugikuni | C) Yoriichi Tsugikuni | D) Sumiyoshi,C
183,Anime,Hard,Multiple Choice,"In 'Jujutsu Kaisen', what is the name of the ancient thousand-year-old brain-hopping sorcerer who took over Suguru Geto's corpse and engineered the Culling Game?",A) Sukuna | B) Tengen | C) Dhruv Lakdawalla | D) Kenjaku,D
184,Anime,Hard,Multiple Choice,"In 'Fullmetal Alchemist: Brotherhood', what ancient desert civilization was annihilated in a single night by the Dwarf in the Flask to forge his first massive Philosopher's Stone?",A) Xerxes | B) Ishval | C) Xing | D) Creta,A
185,Anime,Hard,Multiple Choice,"In 'Death Note', what is the real canonical name of the detective 'L' revealed in the official guidebook 'How to Read 13'?",A) Lind L. Tailor | B) L Lawliet | C) Nate River | D) Mihael Keehl,B
186,Anime,Hard,Multiple Choice,"In 'My Hero Academia', what was the original name of the Quirk possessed by All Might's master and the 7th user of One For All, Nana Shimura?",A) Blackwhip | B) Gearshift | C) Float | D) Danger Sense,C
187,Anime,Hard,Multiple Choice,"In 'Chainsaw Man', what devil contract gives Santa Claus the terrifying ability to turn people across an entire city into emotionless wooden puppets?",A) The Puppet Devil | B) The Marionette Devil | C) The Flesh Devil | D) The Doll Devil,D
188,Anime,Hard,Multiple Choice,"In 'Attack on Titan', what specific biological spinal fluid component transforms Subjects of Ymir into Pure Titans when injected or inhaled alongside Zeke's scream?",A) Titan spinal fluid | B) Eldian marrow | C) Royal serum | D) Ymirian enzyme,A
189,Anime,Hard,Multiple Choice,"In 'Demon Slayer', what was the true tragic biological backstory of Upper Rank Three demon Akaza when he was a human martial artist named Hakuji?","A) His family was slaughtered by samurai | B) His ailing father committed suicide, and later his beloved fiancee Koyuki and master were poisoned by a rival dojo | C) He was born blind | D) He failed an exam",B
190,Anime,Hard,Multiple Choice,"In 'Jujutsu Kaisen', what is the name of Master Tengen's subterranean pocket dimension barrier beneath Tokyo Jujutsu High where the Star Religious Group attempted infiltration?",A) Domain of Curses | B) Tengen's Sanctum | C) Tombs of the Star | D) The Root Well,C
191,Anime,Hard,Multiple Choice,"In 'Fullmetal Alchemist: Brotherhood', which State Alchemist was known as the 'Sewing-Life Alchemist' and committed the horrific act of fusing his young daughter Nina and her dog into a talking Chimera?",A) Tim Marcoh | B) Basque Grand | C) Solf J. Kimblee | D) Shou Tucker,D
192,Anime,Hard,Multiple Choice,"In 'Death Note', who was the dedicated Japanese female television news anchor and former college girlfriend of Light who served as Kira's public spokesperson before being burned alive?",A) Kiyomi Takada | B) Misa Amane | C) Halle Lidner | D) Sachiko Yagami,A
193,Anime,Hard,Multiple Choice,"In 'My Hero Academia', what was the real birth name of the villain Twice, who suffered an existential crisis from multiplying his own clones until they slaughtered each other?",A) Atsuhiro Sako | B) Jin Bubaigawara | C) Shuichi Iguchi | D) Kenji Hikiishi,B
194,Anime,Hard,Multiple Choice,"In 'Chainsaw Man', who is the four-member group of immortal devils including Control, War, Famine, and Death known collectively as?",A) The Primal Fears | B) The Fiend Council | C) The Four Horsemen (Four Horsewomen) of the Apocalypse | D) The Hell Lords,C
195,Anime,Hard,Multiple Choice,"In 'Attack on Titan', what was the original name of the Eldian restorationist owl who passed the Attack Titan to Grisha Yeager on the border wall of Paradis?",A) Willy Tybur | B) Theo Magath | C) Uri Reiss | D) Eren Kruger,D
196,Anime,Hard,Multiple Choice,"In 'Demon Slayer', what distinct physiological phenomenon marks swordsmen who unlock superhuman strength, body transparency, and increased core body temperature over 39 degrees Celsius?",A) The Demon Slayer Mark | B) The Nichirin Aura | C) The Total Concentration Glow | D) The Hashira Brand,A
197,Anime,Hard,Multiple Choice,"In 'Jujutsu Kaisen', what legendary inverted spear grade tool was wielded by Toji Fushiguro to completely nullify Satoru Gojo's Infinity barrier?",A) Split Soul Katana | B) Inverted Spear of Heaven | C) Playful Cloud | D) Dragon Bone,B
198,Anime,Hard,Typing,"What 4-letter name belongs to the original slave girl who became the first Titan 2,000 years ago in Attack on Titan (Ym...)?",,Ymir
199,Anime,Hard,Typing,What 8-letter name belongs to the ancient Sengoku-era creator of Sun Breathing who defeated Muzan in Demon Slayer (Yori...)?,,Yoriichi
200,Anime,Hard,Typing,What 7-letter name belongs to the brain-switching ancient sorcerer who orchestrated the Shibuya Incident in Jujutsu Kaisen (Ken...)?,,Kenjaku
201,Anime,Easy,Multiple Choice,"In 'Neon Genesis Evangelion', who is the reluctant 14-year-old pilot of the purple cyborg mecha EVA Unit-01?",A) Kaworu Nagisa | B) Toji Suzuhara | C) Shinji Ikari | D) Kensuke Aida,C
202,Anime,Easy,Multiple Choice,"In 'Cowboy Bebop', what bounty hunter protagonist was once an operative of the Red Dragon Crime Syndicate and practices Jeet Kune Do?",A) Jet Black | B) Vicious | C) Gren | D) Spike Spiegel,D
203,Anime,Easy,Multiple Choice,"In Studio Ghibli's Oscar-winning film 'Spirited Away', what young girl enters the spirit world and works in Yubaba's bathhouse under the name Sen?",A) Chihiro Ogino | B) San | C) Kiki | D) Sophie,A
204,Anime,Easy,Multiple Choice,"In 'Steins;Gate', what self-proclaimed 'mad scientist' protagonist operates under the dramatic persona of Hououin Kyouma?",A) Itaru Hashida | B) Rintaro Okabe | C) Luka Urushibara | D) Alexis Leskinen,B
205,Anime,Easy,Multiple Choice,"In 'Code Geass', what exile Britannian prince leads the Black Knights under the masked vigilante identity of 'Zero'?",A) Suzaku Kururugi | B) Schneizel el Britannia | C) Lelouch vi Britannia | D) Clovis la Britannia,C
206,Anime,Easy,Multiple Choice,"In the landmark 1988 cyberpunk anime film 'Akira', who is the teenage biker gang leader famous for his custom red motorcycle?",A) Tetsuo Shima | B) Yamagata | C) Kai | D) Shotaro Kaneda,D
207,Anime,Easy,Multiple Choice,"In 'Ghost in the Shell', who is the cyborg squad leader and field commander of Public Security Section 9?",A) Major Motoko Kusanagi | B) Batou | C) Togusa | D) Daisuke Aramaki,A
208,Anime,Easy,Multiple Choice,"In Naoki Urasawa's psychological masterpiece 'Monster', what is the profession of the compassionate protagonist Dr. Kenzo Tenma?",A) Police detective | B) Brain surgeon | C) Lawyer | D) Journalist,B
209,Anime,Easy,Multiple Choice,"In Studio Ghibli's 'My Neighbor Totoro', what magical creature is the giant, furry forest spirit befriended by Satsuki and Mei?",A) Catbus | B) No-Face | C) Totoro | D) Calcifer,C
210,Anime,Easy,Multiple Choice,"In 'Psycho-Pass', what hand-held specialized firearm wielded by Inspectors and Enforcers measures a suspect's Crime Coefficient?",A) The Decider | B) The Enforcer | C) The Sibyl Blaster | D) The Dominator,D
211,Anime,Easy,Multiple Choice,"In 'Neon Genesis Evangelion', who is the fiery, red-haired German pilot of EVA Unit-02 whose catchphrase is 'Anta baka?!' (Are you stupid)?",A) Asuka Langley Soryu | B) Rei Ayanami | C) Misato Katsuragi | D) Ritsuko Akagi,A
212,Anime,Easy,Multiple Choice,"In 'Cowboy Bebop', what super-intelligent, data-dog Pembroke Welsh Corgi joins the crew of the Bebop?",A) Akamaru | B) Ein | C) Iggy | D) Plue,B
213,Anime,Easy,Multiple Choice,"In Studio Ghibli's 'Princess Mononoke', who is the human girl raised by the giant white wolf goddess Moro who fights to protect the forest?",A) Lady Eboshi | B) Nausicaa | C) San | D) Fio,C
214,Anime,Easy,Multiple Choice,"In 'Steins;Gate', what appliance modified with a mobile phone accidentally functions as a time machine that can send text messages to the past (D-Mails)?",A) A hair dryer | B) A toaster oven | C) A blender | D) The Phone Microwave,D
215,Anime,Easy,Multiple Choice,"In 'Code Geass', what immortal green-haired girl gives Lelouch the supernatural power of Absolute Obedience known as Geass?",A) C.C. | B) Shirley Fenette | C) Kallen Kozuki | D) Euphemia li Britannia,A
216,Anime,Easy,Multiple Choice,"In Studio Ghibli's 'Howl's Moving Castle', what lively fire demon powers Howl's castle through a magical contract?",A) Heen | B) Calcifer | C) Turnip Head | D) Suliman,B
217,Anime,Easy,Multiple Choice,"In 'Neon Genesis Evangelion', what is the name of the mysterious blue-haired First Child who pilots EVA Unit-00?",A) Hikari Horaki | B) Maya Ibuki | C) Rei Ayanami | D) Yui Ikari,C
218,Anime,Easy,Multiple Choice,"In 'Cowboy Bebop', who is the purple-haired, amnesiac con artist and femme fatale who joins Spike and Jet aboard the Bebop?",A) Julia | B) Judy | C) Stella | D) Faye Valentine,D
219,Anime,Easy,Multiple Choice,"In 'Monster', who is the psychopathic, charismatic nihilist villain whom Dr. Tenma saved as a boy and now vows to stop?",A) Johan Liebert | B) Inspector Lunge | C) Roberto | D) Wolfgang Grimmer,A
220,Anime,Easy,Multiple Choice,"In the cyberpunk classic 'Akira', what futuristic metropolitan city built on Tokyo Bay serves as the setting following World War III?",A) Cyber-Tokyo | B) Neo-Tokyo | C) Metro-Tokyo | D) Shin-Tokyo,B
221,Anime,Easy,Multiple Choice,"In Studio Ghibli's 'Kiki's Delivery Service', what is the name of the young witch Kiki's sarcastic, talking black cat?",A) Meon | B) Kuro | C) Jiji | D) Luna,C
222,Anime,Easy,Multiple Choice,"In 'Steins;Gate', who is the brilliant, 18-year-old neuroscience researcher and tsundere heroine who Okabe nicknamed 'Assistant' and 'Christina'?",A) Mayuri Shiina | B) Suzuha Amane | C) Moeka Kiryu | D) Kurisu Makise,D
223,Anime,Easy,Multiple Choice,"In 'Code Geass', what is the primary name of the humanoid bipedal mecha weapon frames deployed by the Britannian military?",A) Knightmare Frames | B) Mobile Suits | C) EVAs | D) Gundams,A
224,Anime,Easy,Multiple Choice,"In 'Neon Genesis Evangelion', what shadowy multinational United Nations agency, directed by Gendo Ikari, oversees the defense against the Angels?",A) SEELE | B) NERV | C) Gehirn | D) WILLE,B
225,Anime,Easy,Multiple Choice,"In 'Cowboy Bebop', what eccentric, barefoot teenage hacker prodigy from Earth joins the Bebop crew alongside her computer?",A) Faye Valentine | B) Lin | C) Edward Wong Hau Pepelu Tivruski IV | D) Meifa,C
226,Anime,Easy,Multiple Choice,"In Studio Ghibli's 'Spirited Away', what river spirit boy can transform into a majestic white oriental dragon and helps Chihiro?",A) Kamaji | B) Boh | C) Aogaeru | D) Haku,D
227,Anime,Easy,Multiple Choice,"In 'Psycho-Pass', what massive, automated biomechanical supercomputer system monitors the mental states and souls of Japanese citizens?",A) The Sibyl System | B) Babylon System | C) Skynet | D) MAGI System,A
228,Anime,Easy,Multiple Choice,"In 'Ghost in the Shell: Stand Alone Complex', what spider-like, AI-driven light tanks possess childlike voices and an addiction to natural oil?",A) Logicomas | B) Tachikomas | C) Fuchikomas | D) Landmates,B
229,Anime,Easy,Multiple Choice,"In Studio Ghibli's 'Castle in the Sky', what legendary floating island kingdom powered by a giant crystal levitation stone is sought by Pazu and Sheeta?",A) Atlantis | B) El Dorado | C) Laputa | D) Shangri-La,C
230,Anime,Easy,Multiple Choice,"In 'Steins;Gate', what secret European research nuclear organization is the primary rival and conspiracy antagonist trying to monopolize time travel?",A) S.H.I.E.L.D. | B) OMNI | C) STRATFOR | D) SERN,D
231,Anime,Easy,Multiple Choice,"In 'Code Geass', who is Lelouch's former childhood best friend who joins the Britannian military as the pilot of the Lancelot?",A) Suzaku Kururugi | B) Gino Weinberg | C) Lloyd Asplund | D) Jeremiah Gottwald,A
232,Anime,Easy,Multiple Choice,"In 'Neon Genesis Evangelion', what mysterious, gigantic alien beings descend upon Tokyo-3 to trigger the Third Impact?",A) Titans | B) Angels | C) Kaiju | D) Disciples,B
233,Anime,Easy,Multiple Choice,"In 'Cowboy Bebop', what signature monoplane red racing spacecraft is piloted by Spike Spiegel?",A) Red Tail | B) Hammerhead | C) Swordfish II | D) Outlaw Star,C
234,Anime,Easy,Multiple Choice,"In Studio Ghibli's 'Princess Mononoke', who is the cursed Emishi prince who travels west to find a cure for his demonic boar affliction?",A) Jigo | B) Kohroku | C) Lord Asano | D) Prince Ashitaka,D
235,Anime,Easy,Multiple Choice,"In 'Monster', what obsessed German BKA police detective tenaciously pursues Dr. Tenma across Germany, typing imaginary records on his fingers?",A) Inspector Heinrich Lunge | B) Detective Suk | C) Karl Neuman | D) Otto Heckel,A
236,Anime,Easy,Multiple Choice,"In 'Akira', which troubled telekinetic teenager experiences a grotesque, uncontrollable body mutation after his psychic powers awaken?",A) Kaneda | B) Tetsuo Shima | C) Kai | D) Ryu,B
237,Anime,Easy,Multiple Choice,"In Studio Ghibli's 'Howl's Moving Castle', what curse is placed on 18-year-old milliner Sophie Hatter by the Witch of the Waste?",A) She is turned into a cat | B) She is struck mute | C) She is transformed into an elderly 90-year-old woman | D) She is trapped in stone,C
238,Anime,Easy,Multiple Choice,"In 'Steins;Gate', what catchphrase does Okabe Rintaro utter at the end of his encrypted phone calls to maintain his persona?",A) Veni Vidi Vici | B) Eureka Seven | C) Memento Mori | D) 'El Psy Kongroo',D
239,Anime,Easy,Multiple Choice,"In 'Neon Genesis Evangelion', what impenetrable defensive forcefield barrier is generated by both Angels and Evangelions?",A) A.T. Field | B) I-Field | C) Void Shield | D) Psycho-Frame,A
240,Anime,Easy,Multiple Choice,"In 'Cowboy Bebop', what lethal sword-wielding syndicate assassin is Spike Spiegel's bitter nemesis?",A) Lin | B) Vicious | C) Pierrot Le Fou | D) Asimov Solensan,B
241,Anime,Easy,Multiple Choice,"In Studio Ghibli's 'Spirited Away', what enigmatic, masked spirit ingests bathhouse workers before being calmed by Chihiro's herbal cake?",A) Radish Spirit | B) River Spirit | C) No-Face | D) Stink Spirit,C
242,Anime,Easy,Multiple Choice,"In 'Psycho-Pass', what term denotes an individual whose Crime Coefficient exceeds safe thresholds, making them candidates for therapy or elimination?",A) Rogue Agent | B) Cyber-deviant | C) Outlier | D) Latent Criminal,D
243,Anime,Easy,Multiple Choice,"In 'Ghost in the Shell' (1995), what mysterious rogue AI entity born in the sea of information hacks human cyberbrains?",A) The Puppet Master | B) Tachikoma-X | C) Laughing Man | D) Individual Eleven,A
244,Anime,Easy,Typing,What 6-letter first name belongs to the reluctant EVA Unit-01 pilot whose surname is Ikari?,,Shinji
245,Anime,Easy,Typing,What 5-letter first name belongs to the bounty hunter protagonist of Cowboy Bebop whose surname is Spiegel?,,Spike
246,Anime,Easy,Typing,What 6-letter name belongs to the legendary Japanese animation studio co-founded by Hayao Miyazaki (Gh...)?,,Ghibli
247,Anime,Easy,Typing,What 7-letter name belongs to the masked revolutionary alter-ego adopted by Lelouch in Code Geass?,,Lelouch
248,Anime,Easy,Typing,What 6-letter name belongs to the giant furry forest spirit in Hayao Miyazaki's beloved 1988 classic anime film?,,Totoro
249,Anime,Easy,Typing,What 5-letter name belongs to the red-motorcycle-riding cyberpunk anime classic set in Neo-Tokyo (Ak...)?,,Akira
250,Anime,Easy,Typing,What 5-letter name belongs to the psychopathic villain twin brother of Nina Fortner in Naoki Urasawa's Monster (Jo...)?,,Johan
251,Anime,Medium,Multiple Choice,"In 'Neon Genesis Evangelion', what apocalyptic biological cataclysm wiped out half of the world's human population in Antarctica in the year 2000?",A) The First Impact | B) The Second Impact | C) The Third Impact | D) The Red Sea Event,B
252,Anime,Medium,Multiple Choice,"In 'Cowboy Bebop', what red eye-drop performance-enhancing narcotic was smuggled by Asimov Solensan in the very first episode 'Asteroid Blues'?",A) Red Sand | B) Bloody Mary | C) Red Eye | D) Liquid Fire,C
253,Anime,Medium,Multiple Choice,"In Studio Ghibli's 'Princess Mononoke', what industrial settlement fortified with wooden stockades is run by the ambitious Lady Eboshi?",A) Gold Mountain | B) Cedar Ridge | C) Wolf Valley | D) Iron Town,D
254,Anime,Medium,Multiple Choice,"In 'Steins;Gate', what unique cognitive ability allows Okabe Rintaro to retain his memories across different world lines when history changes?",A) Reading Steiner | B) Geass | C) Sixth Sense | D) Laplace Eye,A
255,Anime,Medium,Multiple Choice,"In 'Code Geass', what is the final selfless master plan where Lelouch becomes the hated tyrant of the world so his staged assassination brings global peace?",A) Operation Black Knights | B) Zero Requiem | C) Britannia Dawn | D) Geass Protocol,B
256,Anime,Medium,Multiple Choice,"In Naoki Urasawa's 'Monster', what experimental communist children's home in East Berlin subjected boys including Johan Liebert to psychological conditioning?",A) Haus 101 | B) Red Rose Mansion | C) Kinderheim 511 | D) 49th District Ward,C
257,Anime,Medium,Multiple Choice,"In 'Psycho-Pass', who is the charismatic, intellectually sophisticated villain in Season 1 whose unique brain chemistry renders him asymptomatic to the Sibyl System?",A) Kirito Kamui | B) Shinya Kogami | C) Nobuchika Ginoza | D) Makishima Shogo,D
258,Anime,Medium,Multiple Choice,"In 'Ghost in the Shell: Stand Alone Complex', what enigmatic, smiling digital icon is adopted by the mysterious hacker who hacks people's vision in real-time?",A) The Laughing Man | B) The Cheshire Cat | C) The Anonymous Mask | D) The Cyber Ghost,A
259,Anime,Medium,Multiple Choice,"In 'Neon Genesis Evangelion', what supercomputer triune system developed by Dr. Naoko Akagi makes democratic consensus judgments based on Melchior, Balthasar, and Casper?",A) The Eden Array | B) The MAGI System | C) The Tree of Life | D) The Adam Core,B
260,Anime,Medium,Multiple Choice,"In 'Cowboy Bebop', what famous jazz/blues music composer collaborated with Shinichiro Watanabe to compose the legendary soundtrack of the series?",A) Joe Hisaishi | B) Hiroyuki Sawano | C) Yoko Kanno | D) Susumu Hirasawa,C
261,Anime,Medium,Multiple Choice,"In Studio Ghibli's 'Nausicaa of the Valley of the Wind', what colossal armored subterranean insects inhabit the toxic jungle (Sea of Corruption)?",A) Chimeras | B) Scylla | C) Scarabs | D) The Ohmu,D
262,Anime,Medium,Multiple Choice,"In 'Steins;Gate', what small, hand-held vacuum-tube device created by future Okabe measures the numerical divergence percentage of world lines?",A) The Divergence Meter | B) The D-Counter | C) Chronos Sensor | D) Quantum Gauge,A
263,Anime,Medium,Multiple Choice,"In 'Code Geass', what is the name of the white-and-gold Prototype Seventh Generation Knightmare Frame piloted exclusively by Suzaku Kururugi?",A) Guren Mk-II | B) Lancelot | C) Gawain | D) Shinkiro,B
264,Anime,Medium,Multiple Choice,"In 'Akira', what secret cryogenic facility located under the Olympic Stadium in Neo-Tokyo houses the preserved biological remnants of Akira?",A) The Vault of Eden | B) Sector 7 Under-Lab | C) The Cryogenic Core | D) Project Espers Base,C
265,Anime,Medium,Multiple Choice,"In 'Monster', what is the title of the disturbing Czech picture book written by Franz Bonaparta under the pseudonym Emil Scherbe that traumatized Johan?",A) The Sleeping Castle | B) The Nameless Boy | C) The Red Rose of Prague | D) The Monster Without a Name,D
266,Anime,Medium,Multiple Choice,"In 'Neon Genesis Evangelion', what spear-shaped ancient extraterrestrial artifact is capable of piercing any A.T. Field and controls the Seeds of Life?",A) The Spear of Longinus | B) Spear of Odin | C) Rod of Hermes | D) Trident of Poseidon,A
267,Anime,Medium,Multiple Choice,"In 'Cowboy Bebop', what are the famous three final words that appear on the screen at the conclusion of the series finale following Spike's duel?",A) 'SEE YOU SPACE COWBOY' | B) 'YOU'RE GONNA CARRY THAT WEIGHT.' | C) 'LIFE IS BUT A DREAM' | D) 'BANG',B
268,Anime,Medium,Multiple Choice,"In Studio Ghibli's 'Porco Rosso', what curse transforms the World War I Italian fighter ace pilot Marco Pagot into what creature?",A) A sea hawk | B) A stone statue | C) An anthropomorphic pig | D) An owl,C
269,Anime,Medium,Multiple Choice,"In 'Steins;Gate', what tragedy does Okabe desperately attempt to prevent on the Alpha world line across countless agonizing time leaps?",A) The death of Kurisu Makise | B) The destruction of Tokyo | C) The arrest of Daru | D) The death of his childhood friend Mayuri Shiina,D
270,Anime,Medium,Multiple Choice,"In 'Code Geass', what is the title of Lelouch's beloved younger, disabled, and blind sister whom he seeks to create a peaceful world for?",A) Nunnally vi Britannia | B) Shirley | C) Cornelia | D) Cecile,A
271,Anime,Medium,Multiple Choice,"In 'Ghost in the Shell', what is the term for the human consciousness, ego, and individual soul that resides inside a cyborg cyberbrain?",A) The Shell | B) The Ghost | C) The Spark | D) The Kernel,B
272,Anime,Medium,Multiple Choice,"In 'Psycho-Pass', what mode does the Dominator transform into when pointed at a target whose Crime Coefficient exceeds 300, lethally obliterating their body?",A) Non-Lethal Paralyzer | B) Destroy Decomposer | C) Lethal Eliminator | D) Neutralizer Blast,C
273,Anime,Medium,Multiple Choice,"In Studio Ghibli's 'Spirited Away', what did Chihiro's greedy parents turn into after eating food left unattended at an abandoned theme park stall?",A) Frogs | B) Crows | C) Clay statues | D) Pigs,D
274,Anime,Medium,Multiple Choice,"In 'Neon Genesis Evangelion', what is the true biological nature of the Evangelion mechas revealed by Ritsuko Akagi?","A) Cloned, armored humanoid biological entities derived from the first Angel Adam | B) Fully autonomous robots | C) Human-made metal shells | D) Alien space rocks",A
275,Anime,Medium,Multiple Choice,"In 'Akira', who is the government colonel and head of the secret military project who tries to contain Tetsuo's catastrophic psychic awakening?",A) General Ryu | B) Colonel Shikishima | C) Minister Morimoto | D) Commander Kai,B
276,Anime,Medium,Typing,What 4-letter name belongs to the UN agency defending Tokyo-3 against Angels in Neon Genesis Evangelion?,,NERV
277,Anime,Medium,Typing,What 5-letter name belongs to Spike Spiegel's spacecraft in Cowboy Bebop (The ...)?,,Bebop
278,Anime,Medium,Typing,What 8-letter surname belongs to the legendary anime director who directed Spirited Away and Princess Mononoke (Miya...)?,,Miyazaki
279,Anime,Medium,Typing,What 5-letter title completes the visual novel & anime title 'Steins;...'?,,Gate
280,Anime,Medium,Typing,What 5-letter supernatural eye power of absolute command was granted to Lelouch by C.C. in Code Geass?,,Geass
281,Anime,Hard,Multiple Choice,"In 'Neon Genesis Evangelion: The End of Evangelion', what happens to human physical bodies across the world during the Third Impact when their individual A.T. Fields collapse?",A) They are vaporized into ash | B) They turn into stone angels | C) They dissolve into primordial soup (LCL liquid / orange tang) uniting into a single collective consciousness | D) They ascend into outer space,C
282,Anime,Hard,Multiple Choice,"In 'Cowboy Bebop', what are the very last words spoken by Spike Spiegel right before he collapses on the syndicate headquarters steps?",A) 'See you later' | B) 'Julia...' | C) 'It was all a dream.' | D) 'Bang.',D
283,Anime,Hard,Multiple Choice,"In Studio Ghibli's 'Princess Mononoke', what happens when Lady Eboshi severs the head of the Great Forest Spirit (Deer God / Shishigami) with a matchlock rifle?","A) An oozing, black sea of death erupts from the severed neck, instantly withering all plant and animal life it touches | B) The forest instantly turns to gold | C) All the boars revive | D) A massive flood washes away Iron Town",A
284,Anime,Hard,Multiple Choice,"In 'Steins;Gate', what is the exact numerical divergence value of the 'Steins Gate' world line where neither Mayuri nor Kurisu die and WWIII is averted?",A) 0.000000% | B) 1.048596% | C) 0.571024% | D) 2.615480%,B
285,Anime,Hard,Multiple Choice,"In 'Code Geass', what was the original name of Japan after it was stripped of its sovereignty and reduced to a colony by the Holy Britannian Empire?",A) Sector 7 | B) Colony Zero | C) Area 11 | D) Far East District,C
286,Anime,Hard,Multiple Choice,"In 'Monster', what real-life historic event serves as the background for the mysterious experimental pediatric programs of Kinderheim 511?",A) The rise of the Weimar Republic | B) The French Revolution | C) The Austrian Empire succession | D) The Cold War division and state secrets of the East German Stasi and Czechoslovak secret police,D
287,Anime,Hard,Multiple Choice,"In 'Psycho-Pass', what shocking truth is revealed to Akane Tsunemori about the true physical composition of the Sibyl System?",A) It is a collective super-brain network formed by connecting hundreds of surgically removed brains of criminally asymptomatic individuals | B) It is a supercomputer built by alien technology | C) It does not exist and is entirely simulated | D) It is operated by a single rogue military officer,A
288,Anime,Hard,Multiple Choice,"In the 1988 anime film 'Akira', who was the legendary manga artist, screenwriter, and director who personally directed the animated adaptation of his own manga?",A) Mamoru Oshii | B) Katsuhiro Otomo | C) Satoshi Kon | D) Yoshiaki Kawajiri,B
289,Anime,Hard,Multiple Choice,"In 'Neon Genesis Evangelion', what was the secret philosophical objective of the Human Instrumentality Project engineered by SEELE?","A) To colonize Mars | B) To build an invincible military fortress | C) To forcefully erase all individual human physical boundaries, minds, and souls into a unified, immortal god-like entity devoid of loneliness and pain | D) To resurrect prehistoric organisms",C
290,Anime,Hard,Multiple Choice,"In Studio Ghibli's historical drama 'The Wind Rises' (2013), which real-life aeronautical engineer's life and design of the Mitsubishi A6M Zero fighter is fictionalized?",A) Kenjiro Tsuda | B) Isao Takahata | C) Saburo Sakai | D) Jiro Horikoshi,D
291,Anime,Hard,Multiple Choice,"In 'Ghost in the Shell' (1995), what profound biological-philosophical outcome occurs when Major Motoko Kusanagi merges her ghost with Project 2501 (The Puppet Master)?","A) They merge into an entirely new, non-physical sentient entity free of physical form and nationality | B) She dies instantly | C) Her cyberbrain short-circuits | D) She becomes the head of Section 9",A
292,Anime,Hard,Multiple Choice,"In 'Steins;Gate', who is the identity of the future time traveler 'John Titor' who posts on the @channel forums warning about SERN's dystopian future?",A) Kurisu Makise | B) Suzuha Amane | C) Moeka Kiryu | D) Faris NyanNyan,B
293,Anime,Hard,Multiple Choice,"In 'Code Geass', what is the name of the mystical sword-plane mechanism controlled by Emperor Charles zi Britannia designed to slay God and connect human subconsciousness?",A) Damocles | B) The Fleija Core | C) The Sword of Akasha | D) The Ark of Britannia,C
294,Anime,Hard,Multiple Choice,"In Naoki Urasawa's 'Monster', what is the name of Johan Liebert's identical twin sister who was adopted under the name Nina Fortner?",A) Lotte Frank | B) Eva Heinemann | C) Margot Langer | D) Anna Liebert,D
295,Anime,Hard,Multiple Choice,"In Studio Ghibli's 'Grave of the Fireflies' (directed by Isao Takahata), what small sweet candies in a metal tin become the symbolic comfort of the starving young girl Setsuko?",A) Sakuma Drops | B) Pocky sticks | C) Konpeito sugar stars | D) Dango rice cakes,A
296,Anime,Hard,Multiple Choice,"In 'Neon Genesis Evangelion', what was the name of Shinji's mother, whose soul was absorbed into EVA Unit-01 during a contact experiment in 2004?",A) Naoko Akagi | B) Yui Ikari | C) Kyoko Zeppelin | D) Mana Kirishima,B
297,Anime,Hard,Multiple Choice,"In 'Cowboy Bebop', what was the name of the mysterious Red Dragon Syndicate member who was Spike's lover and who died in his arms in the church courtyard?",A) Judy | B) Stella | C) Julia | D) Elektra,C
298,Anime,Hard,Typing,What 6-letter name belongs to the director who created and directed Neon Genesis Evangelion (Hideaki ...)?,,Anno
299,Anime,Hard,Typing,What 5-letter name belongs to the author of the dark fairy tale picture book 'The Monster Without a Name' in Monster (Franz ...)?,,Bonaparta
300,Anime,Hard,Typing,What 6-letter name belongs to the high-explosive weapon of mass destruction warhead developed by Nina Einstein in Code Geass (F.L.E.I...)?,,FLEIJA
301,Anime,Easy,Multiple Choice,"In 'Sword Art Online', what is the gamer tag of the dual-wielding protagonist Kazuto Kirigaya?",A) Klein | B) Agil | C) Eugeo | D) Kirito,D
302,Anime,Easy,Multiple Choice,"In 'Re:Zero - Starting Life in Another World', what involuntary ability rewinds time for Subaru Natsuki whenever he dies?",A) Return by Death | B) Time Leap | C) Witch's Curse | D) Chrono Reset,A
303,Anime,Easy,Multiple Choice,"In 'That Time I Got Reincarnated as a Slime', what creature is modern Japanese salaryman Satoru Mikami reincarnated as in a fantasy world?",A) A goblin | B) A slime | C) A dragon | D) A skeleton,B
304,Anime,Easy,Multiple Choice,"In 'KonoSuba', what is the useless, debt-prone blue-haired goddess of water who is dragged to the fantasy world by Kazuma?",A) Eris | B) Wiz | C) Aqua | D) Megumin,C
305,Anime,Easy,Multiple Choice,"In 'Haikyu!!', what high school volleyball team features the dynamic rookie duo of Shoyo Hinata and Tobio Kageyama?",A) Nekoma High | B) Aoba Johsai | C) Shiratorizawa | D) Karasuno High,D
306,Anime,Easy,Multiple Choice,"In Makoto Shinkai's blockbuster anime film 'Your Name' (Kimi no Na wa), who are the two teenagers who mysteriously begin swapping bodies across time?",A) Taki Tachibana and Mitsuha Miyamizu | B) Hodaka and Hina | C) Shoya and Shoko | D) Kosei and Kaori,A
307,Anime,Easy,Multiple Choice,"In 'Overlord', what is the skeletal magic caster guildmaster name of the protagonist who presides over the Great Tomb of Nazarick?",A) Touch Me | B) Ainz Ooal Gown | C) Demiurge | D) Sebas Tian,B
308,Anime,Easy,Multiple Choice,"In 'Kaguya-sama: Love Is War', who are the two elite student council leaders engaged in a battle of wits to make the other confess first?",A) Yu and Tsubame | B) Nagisa and Tsubasa | C) Miyuki Shirogane and Kaguya Shinomiya | D) Miko and Kobachi,C
309,Anime,Easy,Multiple Choice,"In 'Blue Lock', what is the extreme training facility program created by Ego Jinpachi designed to produce for Japan's national soccer team?",A) The ultimate goalkeeper | B) A defensive wall | C) A team of playmakers | D) The world's greatest egoist striker,D
310,Anime,Easy,Multiple Choice,"In 'Your Lie in April' (Shigatsu wa Kimi no Uso), what instrument does the free-spirited blonde musician Kaori Miyazono play that re-ignites Kosei Arima's love for music?",A) Violin | B) Cello | C) Flute | D) Clarinet,A
311,Anime,Easy,Multiple Choice,"In 'Sword Art Online', what virtual reality hardware helmet trapped 10,000 players in the deadly death game of Aincrad?",A) Amusphere | B) NerveGear | C) Medicuboid | D) Soul Translator,B
312,Anime,Easy,Multiple Choice,"In 'KonoSuba', what is the Arch Wizard girl Megumin's single, daily high-destructive magical spell that exhausts all her mana?",A) Meteor | B) Armageddon | C) Explosion magic | D) Disintegration,C
313,Anime,Easy,Multiple Choice,"In 'A Silent Voice' (Koe no Katachi), what disability does the gentle female transfer student Shoko Nishimiya live with, for which she was bullied?",A) Blindness | B) Mutism | C) Mobility impairment | D) Congenital deafness,D
314,Anime,Easy,Multiple Choice,"In 'Haikyu!!', what short-statured protagonist wears jersey #10 and is known for his explosive vertical jump and love of volleyball?",A) Shoyo Hinata | B) Yu Nishinoya | C) Koshi Sugawara | D) Kei Tsukishima,A
315,Anime,Easy,Multiple Choice,"In 'Slam Dunk', what red-haired delinquent high schooler joins the Shohoku basketball team initially to impress a girl named Haruko?",A) Kaede Rukawa | B) Hanamichi Sakuragi | C) Ryota Miyagi | D) Takenori Akagi,B
316,Anime,Easy,Multiple Choice,"In 'Re:Zero', what blue-haired twin demon maid at Roswaal's mansion devotedly loves Subaru and delivers the famous confession in Episode 18?",A) Ram | B) Beatrice | C) Rem | D) Frederica,C
317,Anime,Easy,Multiple Choice,"In 'Kuroko's Basketball', what invisible Sixth Man specialist uses misdirection to pass the ball without being noticed by opponents?",A) Taiga Kagami | B) Ryota Kise | C) Daiki Aomine | D) Tetsuya Kuroko,D
318,Anime,Easy,Multiple Choice,"In 'Toradora!', what fierce, short-tempered tsundere girl is famously nicknamed the 'Palmtop Tiger' (Teori no Tora)?",A) Taiga Aisaka | B) Minori Kushieda | C) Ami Kawashima | D) Yasuko Takasu,A
319,Anime,Easy,Multiple Choice,"In 'Mushoku Tensei: Jobless Reincarnation', what former 34-year-old shut-in NEET is reincarnated as a magical prodigy in the fantasy world of Six-Faced World?",A) Paul Greyrat | B) Rudeus Greyrat | C) Orsted | D) Cliff Grimoire,B
320,Anime,Easy,Multiple Choice,"In 'Overlord', who is the succubus Overseer of the Floor Guardians of Nazarick who is obsessively and unhealthily in love with Ainz?",A) Shalltear Bloodfallen | B) Aura Bella Fiora | C) Albedo | D) Yuri Alpha,C
321,Anime,Easy,Multiple Choice,"In 'That Time I Got Reincarnated as a Slime', what ancient Storm Dragon was sealed in a cave for 300 years until Rimuru befriended and absorbed him?",A) Velgrynd | B) Milim Nava | C) Ifrit | D) Veldora Tempest,D
322,Anime,Easy,Multiple Choice,"In 'Clannad: After Story', who is the sweet, delicate girl with a fondness for the 'Big Dango Family' who marries Tomoya Okazaki?",A) Nagisa Furukawa | B) Kyou Fujibayashi | C) Tomoyo Sakagami | D) Kotomi Ichinose,A
323,Anime,Easy,Multiple Choice,"In 'Sword Art Online', who is the skilled Vice-Commander of the Knights of the Blood Oath known as the 'Flash' who becomes Kirito's wife?",A) Sinon | B) Asuna Yuuki | C) Leafa | D) Lisbeth,B
324,Anime,Easy,Multiple Choice,"In 'Hajime no Ippo', what shy high school boy who was bullied at a fishing boat dock discovers his knockout power and begins a professional boxing career?",A) Mamoru Takamura | B) Takeshi Sendo | C) Ippo Makunouchi | D) Ichiro Miyata,C
325,Anime,Easy,Multiple Choice,"In 'KonoSuba', what crusader knight in Kazuma's party is a masochist who derives immense ecstasy from being attacked by monsters?",A) Chris | B) Yunyun | C) Sena | D) Darkness,D
326,Anime,Easy,Multiple Choice,"In 'Kaguya-sama: Love Is War', who is the bubbly, pink-haired student council secretary famous for the viral 'Chika Dance' ending animation?",A) Chika Fujiwara | B) Miko Iino | C) Ai Hayasaka | D) Kei Shirogane,A
327,Anime,Easy,Multiple Choice,"In 'Your Lie in April', what psychological trauma caused young piano prodigy Kosei Arima to be unable to hear the sound of his own piano notes?",A) A physical ear injury | B) The abusive pressure and tragic death of his strict mother | C) Total deafness | D) A stage lighting accident,B
328,Anime,Easy,Multiple Choice,"In 'Blue Lock', who is the spatial-awareness prodigy protagonist who aims to conquer the project and score the winning goal for Japan?",A) Meguru Bachira | B) Seishiro Nagi | C) Yoichi Isagi | D) Rensuke Kunigami,C
329,Anime,Easy,Multiple Choice,"In 'Re:Zero', what half-elf silver-haired royal candidate does Subaru fall in love with upon his arrival in the fantasy world?",A) Felt | B) Crusch Karsten | C) Priscilla Barielle | D) Emilia,D
330,Anime,Easy,Multiple Choice,"In 'Haikyu!!', what genius setter from Karasuno was formerly known in middle school as the tyrannical 'King of the Court'?",A) Tobio Kageyama | B) Toru Oikawa | C) Kenma Kozume | D) Miya Atsumu,A
331,Anime,Easy,Multiple Choice,"In 'Sword Art Online', what 100-floor floating iron castle serves as the setting for the original death game?",A) Underworld | B) Aincrad | C) Alfheim | D) Gun Gale,B
332,Anime,Easy,Multiple Choice,"In 'Overlord', what vampire Floor Guardian of the First to Third Floors of Nazarick serves as a deadly spear combatant with a blood frenzy?",A) Albedo | B) Narberal Gamma | C) Shalltear Bloodfallen | D) Solution Epsilon,C
333,Anime,Easy,Multiple Choice,"In 'That Time I Got Reincarnated as a Slime', what sentient unique skill voice assists Rimuru by analyzing and calculating skills?",A) Predator | B) Gluttony | C) Wisdom King | D) Great Sage,D
334,Anime,Easy,Multiple Choice,"In 'Slam Dunk', what rival genius freshman prodigy on Shohoku plays small forward and wears jersey #11?",A) Kaede Rukawa | B) Hisashi Mitsui | C) Akira Sendoh | D) Kenji Fujima,A
335,Anime,Easy,Multiple Choice,"In 'Kuroko's Basketball', what group of five prodigy basketball players from Teiko Junior High swept all middle school competition?",A) The Miracle Five | B) The Generation of Miracles | C) The Uncrowned Kings | D) The Phantom Squad,B
336,Anime,Easy,Multiple Choice,"In Makoto Shinkai's 'Your Name', what celestial body splits apart in the night sky over the rural mountain town of Itomori?",A) A supernova | B) A lunar eclipse | C) Comet Tiamat | D) An asteroid,C
337,Anime,Easy,Multiple Choice,"In 'A Silent Voice', what former elementary school bully seeks redemption as a high schooler by learning sign language to apologize to Shoko?",A) Tomohiro Nagatsuka | B) Satoshi Mashiba | C) Kazuki Shimada | D) Shoya Ishida,D
338,Anime,Easy,Multiple Choice,"In 'Kaguya-sama: Love Is War', what is the cynical, gloomy, gaming-enthusiast student council treasurer who wears headphones?",A) Yu Ishigami | B) Tsubasa Tanuma | C) Kobachi Osaragi | D) Kei Shirogane,A
339,Anime,Easy,Multiple Choice,"In 'Mushoku Tensei', who is the green-haired migratory Superd race warrior with a third eye jewel on his forehead who protects Rudeus and Eris?",A) Ghislaine | B) Ruijerd Superdia | C) Geese | D) Talhand,B
340,Anime,Easy,Multiple Choice,"In 'Hajime no Ippo', what signature, dynamic figure-eight weaving body punch technique was mastered by Ippo Makunouchi?",A) Gazelle Punch | B) Smash | C) The Dempsey Roll | D) White Fang,C
341,Anime,Easy,Multiple Choice,"In 'Re:Zero', what Sin Archbishop of Sloth in the Witch's Cult is obsessed with love for Satella and frantically asks 'Truly, are you diligent?!'?",A) Regulus Corneas | B) Ley Batenkaitos | C) Sirius | D) Petelgeuse Romanee-Conti,D
342,Anime,Easy,Multiple Choice,"In 'Blue Lock', what slacker genius can trap any soccer ball perfectly with his effortless god-given touch and plays alongside Reo Mikage?",A) Seishiro Nagi | B) Hyoma Chigiri | C) Rin Itoshi | D) Shoei Baro,A
343,Anime,Easy,Multiple Choice,"In 'That Time I Got Reincarnated as a Slime', what pink-haired Dragonoid Demon Lord known as the 'Destroyer' becomes Rimuru's 'bestie' (soulmate)?",A) Ramiris | B) Milim Nava | C) Carrion | D) Guy Crimson,B
344,Anime,Easy,Typing,What 6-letter gamer name belongs to the Black Swordsman protagonist of Sword Art Online?,,Kirito
345,Anime,Easy,Typing,What 6-letter first name belongs to the track-suit wearing protagonist of Re:Zero (Su...)?,,Subaru
346,Anime,Easy,Typing,What 6-letter name belongs to the slime protagonist who founded the Jura Tempest Federation (Rim...)?,,Rimuru
347,Anime,Easy,Typing,What 5-letter name belongs to the skeletal Sorcerer King and ruler of Nazarick in Overlord (Ai...)?,,Ainz
348,Anime,Easy,Typing,What 7-letter title belongs to the popular volleyball anime series created by Haruichi Furudate (Hai...)?,,Haikyu
349,Anime,Easy,Typing,What 4-letter name belongs to the red-haired basketball delinquent hero of Slam Dunk (Hanamichi ...)?,,Sakuragi
350,Anime,Easy,Typing,What 7-letter title completes Makoto Shinkai's hit romance anime film: 'Your ...'?,,Name
351,Anime,Medium,Multiple Choice,"In 'Sword Art Online', what unique secret sword skill unlocked by Kirito allows him to wield both the Elucidator and Dark Repulser simultaneously?",A) Starburst Stream | B) The Eclipse | C) Dual Blades | D) Vorpal Strike,C
352,Anime,Medium,Multiple Choice,"In 'Re:Zero', what massive, airborne magical beast of fog created by the Witch of Gluttony terrorized travelers for four centuries until crushed by the alliance?",A) The Great Rabbit | B) The Black Serpent | C) The Crimson Manticore | D) The White Whale,D
353,Anime,Medium,Multiple Choice,"In 'That Time I Got Reincarnated as a Slime', what Japanese salaryman name did Rimuru Tempest hold before he was stabbed to death on the street?",A) Satoru Mikami | B) Shinji Ikari | C) Kazuma Sato | D) Subaru Natsuki,A
354,Anime,Medium,Multiple Choice,"In 'Overlord', what is the name of the ultra-hardcore, deep-dive DMMO-RPG virtual reality game from the year 2138 that was shutting down its servers?",A) Alfheim Online | B) YGGDRASIL | C) Gun Gale Online | D) The World,B
355,Anime,Medium,Multiple Choice,"In 'Haikyu!!', what is the animal mascot and aesthetic theme of Karasuno High's rival school Nekoma High, famous for their defense and floor saves?",A) Crows | B) Owls | C) Cats | D) Foxes,C
356,Anime,Medium,Multiple Choice,"In 'Kaguya-sama: Love Is War', what is the identity of Kaguya's loyal personal maid and childhood attendant who adopts multiple disguises at school?",A) Nagisa Kashiwagi | B) Tsubame Koyasu | C) Maki Shijo | D) Ai Hayasaka,D
357,Anime,Medium,Multiple Choice,"In 'Blue Lock', what is the name of the cool, aloof genius prodigy who is the younger brother of Real Madrid midfielder Sae Itoshi?",A) Rin Itoshi | B) Meguru Bachira | C) Yoichi Isagi | D) Ryusei Shidou,A
358,Anime,Medium,Multiple Choice,"In 'Mushoku Tensei', who is the water-magic demon-race tutor with blue twin-tails who gave Rudeus his graduation wand and is treated by him as a goddess?",A) Sylphiette | B) Roxy Migurdia | C) Eris Boreas Greyrat | D) Ghislaine Dedoldia,B
359,Anime,Medium,Multiple Choice,"In 'Slam Dunk', what three-point shooting guard for Shohoku famously wept on his knees before Coach Anzai and said: 'Coach, I want to play basketball'?",A) Ryota Miyagi | B) Takenori Akagi | C) Hisashi Mitsui | D) Kiminobu Kogure,C
360,Anime,Medium,Multiple Choice,"In 'Kuroko's Basketball', which Generation of Miracles captain and point guard possesses the 'Emperor Eye' and famously declares: 'I am absolute'?",A) Daiki Aomine | B) Shintaro Midorima | C) Atsushi Murasakibara | D) Seijuro Akashi,D
361,Anime,Medium,Multiple Choice,"In 'Sword Art Online: Alicization', what is the name of the simulated bottom-up AI world created by Rath using the Fluctlight technology?",A) Underworld | B) Aincrad | C) Alfheim | D) Gun Gale,A
362,Anime,Medium,Multiple Choice,"In 'Re:Zero', what is the name of the terrifying Witch of Envy who gave Subaru 'Return by Death' and whose miasma surrounds him whenever he loops?",A) Echidna | B) Satella | C) Minerva | D) Carmilla,B
363,Anime,Medium,Multiple Choice,"In 'That Time I Got Reincarnated as a Slime', what naming phenomenon occurs when a powerful monster or dragon bestows a personal name onto an unnamed creature?","A) The monster dies | B) The master loses all power | C) The named monster evolves into a superior, more humanoid form and gains immense magicules | D) It creates an unbreakable slavery curse",C
364,Anime,Medium,Multiple Choice,"In 'Overlord', what is the highest tier of magic accessible only to Level 100 players, exemplified by spells like 'Fallen Down' and 'Iä Shub-Niggurath'?",A) 10th Tier Magic | B) World Tier Magic | C) Primordial Tier | D) Super-Tier Magic,D
365,Anime,Medium,Multiple Choice,"In 'Haikyu!!', who is the brilliant setter and handsome captain of Aoba Johsai High whom Hinata nicknamed 'The Great King'?",A) Toru Oikawa | B) Kotaro Bokuto | C) Tetsuro Kuroo | D) Miya Atsumu,A
366,Anime,Medium,Multiple Choice,"In 'Your Lie in April', what heartbreaking truth is revealed about the violinist Kaori Miyazono in her posthumous farewell letter to Kosei?","A) She was moving to Paris | B) She suffered from a terminal illness, and her crush on Ryota Watari was a lie to get closer to Kosei | C) She gave up the violin | D) She never liked classical music",B
367,Anime,Medium,Multiple Choice,"In 'Blue Lock', what is the nickname and trademark speed attribute of the prodigy sprinter Hyoma Chigiri?",A) Monster | B) King | C) Red Panther | D) Chameleon,C
368,Anime,Medium,Multiple Choice,"In 'Mushoku Tensei', what cataclysmic magical disaster suddenly teleported the entire population of the Fittoa region across the continent?",A) The Dragon War | B) The Laplace Rebirth | C) The Divine Fall | D) The Great Mana Calamity,D
369,Anime,Medium,Multiple Choice,"In 'Kuroko's Basketball', which Generation of Miracles ace for Touou Academy moves with unpredictable streetball agility and coined 'The only one who can beat me is me'?",A) Daiki Aomine | B) Shintaro Midorima | C) Ryota Kise | D) Seijuro Akashi,A
370,Anime,Medium,Multiple Choice,"In 'Hajime no Ippo', who is the undefeated world middleweight champion from the Kamogawa gym whose wild, beast-like power conquered multiple weight classes?",A) Takeshi Sendo | B) Mamoru Takamura | C) Ryo Mashiba | D) Eiji Date,B
371,Anime,Medium,Multiple Choice,"In Makoto Shinkai's film 'Weathering With You' (Tenki no Ko), what supernatural gift does the run-away girl Hina Amano possess?",A) She can fly | B) She stops typhoons | C) She is a '100% Sunshine Girl' who can clear the rain and bring sunlight by praying | D) She creates snow,C
372,Anime,Medium,Multiple Choice,"In 'Sword Art Online', who was the creator of SAO, the NerveGear designer, and the leader of the Knights of the Blood Oath (Heathcliff)?",A) Nobuyuki Sugou | B) Seijirou Kikuoka | C) Gabriel Miller | D) Akihiko Kayaba,D
373,Anime,Medium,Multiple Choice,"In 'Re:Zero' Season 2, who is the greedy Witch of Knowledge who invites Subaru to tea parties inside her dream citadel?",A) Echidna | B) Sekhmet | C) Typhon | D) Daphne,A
374,Anime,Medium,Multiple Choice,"In 'Haikyu!!', what animal represents the ferocious, powerhouse Miyagi volleyball powerhouse Shiratorizawa Academy led by Wakatoshi Ushijima?",A) A Crow | B) A White Eagle | C) A Snake | D) A Cat,B
375,Anime,Medium,Multiple Choice,"In 'Blue Lock', what is the bizarre, inner drive entity described by Meguru Bachira that guides his creative dribbling and passes?",A) The Striker Spirit | B) The Beast | C) The 'Monster' inside him | D) The Shadow,C
376,Anime,Medium,Typing,What 5-letter name belongs to Kirito's swordswoman love interest and wife in Sword Art Online (As...)?,,Asuna
377,Anime,Medium,Typing,What 6-letter name belongs to the half-elf silver-haired royal candidate loved by Subaru in Re:Zero (Em...)?,,Emilia
378,Anime,Medium,Typing,"What 7-letter title belongs to Megumin's single, explosive high-level magic spell in KonoSuba?",,Explosion
379,Anime,Medium,Typing,What 7-letter name belongs to the main protagonist who seeks to become the world's best striker in Blue Lock (Is...)?,,Isagi
380,Anime,Medium,Typing,"What 7-letter surname belongs to the director of Your Name, Weathering With You, and Suzume (Shin...)?",,Shinkai
381,Anime,Hard,Multiple Choice,"In 'Sword Art Online', what was the exact floor number in Aincrad where Kirito exposed Commander Heathcliff as Akihiko Kayaba through a single duel?",A) Floor 50 | B) Floor 100 | C) Floor 82 | D) Floor 75,D
382,Anime,Hard,Multiple Choice,"In 'Re:Zero', what is the true nature of the 'Authorities' possessed by the Sin Archbishops of the Witch's Cult?",A) Physical manifestations of the fragments of the Witch Factors absorbed into incompatible souls | B) Cursed Dragon blood | C) Divine blessings from Od Laguna | D) Elven elemental spirits,A
383,Anime,Hard,Multiple Choice,"In 'That Time I Got Reincarnated as a Slime', what ultimate skill evolution does Great Sage undergo during Rimuru's ascension to True Demon Lord?",A) Beelzebuth | B) Raphael | C) Uriel | D) Michael,B
384,Anime,Hard,Multiple Choice,"In 'Overlord', which Supreme Being of the 41 guild members created the Floor Guardian Overseer Albedo and wrote in her settings that she is madly in love with Momonga?",A) Touch Me | B) Ulbert Alain Odle | C) Tabula Smaragdina | D) Peroroncino,C
385,Anime,Hard,Multiple Choice,"In 'Mushoku Tensei', who is the terrifying, god-like entity appearing as a featureless blank face in Rudeus's dreams who manipulates world events?",A) The Dragon God Orsted | B) Laplace | C) Perugius Dola | D) The Hitogami,D
386,Anime,Hard,Multiple Choice,"In 'Haikyu!!', what unique combined attack invented by Hinata and Kageyama involves Hinata jumping with his eyes closed while Kageyama pinpoints the ball directly into his palm?",A) The Minus-Tempo God-Fast Quick | B) The Rolling Thunder | C) The Synchronized Attack | D) The Back-Row Pipe,A
387,Anime,Hard,Multiple Choice,"In 'Kuroko's Basketball', what state of absolute physical and mental peak performance can only be entered by prodigies who possess an innate love for the game?",A) Direct Drive Zone | B) The Zone | C) Flow State | D) Eagle Eye,B
388,Anime,Hard,Multiple Choice,"In 'Blue Lock', what is the name of the unorthodox, eccentric coach who initiated the Blue Lock project to eliminate Japanese collective mindset in football?",A) Kenyu Yukimiya | B) Marc Snuffy | C) Ego Jinpachi | D) Noel Noa,C
389,Anime,Hard,Multiple Choice,"In 'Your Lie in April', what famous classical piano piece by Ludwig van Beethoven does Kosei Arima play during his comeback performance at the Maiho Competition?",A) Fur Elise | B) Moonlight Sonata | C) Waldstein Sonata | D) Piano Sonata No. 14 in C-sharp minor,D
390,Anime,Hard,Multiple Choice,"In 'Clannad: After Story', what mystical phenomenon grants Tomoya's miracle wish, rewinding time to save Nagisa and Ushio from their fatal illnesses?",A) The Light Orbs (Orbs of Light) collected through selfless acts of bringing happiness to others | B) An ancient shinto shrine | C) A time machine | D) The secret hospital drug,A
391,Anime,Hard,Multiple Choice,"In 'Sword Art Online: Alicization', what is the real name of the prototype military project aiming to create bottom-up artificial general intelligence for unmanned weapons?",A) Project Seed | B) Project Alicization | C) Project Underworld | D) Project Fluctlight,B
392,Anime,Hard,Multiple Choice,"In 'Re:Zero', who is the legendary ancient first Sword Saint who wielded the Dragon Sword Reid and is the ancestor of Reinhard van Astrea?",A) Theresia van Astrea | B) Heinkel van Astrea | C) Reid van Astrea | D) Wilhelm van Astrea,C
393,Anime,Hard,Multiple Choice,"In 'Overlord', what is the name of the mysterious World-level item used by the Slane Theocracy that brainwashed Shalltear Bloodfallen in Season 1?",A) Caloric Stone | B) Avarice and Generosity | C) Gygaxian Eye | D) Downfall of Castle and Country,D
394,Anime,Hard,Multiple Choice,"In 'Kaguya-sama: Love Is War', what is the name of the prestigious, historic academy founded for the children of Japan's wealthiest elite and royal bloodlines?",A) Shuchi'in Academy | B) Ouchi Academy | C) Hyakkaou Private Academy | D) Hanamiyama High,A
395,Anime,Hard,Multiple Choice,"In 'Mushoku Tensei', what unique physical trait allows Rudeus to cast high-level incantations instantly without speaking vocal chants?",A) Dragon blood | B) Voiceless Incantation | C) Divine eye | D) Mana saturation,B
396,Anime,Hard,Multiple Choice,"In 'Hajime no Ippo', what is the devastating counter-punch developed by Ichiro Miyata that utilizes the opponent's forward momentum to multiply impact force tenfold?",A) Dempsey Roll | B) White Fang | C) The Jolt Counter | D) Heart Break Shot,C
397,Anime,Hard,Multiple Choice,"In 'That Time I Got Reincarnated as a Slime', who is the True Dragon and older sister of Veldora who serves as the marshal of the Eastern Empire?",A) Velzard | B) Tiamat | C) Lucia | D) Velgrynd,D
398,Anime,Hard,Typing,What 7-letter name belongs to the creator of the death game SAO who hid as Commander Heathcliff (Kay...)?,,Kayaba
399,Anime,Hard,Typing,What 7-letter name belongs to the Witch of Envy whose love haunts Subaru in Re:Zero (Sat...)?,,Satella
400,Anime,Hard,Typing,What 9-letter name belongs to the elite Tokyo private academy setting of Kaguya-sama: Love Is War (Shuch...)?,,Shuchiin
401,Anime,Easy,Multiple Choice,Who is widely revered as the 'God of Manga' and 'Father of Anime' for creating 'Astro Boy' and 'Black Jack'?,A) Osamu Tezuka | B) Akira Toriyama | C) Eiichiro Oda | D) Hayao Miyazaki,A
402,Anime,Easy,Multiple Choice,Which Japanese animation studio is renowned for producing 'Demon Slayer' and the 'Fate/stay night: Heaven's Feel' movie trilogy with stunning digital visual effects?,A) MAPPA | B) Ufotable | C) CloverWorks | D) Toei Animation,B
403,Anime,Easy,Multiple Choice,"Which animation studio, founded by Masao Maruyama, animated 'Jujutsu Kaisen', 'Chainsaw Man', and 'Attack on Titan: The Final Season'?",A) Bones | B) Wit Studio | C) MAPPA | D) Pierrot,C
404,Anime,Easy,Multiple Choice,"Which beloved animation studio produced 'Violet Evergarden', 'A Silent Voice', 'Hyouka', and 'K-On!'?",A) Madhouse | B) Studio Trigger | C) Shaft | D) Kyoto Animation,D
405,Anime,Easy,Multiple Choice,"Which legendary Japanese director helmed mind-bending psychological masterpieces including 'Perfect Blue', 'Paprika', and 'Millennium Actress'?",A) Satoshi Kon | B) Mamoru Hosoda | C) Makoto Shinkai | D) Isao Takahata,A
406,Anime,Easy,Multiple Choice,"Which Japanese composer wrote the timeless, emotional orchestral scores for almost all of Hayao Miyazaki's Studio Ghibli films?",A) Hiroyuki Sawano | B) Joe Hisaishi | C) Yoko Kanno | D) Yuki Kajiura,B
407,Anime,Easy,Multiple Choice,"Which veteran female voice actress has voiced Son Goku, Gohan, and Goten in 'Dragon Ball' across nearly four decades?",A) Megumi Ogata | B) Mayumi Tanaka | C) Masako Nozawa | D) Romi Park,C
408,Anime,Easy,Multiple Choice,"What anime character archetype describes someone who acts harsh, cold, or hostile on the outside, but gradually reveals a warm, tender side?",A) Yandere | B) Kuudere | C) Dandere | D) Tsundere,D
409,Anime,Easy,Multiple Choice,"Which Japanese animation studio animated 'Fullmetal Alchemist: Brotherhood', 'My Hero Academia', and 'Mob Psycho 100'?",A) Studio Bones | B) Madhouse | C) Wit Studio | D) A-1 Pictures,A
410,Anime,Easy,Multiple Choice,"What famous deep-voiced voice actor (seiyuu) voiced Dio Brando in 'JoJo's Bizarre Adventure', Zeke Yeager in 'Attack on Titan', and Roswaal in 'Re:Zero'?",A) Kenjiro Tsuda | B) Takehito Koyasu | C) Hiroshi Kamiya | D) Daisuke Ono,B
411,Anime,Easy,Multiple Choice,"Which animation studio, founded by former Gainax animators, animated 'Kill la Kill', 'Little Witch Academia', and 'Cyberpunk: Edgerunners'?",A) MAPPA | B) CloverWorks | C) Studio Trigger | D) Production I.G,C
412,Anime,Easy,Multiple Choice,"In the anime industry, what does the acronym 'OVA' stand for?",A) Original Visual Artwork | B) Official Video Adaptation | C) Online Video Anime | D) Original Video Animation,D
413,Anime,Easy,Multiple Choice,"Which modern anime composer is celebrated for his bombastic, epic orchestral-electronic drops in 'Attack on Titan', 'Kill la Kill', and 'Promare'?",A) Hiroyuki Sawano | B) Kenji Kawai | C) Shiro Sagisu | D) Tatsuya Kato,A
414,Anime,Easy,Multiple Choice,"Which iconic animation studio animated the first three seasons of 'Attack on Titan' before passing the series to MAPPA, and later animated 'Spy x Family'?",A) Bones | B) Wit Studio | C) Madhouse | D) Pierrot,B
415,Anime,Easy,Multiple Choice,"Which acclaimed anime director directed the sci-fi romance films 'The Girl Who Leapt Through Time', 'Summer Wars', and 'Wolf Children'?",A) Makoto Shinkai | B) Satoshi Kon | C) Mamoru Hosoda | D) Hideaki Anno,C
416,Anime,Easy,Multiple Choice,"What anime character archetype describes an outwardly loving, sweet person who becomes dangerously obsessive, violently jealous, and homicidal over their love interest?",A) Tsundere | B) Dandere | C) Deredere | D) Yandere,D
417,Anime,Easy,Multiple Choice,"Which veteran voice actor with a gravelly, magnetic voice voiced Kento Nanami in 'Jujutsu Kaisen', Kishibe in 'Chainsaw Man', and Seto Kaiba in 'Yu-Gi-Oh!'?",A) Kenjiro Tsuda | B) Junichi Suwabe | C) Takahiro Sakurai | D) Tomokazu Sugita,A
418,Anime,Easy,Multiple Choice,"In Japanese anime broadcast scheduling, what Japanese term refers to a single 3-month seasonal broadcast block, typically containing 11 to 13 episodes?",A) Arc | B) Cour | C) Saga | D) Seasonette,B
419,Anime,Easy,Multiple Choice,"Which powerhouse studio was responsible for the golden-age adaptations of 'Death Note', 'Hunter x Hunter' (2011), 'One-Punch Man' Season 1, and 'Frieren'?",A) Studio Pierrot | B) Toei Animation | C) Madhouse | D) J.C.Staff,C
420,Anime,Easy,Multiple Choice,"What specialized Japanese animation term refers to exceptionally fluid, high-quality, expressive key animation sequences created by master animators?",A) Douga | B) Genga | C) Manga | D) Sakuga,D
421,Anime,Easy,Multiple Choice,Which Japanese director directed the jazz-infused bounty hunter series 'Cowboy Bebop' and the hip-hop samurai anime 'Samurai Champloo'?,A) Shinichiro Watanabe | B) Tensai Okamura | C) Masaaki Yuasa | D) Sunao Katabuchi,A
422,Anime,Easy,Multiple Choice,"What popular voice actor voiced Light Yagami in 'Death Note', Okabe Rintaro in 'Steins;Gate', and Osamu Dazai in 'Bungo Stray Dogs'?",A) Yuki Kaji | B) Mamoru Miyano | C) Natsuki Hanae | D) Yoshitsugu Matsuoka,B
423,Anime,Easy,Multiple Choice,"Which animation studio, famous for its avant-garde visual style and signature character 'head tilts' directed by Akiyuki Shinbo, animated 'Madoka Magica' and the 'Monogatari' series?",A) Doga Kobo | B) P.A. Works | C) Studio Shaft | D) Silver Link,C
424,Anime,Easy,Multiple Choice,"In the anime industry, what does the acronym 'ONA' stand for, denoting anime released directly to streaming platforms like Netflix and YouTube?",A) Official Net Animation | B) Online Network Anime | C) Original Novel Anime | D) Original Net Animation,D
425,Anime,Easy,Multiple Choice,"Which famous voice actor voiced Eren Yeager in 'Attack on Titan', Shoto Todoroki in 'My Hero Academia', and Meliodas in 'The Seven Deadly Sins'?",A) Yuki Kaji | B) Daiki Yamashita | C) Nobuhiko Okamoto | D) Kensho Ono,A
426,Anime,Easy,Multiple Choice,What popular female voice actress voiced both the explosive mage Megumin in 'KonoSuba' and the half-elf Emilia in 'Re:Zero'?,A) Inori Minase | B) Rie Takahashi | C) Saori Hayami | D) Kana Hanazawa,B
427,Anime,Easy,Multiple Choice,"Which avant-garde anime director directed the visually dazzling, hyper-kinetic cult works 'The Tatami Galaxy', 'Devilman Crybaby', and 'Keep Your Hands Off Eizouken!'?",A) Kunihiko Ikuhara | B) Hiroyuki Imaishi | C) Masaaki Yuasa | D) Kenji Nakamura,C
428,Anime,Easy,Multiple Choice,"What famous animation studio, home to long-running shonen franchises, animated the original 'Dragon Ball Z', 'One Piece', and 'Sailor Moon'?",A) Pierrot | B) Nippon Animation | C) TMS Entertainment | D) Toei Animation,D
429,Anime,Easy,Multiple Choice,"Which prominent voice actress with a gentle, silky voice voiced Shinobu Kocho in 'Demon Slayer', Yor Forger in 'Spy x Family', and Yukino in 'Oregairu'?",A) Saori Hayami | B) Ai Kayano | C) Sora Amamiya | D) Aoi Yuuki,A
430,Anime,Easy,Multiple Choice,What historic 1963 black-and-white anime created by Osamu Tezuka established the 30-minute television anime format and production system in Japan?,A) Speed Racer | B) Astro Boy | C) Gigantor | D) Dororo,B
431,Anime,Easy,Multiple Choice,Which female voice actress voiced the female protagonist Edward Elric in 'Fullmetal Alchemist' and Hange Zoe in 'Attack on Titan'?,A) Megumi Ogata | B) Junko Takeuchi | C) Romi Park | D) Mayumi Tanaka,C
432,Anime,Easy,Multiple Choice,"In anime production, what are the full-page visual production sketches depicting a scene's camera angles, timing, and dialogue called?",A) Key frames | B) Script rolls | C) Cel sheets | D) Storyboards,D
433,Anime,Easy,Multiple Choice,"Which animation studio, a subsidiary of Aniplex, animated 'Bocchi the Rock!', 'My Dress-Up Darling', and co-produced 'Spy x Family'?",A) CloverWorks | B) Wit Studio | C) MAPPA | D) A-1 Pictures,A
434,Anime,Easy,Multiple Choice,"Which prolific voice actor voiced the dual-wielding swordsman Kirito in 'Sword Art Online', Inosuke in 'Demon Slayer', and Soma in 'Food Wars'?",A) Nobunaga Shimazaki | B) Yoshitsugu Matsuoka | C) Kaito Ishikawa | D) Soma Saito,B
435,Anime,Easy,Multiple Choice,"What music composition duo/composer composed the dark, choral Gothic music of 'Puella Magi Madoka Magica' and 'Fate/Zero'?",A) Yoko Kanno | B) Hiroyuki Sawano | C) Yuki Kajiura | D) Shiro Sagisu,C
436,Anime,Easy,Multiple Choice,"In anime fan culture, what term derived from a combination of Japanese words describes an overwhelming affection or intense romantic adoration for a fictional anime character?",A) Senpai | B) Otaku | C) Nakama | D) Moe,D
437,Anime,Easy,Multiple Choice,Which director directed the visually lavish mecha spectacle 'Gurren Lagann' and later co-founded Studio Trigger to direct 'Kill la Kill' and 'Promare'?,A) Hiroyuki Imaishi | B) Yutaka Uemura | C) Yoh Yoshinari | D) Akira Amemiya,A
438,Anime,Easy,Multiple Choice,What famous voice actress voiced the iconic female protagonist Sailor Moon (Usagi Tsukino) and Misato Katsuragi in 'Neon Genesis Evangelion'?,A) Megumi Hayashibara | B) Kotono Mitsuishi | C) Aya Hisakawa | D) Kikuko Inoue,B
439,Anime,Easy,Multiple Choice,"What anime studio, known for 'Naruto', 'Bleach', 'Tokyo Ghoul', and 'Yu Yu Hakusho', has a clown logo and is based in Mitaka, Tokyo?",A) Studio Bones | B) Studio Deen | C) Studio Pierrot | D) Nippon Animation,C
440,Anime,Easy,Multiple Choice,"In anime production terminology, what is a 'filler' episode?","A) A high-budget OVA episode | B) A musical recap | C) An episode written by fans | D) An anime-original episode not adapted from the original manga, used to prevent the show from catching up",D
441,Anime,Easy,Multiple Choice,"Which legendary voice actress voiced the female protagonist Faye Valentine in 'Cowboy Bebop', Rei Ayanami in 'Evangelion', and Ranma (female) in 'Ranma 1/2'?",A) Megumi Hayashibara | B) Kikuko Inoue | C) Yuko Miyamura | D) Minami Takayama,A
442,Anime,Easy,Multiple Choice,What voice actor voiced the stoic and formidable Captain Levi in 'Attack on Titan' and Trafalgar Law in 'One Piece'?,A) Daisuke Ono | B) Hiroshi Kamiya | C) Jun Fukuyama | D) Tomokazu Sugita,B
443,Anime,Easy,Multiple Choice,"In Satoshi Kon's 1997 psychological horror film 'Perfect Blue', what is the profession of the young heroine Mima Kirigoe who is tormented by a stalker?",A) An animator | B) A mangaka | C) A J-Pop idol singer attempting to transition into dramatic acting | D) A police detective,C
444,Anime,Easy,Typing,What 6-letter surname belongs to the 'God of Manga' who created Astro Boy and Black Jack (Tez...)?,,Tezuka
445,Anime,Easy,Typing,What 8-letter studio name animated Demon Slayer with its trademark digital Ufotable visual effects?,,Ufotable
446,Anime,Easy,Typing,"What 5-letter studio animated Jujutsu Kaisen, Chainsaw Man, and Attack on Titan Final Season (M...)?",,MAPPA
447,Anime,Easy,Typing,What 8-letter term describes the anime character archetype who is outwardly hostile but secretly affectionate (Tsun...)?,,tsundere
448,Anime,Easy,Typing,"What 7-letter Japanese term denotes high-quality, expressive, fluid key animation showcase cuts (Sa...)?",,sakuga
449,Anime,Easy,Typing,What 7-letter surname belongs to the anime composer who scored Studio Ghibli classics like Spirited Away (His...)?,,Hisaishi
450,Anime,Easy,Typing,What 6-letter surname belongs to the director who directed Perfect Blue and Paprika (Satoshi ...)?,,Kon
451,Anime,Medium,Multiple Choice,"In Satoshi Kon's 2006 sci-fi anime film 'Paprika', what therapeutic device allows psychotherapists to enter and record patients' dreams?",A) The Dream-Sync | B) The Neuro-Link | C) The Somno-Pad | D) The DC Mini,D
452,Anime,Medium,Multiple Choice,Which Hollywood blockbuster sci-fi film directed by Christopher Nolan was widely acknowledged to have drawn extensive conceptual inspiration from Satoshi Kon's 'Paprika'?,A) Inception | B) Interstellar | C) The Matrix | D) Tenet,A
453,Anime,Medium,Multiple Choice,"What historic tragedy struck Kyoto Animation's Studio 1 building on July 18, 2019, deeply mourning the global anime community?",A) An earthquake | B) A devastating arson attack that claimed the lives of 36 staff members | C) A typhoon flood | D) An electrical explosion,B
454,Anime,Medium,Multiple Choice,"In anime sound design, what is the term used in Japan for professional anime voice actors and actresses?",A) Mangaka | B) Sakugaka | C) Seiyuu | D) Gensakusha,C
455,Anime,Medium,Multiple Choice,Which prolific voice actor voiced the charismatic Gintoki Sakata in 'Gintama' and the cynical protagonist Kyon in 'The Melancholy of Haruhi Suzumiya'?,A) Daisuke Ono | B) Jun Fukuyama | C) Kenichi Suzumura | D) Tomokazu Sugita,D
456,Anime,Medium,Multiple Choice,"What 1984 post-apocalyptic film, directed by Hayao Miyazaki before Studio Ghibli was officially incorporated, led directly to Ghibli's founding?",A) Nausicaa of the Valley of the Wind | B) Castle in the Sky | C) Future Boy Conan | D) Lupin III: Castle of Cagliostro,A
457,Anime,Medium,Multiple Choice,Which anime studio animated the iconic basketball masterpiece 'Slam Dunk' in the 1990s and later produced the CGI film 'The First Slam Dunk' (2022)?,A) Nippon Animation | B) Toei Animation | C) Pierrot | D) Madhouse,B
458,Anime,Medium,Multiple Choice,What voice actor voiced the dramatic and charismatic protagonist Lelouch vi Britannia in 'Code Geass' and the energetic hero Korosensei in 'Assassination Classroom'?,A) Takahiro Sakurai | B) Mamoru Miyano | C) Jun Fukuyama | D) Hiroshi Kamiya,C
459,Anime,Medium,Multiple Choice,"In anime industry terminology, what is a 'production committee' (Seisaku Iinkai)?","A) An animator labor union | B) Government censors | C) Foreign streaming buyers | D) A joint syndicate consortium of publishers, record labels, TV networks, and toy companies who pool capital to fund an anime adaptation",D
460,Anime,Medium,Multiple Choice,"Which animator and director is renowned for the 'Itano Circus', an iconic aerial dogfight visual sequence featuring dozens of missiles twisting gracefully across the sky?",A) Ichiro Itano | B) Yoshinori Kanada | C) Yutaka Nakamura | D) Shinya Ohira,A
461,Anime,Medium,Multiple Choice,Which 2011 psychological dark fantasy anime written by Gen Urobuchi deconstructed the magical girl genre by introducing brutal existential consequences and despair?,A) Sailor Moon | B) Puella Magi Madoka Magica | C) Cardcaptor Sakura | D) Princess Tutu,B
462,Anime,Medium,Multiple Choice,What was the very first anime film to ever win the prestigious Academy Award for Best Animated Feature in 2003?,A) Princess Mononoke | B) The Wind Rises | C) Spirited Away | D) Howl's Moving Castle,C
463,Anime,Medium,Multiple Choice,Which legendary Studio Bones animator is internationally celebrated for his trademark fluid impact physics and geometric debris cubes (often called 'Nakamura Cubes')?,A) Yoh Yoshinari | B) Norio Matsumoto | C) Sushio | D) Yutaka Nakamura,D
464,Anime,Medium,Multiple Choice,What popular voice actor voiced the blonde demon hunter Denji in 'Chainsaw Man' as his breakout breakthrough role?,A) Kikunosuke Toya | B) Takuya Eguchi | C) Shogo Sakata | D) Daiki Yamashita,A
465,Anime,Medium,Multiple Choice,"Which studio, founded as an animation studio under Bandai Namco, is the legendary creator of the entire multi-decade 'Mobile Suit Gundam' franchise?",A) Tatsunoko | B) Sunrise | C) Pierrot | D) Gainax,B
466,Anime,Medium,Multiple Choice,What Japanese rock band performed the viral opening theme songs 'Gurenge' for 'Demon Slayer' and 'Crossing Field' for 'Sword Art Online' through singer LiSA?,A) Radwimps | B) Kenshi Yonezu | C) LiSA | D) Asian Kung-Fu Generation,C
467,Anime,Medium,Multiple Choice,"In Satoshi Kon's holiday dramedy film 'Tokyo Godfathers' (2003), what do three homeless friends discover in a garbage dump on Christmas Eve?",A) A lottery ticket | B) A briefcase of gold | C) A stolen dog | D) An abandoned newborn baby,D
468,Anime,Medium,Multiple Choice,Which famous voice actress voiced the stoic and powerful heroine Mikasa Ackerman in 'Attack on Titan' and Violet Evergarden in 'Violet Evergarden'?,A) Yui Ishikawa | B) Rie Murakawa | C) Asami Seto | D) Maaya Sakamoto,A
469,Anime,Medium,Multiple Choice,"What anime series by Studio Shaft famously features characters rapidly tilting their heads back at unnatural 45-degree angles, known as the 'Shaft Head Tilt'?",A) Nisekoi | B) Bakemonogatari | C) Sayonara Zetsubou Sensei | D) Arakawa Under the Bridge,B
470,Anime,Medium,Multiple Choice,"What is the longest-running continuous television anime series in world history, broadcasting since October 1969 with over 7,500 episodes?",A) Doraemon | B) Chibi Maruko-chan | C) Sazae-san | D) Detective Conan,C
471,Anime,Medium,Multiple Choice,Which anime film director directed the time-travel coming-of-age cult movie 'The Girl Who Leapt Through Time' and the virtual world film 'Belle'?,A) Makoto Shinkai | B) Sunao Katabuchi | C) Hiromasa Yonebayashi | D) Mamoru Hosoda,D
472,Anime,Medium,Multiple Choice,"In anime production, what is the role of the 'sakuga kantoku' (often abbreviated as Sakkan)?",A) Animation Director | B) Sound mixing director | C) Storyboard writer | D) Voice acting coordinator,A
473,Anime,Medium,Multiple Choice,What famous music group composed the entire soundtrack and chart-topping theme songs 'Zenzenzense' and 'Sparkle' for Makoto Shinkai's 'Your Name'?,A) Bump of Chicken | B) Radwimps | C) Eve | D) King Gnu,B
474,Anime,Medium,Multiple Choice,"Which anime studio, founded in 1972 and known for 'Neon Genesis Evangelion' and 'Gurren Lagann', operated out of Koganei until filing for bankruptcy in 2024?",A) Tatsunoko | B) Manglobe | C) Gainax | D) Production IMS,C
475,Anime,Medium,Multiple Choice,"What 2022 rock music anime by CloverWorks follows an extremely socially anxious, pink-haired guitar prodigy girl who plays inside a cardboard mango box?",A) K-On! | B) Beck: Mongolian Chop Squad | C) Given | D) Bocchi the Rock!,D
476,Anime,Medium,Typing,What 6-letter Japanese term denotes professional voice actors and actresses in anime (sei...)?,,seiyuu
477,Anime,Medium,Typing,What 7-letter studio animated the original 1995 Neon Genesis Evangelion and Gurren Lagann (Gai...)?,,Gainax
478,Anime,Medium,Typing,What 6-letter name belongs to the iconic anime composer who scored Cowboy Bebop and Ghost in the Shell: SAC (Yoko ...)?,,Kanno
479,Anime,Medium,Typing,What 4-letter acronym denotes an anime broadcast season block lasting three months (11-13 episodes)?,,cour
480,Anime,Medium,Typing,What 8-letter studio name animated Mobile Suit Gundam and Cowboy Bebop (Sun...)?,,Sunrise
481,Anime,Hard,Multiple Choice,"In Satoshi Kon's psychological series 'Paranoia Agent' (Mousou Dairinin), what mysterious weapon is used by the roller-blading juvenile assailant 'Lil' Slugger' (Shonen Bat)?",A) A bent golden baseball bat | B) An iron crowbar | C) A golf club | D) A steel pipe,A
482,Anime,Hard,Multiple Choice,What early landmark 1979 mecha television series created by Yoshiyuki Tomino pioneered the 'Real Robot' genre by portraying mobile suits as military industrial weapons rather than magical superheroes?,A) Mazinger Z | B) Mobile Suit Gundam | C) Space Battleship Yamato | D) Neon Genesis Evangelion,B
483,Anime,Hard,Multiple Choice,"In 1985, what experimental avant-garde surrealist OVA directed by Mamoru Oshii and illustrated by Yoshitaka Amano follows a young girl carrying a large mysterious egg through an apocalyptic city?",A) Neo Tokyo | B) Robot Carnival | C) Angel's Egg | D) Memories,C
484,Anime,Hard,Multiple Choice,"Which influential animator developed the foundational 'Kanada Style' in the late 1970s, characterized by exaggerated poses, snappy timing, and rhythmic flashes that shaped modern anime action?",A) Shinya Ohira | B) Masami Obari | C) Toshiyuki Inoue | D) Yoshinori Kanada,D
485,Anime,Hard,Multiple Choice,What was the name of Satoshi Kon's unfinished fifth feature film that remained in pre-production at Madhouse following his tragic death from pancreatic cancer in 2010?,A) The Dreaming Machine | B) Opus | C) Tropic of the Sea | D) Seraphim,A
486,Anime,Hard,Multiple Choice,"In the production of the 1988 anime film 'Akira', what groundbreaking technical approach was employed for the Japanese dialogue recording that was virtually unheard of in TV anime at the time?",A) Voice acting was entirely generated by synthesizers | B) Pre-scoring | C) Live improvisation | D) English lines dubbed first,B
487,Anime,Hard,Multiple Choice,"Which visionary animator and director directed the mind-bending 14-episode anime series 'The Tatami Galaxy' and won the Grand Prize at the Japan Media Arts Festival, the first TV anime to do so?",A) Kenji Nakamura | B) Kunihiko Ikuhara | C) Masaaki Yuasa | D) Hiroyuki Imaishi,C
488,Anime,Hard,Multiple Choice,"What 1998 avant-garde cyberpunk anime series directed by Ryutaro Nakamura explores human consciousness, the internet, and reality through the middle school girl Lain Iwakura?",A) Ergo Proxy | B) Texhnolyze | C) Haibane Renmei | D) Serial Experiments Lain,D
489,Anime,Hard,Multiple Choice,"Which studio, founded in 2002 by former Madhouse producer Masao Maruyama, produced the critically acclaimed anime 'Monster' and 'Terror in Resonance' before declaring bankruptcy in 2015?",A) Manglobe | B) Gonzo | C) Hal Film Maker | D) Radix Ace,A
490,Anime,Hard,Multiple Choice,What technical animation metric describes the frame rate approach commonly used in anime where drawings are held for two consecutive film frames (12 unique drawings per second) rather than full 24 fps?,A) Shooting on ones | B) Shooting on twos | C) Shooting on threes | D) Dynamic interpolation,B
491,Anime,Hard,Multiple Choice,"In 1997, what anime director created the magical girl deconstruction 'Revolutionary Girl Utena', famous for its dense feminist symbolism, shadow girls, and allegorical duels?",A) Junichi Sato | B) Akiyuki Shinbo | C) Kunihiko Ikuhara | D) Osamu Dezaki,C
492,Anime,Hard,Multiple Choice,"What legendary mecha designer designed the iconic RX-78-2 Gundam, the Zaku II, and countless mecha for Sunrise and Time Bokan?",A) Shoji Kawamori | B) Hajime Katoki | C) Yutaka Izubuchi | D) Kunio Okawara,D
493,Anime,Hard,Multiple Choice,"In the 2000s, what cult anime adaptation of a visual novel directed by Hiroshi Date and produced by Studio Deen became notorious for the memetic quote 'People die if they are killed'?",A) Fate/stay night | B) Tsukihime | C) Clannad | D) Higurashi no Naku Koro ni,A
494,Anime,Hard,Multiple Choice,What historical 1968 animation strike and landmark film directed by Isao Takahata at Toei Animation established higher wages and creative autonomy for animators?,"A) Panda and the Magic Serpent | B) The Great Adventure of Horus, Prince of the Sun | C) Wanpaku Ouji | D) Animal Treasure Island",B
495,Anime,Hard,Multiple Choice,Which anime studio animated the 2023 dark fantasy hit 'Frieren: Beyond Journey's End' with breathtaking character animation directed by Keiichiro Saito?,A) CloverWorks | B) Wit Studio | C) Madhouse | D) MAPPA,C
496,Anime,Hard,Multiple Choice,"What unique visual technique pioneered by director Osamu Dezaki in 'Ashita no Joe' and 'Rose of Versailles' freezes emotional climaxes into detailed, pastel-colored painted frames?",A) Kage-e shadow cuts | B) Speedline zooms | C) Split-screen pans | D) Postcard Memories,D
497,Anime,Hard,Multiple Choice,"In Hayao Miyazaki's early career, which 1979 theatrical feature film marked his directorial debut, starring the gentleman master thief Arsene Lupin III?","A) The Castle of Cagliostro | B) Future Boy Conan | C) Horus: Prince of the Sun | D) Panda! Go, Panda!",A
498,Anime,Hard,Typing,What 4-letter title belongs to the legendary 1998 cult cyberpunk anime series featuring the online world 'Wired' and the girl Lain (S...)?,,Lain
499,Anime,Hard,Typing,What 7-letter surname belongs to the pioneering mecha designer who designed the original RX-78-2 Gundam (Kunio ...)?,,Okawara
500,Anime,Hard,Typing,What 5-letter studio animated the 2011 dark fantasy anime Puella Magi Madoka Magica and the Monogatari series (Sh...)?,,Shaft
