number,subject,difficulty,question_type,question,multiple_choices,answer
1,Cooking,Medium,Multiple Choice,"[119] In professional gastronomy, what cooking method describes: cooking food slowly in fat or sugar syrup at low temperature?",A) Broiling | B) Searing | C) Smoking | D) Confit,D
2,Cooking,Medium,Typing,"[25] Kitchen technique challenge: oxidation of sugar, a process used widely in cooking for sweet nutty flavor. Type the one-word technique.",,caramelization
3,Cooking,Hard,Multiple Choice,[27] Advanced world gastronomy: Which authentic regional specialty is defined by: layered eggplant and minced meat casserole topped with béchamel sauce?,A) Lasagna | B) Pastitsio | C) Moussaka | D) Shepherd's pie,C
4,Cooking,Hard,Multiple Choice,[132] Advanced world gastronomy: Which authentic regional specialty is defined by: northern Italian rice dish cooked with broth until creamy consistency?,A) Paella | B) Pilaf | C) Risotto | D) Congee,C
5,Cooking,Hard,Typing,"[33] Master chef challenge: Name the famous dish described as 'French Provençal stewed vegetable dish featuring eggplant, zucchini, and peppers'. Type the exact name.",,ratatouille
6,Cooking,Easy,Typing,"[68] Culinary clue: dark, concentrated, and intensely flavored vinegar originating in Italy. Type the exact term.",,balsamic
7,Cooking,Easy,Multiple Choice,[318] Which culinary ingredient is known as: Italian dry-cured ham that is usually thinly sliced and served uncooked?,A) Pancetta | B) Guanciale | C) Prosciutto | D) Bacon,C
8,Cooking,Medium,Multiple Choice,"[19] In professional gastronomy, what cooking method describes: adding liquid to a hot pan to dissolve browned food residue?",A) Deglazing | B) Reducing | C) Emulsifying | D) Clarifying,A
9,Cooking,Medium,Multiple Choice,"[106] In professional gastronomy, what cooking method describes: scalding vegetables in boiling water then plunging into ice water?",A) Blanching | B) Poaching | C) Steaming | D) Braising,A
10,Cooking,Easy,Multiple Choice,[262] Which culinary ingredient is known as: expensive golden-red spice harvested from crocus flowers?,A) Turmeric | B) Cardamom | C) Ginger | D) Saffron,D
11,Cooking,Easy,Multiple Choice,[65] Which culinary ingredient is known as: eukaryotic single-celled microorganism used in baking to leaven bread?,A) Baking soda | B) Yeast | C) Baking powder | D) Cream of tartar,B
12,Cooking,Hard,Typing,[35] Master chef challenge: Name the famous dish described as 'Japanese dish of prepared vinegared rice accompanied by seafood and vegetables'. Type the exact name.,,sushi
13,Cooking,Easy,Multiple Choice,[159] Which culinary ingredient is known as: Italian cured pork belly seasoned with salt and spices?,A) Prosciutto | B) Salami | C) Pancetta | D) Chorizo,C
14,Cooking,Easy,Multiple Choice,[295] Which culinary ingredient is known as: spice made from the seeds of several plants in the ginger family?,A) Cardamom | B) Clove | C) Allspice | D) Star anise,A
15,Cooking,Hard,Multiple Choice,"[51] Advanced world gastronomy: Which authentic regional specialty is defined by: Spanish rice dish featuring saffron, vegetables, chicken, and seafood?",A) Risotto | B) Paella | C) Biryani | D) Jambalaya,B
16,Cooking,Hard,Multiple Choice,[16] Advanced world gastronomy: Which authentic regional specialty is defined by: large range of small Chinese Cantonese dishes served with tea in steamer baskets?,A) Dumpling | B) Dim sum | C) Bao | D) Spring roll,B
17,Cooking,Hard,Multiple Choice,[98] Advanced world gastronomy: Which authentic regional specialty is defined by: traditional Mexican dish consisting of a folded tortilla filled with meat and salsa?,A) Burrito | B) Enchilada | C) Quesadilla | D) Tacos,D
18,Cooking,Hard,Multiple Choice,[127] Advanced world gastronomy: Which authentic regional specialty is defined by: layered eggplant and minced meat casserole topped with béchamel sauce?,A) Lasagna | B) Moussaka | C) Pastitsio | D) Shepherd's pie,B
19,Cooking,Easy,Multiple Choice,"[227] Which culinary ingredient is known as: hard, granular Italian cheese made from cow milk?",A) Cheddar | B) Gouda | C) Mozzarella | D) Parmesan,D
20,Cooking,Medium,Multiple Choice,"[223] In professional gastronomy, what cooking method describes: softening fruit by soaking it in liquid and sugar?",A) Reduction | B) Maceration | C) Confit | D) Infusion,B
21,Cooking,Easy,Multiple Choice,[145] Which culinary ingredient is known as: eukaryotic single-celled microorganism used in baking to leaven bread?,A) Baking soda | B) Yeast | C) Baking powder | D) Cream of tartar,B
22,Cooking,Easy,Multiple Choice,[241] Which culinary ingredient is known as: red pepper spice commonly used for color and smoky flavor?,A) Oregano | B) Cumin | C) Nutmeg | D) Paprika,D
23,Cooking,Medium,Multiple Choice,"[195] In professional gastronomy, what cooking method describes: preserving food through addition of salt, nitrates, nitrite, or sugar?",A) Pasteurization | B) Cure | C) Fermentation | D) Pickling,B
24,Cooking,Hard,Typing,[18] Master chef challenge: Name the famous dish described as 'traditional Mexican dish consisting of a folded tortilla filled with meat and salsa'. Type the exact name.,,tacos
25,Cooking,Medium,Multiple Choice,"In professional gastronomy, what cooking method describes: cooking food slowly in fat or sugar syrup at low temperature?",A) Broiling | B) Searing | C) Confit | D) Smoking,C
26,Cooking,Easy,Multiple Choice,[191] Which culinary ingredient is known as: southern Italian cheese traditionally made from Italian buffalo milk?,A) Brie | B) Feta | C) Mozzarella | D) Ricotta,C
27,Cooking,Medium,Typing,[26] Kitchen technique challenge: gradually raising temperature of eggs or chocolate without curdling or seizing. Type the one-word technique.,,tempering
28,Cooking,Easy,Multiple Choice,[339] Which culinary ingredient is known as: Italian cured pork belly seasoned with salt and spices?,A) Prosciutto | B) Pancetta | C) Salami | D) Chorizo,B
29,Cooking,Medium,Multiple Choice,"[85] In professional gastronomy, what cooking method describes: oxidation of sugar, a process used widely in cooking for sweet nutty flavor?",A) Caramelization | B) Fermentation | C) Coagulation | D) Maceration,A
30,Cooking,Medium,Multiple Choice,"[47] In professional gastronomy, what cooking method describes: cooking food in vacuum-sealed pouches at a precise low temperature?",A) Sous-vide | B) Deep-frying | C) Roasting | D) Grilling,A
31,Cooking,Easy,Multiple Choice,"[84] Which culinary ingredient is known as: colorless, flavorless food ingredient derived from collagen?",A) Agar-agar | B) Pectin | C) Gelatin | D) Starch,C
32,Cooking,Hard,Multiple Choice,[54] Advanced world gastronomy: Which authentic regional specialty is defined by: traditional Provençal fish stew originating from the port city of Marseille?,A) Chowder | B) Bouillabaisse | C) Bisque | D) Gumbo,B
33,Cooking,Easy,Multiple Choice,[277] Which culinary ingredient is known as: creamy Italian cheese coagulated by the addition of citric acid?,A) Ricotta | B) Cream cheese | C) Quark | D) Mascarpone,D
34,Cooking,Medium,Multiple Choice,"[30] In professional gastronomy, what cooking method describes: preserving food through addition of salt, nitrates, nitrite, or sugar?",A) Pasteurization | B) Fermentation | C) Pickling | D) Cure,D
35,Cooking,Medium,Multiple Choice,"[38] In professional gastronomy, what cooking method describes: combination-cooking method using wet and dry heats: browning then simmering?",A) Braising | B) Stewing | C) Roasting | D) Poaching,A
36,Cooking,Easy,Multiple Choice,"[176] Which culinary ingredient is known as: botanical variety of the onion with a mild, delicate flavor?",A) Leek | B) Garlic | C) Shallot | D) Scallion,C
37,Cooking,Easy,Multiple Choice,[298] Which culinary ingredient is known as: Italian dry-cured ham that is usually thinly sliced and served uncooked?,A) Pancetta | B) Guanciale | C) Bacon | D) Prosciutto,D
38,Cooking,Medium,Typing,[39] Kitchen technique challenge: cooking food gently submerged in liquid below boiling point. Type the one-word technique.,,poaching
39,Cooking,Hard,Multiple Choice,[59] Advanced world gastronomy: Which authentic regional specialty is defined by: South American seafood dish where raw fish is cured in fresh citrus juices?,A) Ceviche | B) Tartare | C) Carpaccio | D) Poke,A
40,Cooking,Easy,Multiple Choice,[131] Which culinary ingredient is known as: southern Italian cheese traditionally made from Italian buffalo milk?,A) Mozzarella | B) Brie | C) Feta | D) Ricotta,A
41,Cooking,Easy,Multiple Choice,[370] Which culinary ingredient is known as: fresh green leaves of the coriander plant widely used in salsa?,A) Mint | B) Cilantro | C) Dill | D) Tarragon,B
42,Cooking,Easy,Multiple Choice,[37] Which culinary ingredient is known as: creamy Italian cheese coagulated by the addition of citric acid?,A) Mascarpone | B) Ricotta | C) Cream cheese | D) Quark,A
43,Cooking,Medium,Typing,[28] Kitchen technique challenge: softening fruit by soaking it in liquid and sugar. Type the one-word technique.,,maceration
44,Cooking,Hard,Typing,[29] Master chef challenge: Name the famous dish described as 'South American seafood dish where raw fish is cured in fresh citrus juices'. Type the exact name.,,ceviche
45,Cooking,Medium,Typing,[32] Kitchen technique challenge: cooking food in vacuum-sealed pouches at a precise low temperature. Type the one-word technique.,,sous-vide
46,Cooking,Hard,Multiple Choice,[67] Advanced world gastronomy: Which authentic regional specialty is defined by: layered eggplant and minced meat casserole topped with béchamel sauce?,A) Moussaka | B) Lasagna | C) Pastitsio | D) Shepherd's pie,A
47,Cooking,Medium,Multiple Choice,"In professional gastronomy, what cooking method describes: adding liquid to a hot pan to dissolve browned food residue?",A) Reducing | B) Deglazing | C) Emulsifying | D) Clarifying,B
48,Cooking,Medium,Typing,Kitchen technique challenge: gradually raising temperature of eggs or chocolate without curdling or seizing. Type the one-word technique.,,tempering
49,Cooking,Easy,Multiple Choice,[121] Which culinary ingredient is known as: red pepper spice commonly used for color and smoky flavor?,A) Oregano | B) Cumin | C) Paprika | D) Nutmeg,C
50,Cooking,Hard,Multiple Choice,[58] Advanced world gastronomy: Which authentic regional specialty is defined by: traditional Mexican dish consisting of a folded tortilla filled with meat and salsa?,A) Burrito | B) Tacos | C) Enchilada | D) Quesadilla,B
51,Cooking,Easy,Multiple Choice,[85] Which culinary ingredient is known as: eukaryotic single-celled microorganism used in baking to leaven bread?,A) Yeast | B) Baking soda | C) Baking powder | D) Cream of tartar,A
52,Cooking,Easy,Multiple Choice,[233] Which culinary ingredient is known as: middle eastern condiment made from toasted ground hulled sesame?,A) Hummus | B) Tahini | C) Tzatziki | D) Pesto,B
53,Cooking,Medium,Multiple Choice,"[148] In professional gastronomy, what cooking method describes: softening fruit by soaking it in liquid and sugar?",A) Reduction | B) Confit | C) Infusion | D) Maceration,D
54,Cooking,Hard,Typing,[39] Master chef challenge: Name the famous dish described as 'South American seafood dish where raw fish is cured in fresh citrus juices'. Type the exact name.,,ceviche
55,Cooking,Easy,Multiple Choice,[140] Which culinary ingredient is known as: Italian cured meat prepared from pork jowl or cheeks?,A) Lard | B) Pancetta | C) Tallow | D) Guanciale,D
56,Cooking,Hard,Multiple Choice,[147] Advanced world gastronomy: Which authentic regional specialty is defined by: layered eggplant and minced meat casserole topped with béchamel sauce?,A) Lasagna | B) Moussaka | C) Pastitsio | D) Shepherd's pie,B
57,Cooking,Easy,Multiple Choice,"[256] Which culinary ingredient is known as: botanical variety of the onion with a mild, delicate flavor?",A) Leek | B) Garlic | C) Shallot | D) Scallion,C
58,Cooking,Hard,Multiple Choice,[38] Advanced world gastronomy: Which authentic regional specialty is defined by: traditional Mexican dish consisting of a folded tortilla filled with meat and salsa?,A) Tacos | B) Burrito | C) Enchilada | D) Quesadilla,A
59,Cooking,Easy,Multiple Choice,Which culinary ingredient is known as: expensive golden-red spice harvested from crocus flowers?,A) Turmeric | B) Cardamom | C) Ginger | D) Saffron,D
60,Cooking,Medium,Multiple Choice,"[42] In professional gastronomy, what cooking method describes: allowing bread dough to rise one final time before baking?",A) Kneading | B) Folding | C) Scoring | D) Proofing,D
61,Cooking,Easy,Multiple Choice,[129] Which culinary ingredient is known as: fragrant evergreen herb with needle-like leaves used in roasting?,A) Thyme | B) Basil | C) Rosemary | D) Parsley,C
62,Cooking,Medium,Multiple Choice,"[129] In professional gastronomy, what cooking method describes: cooking food gently submerged in liquid below boiling point?",A) Boiling | B) Poaching | C) Simmering | D) Scalding,B
63,Cooking,Hard,Multiple Choice,[20] Advanced world gastronomy: Which authentic regional specialty is defined by: Hungarian soup or stew of meat and vegetables seasoned with paprika?,A) Borscht | B) Stroganoff | C) Goulash | D) Paprikash,C
64,Cooking,Hard,Multiple Choice,[92] Advanced world gastronomy: Which authentic regional specialty is defined by: northern Italian rice dish cooked with broth until creamy consistency?,A) Paella | B) Risotto | C) Pilaf | D) Congee,B
65,Cooking,Easy,Multiple Choice,[58] Which culinary ingredient is known as: Italian dry-cured ham that is usually thinly sliced and served uncooked?,A) Pancetta | B) Guanciale | C) Prosciutto | D) Bacon,C
66,Cooking,Easy,Multiple Choice,[111] Which culinary ingredient is known as: southern Italian cheese traditionally made from Italian buffalo milk?,A) Brie | B) Feta | C) Ricotta | D) Mozzarella,D
67,Cooking,Easy,Multiple Choice,[326] Which culinary ingredient is known as: subterranean ascomycete fungus prized as a culinary delicacy?,A) Portobello | B) Shiitake | C) Morel | D) Truffle,D
68,Cooking,Hard,Multiple Choice,[79] Advanced world gastronomy: Which authentic regional specialty is defined by: South American seafood dish where raw fish is cured in fresh citrus juices?,A) Tartare | B) Ceviche | C) Carpaccio | D) Poke,B
69,Cooking,Medium,Multiple Choice,"[49] In professional gastronomy, what cooking method describes: adding liquid to a hot pan to dissolve browned food residue?",A) Reducing | B) Emulsifying | C) Deglazing | D) Clarifying,C
70,Cooking,Easy,Multiple Choice,[25] Which culinary ingredient is known as: eukaryotic single-celled microorganism used in baking to leaven bread?,A) Baking soda | B) Yeast | C) Baking powder | D) Cream of tartar,B
71,Cooking,Easy,Multiple Choice,[259] Which culinary ingredient is known as: Italian cured pork belly seasoned with salt and spices?,A) Prosciutto | B) Salami | C) Chorizo | D) Pancetta,D
72,Cooking,Hard,Multiple Choice,Advanced world gastronomy: Which authentic regional specialty is defined by: large range of small Chinese Cantonese dishes served with tea in steamer baskets?,A) Dumpling | B) Dim sum | C) Bao | D) Spring roll,B
73,Cooking,Easy,Multiple Choice,"[288] Which culinary ingredient is known as: dark, concentrated, and intensely flavored vinegar originating in Italy?",A) Apple cider | B) White vinegar | C) Balsamic | D) Rice vinegar,C
74,Cooking,Medium,Multiple Choice,"[99] In professional gastronomy, what cooking method describes: cooking food gently submerged in liquid below boiling point?",A) Boiling | B) Simmering | C) Scalding | D) Poaching,D
75,Cooking,Hard,Multiple Choice,[70] Advanced world gastronomy: Which authentic regional specialty is defined by: Hungarian soup or stew of meat and vegetables seasoned with paprika?,A) Borscht | B) Goulash | C) Stroganoff | D) Paprikash,B
76,Cooking,Easy,Multiple Choice,[331] Which culinary ingredient is known as: southern Italian cheese traditionally made from Italian buffalo milk?,A) Mozzarella | B) Brie | C) Feta | D) Ricotta,A
77,Cooking,Easy,Typing,[40] Culinary clue: Italian cured meat prepared from pork jowl or cheeks. Type the exact term.,,guanciale
78,Cooking,Easy,Multiple Choice,[251] Which culinary ingredient is known as: southern Italian cheese traditionally made from Italian buffalo milk?,A) Brie | B) Feta | C) Mozzarella | D) Ricotta,C
79,Cooking,Easy,Multiple Choice,[345] Which culinary ingredient is known as: eukaryotic single-celled microorganism used in baking to leaven bread?,A) Baking soda | B) Baking powder | C) Yeast | D) Cream of tartar,C
80,Cooking,Medium,Multiple Choice,"[66] In professional gastronomy, what cooking method describes: shredding or finely cutting leafy vegetables or herbs into thin ribbons?",A) Julienne | B) Chiffonade | C) Dice | D) Mince,B
81,Cooking,Hard,Multiple Choice,"[23] Advanced world gastronomy: Which authentic regional specialty is defined by: French Provençal stewed vegetable dish featuring eggplant, zucchini, and peppers?",A) Bouillabaisse | B) Ratatouille | C) Cassoulet | D) Coq au vin,B
82,Cooking,Hard,Multiple Choice,[80] Advanced world gastronomy: Which authentic regional specialty is defined by: Hungarian soup or stew of meat and vegetables seasoned with paprika?,A) Borscht | B) Stroganoff | C) Paprikash | D) Goulash,D
83,Cooking,Easy,Multiple Choice,[22] Which culinary ingredient is known as: expensive golden-red spice harvested from crocus flowers?,A) Turmeric | B) Saffron | C) Cardamom | D) Ginger,B
84,Cooking,Easy,Multiple Choice,[382] Which culinary ingredient is known as: expensive golden-red spice harvested from crocus flowers?,A) Turmeric | B) Cardamom | C) Saffron | D) Ginger,C
85,Cooking,Easy,Multiple Choice,[141] Which culinary ingredient is known as: red pepper spice commonly used for color and smoky flavor?,A) Oregano | B) Paprika | C) Cumin | D) Nutmeg,B
86,Cooking,Easy,Multiple Choice,[89] Which culinary ingredient is known as: fragrant evergreen herb with needle-like leaves used in roasting?,A) Thyme | B) Rosemary | C) Basil | D) Parsley,B
87,Cooking,Easy,Multiple Choice,[341] Which culinary ingredient is known as: red pepper spice commonly used for color and smoky flavor?,A) Paprika | B) Oregano | C) Cumin | D) Nutmeg,A
88,Cooking,Medium,Multiple Choice,"[156] In professional gastronomy, what cooking method describes: shredding or finely cutting leafy vegetables or herbs into thin ribbons?",A) Julienne | B) Chiffonade | C) Dice | D) Mince,B
89,Cooking,Hard,Multiple Choice,[88] Advanced world gastronomy: Which authentic regional specialty is defined by: traditional Mexican dish consisting of a folded tortilla filled with meat and salsa?,A) Burrito | B) Tacos | C) Enchilada | D) Quesadilla,B
90,Cooking,Hard,Multiple Choice,[142] Advanced world gastronomy: Which authentic regional specialty is defined by: northern Italian rice dish cooked with broth until creamy consistency?,A) Paella | B) Pilaf | C) Congee | D) Risotto,D
91,Cooking,Hard,Multiple Choice,[130] Advanced world gastronomy: Which authentic regional specialty is defined by: Hungarian soup or stew of meat and vegetables seasoned with paprika?,A) Borscht | B) Goulash | C) Stroganoff | D) Paprikash,B
92,Cooking,Hard,Multiple Choice,[62] Advanced world gastronomy: Which authentic regional specialty is defined by: northern Italian rice dish cooked with broth until creamy consistency?,A) Paella | B) Risotto | C) Pilaf | D) Congee,B
93,Cooking,Medium,Multiple Choice,"[235] In professional gastronomy, what cooking method describes: oxidation of sugar, a process used widely in cooking for sweet nutty flavor?",A) Fermentation | B) Coagulation | C) Caramelization | D) Maceration,C
94,Cooking,Hard,Multiple Choice,"[11] Advanced world gastronomy: Which authentic regional specialty is defined by: Spanish rice dish featuring saffron, vegetables, chicken, and seafood?",A) Risotto | B) Biryani | C) Paella | D) Jambalaya,C
95,Cooking,Easy,Multiple Choice,"[264] Which culinary ingredient is known as: colorless, flavorless food ingredient derived from collagen?",A) Gelatin | B) Agar-agar | C) Pectin | D) Starch,A
96,Cooking,Easy,Multiple Choice,[183] Which culinary ingredient is known as: flavoring derived from orchids of the genus Vanilla?,A) Vanilla | B) Almond | C) Cinnamon | D) Mint,A
97,Cooking,Medium,Multiple Choice,"[80] In professional gastronomy, what cooking method describes: culinary knife cut where food is cut into long thin strips?",A) Brunoise | B) Julienne | C) Chiffonade | D) Mirepoix,B
98,Cooking,Medium,Multiple Choice,"[75] In professional gastronomy, what cooking method describes: preserving food through addition of salt, nitrates, nitrite, or sugar?",A) Pasteurization | B) Fermentation | C) Pickling | D) Cure,D
99,Cooking,Medium,Multiple Choice,"[69] In professional gastronomy, what cooking method describes: cooking food gently submerged in liquid below boiling point?",A) Boiling | B) Simmering | C) Poaching | D) Scalding,C
100,Cooking,Easy,Multiple Choice,"[116] Which culinary ingredient is known as: botanical variety of the onion with a mild, delicate flavor?",A) Leek | B) Garlic | C) Scallion | D) Shallot,D
101,Cooking,Medium,Multiple Choice,"[183] In professional gastronomy, what cooking method describes: cooking procedure in which alcohol is added to a hot pan to create flames?",A) Deglazing | B) Sautéing | C) Caramelizing | D) Flambé,D
102,Cooking,Hard,Multiple Choice,"[81] Advanced world gastronomy: Which authentic regional specialty is defined by: Spanish rice dish featuring saffron, vegetables, chicken, and seafood?",A) Risotto | B) Biryani | C) Paella | D) Jambalaya,C
103,Cooking,Easy,Multiple Choice,[206] Which culinary ingredient is known as: subterranean ascomycete fungus prized as a culinary delicacy?,A) Portobello | B) Shiitake | C) Truffle | D) Morel,C
104,Cooking,Easy,Multiple Choice,[281] Which culinary ingredient is known as: red pepper spice commonly used for color and smoky flavor?,A) Paprika | B) Oregano | C) Cumin | D) Nutmeg,A
105,Cooking,Easy,Multiple Choice,[51] Which culinary ingredient is known as: southern Italian cheese traditionally made from Italian buffalo milk?,A) Brie | B) Feta | C) Mozzarella | D) Ricotta,C
106,Cooking,Easy,Typing,"[96] Culinary clue: botanical variety of the onion with a mild, delicate flavor. Type the exact term.",,shallot
107,Cooking,Hard,Multiple Choice,[109] Advanced world gastronomy: Which authentic regional specialty is defined by: South American seafood dish where raw fish is cured in fresh citrus juices?,A) Tartare | B) Carpaccio | C) Poke | D) Ceviche,D
108,Cooking,Easy,Typing,"[56] Culinary clue: botanical variety of the onion with a mild, delicate flavor. Type the exact term.",,shallot
109,Cooking,Medium,Multiple Choice,"[70] In professional gastronomy, what cooking method describes: oxidation of sugar, a process used widely in cooking for sweet nutty flavor?",A) Fermentation | B) Coagulation | C) Maceration | D) Caramelization,D
110,Cooking,Hard,Multiple Choice,[34] Advanced world gastronomy: Which authentic regional specialty is defined by: traditional Provençal fish stew originating from the port city of Marseille?,A) Chowder | B) Bisque | C) Bouillabaisse | D) Gumbo,C
111,Cooking,Hard,Multiple Choice,[158] Advanced world gastronomy: Which authentic regional specialty is defined by: traditional Mexican dish consisting of a folded tortilla filled with meat and salsa?,A) Tacos | B) Burrito | C) Enchilada | D) Quesadilla,A
112,Cooking,Easy,Multiple Choice,[152] Which culinary ingredient is known as: flowering plant in the amaranth family grown as a grain crop?,A) Barley | B) Quinoa | C) Bulgur | D) Couscous,B
113,Cooking,Easy,Multiple Choice,[100] Which culinary ingredient is known as: Italian cured meat prepared from pork jowl or cheeks?,A) Lard | B) Pancetta | C) Tallow | D) Guanciale,D
114,Cooking,Easy,Multiple Choice,[385] Which culinary ingredient is known as: eukaryotic single-celled microorganism used in baking to leaven bread?,A) Baking soda | B) Baking powder | C) Yeast | D) Cream of tartar,C
115,Cooking,Easy,Multiple Choice,[369] Which culinary ingredient is known as: fragrant evergreen herb with needle-like leaves used in roasting?,A) Rosemary | B) Thyme | C) Basil | D) Parsley,A
116,Cooking,Medium,Multiple Choice,"[35] In professional gastronomy, what cooking method describes: culinary knife cut where food is cut into long thin strips?",A) Brunoise | B) Chiffonade | C) Julienne | D) Mirepoix,C
117,Cooking,Easy,Multiple Choice,[266] Which culinary ingredient is known as: subterranean ascomycete fungus prized as a culinary delicacy?,A) Portobello | B) Shiitake | C) Morel | D) Truffle,D
118,Cooking,Easy,Typing,Culinary clue: fragrant evergreen herb with needle-like leaves used in roasting. Type the exact term.,,rosemary
119,Cooking,Easy,Multiple Choice,[72] Which culinary ingredient is known as: flowering plant in the amaranth family grown as a grain crop?,A) Barley | B) Bulgur | C) Couscous | D) Quinoa,D
120,Cooking,Hard,Multiple Choice,[39] Advanced world gastronomy: Which authentic regional specialty is defined by: South American seafood dish where raw fish is cured in fresh citrus juices?,A) Tartare | B) Ceviche | C) Carpaccio | D) Poke,B
121,Cooking,Easy,Multiple Choice,[219] Which culinary ingredient is known as: Italian cured pork belly seasoned with salt and spices?,A) Prosciutto | B) Pancetta | C) Salami | D) Chorizo,B
122,Cooking,Easy,Multiple Choice,[110] Which culinary ingredient is known as: fresh green leaves of the coriander plant widely used in salsa?,A) Cilantro | B) Mint | C) Dill | D) Tarragon,A
123,Cooking,Easy,Multiple Choice,"[134] Which culinary ingredient is known as: japanese horseradish known for its sharp, pungent green paste?",A) Horseradish | B) Mustard | C) Ginger | D) Wasabi,D
124,Cooking,Medium,Typing,[54] Kitchen technique challenge: cooking food gently submerged in liquid below boiling point. Type the one-word technique.,,poaching
125,Cooking,Easy,Multiple Choice,[381] Which culinary ingredient is known as: red pepper spice commonly used for color and smoky flavor?,A) Oregano | B) Cumin | C) Paprika | D) Nutmeg,C
126,Cooking,Easy,Typing,[21] Culinary clue: red pepper spice commonly used for color and smoky flavor. Type the exact term.,,paprika
127,Cooking,Medium,Multiple Choice,"[174] In professional gastronomy, what cooking method describes: cooking food gently submerged in liquid below boiling point?",A) Poaching | B) Boiling | C) Simmering | D) Scalding,A
128,Cooking,Hard,Multiple Choice,"[143] Advanced world gastronomy: Which authentic regional specialty is defined by: French Provençal stewed vegetable dish featuring eggplant, zucchini, and peppers?",A) Bouillabaisse | B) Cassoulet | C) Coq au vin | D) Ratatouille,D
129,Cooking,Easy,Multiple Choice,[240] Which culinary ingredient is known as: Italian cured meat prepared from pork jowl or cheeks?,A) Lard | B) Guanciale | C) Pancetta | D) Tallow,B
130,Cooking,Easy,Multiple Choice,[286] Which culinary ingredient is known as: subterranean ascomycete fungus prized as a culinary delicacy?,A) Portobello | B) Shiitake | C) Morel | D) Truffle,D
131,Cooking,Easy,Multiple Choice,"[307] Which culinary ingredient is known as: hard, granular Italian cheese made from cow milk?",A) Cheddar | B) Gouda | C) Mozzarella | D) Parmesan,D
132,Cooking,Easy,Multiple Choice,[238] Which culinary ingredient is known as: Italian dry-cured ham that is usually thinly sliced and served uncooked?,A) Pancetta | B) Guanciale | C) Bacon | D) Prosciutto,D
133,Cooking,Easy,Multiple Choice,[102] Which culinary ingredient is known as: expensive golden-red spice harvested from crocus flowers?,A) Turmeric | B) Cardamom | C) Ginger | D) Saffron,D
134,Cooking,Medium,Multiple Choice,"[198] In professional gastronomy, what cooking method describes: cooking procedure in which alcohol is added to a hot pan to create flames?",A) Flambé | B) Deglazing | C) Sautéing | D) Caramelizing,A
135,Cooking,Easy,Multiple Choice,[33] Which culinary ingredient is known as: middle eastern condiment made from toasted ground hulled sesame?,A) Tahini | B) Hummus | C) Tzatziki | D) Pesto,A
136,Cooking,Easy,Multiple Choice,"[76] Which culinary ingredient is known as: botanical variety of the onion with a mild, delicate flavor?",A) Shallot | B) Leek | C) Garlic | D) Scallion,A
137,Cooking,Easy,Typing,[46] Culinary clue: subterranean ascomycete fungus prized as a culinary delicacy. Type the exact term.,,truffle
138,Cooking,Easy,Multiple Choice,[253] Which culinary ingredient is known as: middle eastern condiment made from toasted ground hulled sesame?,A) Hummus | B) Tzatziki | C) Pesto | D) Tahini,D
139,Cooking,Easy,Typing,[89] Culinary clue: fragrant evergreen herb with needle-like leaves used in roasting. Type the exact term.,,rosemary
140,Cooking,Easy,Typing,[82] Culinary clue: expensive golden-red spice harvested from crocus flowers. Type the exact term.,,saffron
141,Cooking,Hard,Typing,[15] Master chef challenge: Name the famous dish described as 'Japanese dish of prepared vinegared rice accompanied by seafood and vegetables'. Type the exact name.,,sushi
142,Cooking,Hard,Multiple Choice,"[33] Advanced world gastronomy: Which authentic regional specialty is defined by: French Provençal stewed vegetable dish featuring eggplant, zucchini, and peppers?",A) Bouillabaisse | B) Cassoulet | C) Ratatouille | D) Coq au vin,C
143,Cooking,Hard,Multiple Choice,[157] Advanced world gastronomy: Which authentic regional specialty is defined by: layered eggplant and minced meat casserole topped with béchamel sauce?,A) Moussaka | B) Lasagna | C) Pastitsio | D) Shepherd's pie,A
144,Cooking,Easy,Multiple Choice,"[94] Which culinary ingredient is known as: japanese horseradish known for its sharp, pungent green paste?",A) Wasabi | B) Horseradish | C) Mustard | D) Ginger,A
145,Cooking,Hard,Multiple Choice,[136] Advanced world gastronomy: Which authentic regional specialty is defined by: large range of small Chinese Cantonese dishes served with tea in steamer baskets?,A) Dumpling | B) Dim sum | C) Bao | D) Spring roll,B
146,Cooking,Hard,Multiple Choice,[32] Advanced world gastronomy: Which authentic regional specialty is defined by: northern Italian rice dish cooked with broth until creamy consistency?,A) Paella | B) Risotto | C) Pilaf | D) Congee,B
147,Cooking,Easy,Typing,Culinary clue: middle eastern condiment made from toasted ground hulled sesame. Type the exact term.,,tahini
148,Cooking,Easy,Multiple Choice,"[396] Which culinary ingredient is known as: botanical variety of the onion with a mild, delicate flavor?",A) Shallot | B) Leek | C) Garlic | D) Scallion,A
149,Cooking,Easy,Multiple Choice,[181] Which culinary ingredient is known as: red pepper spice commonly used for color and smoky flavor?,A) Oregano | B) Paprika | C) Cumin | D) Nutmeg,B
150,Cooking,Easy,Multiple Choice,"[174] Which culinary ingredient is known as: japanese horseradish known for its sharp, pungent green paste?",A) Wasabi | B) Horseradish | C) Mustard | D) Ginger,A
151,Cooking,Easy,Multiple Choice,[103] Which culinary ingredient is known as: flavoring derived from orchids of the genus Vanilla?,A) Almond | B) Cinnamon | C) Mint | D) Vanilla,D
152,Cooking,Medium,Multiple Choice,"[90] In professional gastronomy, what cooking method describes: preserving food through addition of salt, nitrates, nitrite, or sugar?",A) Pasteurization | B) Fermentation | C) Pickling | D) Cure,D
153,Cooking,Easy,Multiple Choice,[373] Which culinary ingredient is known as: middle eastern condiment made from toasted ground hulled sesame?,A) Tahini | B) Hummus | C) Tzatziki | D) Pesto,A
154,Cooking,Medium,Multiple Choice,"[172] In professional gastronomy, what cooking method describes: culinary knife cut where food is first julienned and then cut into tiny cubes?",A) Batonnet | B) Paysanne | C) Brunoise | D) Rondelle,C
155,Cooking,Hard,Typing,Master chef challenge: Name the famous dish described as 'Hungarian soup or stew of meat and vegetables seasoned with paprika'. Type the exact name.,,goulash
156,Cooking,Medium,Multiple Choice,"[160] In professional gastronomy, what cooking method describes: oxidation of sugar, a process used widely in cooking for sweet nutty flavor?",A) Fermentation | B) Coagulation | C) Maceration | D) Caramelization,D
157,Cooking,Hard,Typing,"Master chef challenge: Name the famous dish described as 'Spanish rice dish featuring saffron, vegetables, chicken, and seafood'. Type the exact name.",,paella
158,Cooking,Easy,Multiple Choice,[119] Which culinary ingredient is known as: Italian cured pork belly seasoned with salt and spices?,A) Pancetta | B) Prosciutto | C) Salami | D) Chorizo,A
159,Cooking,Medium,Typing,[41] Kitchen technique challenge: gradually raising temperature of eggs or chocolate without curdling or seizing. Type the one-word technique.,,tempering
160,Cooking,Easy,Multiple Choice,[23] Which culinary ingredient is known as: flavoring derived from orchids of the genus Vanilla?,A) Almond | B) Cinnamon | C) Mint | D) Vanilla,D
161,Cooking,Medium,Multiple Choice,"In professional gastronomy, what cooking method describes: cooking food gently submerged in liquid below boiling point?",A) Boiling | B) Poaching | C) Simmering | D) Scalding,B
162,Cooking,Easy,Multiple Choice,"Which culinary ingredient is known as: colorless, flavorless food ingredient derived from collagen?",A) Gelatin | B) Agar-agar | C) Pectin | D) Starch,A
163,Cooking,Easy,Multiple Choice,[193] Which culinary ingredient is known as: middle eastern condiment made from toasted ground hulled sesame?,A) Tahini | B) Hummus | C) Tzatziki | D) Pesto,A
164,Cooking,Easy,Multiple Choice,[229] Which culinary ingredient is known as: fragrant evergreen herb with needle-like leaves used in roasting?,A) Thyme | B) Basil | C) Rosemary | D) Parsley,C
165,Cooking,Hard,Multiple Choice,[145] Advanced world gastronomy: Which authentic regional specialty is defined by: Japanese dish of prepared vinegared rice accompanied by seafood and vegetables?,A) Sashimi | B) Ramen | C) Sushi | D) Tempura,C
166,Cooking,Easy,Multiple Choice,"[108] Which culinary ingredient is known as: dark, concentrated, and intensely flavored vinegar originating in Italy?",A) Apple cider | B) White vinegar | C) Rice vinegar | D) Balsamic,D
167,Cooking,Medium,Typing,[20] Kitchen technique challenge: culinary knife cut where food is cut into long thin strips. Type the one-word technique.,,julienne
168,Cooking,Medium,Multiple Choice,"[179] In professional gastronomy, what cooking method describes: cooking food slowly in fat or sugar syrup at low temperature?",A) Broiling | B) Searing | C) Smoking | D) Confit,D
169,Cooking,Easy,Multiple Choice,[335] Which culinary ingredient is known as: spice made from the seeds of several plants in the ginger family?,A) Clove | B) Cardamom | C) Allspice | D) Star anise,B
170,Cooking,Medium,Multiple Choice,"[146] In professional gastronomy, what cooking method describes: gradually raising temperature of eggs or chocolate without curdling or seizing?",A) Tempering | B) Proofing | C) Curdling | D) Binding,A
171,Cooking,Easy,Multiple Choice,[143] Which culinary ingredient is known as: flavoring derived from orchids of the genus Vanilla?,A) Almond | B) Vanilla | C) Cinnamon | D) Mint,B
172,Cooking,Medium,Multiple Choice,"[89] In professional gastronomy, what cooking method describes: cooking food slowly in fat or sugar syrup at low temperature?",A) Broiling | B) Searing | C) Smoking | D) Confit,D
173,Cooking,Hard,Multiple Choice,[65] Advanced world gastronomy: Which authentic regional specialty is defined by: Japanese dish of prepared vinegared rice accompanied by seafood and vegetables?,A) Sushi | B) Sashimi | C) Ramen | D) Tempura,A
174,Cooking,Easy,Typing,[66] Culinary clue: subterranean ascomycete fungus prized as a culinary delicacy. Type the exact term.,,truffle
175,Cooking,Easy,Typing,[52] Culinary clue: flowering plant in the amaranth family grown as a grain crop. Type the exact term.,,quinoa
176,Cooking,Easy,Multiple Choice,[221] Which culinary ingredient is known as: red pepper spice commonly used for color and smoky flavor?,A) Oregano | B) Cumin | C) Paprika | D) Nutmeg,C
177,Cooking,Easy,Multiple Choice,[90] Which culinary ingredient is known as: fresh green leaves of the coriander plant widely used in salsa?,A) Mint | B) Dill | C) Cilantro | D) Tarragon,C
178,Cooking,Easy,Multiple Choice,[149] Which culinary ingredient is known as: fragrant evergreen herb with needle-like leaves used in roasting?,A) Thyme | B) Basil | C) Rosemary | D) Parsley,C
179,Cooking,Easy,Multiple Choice,[245] Which culinary ingredient is known as: eukaryotic single-celled microorganism used in baking to leaven bread?,A) Baking soda | B) Yeast | C) Baking powder | D) Cream of tartar,B
180,Cooking,Easy,Multiple Choice,[353] Which culinary ingredient is known as: middle eastern condiment made from toasted ground hulled sesame?,A) Hummus | B) Tahini | C) Tzatziki | D) Pesto,B
181,Cooking,Medium,Typing,Kitchen technique challenge: culinary knife cut where food is first julienned and then cut into tiny cubes. Type the one-word technique.,,brunoise
182,Cooking,Medium,Multiple Choice,"[228] In professional gastronomy, what cooking method describes: cooking procedure in which alcohol is added to a hot pan to create flames?",A) Deglazing | B) Sautéing | C) Flambé | D) Caramelizing,C
183,Cooking,Easy,Multiple Choice,[38] Which culinary ingredient is known as: Italian dry-cured ham that is usually thinly sliced and served uncooked?,A) Pancetta | B) Guanciale | C) Prosciutto | D) Bacon,C
184,Cooking,Easy,Multiple Choice,[170] Which culinary ingredient is known as: fresh green leaves of the coriander plant widely used in salsa?,A) Cilantro | B) Mint | C) Dill | D) Tarragon,A
185,Cooking,Easy,Multiple Choice,"[34] Which culinary ingredient is known as: japanese horseradish known for its sharp, pungent green paste?",A) Horseradish | B) Mustard | C) Wasabi | D) Ginger,C
186,Cooking,Medium,Multiple Choice,"[193] In professional gastronomy, what cooking method describes: softening fruit by soaking it in liquid and sugar?",A) Maceration | B) Reduction | C) Confit | D) Infusion,A
187,Cooking,Hard,Typing,Master chef challenge: Name the famous dish described as 'large range of small Chinese Cantonese dishes served with tea in steamer baskets'. Type the exact name.,,dim sum
188,Cooking,Hard,Multiple Choice,[140] Advanced world gastronomy: Which authentic regional specialty is defined by: Hungarian soup or stew of meat and vegetables seasoned with paprika?,A) Borscht | B) Stroganoff | C) Goulash | D) Paprikash,C
189,Cooking,Medium,Multiple Choice,"[39] In professional gastronomy, what cooking method describes: cooking food gently submerged in liquid below boiling point?",A) Poaching | B) Boiling | C) Simmering | D) Scalding,A
190,Cooking,Easy,Multiple Choice,[162] Which culinary ingredient is known as: expensive golden-red spice harvested from crocus flowers?,A) Turmeric | B) Cardamom | C) Saffron | D) Ginger,C
191,Cooking,Easy,Typing,"Culinary clue: japanese horseradish known for its sharp, pungent green paste. Type the exact term.",,wasabi
192,Cooking,Medium,Multiple Choice,"[181] In professional gastronomy, what cooking method describes: scalding vegetables in boiling water then plunging into ice water?",A) Poaching | B) Steaming | C) Blanching | D) Braising,C
193,Cooking,Hard,Typing,"[11] Master chef challenge: Name the famous dish described as 'Spanish rice dish featuring saffron, vegetables, chicken, and seafood'. Type the exact name.",,paella
194,Cooking,Easy,Multiple Choice,[205] Which culinary ingredient is known as: eukaryotic single-celled microorganism used in baking to leaven bread?,A) Yeast | B) Baking soda | C) Baking powder | D) Cream of tartar,A
195,Cooking,Hard,Multiple Choice,[126] Advanced world gastronomy: Which authentic regional specialty is defined by: large range of small Chinese Cantonese dishes served with tea in steamer baskets?,A) Dumpling | B) Dim sum | C) Bao | D) Spring roll,B
196,Cooking,Hard,Multiple Choice,"[71] Advanced world gastronomy: Which authentic regional specialty is defined by: Spanish rice dish featuring saffron, vegetables, chicken, and seafood?",A) Risotto | B) Biryani | C) Jambalaya | D) Paella,D
197,Cooking,Medium,Multiple Choice,"[147] In professional gastronomy, what cooking method describes: allowing bread dough to rise one final time before baking?",A) Kneading | B) Folding | C) Scoring | D) Proofing,D
198,Cooking,Medium,Multiple Choice,"[226] In professional gastronomy, what cooking method describes: scalding vegetables in boiling water then plunging into ice water?",A) Poaching | B) Steaming | C) Blanching | D) Braising,C
199,Cooking,Easy,Multiple Choice,"[368] Which culinary ingredient is known as: dark, concentrated, and intensely flavored vinegar originating in Italy?",A) Apple cider | B) White vinegar | C) Rice vinegar | D) Balsamic,D
200,Cooking,Easy,Multiple Choice,"[144] Which culinary ingredient is known as: colorless, flavorless food ingredient derived from collagen?",A) Agar-agar | B) Gelatin | C) Pectin | D) Starch,B
201,Cooking,Medium,Multiple Choice,"[88] In professional gastronomy, what cooking method describes: softening fruit by soaking it in liquid and sugar?",A) Reduction | B) Confit | C) Infusion | D) Maceration,D
202,Cooking,Medium,Multiple Choice,"[164] In professional gastronomy, what cooking method describes: cooking food slowly in fat or sugar syrup at low temperature?",A) Broiling | B) Confit | C) Searing | D) Smoking,B
203,Cooking,Easy,Multiple Choice,Which culinary ingredient is known as: flowering plant in the amaranth family grown as a grain crop?,A) Barley | B) Bulgur | C) Couscous | D) Quinoa,D
204,Cooking,Easy,Multiple Choice,[319] Which culinary ingredient is known as: Italian cured pork belly seasoned with salt and spices?,A) Prosciutto | B) Pancetta | C) Salami | D) Chorizo,B
205,Cooking,Medium,Multiple Choice,"[93] In professional gastronomy, what cooking method describes: cooking procedure in which alcohol is added to a hot pan to create flames?",A) Deglazing | B) Sautéing | C) Flambé | D) Caramelizing,C
206,Cooking,Medium,Typing,Kitchen technique challenge: shredding or finely cutting leafy vegetables or herbs into thin ribbons. Type the one-word technique.,,chiffonade
207,Cooking,Hard,Multiple Choice,[128] Advanced world gastronomy: Which authentic regional specialty is defined by: traditional Mexican dish consisting of a folded tortilla filled with meat and salsa?,A) Burrito | B) Enchilada | C) Quesadilla | D) Tacos,D
208,Cooking,Easy,Multiple Choice,"Which culinary ingredient is known as: botanical variety of the onion with a mild, delicate flavor?",A) Shallot | B) Leek | C) Garlic | D) Scallion,A
209,Cooking,Easy,Multiple Choice,Which culinary ingredient is known as: Italian cured pork belly seasoned with salt and spices?,A) Prosciutto | B) Salami | C) Pancetta | D) Chorizo,C
210,Cooking,Easy,Multiple Choice,"[167] Which culinary ingredient is known as: hard, granular Italian cheese made from cow milk?",A) Parmesan | B) Cheddar | C) Gouda | D) Mozzarella,A
211,Cooking,Medium,Multiple Choice,"[121] In professional gastronomy, what cooking method describes: scalding vegetables in boiling water then plunging into ice water?",A) Blanching | B) Poaching | C) Steaming | D) Braising,A
212,Cooking,Hard,Multiple Choice,"[31] Advanced world gastronomy: Which authentic regional specialty is defined by: Spanish rice dish featuring saffron, vegetables, chicken, and seafood?",A) Risotto | B) Biryani | C) Paella | D) Jambalaya,C
213,Cooking,Easy,Typing,[45] Culinary clue: eukaryotic single-celled microorganism used in baking to leaven bread. Type the exact term.,,yeast
214,Cooking,Easy,Multiple Choice,[130] Which culinary ingredient is known as: fresh green leaves of the coriander plant widely used in salsa?,A) Mint | B) Cilantro | C) Dill | D) Tarragon,B
215,Cooking,Medium,Multiple Choice,"[196] In professional gastronomy, what cooking method describes: scalding vegetables in boiling water then plunging into ice water?",A) Poaching | B) Blanching | C) Steaming | D) Braising,B
216,Cooking,Medium,Multiple Choice,"[17] In professional gastronomy, what cooking method describes: cooking food in vacuum-sealed pouches at a precise low temperature?",A) Deep-frying | B) Sous-vide | C) Roasting | D) Grilling,B
217,Cooking,Easy,Typing,[65] Culinary clue: eukaryotic single-celled microorganism used in baking to leaven bread. Type the exact term.,,yeast
218,Cooking,Easy,Typing,Culinary clue: Italian dry-cured ham that is usually thinly sliced and served uncooked. Type the exact term.,,prosciutto
219,Cooking,Easy,Multiple Choice,"[27] Which culinary ingredient is known as: hard, granular Italian cheese made from cow milk?",A) Cheddar | B) Parmesan | C) Gouda | D) Mozzarella,B
220,Cooking,Easy,Multiple Choice,"[374] Which culinary ingredient is known as: japanese horseradish known for its sharp, pungent green paste?",A) Wasabi | B) Horseradish | C) Mustard | D) Ginger,A
221,Cooking,Medium,Multiple Choice,"[21] In professional gastronomy, what cooking method describes: shredding or finely cutting leafy vegetables or herbs into thin ribbons?",A) Julienne | B) Dice | C) Chiffonade | D) Mince,C
222,Cooking,Easy,Multiple Choice,"[168] Which culinary ingredient is known as: dark, concentrated, and intensely flavored vinegar originating in Italy?",A) Apple cider | B) White vinegar | C) Rice vinegar | D) Balsamic,D
223,Cooking,Medium,Typing,[59] Kitchen technique challenge: cooking food slowly in fat or sugar syrup at low temperature. Type the one-word technique.,,confit
224,Cooking,Hard,Multiple Choice,"[151] Advanced world gastronomy: Which authentic regional specialty is defined by: Spanish rice dish featuring saffron, vegetables, chicken, and seafood?",A) Risotto | B) Biryani | C) Paella | D) Jambalaya,C
225,Cooking,Easy,Multiple Choice,[361] Which culinary ingredient is known as: red pepper spice commonly used for color and smoky flavor?,A) Oregano | B) Paprika | C) Cumin | D) Nutmeg,B
226,Cooking,Easy,Typing,[83] Culinary clue: flavoring derived from orchids of the genus Vanilla. Type the exact term.,,vanilla
227,Cooking,Medium,Multiple Choice,"[162] In professional gastronomy, what cooking method describes: allowing bread dough to rise one final time before baking?",A) Kneading | B) Proofing | C) Folding | D) Scoring,B
228,Cooking,Medium,Multiple Choice,"[64] In professional gastronomy, what cooking method describes: adding liquid to a hot pan to dissolve browned food residue?",A) Deglazing | B) Reducing | C) Emulsifying | D) Clarifying,A
229,Cooking,Medium,Multiple Choice,"[59] In professional gastronomy, what cooking method describes: cooking food slowly in fat or sugar syrup at low temperature?",A) Broiling | B) Searing | C) Confit | D) Smoking,C
230,Cooking,Hard,Multiple Choice,[29] Advanced world gastronomy: Which authentic regional specialty is defined by: South American seafood dish where raw fish is cured in fresh citrus juices?,A) Tartare | B) Ceviche | C) Carpaccio | D) Poke,B
231,Cooking,Hard,Multiple Choice,[40] Advanced world gastronomy: Which authentic regional specialty is defined by: Hungarian soup or stew of meat and vegetables seasoned with paprika?,A) Borscht | B) Stroganoff | C) Paprikash | D) Goulash,D
232,Cooking,Hard,Typing,"[13] Master chef challenge: Name the famous dish described as 'French Provençal stewed vegetable dish featuring eggplant, zucchini, and peppers'. Type the exact name.",,ratatouille
233,Cooking,Medium,Multiple Choice,"[138] In professional gastronomy, what cooking method describes: cooking procedure in which alcohol is added to a hot pan to create flames?",A) Deglazing | B) Sautéing | C) Caramelizing | D) Flambé,D
234,Cooking,Medium,Multiple Choice,"[137] In professional gastronomy, what cooking method describes: cooking food in vacuum-sealed pouches at a precise low temperature?",A) Sous-vide | B) Deep-frying | C) Roasting | D) Grilling,A
235,Cooking,Easy,Multiple Choice,[258] Which culinary ingredient is known as: Italian dry-cured ham that is usually thinly sliced and served uncooked?,A) Prosciutto | B) Pancetta | C) Guanciale | D) Bacon,A
236,Cooking,Medium,Multiple Choice,"[127] In professional gastronomy, what cooking method describes: culinary knife cut where food is first julienned and then cut into tiny cubes?",A) Brunoise | B) Batonnet | C) Paysanne | D) Rondelle,A
237,Cooking,Easy,Multiple Choice,[179] Which culinary ingredient is known as: Italian cured pork belly seasoned with salt and spices?,A) Prosciutto | B) Pancetta | C) Salami | D) Chorizo,B
238,Cooking,Easy,Typing,[53] Culinary clue: middle eastern condiment made from toasted ground hulled sesame. Type the exact term.,,tahini
239,Cooking,Hard,Multiple Choice,"[61] Advanced world gastronomy: Which authentic regional specialty is defined by: Spanish rice dish featuring saffron, vegetables, chicken, and seafood?",A) Paella | B) Risotto | C) Biryani | D) Jambalaya,A
240,Cooking,Easy,Typing,[92] Culinary clue: flowering plant in the amaranth family grown as a grain crop. Type the exact term.,,quinoa
241,Cooking,Easy,Multiple Choice,[395] Which culinary ingredient is known as: spice made from the seeds of several plants in the ginger family?,A) Cardamom | B) Clove | C) Allspice | D) Star anise,A
242,Cooking,Medium,Multiple Choice,"[54] In professional gastronomy, what cooking method describes: cooking food gently submerged in liquid below boiling point?",A) Boiling | B) Simmering | C) Scalding | D) Poaching,D
243,Cooking,Medium,Multiple Choice,"[185] In professional gastronomy, what cooking method describes: culinary knife cut where food is cut into long thin strips?",A) Brunoise | B) Julienne | C) Chiffonade | D) Mirepoix,B
244,Cooking,Easy,Typing,"Culinary clue: botanical variety of the onion with a mild, delicate flavor. Type the exact term.",,shallot
245,Cooking,Medium,Typing,"Kitchen technique challenge: preserving food through addition of salt, nitrates, nitrite, or sugar. Type the one-word technique.",,cure
246,Cooking,Hard,Typing,[34] Master chef challenge: Name the famous dish described as 'traditional Provençal fish stew originating from the port city of Marseille'. Type the exact name.,,bouillabaisse
247,Cooking,Easy,Multiple Choice,[378] Which culinary ingredient is known as: Italian dry-cured ham that is usually thinly sliced and served uncooked?,A) Pancetta | B) Prosciutto | C) Guanciale | D) Bacon,B
248,Cooking,Easy,Multiple Choice,[359] Which culinary ingredient is known as: Italian cured pork belly seasoned with salt and spices?,A) Pancetta | B) Prosciutto | C) Salami | D) Chorizo,A
249,Cooking,Easy,Multiple Choice,Which culinary ingredient is known as: red pepper spice commonly used for color and smoky flavor?,A) Paprika | B) Oregano | C) Cumin | D) Nutmeg,A
250,Cooking,Easy,Multiple Choice,"[74] Which culinary ingredient is known as: japanese horseradish known for its sharp, pungent green paste?",A) Horseradish | B) Mustard | C) Ginger | D) Wasabi,D
251,Cooking,Easy,Multiple Choice,[169] Which culinary ingredient is known as: fragrant evergreen herb with needle-like leaves used in roasting?,A) Thyme | B) Rosemary | C) Basil | D) Parsley,B
252,Cooking,Medium,Multiple Choice,"[56] In professional gastronomy, what cooking method describes: gradually raising temperature of eggs or chocolate without curdling or seizing?",A) Proofing | B) Curdling | C) Binding | D) Tempering,D
253,Cooking,Medium,Typing,[35] Kitchen technique challenge: culinary knife cut where food is cut into long thin strips. Type the one-word technique.,,julienne
254,Cooking,Hard,Typing,[24] Master chef challenge: Name the famous dish described as 'traditional Provençal fish stew originating from the port city of Marseille'. Type the exact name.,,bouillabaisse
255,Cooking,Easy,Typing,[22] Culinary clue: expensive golden-red spice harvested from crocus flowers. Type the exact term.,,saffron
256,Cooking,Hard,Typing,[19] Master chef challenge: Name the famous dish described as 'South American seafood dish where raw fish is cured in fresh citrus juices'. Type the exact name.,,ceviche
257,Cooking,Medium,Multiple Choice,"[189] In professional gastronomy, what cooking method describes: cooking food gently submerged in liquid below boiling point?",A) Boiling | B) Simmering | C) Poaching | D) Scalding,C
258,Cooking,Medium,Multiple Choice,"[231] In professional gastronomy, what cooking method describes: shredding or finely cutting leafy vegetables or herbs into thin ribbons?",A) Julienne | B) Dice | C) Mince | D) Chiffonade,D
259,Cooking,Hard,Multiple Choice,[86] Advanced world gastronomy: Which authentic regional specialty is defined by: large range of small Chinese Cantonese dishes served with tea in steamer baskets?,A) Dumpling | B) Dim sum | C) Bao | D) Spring roll,B
260,Cooking,Easy,Multiple Choice,[230] Which culinary ingredient is known as: fresh green leaves of the coriander plant widely used in salsa?,A) Mint | B) Cilantro | C) Dill | D) Tarragon,B
261,Cooking,Easy,Multiple Choice,[223] Which culinary ingredient is known as: flavoring derived from orchids of the genus Vanilla?,A) Almond | B) Cinnamon | C) Vanilla | D) Mint,C
262,Cooking,Hard,Multiple Choice,"[153] Advanced world gastronomy: Which authentic regional specialty is defined by: French Provençal stewed vegetable dish featuring eggplant, zucchini, and peppers?",A) Ratatouille | B) Bouillabaisse | C) Cassoulet | D) Coq au vin,A
263,Cooking,Hard,Multiple Choice,"[53] Advanced world gastronomy: Which authentic regional specialty is defined by: French Provençal stewed vegetable dish featuring eggplant, zucchini, and peppers?",A) Ratatouille | B) Bouillabaisse | C) Cassoulet | D) Coq au vin,A
264,Cooking,Easy,Typing,[30] Culinary clue: fresh green leaves of the coriander plant widely used in salsa. Type the exact term.,,cilantro
265,Cooking,Medium,Multiple Choice,"[190] In professional gastronomy, what cooking method describes: oxidation of sugar, a process used widely in cooking for sweet nutty flavor?",A) Fermentation | B) Coagulation | C) Caramelization | D) Maceration,C
266,Cooking,Medium,Multiple Choice,"[36] In professional gastronomy, what cooking method describes: shredding or finely cutting leafy vegetables or herbs into thin ribbons?",A) Julienne | B) Dice | C) Mince | D) Chiffonade,D
267,Cooking,Medium,Multiple Choice,"[109] In professional gastronomy, what cooking method describes: adding liquid to a hot pan to dissolve browned food residue?",A) Reducing | B) Deglazing | C) Emulsifying | D) Clarifying,B
268,Cooking,Hard,Multiple Choice,[156] Advanced world gastronomy: Which authentic regional specialty is defined by: large range of small Chinese Cantonese dishes served with tea in steamer baskets?,A) Dumpling | B) Bao | C) Dim sum | D) Spring roll,C
269,Cooking,Easy,Multiple Choice,[105] Which culinary ingredient is known as: eukaryotic single-celled microorganism used in baking to leaven bread?,A) Yeast | B) Baking soda | C) Baking powder | D) Cream of tartar,A
270,Cooking,Medium,Multiple Choice,"In professional gastronomy, what cooking method describes: cooking procedure in which alcohol is added to a hot pan to create flames?",A) Deglazing | B) Sautéing | C) Flambé | D) Caramelizing,C
271,Cooking,Medium,Multiple Choice,"[139] In professional gastronomy, what cooking method describes: adding liquid to a hot pan to dissolve browned food residue?",A) Reducing | B) Emulsifying | C) Deglazing | D) Clarifying,C
272,Cooking,Hard,Multiple Choice,"[13] Advanced world gastronomy: Which authentic regional specialty is defined by: French Provençal stewed vegetable dish featuring eggplant, zucchini, and peppers?",A) Bouillabaisse | B) Cassoulet | C) Ratatouille | D) Coq au vin,C
273,Cooking,Easy,Multiple Choice,[269] Which culinary ingredient is known as: fragrant evergreen herb with needle-like leaves used in roasting?,A) Thyme | B) Basil | C) Parsley | D) Rosemary,D
274,Cooking,Hard,Multiple Choice,[120] Advanced world gastronomy: Which authentic regional specialty is defined by: Hungarian soup or stew of meat and vegetables seasoned with paprika?,A) Borscht | B) Goulash | C) Stroganoff | D) Paprikash,B
275,Cooking,Medium,Multiple Choice,"[202] In professional gastronomy, what cooking method describes: culinary knife cut where food is first julienned and then cut into tiny cubes?",A) Batonnet | B) Paysanne | C) Rondelle | D) Brunoise,D
276,Cooking,Easy,Typing,"[36] Culinary clue: botanical variety of the onion with a mild, delicate flavor. Type the exact term.",,shallot
277,Cooking,Hard,Multiple Choice,[42] Advanced world gastronomy: Which authentic regional specialty is defined by: northern Italian rice dish cooked with broth until creamy consistency?,A) Paella | B) Pilaf | C) Congee | D) Risotto,D
278,Cooking,Medium,Multiple Choice,"In professional gastronomy, what cooking method describes: gradually raising temperature of eggs or chocolate without curdling or seizing?",A) Proofing | B) Curdling | C) Binding | D) Tempering,D
279,Cooking,Medium,Typing,Kitchen technique challenge: combination-cooking method using wet and dry heats: browning then simmering. Type the one-word technique.,,braising
280,Cooking,Medium,Multiple Choice,"[142] In professional gastronomy, what cooking method describes: culinary knife cut where food is first julienned and then cut into tiny cubes?",A) Batonnet | B) Brunoise | C) Paysanne | D) Rondelle,B
281,Cooking,Medium,Multiple Choice,"[186] In professional gastronomy, what cooking method describes: shredding or finely cutting leafy vegetables or herbs into thin ribbons?",A) Julienne | B) Dice | C) Mince | D) Chiffonade,D
282,Cooking,Easy,Multiple Choice,[302] Which culinary ingredient is known as: expensive golden-red spice harvested from crocus flowers?,A) Saffron | B) Turmeric | C) Cardamom | D) Ginger,A
283,Cooking,Medium,Typing,[17] Kitchen technique challenge: cooking food in vacuum-sealed pouches at a precise low temperature. Type the one-word technique.,,sous-vide
284,Cooking,Medium,Multiple Choice,"[83] In professional gastronomy, what cooking method describes: combination-cooking method using wet and dry heats: browning then simmering?",A) Stewing | B) Roasting | C) Poaching | D) Braising,D
285,Cooking,Medium,Multiple Choice,"[188] In professional gastronomy, what cooking method describes: combination-cooking method using wet and dry heats: browning then simmering?",A) Braising | B) Stewing | C) Roasting | D) Poaching,A
286,Cooking,Easy,Multiple Choice,[78] Which culinary ingredient is known as: Italian dry-cured ham that is usually thinly sliced and served uncooked?,A) Pancetta | B) Prosciutto | C) Guanciale | D) Bacon,B
287,Cooking,Medium,Multiple Choice,"[232] In professional gastronomy, what cooking method describes: culinary knife cut where food is first julienned and then cut into tiny cubes?",A) Batonnet | B) Paysanne | C) Brunoise | D) Rondelle,C
288,Cooking,Medium,Multiple Choice,"[171] In professional gastronomy, what cooking method describes: shredding or finely cutting leafy vegetables or herbs into thin ribbons?",A) Julienne | B) Dice | C) Chiffonade | D) Mince,C
289,Cooking,Medium,Multiple Choice,"[87] In professional gastronomy, what cooking method describes: allowing bread dough to rise one final time before baking?",A) Kneading | B) Folding | C) Proofing | D) Scoring,C
290,Cooking,Easy,Multiple Choice,[380] Which culinary ingredient is known as: Italian cured meat prepared from pork jowl or cheeks?,A) Guanciale | B) Lard | C) Pancetta | D) Tallow,A
291,Cooking,Hard,Multiple Choice,[22] Advanced world gastronomy: Which authentic regional specialty is defined by: northern Italian rice dish cooked with broth until creamy consistency?,A) Risotto | B) Paella | C) Pilaf | D) Congee,A
292,Cooking,Easy,Multiple Choice,[91] Which culinary ingredient is known as: southern Italian cheese traditionally made from Italian buffalo milk?,A) Mozzarella | B) Brie | C) Feta | D) Ricotta,A
293,Cooking,Medium,Multiple Choice,"[71] In professional gastronomy, what cooking method describes: gradually raising temperature of eggs or chocolate without curdling or seizing?",A) Tempering | B) Proofing | C) Curdling | D) Binding,A
294,Cooking,Medium,Multiple Choice,"[240] In professional gastronomy, what cooking method describes: preserving food through addition of salt, nitrates, nitrite, or sugar?",A) Cure | B) Pasteurization | C) Fermentation | D) Pickling,A
295,Cooking,Hard,Typing,[20] Master chef challenge: Name the famous dish described as 'Hungarian soup or stew of meat and vegetables seasoned with paprika'. Type the exact name.,,goulash
296,Cooking,Easy,Multiple Choice,[329] Which culinary ingredient is known as: fragrant evergreen herb with needle-like leaves used in roasting?,A) Thyme | B) Basil | C) Rosemary | D) Parsley,C
297,Cooking,Medium,Multiple Choice,"[102] In professional gastronomy, what cooking method describes: allowing bread dough to rise one final time before baking?",A) Proofing | B) Kneading | C) Folding | D) Scoring,A
298,Cooking,Easy,Multiple Choice,[50] Which culinary ingredient is known as: fresh green leaves of the coriander plant widely used in salsa?,A) Mint | B) Cilantro | C) Dill | D) Tarragon,B
299,Cooking,Easy,Multiple Choice,"[356] Which culinary ingredient is known as: botanical variety of the onion with a mild, delicate flavor?",A) Leek | B) Shallot | C) Garlic | D) Scallion,B
300,Cooking,Easy,Typing,[55] Culinary clue: spice made from the seeds of several plants in the ginger family. Type the exact term.,,cardamom
301,Cooking,Hard,Multiple Choice,Advanced world gastronomy: Which authentic regional specialty is defined by: traditional Mexican dish consisting of a folded tortilla filled with meat and salsa?,A) Burrito | B) Enchilada | C) Quesadilla | D) Tacos,D
302,Cooking,Medium,Multiple Choice,"[237] In professional gastronomy, what cooking method describes: allowing bread dough to rise one final time before baking?",A) Kneading | B) Proofing | C) Folding | D) Scoring,B
303,Cooking,Easy,Typing,"[24] Culinary clue: colorless, flavorless food ingredient derived from collagen. Type the exact term.",,gelatin
304,Cooking,Medium,Multiple Choice,"[225] In professional gastronomy, what cooking method describes: preserving food through addition of salt, nitrates, nitrite, or sugar?",A) Pasteurization | B) Fermentation | C) Pickling | D) Cure,D
305,Cooking,Easy,Multiple Choice,[133] Which culinary ingredient is known as: middle eastern condiment made from toasted ground hulled sesame?,A) Tahini | B) Hummus | C) Tzatziki | D) Pesto,A
306,Cooking,Easy,Multiple Choice,[275] Which culinary ingredient is known as: spice made from the seeds of several plants in the ginger family?,A) Cardamom | B) Clove | C) Allspice | D) Star anise,A
307,Cooking,Easy,Multiple Choice,Which culinary ingredient is known as: spice made from the seeds of several plants in the ginger family?,A) Clove | B) Allspice | C) Cardamom | D) Star anise,C
308,Cooking,Hard,Multiple Choice,[18] Advanced world gastronomy: Which authentic regional specialty is defined by: traditional Mexican dish consisting of a folded tortilla filled with meat and salsa?,A) Burrito | B) Enchilada | C) Quesadilla | D) Tacos,D
309,Cooking,Hard,Typing,"[21] Master chef challenge: Name the famous dish described as 'Spanish rice dish featuring saffron, vegetables, chicken, and seafood'. Type the exact name.",,paella
310,Cooking,Easy,Multiple Choice,Which culinary ingredient is known as: Italian dry-cured ham that is usually thinly sliced and served uncooked?,A) Pancetta | B) Prosciutto | C) Guanciale | D) Bacon,B
311,Cooking,Easy,Multiple Choice,"[367] Which culinary ingredient is known as: hard, granular Italian cheese made from cow milk?",A) Cheddar | B) Gouda | C) Parmesan | D) Mozzarella,C
312,Cooking,Medium,Multiple Choice,"[118] In professional gastronomy, what cooking method describes: softening fruit by soaking it in liquid and sugar?",A) Reduction | B) Confit | C) Maceration | D) Infusion,C
313,Cooking,Medium,Multiple Choice,"[104] In professional gastronomy, what cooking method describes: cooking food slowly in fat or sugar syrup at low temperature?",A) Confit | B) Broiling | C) Searing | D) Smoking,A
314,Cooking,Medium,Multiple Choice,"[182] In professional gastronomy, what cooking method describes: cooking food in vacuum-sealed pouches at a precise low temperature?",A) Deep-frying | B) Roasting | C) Sous-vide | D) Grilling,C
315,Cooking,Easy,Typing,[73] Culinary clue: middle eastern condiment made from toasted ground hulled sesame. Type the exact term.,,tahini
316,Cooking,Medium,Multiple Choice,"[52] In professional gastronomy, what cooking method describes: culinary knife cut where food is first julienned and then cut into tiny cubes?",A) Brunoise | B) Batonnet | C) Paysanne | D) Rondelle,A
317,Cooking,Easy,Typing,Culinary clue: spice made from the seeds of several plants in the ginger family. Type the exact term.,,cardamom
318,Cooking,Easy,Typing,[39] Culinary clue: Italian cured pork belly seasoned with salt and spices. Type the exact term.,,pancetta
319,Cooking,Easy,Multiple Choice,[257] Which culinary ingredient is known as: creamy Italian cheese coagulated by the addition of citric acid?,A) Ricotta | B) Mascarpone | C) Cream cheese | D) Quark,B
320,Cooking,Easy,Multiple Choice,"[56] Which culinary ingredient is known as: botanical variety of the onion with a mild, delicate flavor?",A) Shallot | B) Leek | C) Garlic | D) Scallion,A
321,Cooking,Medium,Multiple Choice,"[61] In professional gastronomy, what cooking method describes: scalding vegetables in boiling water then plunging into ice water?",A) Poaching | B) Steaming | C) Braising | D) Blanching,D
322,Cooking,Hard,Typing,Master chef challenge: Name the famous dish described as 'South American seafood dish where raw fish is cured in fresh citrus juices'. Type the exact name.,,ceviche
323,Cooking,Easy,Multiple Choice,"[388] Which culinary ingredient is known as: dark, concentrated, and intensely flavored vinegar originating in Italy?",A) Apple cider | B) Balsamic | C) White vinegar | D) Rice vinegar,B
324,Cooking,Medium,Multiple Choice,"[37] In professional gastronomy, what cooking method describes: culinary knife cut where food is first julienned and then cut into tiny cubes?",A) Batonnet | B) Paysanne | C) Rondelle | D) Brunoise,D
325,Cooking,Hard,Multiple Choice,"[111] Advanced world gastronomy: Which authentic regional specialty is defined by: Spanish rice dish featuring saffron, vegetables, chicken, and seafood?",A) Risotto | B) Biryani | C) Jambalaya | D) Paella,D
326,Cooking,Easy,Multiple Choice,[340] Which culinary ingredient is known as: Italian cured meat prepared from pork jowl or cheeks?,A) Lard | B) Pancetta | C) Guanciale | D) Tallow,C
327,Cooking,Medium,Multiple Choice,"[82] In professional gastronomy, what cooking method describes: culinary knife cut where food is first julienned and then cut into tiny cubes?",A) Batonnet | B) Paysanne | C) Brunoise | D) Rondelle,C
328,Cooking,Easy,Multiple Choice,[53] Which culinary ingredient is known as: middle eastern condiment made from toasted ground hulled sesame?,A) Hummus | B) Tzatziki | C) Pesto | D) Tahini,D
329,Cooking,Easy,Multiple Choice,[155] Which culinary ingredient is known as: spice made from the seeds of several plants in the ginger family?,A) Clove | B) Allspice | C) Cardamom | D) Star anise,C
330,Cooking,Hard,Multiple Choice,[118] Advanced world gastronomy: Which authentic regional specialty is defined by: traditional Mexican dish consisting of a folded tortilla filled with meat and salsa?,A) Burrito | B) Enchilada | C) Tacos | D) Quesadilla,C
331,Cooking,Easy,Typing,Culinary clue: fresh green leaves of the coriander plant widely used in salsa. Type the exact term.,,cilantro
332,Cooking,Medium,Typing,[53] Kitchen technique challenge: combination-cooking method using wet and dry heats: browning then simmering. Type the one-word technique.,,braising
333,Cooking,Medium,Typing,"[55] Kitchen technique challenge: oxidation of sugar, a process used widely in cooking for sweet nutty flavor. Type the one-word technique.",,caramelization
334,Cooking,Easy,Multiple Choice,[246] Which culinary ingredient is known as: subterranean ascomycete fungus prized as a culinary delicacy?,A) Portobello | B) Shiitake | C) Morel | D) Truffle,D
335,Cooking,Easy,Multiple Choice,"[394] Which culinary ingredient is known as: japanese horseradish known for its sharp, pungent green paste?",A) Horseradish | B) Wasabi | C) Mustard | D) Ginger,B
336,Cooking,Easy,Multiple Choice,[391] Which culinary ingredient is known as: southern Italian cheese traditionally made from Italian buffalo milk?,A) Brie | B) Feta | C) Ricotta | D) Mozzarella,D
337,Cooking,Medium,Multiple Choice,"[152] In professional gastronomy, what cooking method describes: cooking food in vacuum-sealed pouches at a precise low temperature?",A) Deep-frying | B) Sous-vide | C) Roasting | D) Grilling,B
338,Cooking,Easy,Multiple Choice,Which culinary ingredient is known as: subterranean ascomycete fungus prized as a culinary delicacy?,A) Portobello | B) Shiitake | C) Morel | D) Truffle,D
339,Cooking,Medium,Multiple Choice,"[230] In professional gastronomy, what cooking method describes: culinary knife cut where food is cut into long thin strips?",A) Brunoise | B) Julienne | C) Chiffonade | D) Mirepoix,B
340,Cooking,Easy,Multiple Choice,"[236] Which culinary ingredient is known as: botanical variety of the onion with a mild, delicate flavor?",A) Leek | B) Garlic | C) Scallion | D) Shallot,D
341,Cooking,Easy,Typing,[59] Culinary clue: Italian cured pork belly seasoned with salt and spices. Type the exact term.,,pancetta
342,Cooking,Easy,Multiple Choice,[161] Which culinary ingredient is known as: red pepper spice commonly used for color and smoky flavor?,A) Oregano | B) Cumin | C) Nutmeg | D) Paprika,D
343,Cooking,Medium,Multiple Choice,"[48] In professional gastronomy, what cooking method describes: cooking procedure in which alcohol is added to a hot pan to create flames?",A) Deglazing | B) Flambé | C) Sautéing | D) Caramelizing,B
344,Cooking,Easy,Multiple Choice,"[364] Which culinary ingredient is known as: colorless, flavorless food ingredient derived from collagen?",A) Gelatin | B) Agar-agar | C) Pectin | D) Starch,A
345,Cooking,Easy,Multiple Choice,"[136] Which culinary ingredient is known as: botanical variety of the onion with a mild, delicate flavor?",A) Leek | B) Garlic | C) Scallion | D) Shallot,D
346,Cooking,Medium,Multiple Choice,"[50] In professional gastronomy, what cooking method describes: culinary knife cut where food is cut into long thin strips?",A) Julienne | B) Brunoise | C) Chiffonade | D) Mirepoix,A
347,Cooking,Easy,Multiple Choice,[250] Which culinary ingredient is known as: fresh green leaves of the coriander plant widely used in salsa?,A) Mint | B) Dill | C) Cilantro | D) Tarragon,C
348,Cooking,Medium,Multiple Choice,"[236] In professional gastronomy, what cooking method describes: gradually raising temperature of eggs or chocolate without curdling or seizing?",A) Tempering | B) Proofing | C) Curdling | D) Binding,A
349,Cooking,Easy,Multiple Choice,[343] Which culinary ingredient is known as: flavoring derived from orchids of the genus Vanilla?,A) Almond | B) Cinnamon | C) Mint | D) Vanilla,D
350,Cooking,Easy,Multiple Choice,[49] Which culinary ingredient is known as: fragrant evergreen herb with needle-like leaves used in roasting?,A) Thyme | B) Rosemary | C) Basil | D) Parsley,B
351,Cooking,Medium,Multiple Choice,"[122] In professional gastronomy, what cooking method describes: cooking food in vacuum-sealed pouches at a precise low temperature?",A) Deep-frying | B) Roasting | C) Grilling | D) Sous-vide,D
352,Cooking,Medium,Typing,Kitchen technique challenge: softening fruit by soaking it in liquid and sugar. Type the one-word technique.,,maceration
353,Cooking,Easy,Multiple Choice,[255] Which culinary ingredient is known as: spice made from the seeds of several plants in the ginger family?,A) Clove | B) Allspice | C) Star anise | D) Cardamom,D
354,Cooking,Easy,Multiple Choice,[352] Which culinary ingredient is known as: flowering plant in the amaranth family grown as a grain crop?,A) Quinoa | B) Barley | C) Bulgur | D) Couscous,A
355,Cooking,Easy,Multiple Choice,[150] Which culinary ingredient is known as: fresh green leaves of the coriander plant widely used in salsa?,A) Cilantro | B) Mint | C) Dill | D) Tarragon,A
356,Cooking,Medium,Typing,[46] Kitchen technique challenge: scalding vegetables in boiling water then plunging into ice water. Type the one-word technique.,,blanching
357,Cooking,Hard,Typing,[27] Master chef challenge: Name the famous dish described as 'layered eggplant and minced meat casserole topped with béchamel sauce'. Type the exact name.,,moussaka
358,Cooking,Hard,Multiple Choice,[69] Advanced world gastronomy: Which authentic regional specialty is defined by: South American seafood dish where raw fish is cured in fresh citrus juices?,A) Tartare | B) Carpaccio | C) Poke | D) Ceviche,D
359,Cooking,Medium,Multiple Choice,"[206] In professional gastronomy, what cooking method describes: gradually raising temperature of eggs or chocolate without curdling or seizing?",A) Proofing | B) Curdling | C) Binding | D) Tempering,D
360,Cooking,Medium,Multiple Choice,"[100] In professional gastronomy, what cooking method describes: oxidation of sugar, a process used widely in cooking for sweet nutty flavor?",A) Fermentation | B) Coagulation | C) Maceration | D) Caramelization,D
361,Cooking,Easy,Typing,[86] Culinary clue: subterranean ascomycete fungus prized as a culinary delicacy. Type the exact term.,,truffle
362,Cooking,Easy,Multiple Choice,[69] Which culinary ingredient is known as: fragrant evergreen herb with needle-like leaves used in roasting?,A) Thyme | B) Basil | C) Parsley | D) Rosemary,D
363,Cooking,Medium,Typing,[29] Kitchen technique challenge: cooking food slowly in fat or sugar syrup at low temperature. Type the one-word technique.,,confit
364,Cooking,Easy,Multiple Choice,"[214] Which culinary ingredient is known as: japanese horseradish known for its sharp, pungent green paste?",A) Horseradish | B) Wasabi | C) Mustard | D) Ginger,B
365,Cooking,Hard,Multiple Choice,[12] Advanced world gastronomy: Which authentic regional specialty is defined by: northern Italian rice dish cooked with broth until creamy consistency?,A) Paella | B) Risotto | C) Pilaf | D) Congee,B
366,Cooking,Easy,Typing,Culinary clue: flowering plant in the amaranth family grown as a grain crop. Type the exact term.,,quinoa
367,Cooking,Hard,Typing,[32] Master chef challenge: Name the famous dish described as 'northern Italian rice dish cooked with broth until creamy consistency'. Type the exact name.,,risotto
368,Cooking,Easy,Multiple Choice,[79] Which culinary ingredient is known as: Italian cured pork belly seasoned with salt and spices?,A) Prosciutto | B) Salami | C) Chorizo | D) Pancetta,D
369,Cooking,Easy,Multiple Choice,[311] Which culinary ingredient is known as: southern Italian cheese traditionally made from Italian buffalo milk?,A) Mozzarella | B) Brie | C) Feta | D) Ricotta,A
370,Cooking,Medium,Multiple Choice,"[170] In professional gastronomy, what cooking method describes: culinary knife cut where food is cut into long thin strips?",A) Brunoise | B) Julienne | C) Chiffonade | D) Mirepoix,B
371,Cooking,Easy,Typing,[98] Culinary clue: Italian dry-cured ham that is usually thinly sliced and served uncooked. Type the exact term.,,prosciutto
372,Cooking,Easy,Multiple Choice,[213] Which culinary ingredient is known as: middle eastern condiment made from toasted ground hulled sesame?,A) Tahini | B) Hummus | C) Tzatziki | D) Pesto,A
373,Cooking,Easy,Multiple Choice,[186] Which culinary ingredient is known as: subterranean ascomycete fungus prized as a culinary delicacy?,A) Truffle | B) Portobello | C) Shiitake | D) Morel,A
374,Cooking,Easy,Multiple Choice,[218] Which culinary ingredient is known as: Italian dry-cured ham that is usually thinly sliced and served uncooked?,A) Prosciutto | B) Pancetta | C) Guanciale | D) Bacon,A
375,Cooking,Medium,Multiple Choice,"[153] In professional gastronomy, what cooking method describes: cooking procedure in which alcohol is added to a hot pan to create flames?",A) Deglazing | B) Sautéing | C) Caramelizing | D) Flambé,D
376,Cooking,Easy,Multiple Choice,"[24] Which culinary ingredient is known as: colorless, flavorless food ingredient derived from collagen?",A) Agar-agar | B) Gelatin | C) Pectin | D) Starch,B
377,Cooking,Easy,Multiple Choice,Which culinary ingredient is known as: creamy Italian cheese coagulated by the addition of citric acid?,A) Ricotta | B) Cream cheese | C) Quark | D) Mascarpone,D
378,Cooking,Easy,Multiple Choice,[398] Which culinary ingredient is known as: Italian dry-cured ham that is usually thinly sliced and served uncooked?,A) Pancetta | B) Guanciale | C) Prosciutto | D) Bacon,C
379,Cooking,Medium,Multiple Choice,"[16] In professional gastronomy, what cooking method describes: scalding vegetables in boiling water then plunging into ice water?",A) Poaching | B) Steaming | C) Braising | D) Blanching,D
380,Cooking,Easy,Multiple Choice,[297] Which culinary ingredient is known as: creamy Italian cheese coagulated by the addition of citric acid?,A) Ricotta | B) Mascarpone | C) Cream cheese | D) Quark,B
381,Cooking,Hard,Multiple Choice,[102] Advanced world gastronomy: Which authentic regional specialty is defined by: northern Italian rice dish cooked with broth until creamy consistency?,A) Paella | B) Risotto | C) Pilaf | D) Congee,B
382,Cooking,Hard,Multiple Choice,[24] Advanced world gastronomy: Which authentic regional specialty is defined by: traditional Provençal fish stew originating from the port city of Marseille?,A) Chowder | B) Bisque | C) Bouillabaisse | D) Gumbo,C
383,Cooking,Hard,Typing,[40] Master chef challenge: Name the famous dish described as 'Hungarian soup or stew of meat and vegetables seasoned with paprika'. Type the exact name.,,goulash
384,Cooking,Easy,Multiple Choice,[280] Which culinary ingredient is known as: Italian cured meat prepared from pork jowl or cheeks?,A) Guanciale | B) Lard | C) Pancetta | D) Tallow,A
385,Cooking,Easy,Multiple Choice,"[267] Which culinary ingredient is known as: hard, granular Italian cheese made from cow milk?",A) Parmesan | B) Cheddar | C) Gouda | D) Mozzarella,A
386,Cooking,Easy,Multiple Choice,[315] Which culinary ingredient is known as: spice made from the seeds of several plants in the ginger family?,A) Cardamom | B) Clove | C) Allspice | D) Star anise,A
387,Cooking,Easy,Multiple Choice,[99] Which culinary ingredient is known as: Italian cured pork belly seasoned with salt and spices?,A) Prosciutto | B) Pancetta | C) Salami | D) Chorizo,B
388,Cooking,Easy,Multiple Choice,"[344] Which culinary ingredient is known as: colorless, flavorless food ingredient derived from collagen?",A) Gelatin | B) Agar-agar | C) Pectin | D) Starch,A
389,Cooking,Medium,Multiple Choice,"[135] In professional gastronomy, what cooking method describes: preserving food through addition of salt, nitrates, nitrite, or sugar?",A) Pasteurization | B) Fermentation | C) Pickling | D) Cure,D
390,Cooking,Medium,Multiple Choice,"[215] In professional gastronomy, what cooking method describes: culinary knife cut where food is cut into long thin strips?",A) Brunoise | B) Julienne | C) Chiffonade | D) Mirepoix,B
391,Cooking,Easy,Multiple Choice,"[156] Which culinary ingredient is known as: botanical variety of the onion with a mild, delicate flavor?",A) Leek | B) Garlic | C) Scallion | D) Shallot,D
392,Cooking,Easy,Typing,[58] Culinary clue: Italian dry-cured ham that is usually thinly sliced and served uncooked. Type the exact term.,,prosciutto
393,Cooking,Easy,Multiple Choice,Which culinary ingredient is known as: southern Italian cheese traditionally made from Italian buffalo milk?,A) Mozzarella | B) Brie | C) Feta | D) Ricotta,A
394,Cooking,Easy,Multiple Choice,[146] Which culinary ingredient is known as: subterranean ascomycete fungus prized as a culinary delicacy?,A) Portobello | B) Shiitake | C) Morel | D) Truffle,D
395,Cooking,Medium,Typing,Kitchen technique challenge: culinary knife cut where food is cut into long thin strips. Type the one-word technique.,,julienne
396,Cooking,Hard,Multiple Choice,[30] Advanced world gastronomy: Which authentic regional specialty is defined by: Hungarian soup or stew of meat and vegetables seasoned with paprika?,A) Borscht | B) Goulash | C) Stroganoff | D) Paprikash,B
397,Cooking,Medium,Multiple Choice,"[62] In professional gastronomy, what cooking method describes: cooking food in vacuum-sealed pouches at a precise low temperature?",A) Deep-frying | B) Roasting | C) Sous-vide | D) Grilling,C
398,Cooking,Easy,Multiple Choice,[55] Which culinary ingredient is known as: spice made from the seeds of several plants in the ginger family?,A) Clove | B) Allspice | C) Cardamom | D) Star anise,C
399,Cooking,Medium,Multiple Choice,"[210] In professional gastronomy, what cooking method describes: preserving food through addition of salt, nitrates, nitrite, or sugar?",A) Cure | B) Pasteurization | C) Fermentation | D) Pickling,A
400,Cooking,Easy,Typing,[43] Culinary clue: flavoring derived from orchids of the genus Vanilla. Type the exact term.,,vanilla
401,Cooking,Easy,Multiple Choice,"[247] Which culinary ingredient is known as: hard, granular Italian cheese made from cow milk?",A) Cheddar | B) Parmesan | C) Gouda | D) Mozzarella,B
402,Cooking,Medium,Typing,[23] Kitchen technique challenge: combination-cooking method using wet and dry heats: browning then simmering. Type the one-word technique.,,braising
403,Cooking,Easy,Multiple Choice,[113] Which culinary ingredient is known as: middle eastern condiment made from toasted ground hulled sesame?,A) Hummus | B) Tzatziki | C) Tahini | D) Pesto,C
404,Cooking,Easy,Multiple Choice,[217] Which culinary ingredient is known as: creamy Italian cheese coagulated by the addition of citric acid?,A) Mascarpone | B) Ricotta | C) Cream cheese | D) Quark,A
405,Cooking,Easy,Typing,Culinary clue: creamy Italian cheese coagulated by the addition of citric acid. Type the exact term.,,mascarpone
406,Cooking,Easy,Multiple Choice,[171] Which culinary ingredient is known as: southern Italian cheese traditionally made from Italian buffalo milk?,A) Brie | B) Feta | C) Ricotta | D) Mozzarella,D
407,Cooking,Medium,Typing,[58] Kitchen technique challenge: softening fruit by soaking it in liquid and sugar. Type the one-word technique.,,maceration
408,Cooking,Easy,Typing,[62] Culinary clue: expensive golden-red spice harvested from crocus flowers. Type the exact term.,,saffron
409,Cooking,Easy,Multiple Choice,[337] Which culinary ingredient is known as: creamy Italian cheese coagulated by the addition of citric acid?,A) Mascarpone | B) Ricotta | C) Cream cheese | D) Quark,A
410,Cooking,Medium,Multiple Choice,"[84] In professional gastronomy, what cooking method describes: cooking food gently submerged in liquid below boiling point?",A) Boiling | B) Poaching | C) Simmering | D) Scalding,B
411,Cooking,Easy,Multiple Choice,[125] Which culinary ingredient is known as: eukaryotic single-celled microorganism used in baking to leaven bread?,A) Baking soda | B) Baking powder | C) Yeast | D) Cream of tartar,C
412,Cooking,Easy,Multiple Choice,Which culinary ingredient is known as: middle eastern condiment made from toasted ground hulled sesame?,A) Hummus | B) Tzatziki | C) Tahini | D) Pesto,C
413,Cooking,Medium,Multiple Choice,"[217] In professional gastronomy, what cooking method describes: culinary knife cut where food is first julienned and then cut into tiny cubes?",A) Batonnet | B) Paysanne | C) Rondelle | D) Brunoise,D
414,Cooking,Easy,Multiple Choice,"[154] Which culinary ingredient is known as: japanese horseradish known for its sharp, pungent green paste?",A) Horseradish | B) Mustard | C) Ginger | D) Wasabi,D
415,Cooking,Easy,Multiple Choice,[92] Which culinary ingredient is known as: flowering plant in the amaranth family grown as a grain crop?,A) Barley | B) Bulgur | C) Couscous | D) Quinoa,D
416,Cooking,Easy,Multiple Choice,[305] Which culinary ingredient is known as: eukaryotic single-celled microorganism used in baking to leaven bread?,A) Baking soda | B) Baking powder | C) Yeast | D) Cream of tartar,C
417,Cooking,Medium,Multiple Choice,"[107] In professional gastronomy, what cooking method describes: cooking food in vacuum-sealed pouches at a precise low temperature?",A) Deep-frying | B) Sous-vide | C) Roasting | D) Grilling,B
418,Cooking,Easy,Multiple Choice,[117] Which culinary ingredient is known as: creamy Italian cheese coagulated by the addition of citric acid?,A) Ricotta | B) Mascarpone | C) Cream cheese | D) Quark,B
419,Cooking,Hard,Multiple Choice,[85] Advanced world gastronomy: Which authentic regional specialty is defined by: Japanese dish of prepared vinegared rice accompanied by seafood and vegetables?,A) Sushi | B) Sashimi | C) Ramen | D) Tempura,A
420,Cooking,Easy,Multiple Choice,[166] Which culinary ingredient is known as: subterranean ascomycete fungus prized as a culinary delicacy?,A) Truffle | B) Portobello | C) Shiitake | D) Morel,A
421,Cooking,Easy,Multiple Choice,[142] Which culinary ingredient is known as: expensive golden-red spice harvested from crocus flowers?,A) Turmeric | B) Cardamom | C) Saffron | D) Ginger,C
422,Cooking,Easy,Typing,[26] Culinary clue: subterranean ascomycete fungus prized as a culinary delicacy. Type the exact term.,,truffle
423,Cooking,Easy,Multiple Choice,[175] Which culinary ingredient is known as: spice made from the seeds of several plants in the ginger family?,A) Cardamom | B) Clove | C) Allspice | D) Star anise,A
424,Cooking,Easy,Multiple Choice,[29] Which culinary ingredient is known as: fragrant evergreen herb with needle-like leaves used in roasting?,A) Thyme | B) Basil | C) Parsley | D) Rosemary,D
425,Cooking,Easy,Multiple Choice,[182] Which culinary ingredient is known as: expensive golden-red spice harvested from crocus flowers?,A) Saffron | B) Turmeric | C) Cardamom | D) Ginger,A
426,Cooking,Easy,Typing,[50] Culinary clue: fresh green leaves of the coriander plant widely used in salsa. Type the exact term.,,cilantro
427,Cooking,Medium,Typing,[16] Kitchen technique challenge: scalding vegetables in boiling water then plunging into ice water. Type the one-word technique.,,blanching
428,Cooking,Easy,Multiple Choice,"[387] Which culinary ingredient is known as: hard, granular Italian cheese made from cow milk?",A) Cheddar | B) Parmesan | C) Gouda | D) Mozzarella,B
429,Cooking,Easy,Multiple Choice,Which culinary ingredient is known as: flavoring derived from orchids of the genus Vanilla?,A) Almond | B) Cinnamon | C) Vanilla | D) Mint,C
430,Cooking,Hard,Multiple Choice,[139] Advanced world gastronomy: Which authentic regional specialty is defined by: South American seafood dish where raw fish is cured in fresh citrus juices?,A) Ceviche | B) Tartare | C) Carpaccio | D) Poke,A
431,Cooking,Hard,Multiple Choice,[104] Advanced world gastronomy: Which authentic regional specialty is defined by: traditional Provençal fish stew originating from the port city of Marseille?,A) Chowder | B) Bisque | C) Bouillabaisse | D) Gumbo,C
432,Cooking,Hard,Multiple Choice,[117] Advanced world gastronomy: Which authentic regional specialty is defined by: layered eggplant and minced meat casserole topped with béchamel sauce?,A) Lasagna | B) Moussaka | C) Pastitsio | D) Shepherd's pie,B
433,Cooking,Easy,Multiple Choice,[195] Which culinary ingredient is known as: spice made from the seeds of several plants in the ginger family?,A) Cardamom | B) Clove | C) Allspice | D) Star anise,A
434,Cooking,Hard,Multiple Choice,[122] Advanced world gastronomy: Which authentic regional specialty is defined by: northern Italian rice dish cooked with broth until creamy consistency?,A) Paella | B) Pilaf | C) Risotto | D) Congee,C
435,Cooking,Easy,Typing,[60] Culinary clue: Italian cured meat prepared from pork jowl or cheeks. Type the exact term.,,guanciale
436,Cooking,Easy,Typing,"[54] Culinary clue: japanese horseradish known for its sharp, pungent green paste. Type the exact term.",,wasabi
437,Cooking,Medium,Multiple Choice,"[86] In professional gastronomy, what cooking method describes: gradually raising temperature of eggs or chocolate without curdling or seizing?",A) Proofing | B) Curdling | C) Binding | D) Tempering,D
438,Cooking,Easy,Multiple Choice,[81] Which culinary ingredient is known as: red pepper spice commonly used for color and smoky flavor?,A) Oregano | B) Cumin | C) Paprika | D) Nutmeg,C
439,Cooking,Easy,Multiple Choice,"[354] Which culinary ingredient is known as: japanese horseradish known for its sharp, pungent green paste?",A) Horseradish | B) Mustard | C) Wasabi | D) Ginger,C
440,Cooking,Hard,Multiple Choice,[154] Advanced world gastronomy: Which authentic regional specialty is defined by: traditional Provençal fish stew originating from the port city of Marseille?,A) Chowder | B) Bisque | C) Gumbo | D) Bouillabaisse,D
441,Cooking,Medium,Typing,[31] Kitchen technique challenge: scalding vegetables in boiling water then plunging into ice water. Type the one-word technique.,,blanching
442,Cooking,Medium,Multiple Choice,"[31] In professional gastronomy, what cooking method describes: scalding vegetables in boiling water then plunging into ice water?",A) Poaching | B) Steaming | C) Braising | D) Blanching,D
443,Cooking,Easy,Multiple Choice,[83] Which culinary ingredient is known as: flavoring derived from orchids of the genus Vanilla?,A) Almond | B) Cinnamon | C) Vanilla | D) Mint,C
444,Cooking,Easy,Multiple Choice,"[64] Which culinary ingredient is known as: colorless, flavorless food ingredient derived from collagen?",A) Agar-agar | B) Pectin | C) Starch | D) Gelatin,D
445,Cooking,Medium,Typing,[36] Kitchen technique challenge: shredding or finely cutting leafy vegetables or herbs into thin ribbons. Type the one-word technique.,,chiffonade
446,Cooking,Hard,Multiple Choice,"Advanced world gastronomy: Which authentic regional specialty is defined by: French Provençal stewed vegetable dish featuring eggplant, zucchini, and peppers?",A) Bouillabaisse | B) Cassoulet | C) Coq au vin | D) Ratatouille,D
447,Cooking,Easy,Typing,[97] Culinary clue: creamy Italian cheese coagulated by the addition of citric acid. Type the exact term.,,mascarpone
448,Cooking,Easy,Multiple Choice,[261] Which culinary ingredient is known as: red pepper spice commonly used for color and smoky flavor?,A) Paprika | B) Oregano | C) Cumin | D) Nutmeg,A
449,Cooking,Easy,Multiple Choice,[215] Which culinary ingredient is known as: spice made from the seeds of several plants in the ginger family?,A) Clove | B) Allspice | C) Star anise | D) Cardamom,D
450,Cooking,Easy,Multiple Choice,"[274] Which culinary ingredient is known as: japanese horseradish known for its sharp, pungent green paste?",A) Wasabi | B) Horseradish | C) Mustard | D) Ginger,A
451,Cooking,Medium,Multiple Choice,"[209] In professional gastronomy, what cooking method describes: cooking food slowly in fat or sugar syrup at low temperature?",A) Broiling | B) Confit | C) Searing | D) Smoking,B
452,Cooking,Medium,Multiple Choice,"[187] In professional gastronomy, what cooking method describes: culinary knife cut where food is first julienned and then cut into tiny cubes?",A) Batonnet | B) Paysanne | C) Rondelle | D) Brunoise,D
453,Cooking,Hard,Typing,[30] Master chef challenge: Name the famous dish described as 'Hungarian soup or stew of meat and vegetables seasoned with paprika'. Type the exact name.,,goulash
454,Cooking,Medium,Multiple Choice,"[72] In professional gastronomy, what cooking method describes: allowing bread dough to rise one final time before baking?",A) Kneading | B) Proofing | C) Folding | D) Scoring,B
455,Cooking,Easy,Multiple Choice,[40] Which culinary ingredient is known as: Italian cured meat prepared from pork jowl or cheeks?,A) Guanciale | B) Lard | C) Pancetta | D) Tallow,A
456,Cooking,Easy,Typing,"[76] Culinary clue: botanical variety of the onion with a mild, delicate flavor. Type the exact term.",,shallot
457,Cooking,Easy,Multiple Choice,"[194] Which culinary ingredient is known as: japanese horseradish known for its sharp, pungent green paste?",A) Wasabi | B) Horseradish | C) Mustard | D) Ginger,A
458,Cooking,Easy,Multiple Choice,[39] Which culinary ingredient is known as: Italian cured pork belly seasoned with salt and spices?,A) Pancetta | B) Prosciutto | C) Salami | D) Chorizo,A
459,Cooking,Hard,Multiple Choice,[46] Advanced world gastronomy: Which authentic regional specialty is defined by: large range of small Chinese Cantonese dishes served with tea in steamer baskets?,A) Dumpling | B) Dim sum | C) Bao | D) Spring roll,B
460,Cooking,Medium,Multiple Choice,"[208] In professional gastronomy, what cooking method describes: softening fruit by soaking it in liquid and sugar?",A) Reduction | B) Maceration | C) Confit | D) Infusion,B
461,Cooking,Medium,Multiple Choice,"[141] In professional gastronomy, what cooking method describes: shredding or finely cutting leafy vegetables or herbs into thin ribbons?",A) Julienne | B) Dice | C) Chiffonade | D) Mince,C
462,Cooking,Medium,Multiple Choice,"[33] In professional gastronomy, what cooking method describes: cooking procedure in which alcohol is added to a hot pan to create flames?",A) Deglazing | B) Sautéing | C) Flambé | D) Caramelizing,C
463,Cooking,Medium,Multiple Choice,"[143] In professional gastronomy, what cooking method describes: combination-cooking method using wet and dry heats: browning then simmering?",A) Stewing | B) Braising | C) Roasting | D) Poaching,B
464,Cooking,Easy,Typing,"[64] Culinary clue: colorless, flavorless food ingredient derived from collagen. Type the exact term.",,gelatin
465,Cooking,Easy,Multiple Choice,[300] Which culinary ingredient is known as: Italian cured meat prepared from pork jowl or cheeks?,A) Lard | B) Pancetta | C) Guanciale | D) Tallow,C
466,Cooking,Medium,Multiple Choice,"In professional gastronomy, what cooking method describes: softening fruit by soaking it in liquid and sugar?",A) Reduction | B) Confit | C) Maceration | D) Infusion,C
467,Cooking,Medium,Multiple Choice,"[177] In professional gastronomy, what cooking method describes: allowing bread dough to rise one final time before baking?",A) Kneading | B) Folding | C) Proofing | D) Scoring,C
468,Cooking,Easy,Multiple Choice,[265] Which culinary ingredient is known as: eukaryotic single-celled microorganism used in baking to leaven bread?,A) Baking soda | B) Baking powder | C) Cream of tartar | D) Yeast,D
469,Cooking,Easy,Typing,[95] Culinary clue: spice made from the seeds of several plants in the ginger family. Type the exact term.,,cardamom
470,Cooking,Easy,Multiple Choice,Which culinary ingredient is known as: eukaryotic single-celled microorganism used in baking to leaven bread?,A) Baking soda | B) Baking powder | C) Cream of tartar | D) Yeast,D
471,Cooking,Medium,Multiple Choice,"[197] In professional gastronomy, what cooking method describes: cooking food in vacuum-sealed pouches at a precise low temperature?",A) Deep-frying | B) Roasting | C) Grilling | D) Sous-vide,D
472,Cooking,Easy,Typing,"Culinary clue: colorless, flavorless food ingredient derived from collagen. Type the exact term.",,gelatin
473,Cooking,Medium,Multiple Choice,"[117] In professional gastronomy, what cooking method describes: allowing bread dough to rise one final time before baking?",A) Proofing | B) Kneading | C) Folding | D) Scoring,A
474,Cooking,Hard,Multiple Choice,"[41] Advanced world gastronomy: Which authentic regional specialty is defined by: Spanish rice dish featuring saffron, vegetables, chicken, and seafood?",A) Risotto | B) Paella | C) Biryani | D) Jambalaya,B
475,Cooking,Hard,Multiple Choice,[124] Advanced world gastronomy: Which authentic regional specialty is defined by: traditional Provençal fish stew originating from the port city of Marseille?,A) Chowder | B) Bisque | C) Gumbo | D) Bouillabaisse,D
476,Cooking,Easy,Multiple Choice,[109] Which culinary ingredient is known as: fragrant evergreen herb with needle-like leaves used in roasting?,A) Rosemary | B) Thyme | C) Basil | D) Parsley,A
477,Cooking,Easy,Multiple Choice,[73] Which culinary ingredient is known as: middle eastern condiment made from toasted ground hulled sesame?,A) Hummus | B) Tzatziki | C) Tahini | D) Pesto,C
478,Cooking,Hard,Multiple Choice,"[113] Advanced world gastronomy: Which authentic regional specialty is defined by: French Provençal stewed vegetable dish featuring eggplant, zucchini, and peppers?",A) Bouillabaisse | B) Ratatouille | C) Cassoulet | D) Coq au vin,B
479,Cooking,Easy,Multiple Choice,[243] Which culinary ingredient is known as: flavoring derived from orchids of the genus Vanilla?,A) Almond | B) Vanilla | C) Cinnamon | D) Mint,B
480,Cooking,Easy,Multiple Choice,[371] Which culinary ingredient is known as: southern Italian cheese traditionally made from Italian buffalo milk?,A) Brie | B) Feta | C) Ricotta | D) Mozzarella,D
481,Cooking,Medium,Multiple Choice,"In professional gastronomy, what cooking method describes: culinary knife cut where food is cut into long thin strips?",A) Brunoise | B) Julienne | C) Chiffonade | D) Mirepoix,B
482,Cooking,Hard,Multiple Choice,[19] Advanced world gastronomy: Which authentic regional specialty is defined by: South American seafood dish where raw fish is cured in fresh citrus juices?,A) Tartare | B) Ceviche | C) Carpaccio | D) Poke,B
483,Cooking,Hard,Multiple Choice,[95] Advanced world gastronomy: Which authentic regional specialty is defined by: Japanese dish of prepared vinegared rice accompanied by seafood and vegetables?,A) Sashimi | B) Sushi | C) Ramen | D) Tempura,B
484,Cooking,Hard,Multiple Choice,[125] Advanced world gastronomy: Which authentic regional specialty is defined by: Japanese dish of prepared vinegared rice accompanied by seafood and vegetables?,A) Sashimi | B) Sushi | C) Ramen | D) Tempura,B
485,Cooking,Easy,Multiple Choice,[389] Which culinary ingredient is known as: fragrant evergreen herb with needle-like leaves used in roasting?,A) Thyme | B) Basil | C) Rosemary | D) Parsley,C
486,Cooking,Easy,Multiple Choice,[120] Which culinary ingredient is known as: Italian cured meat prepared from pork jowl or cheeks?,A) Lard | B) Guanciale | C) Pancetta | D) Tallow,B
487,Cooking,Hard,Multiple Choice,[82] Advanced world gastronomy: Which authentic regional specialty is defined by: northern Italian rice dish cooked with broth until creamy consistency?,A) Paella | B) Pilaf | C) Congee | D) Risotto,D
488,Cooking,Easy,Multiple Choice,[310] Which culinary ingredient is known as: fresh green leaves of the coriander plant widely used in salsa?,A) Mint | B) Dill | C) Tarragon | D) Cilantro,D
489,Cooking,Easy,Multiple Choice,[242] Which culinary ingredient is known as: expensive golden-red spice harvested from crocus flowers?,A) Turmeric | B) Saffron | C) Cardamom | D) Ginger,B
490,Cooking,Easy,Multiple Choice,[232] Which culinary ingredient is known as: flowering plant in the amaranth family grown as a grain crop?,A) Barley | B) Bulgur | C) Quinoa | D) Couscous,C
491,Cooking,Medium,Multiple Choice,"[124] In professional gastronomy, what cooking method describes: adding liquid to a hot pan to dissolve browned food residue?",A) Reducing | B) Deglazing | C) Emulsifying | D) Clarifying,B
492,Cooking,Medium,Multiple Choice,"[131] In professional gastronomy, what cooking method describes: gradually raising temperature of eggs or chocolate without curdling or seizing?",A) Proofing | B) Curdling | C) Binding | D) Tempering,D
493,Cooking,Easy,Typing,[91] Culinary clue: southern Italian cheese traditionally made from Italian buffalo milk. Type the exact term.,,mozzarella
494,Cooking,Easy,Multiple Choice,[226] Which culinary ingredient is known as: subterranean ascomycete fungus prized as a culinary delicacy?,A) Portobello | B) Shiitake | C) Morel | D) Truffle,D
495,Cooking,Medium,Multiple Choice,"[96] In professional gastronomy, what cooking method describes: shredding or finely cutting leafy vegetables or herbs into thin ribbons?",A) Chiffonade | B) Julienne | C) Dice | D) Mince,A
496,Cooking,Easy,Multiple Choice,[271] Which culinary ingredient is known as: southern Italian cheese traditionally made from Italian buffalo milk?,A) Mozzarella | B) Brie | C) Feta | D) Ricotta,A
497,Cooking,Hard,Multiple Choice,[108] Advanced world gastronomy: Which authentic regional specialty is defined by: traditional Mexican dish consisting of a folded tortilla filled with meat and salsa?,A) Burrito | B) Tacos | C) Enchilada | D) Quesadilla,B
498,Cooking,Easy,Multiple Choice,[135] Which culinary ingredient is known as: spice made from the seeds of several plants in the ginger family?,A) Cardamom | B) Clove | C) Allspice | D) Star anise,A
499,Cooking,Medium,Typing,"[45] Kitchen technique challenge: preserving food through addition of salt, nitrates, nitrite, or sugar. Type the one-word technique.",,cure
500,Cooking,Easy,Multiple Choice,"[314] Which culinary ingredient is known as: japanese horseradish known for its sharp, pungent green paste?",A) Wasabi | B) Horseradish | C) Mustard | D) Ginger,A
501,Cooking,Medium,Multiple Choice,"[58] In professional gastronomy, what cooking method describes: softening fruit by soaking it in liquid and sugar?",A) Reduction | B) Confit | C) Infusion | D) Maceration,D
502,Cooking,Medium,Multiple Choice,"[184] In professional gastronomy, what cooking method describes: adding liquid to a hot pan to dissolve browned food residue?",A) Reducing | B) Deglazing | C) Emulsifying | D) Clarifying,B
503,Cooking,Easy,Multiple Choice,[158] Which culinary ingredient is known as: Italian dry-cured ham that is usually thinly sliced and served uncooked?,A) Pancetta | B) Guanciale | C) Bacon | D) Prosciutto,D
504,Cooking,Easy,Multiple Choice,[59] Which culinary ingredient is known as: Italian cured pork belly seasoned with salt and spices?,A) Prosciutto | B) Salami | C) Pancetta | D) Chorizo,C
505,Cooking,Hard,Multiple Choice,"[133] Advanced world gastronomy: Which authentic regional specialty is defined by: French Provençal stewed vegetable dish featuring eggplant, zucchini, and peppers?",A) Ratatouille | B) Bouillabaisse | C) Cassoulet | D) Coq au vin,A
506,Cooking,Hard,Multiple Choice,[159] Advanced world gastronomy: Which authentic regional specialty is defined by: South American seafood dish where raw fish is cured in fresh citrus juices?,A) Ceviche | B) Tartare | C) Carpaccio | D) Poke,A
507,Cooking,Easy,Multiple Choice,[157] Which culinary ingredient is known as: creamy Italian cheese coagulated by the addition of citric acid?,A) Mascarpone | B) Ricotta | C) Cream cheese | D) Quark,A
508,Cooking,Easy,Multiple Choice,"[284] Which culinary ingredient is known as: colorless, flavorless food ingredient derived from collagen?",A) Agar-agar | B) Pectin | C) Gelatin | D) Starch,C
509,Cooking,Medium,Multiple Choice,"[68] In professional gastronomy, what cooking method describes: combination-cooking method using wet and dry heats: browning then simmering?",A) Stewing | B) Roasting | C) Braising | D) Poaching,C
510,Cooking,Easy,Multiple Choice,[101] Which culinary ingredient is known as: red pepper spice commonly used for color and smoky flavor?,A) Oregano | B) Paprika | C) Cumin | D) Nutmeg,B
511,Cooking,Medium,Multiple Choice,"[227] In professional gastronomy, what cooking method describes: cooking food in vacuum-sealed pouches at a precise low temperature?",A) Sous-vide | B) Deep-frying | C) Roasting | D) Grilling,A
512,Cooking,Easy,Multiple Choice,[289] Which culinary ingredient is known as: fragrant evergreen herb with needle-like leaves used in roasting?,A) Thyme | B) Basil | C) Rosemary | D) Parsley,C
513,Cooking,Medium,Multiple Choice,"[97] In professional gastronomy, what cooking method describes: culinary knife cut where food is first julienned and then cut into tiny cubes?",A) Batonnet | B) Paysanne | C) Brunoise | D) Rondelle,C
514,Cooking,Easy,Typing,[38] Culinary clue: Italian dry-cured ham that is usually thinly sliced and served uncooked. Type the exact term.,,prosciutto
515,Cooking,Medium,Multiple Choice,"[32] In professional gastronomy, what cooking method describes: cooking food in vacuum-sealed pouches at a precise low temperature?",A) Deep-frying | B) Roasting | C) Grilling | D) Sous-vide,D
516,Cooking,Easy,Multiple Choice,"[296] Which culinary ingredient is known as: botanical variety of the onion with a mild, delicate flavor?",A) Leek | B) Shallot | C) Garlic | D) Scallion,B
517,Cooking,Easy,Multiple Choice,[153] Which culinary ingredient is known as: middle eastern condiment made from toasted ground hulled sesame?,A) Hummus | B) Tahini | C) Tzatziki | D) Pesto,B
518,Cooking,Hard,Multiple Choice,[105] Advanced world gastronomy: Which authentic regional specialty is defined by: Japanese dish of prepared vinegared rice accompanied by seafood and vegetables?,A) Sashimi | B) Ramen | C) Sushi | D) Tempura,C
519,Cooking,Easy,Multiple Choice,[115] Which culinary ingredient is known as: spice made from the seeds of several plants in the ginger family?,A) Cardamom | B) Clove | C) Allspice | D) Star anise,A
520,Cooking,Easy,Multiple Choice,[200] Which culinary ingredient is known as: Italian cured meat prepared from pork jowl or cheeks?,A) Lard | B) Pancetta | C) Tallow | D) Guanciale,D
521,Cooking,Hard,Multiple Choice,[72] Advanced world gastronomy: Which authentic regional specialty is defined by: northern Italian rice dish cooked with broth until creamy consistency?,A) Paella | B) Risotto | C) Pilaf | D) Congee,B
522,Cooking,Hard,Multiple Choice,[75] Advanced world gastronomy: Which authentic regional specialty is defined by: Japanese dish of prepared vinegared rice accompanied by seafood and vegetables?,A) Sashimi | B) Ramen | C) Tempura | D) Sushi,D
523,Cooking,Medium,Typing,"[60] Kitchen technique challenge: preserving food through addition of salt, nitrates, nitrite, or sugar. Type the one-word technique.",,cure
524,Cooking,Easy,Multiple Choice,[249] Which culinary ingredient is known as: fragrant evergreen herb with needle-like leaves used in roasting?,A) Thyme | B) Basil | C) Parsley | D) Rosemary,D
525,Cooking,Easy,Multiple Choice,[322] Which culinary ingredient is known as: expensive golden-red spice harvested from crocus flowers?,A) Turmeric | B) Cardamom | C) Ginger | D) Saffron,D
526,Cooking,Easy,Multiple Choice,[237] Which culinary ingredient is known as: creamy Italian cheese coagulated by the addition of citric acid?,A) Ricotta | B) Cream cheese | C) Quark | D) Mascarpone,D
527,Cooking,Easy,Multiple Choice,"[244] Which culinary ingredient is known as: colorless, flavorless food ingredient derived from collagen?",A) Agar-agar | B) Gelatin | C) Pectin | D) Starch,B
528,Cooking,Medium,Multiple Choice,"[199] In professional gastronomy, what cooking method describes: adding liquid to a hot pan to dissolve browned food residue?",A) Deglazing | B) Reducing | C) Emulsifying | D) Clarifying,A
529,Cooking,Easy,Multiple Choice,[151] Which culinary ingredient is known as: southern Italian cheese traditionally made from Italian buffalo milk?,A) Mozzarella | B) Brie | C) Feta | D) Ricotta,A
530,Cooking,Easy,Typing,"[48] Culinary clue: dark, concentrated, and intensely flavored vinegar originating in Italy. Type the exact term.",,balsamic
531,Cooking,Hard,Multiple Choice,"[43] Advanced world gastronomy: Which authentic regional specialty is defined by: French Provençal stewed vegetable dish featuring eggplant, zucchini, and peppers?",A) Bouillabaisse | B) Cassoulet | C) Coq au vin | D) Ratatouille,D
532,Cooking,Easy,Multiple Choice,[220] Which culinary ingredient is known as: Italian cured meat prepared from pork jowl or cheeks?,A) Lard | B) Pancetta | C) Guanciale | D) Tallow,C
533,Cooking,Medium,Multiple Choice,"[191] In professional gastronomy, what cooking method describes: gradually raising temperature of eggs or chocolate without curdling or seizing?",A) Proofing | B) Tempering | C) Curdling | D) Binding,B
534,Cooking,Medium,Typing,[56] Kitchen technique challenge: gradually raising temperature of eggs or chocolate without curdling or seizing. Type the one-word technique.,,tempering
535,Cooking,Hard,Multiple Choice,[97] Advanced world gastronomy: Which authentic regional specialty is defined by: layered eggplant and minced meat casserole topped with béchamel sauce?,A) Lasagna | B) Pastitsio | C) Moussaka | D) Shepherd's pie,C
536,Cooking,Medium,Multiple Choice,"[115] In professional gastronomy, what cooking method describes: oxidation of sugar, a process used widely in cooking for sweet nutty flavor?",A) Caramelization | B) Fermentation | C) Coagulation | D) Maceration,A
537,Cooking,Medium,Multiple Choice,"[149] In professional gastronomy, what cooking method describes: cooking food slowly in fat or sugar syrup at low temperature?",A) Broiling | B) Searing | C) Confit | D) Smoking,C
538,Cooking,Medium,Typing,[50] Kitchen technique challenge: culinary knife cut where food is cut into long thin strips. Type the one-word technique.,,julienne
539,Cooking,Medium,Typing,[52] Kitchen technique challenge: culinary knife cut where food is first julienned and then cut into tiny cubes. Type the one-word technique.,,brunoise
540,Cooking,Medium,Multiple Choice,"[76] In professional gastronomy, what cooking method describes: scalding vegetables in boiling water then plunging into ice water?",A) Poaching | B) Steaming | C) Braising | D) Blanching,D
541,Cooking,Easy,Multiple Choice,[209] Which culinary ingredient is known as: fragrant evergreen herb with needle-like leaves used in roasting?,A) Thyme | B) Basil | C) Rosemary | D) Parsley,C
542,Cooking,Medium,Multiple Choice,"[73] In professional gastronomy, what cooking method describes: softening fruit by soaking it in liquid and sugar?",A) Maceration | B) Reduction | C) Confit | D) Infusion,A
543,Cooking,Medium,Multiple Choice,"[220] In professional gastronomy, what cooking method describes: oxidation of sugar, a process used widely in cooking for sweet nutty flavor?",A) Caramelization | B) Fermentation | C) Coagulation | D) Maceration,A
544,Cooking,Easy,Multiple Choice,[292] Which culinary ingredient is known as: flowering plant in the amaranth family grown as a grain crop?,A) Quinoa | B) Barley | C) Bulgur | D) Couscous,A
545,Cooking,Hard,Typing,Master chef challenge: Name the famous dish described as 'layered eggplant and minced meat casserole topped with béchamel sauce'. Type the exact name.,,moussaka
546,Cooking,Easy,Multiple Choice,Which culinary ingredient is known as: fragrant evergreen herb with needle-like leaves used in roasting?,A) Thyme | B) Basil | C) Parsley | D) Rosemary,D
547,Cooking,Easy,Multiple Choice,[342] Which culinary ingredient is known as: expensive golden-red spice harvested from crocus flowers?,A) Saffron | B) Turmeric | C) Cardamom | D) Ginger,A
548,Cooking,Easy,Multiple Choice,Which culinary ingredient is known as: Italian cured meat prepared from pork jowl or cheeks?,A) Guanciale | B) Lard | C) Pancetta | D) Tallow,A
549,Cooking,Medium,Multiple Choice,"[74] In professional gastronomy, what cooking method describes: cooking food slowly in fat or sugar syrup at low temperature?",A) Broiling | B) Confit | C) Searing | D) Smoking,B
550,Cooking,Hard,Multiple Choice,Advanced world gastronomy: Which authentic regional specialty is defined by: traditional Provençal fish stew originating from the port city of Marseille?,A) Chowder | B) Bouillabaisse | C) Bisque | D) Gumbo,B
551,Cooking,Hard,Multiple Choice,"[131] Advanced world gastronomy: Which authentic regional specialty is defined by: Spanish rice dish featuring saffron, vegetables, chicken, and seafood?",A) Risotto | B) Paella | C) Biryani | D) Jambalaya,B
552,Cooking,Easy,Multiple Choice,"[228] Which culinary ingredient is known as: dark, concentrated, and intensely flavored vinegar originating in Italy?",A) Apple cider | B) White vinegar | C) Balsamic | D) Rice vinegar,C
553,Cooking,Medium,Multiple Choice,"[77] In professional gastronomy, what cooking method describes: cooking food in vacuum-sealed pouches at a precise low temperature?",A) Deep-frying | B) Roasting | C) Grilling | D) Sous-vide,D
554,Cooking,Easy,Typing,Culinary clue: Italian cured meat prepared from pork jowl or cheeks. Type the exact term.,,guanciale
555,Cooking,Easy,Multiple Choice,[122] Which culinary ingredient is known as: expensive golden-red spice harvested from crocus flowers?,A) Turmeric | B) Saffron | C) Cardamom | D) Ginger,B
556,Cooking,Easy,Multiple Choice,"[44] Which culinary ingredient is known as: colorless, flavorless food ingredient derived from collagen?",A) Agar-agar | B) Pectin | C) Starch | D) Gelatin,D
557,Cooking,Medium,Typing,[24] Kitchen technique challenge: cooking food gently submerged in liquid below boiling point. Type the one-word technique.,,poaching
558,Cooking,Easy,Typing,[37] Culinary clue: creamy Italian cheese coagulated by the addition of citric acid. Type the exact term.,,mascarpone
559,Cooking,Hard,Multiple Choice,[48] Advanced world gastronomy: Which authentic regional specialty is defined by: traditional Mexican dish consisting of a folded tortilla filled with meat and salsa?,A) Burrito | B) Tacos | C) Enchilada | D) Quesadilla,B
560,Cooking,Medium,Multiple Choice,"[221] In professional gastronomy, what cooking method describes: gradually raising temperature of eggs or chocolate without curdling or seizing?",A) Tempering | B) Proofing | C) Curdling | D) Binding,A
561,Cooking,Medium,Multiple Choice,"[192] In professional gastronomy, what cooking method describes: allowing bread dough to rise one final time before baking?",A) Kneading | B) Proofing | C) Folding | D) Scoring,B
562,Cooking,Easy,Multiple Choice,[163] Which culinary ingredient is known as: flavoring derived from orchids of the genus Vanilla?,A) Almond | B) Cinnamon | C) Mint | D) Vanilla,D
563,Cooking,Hard,Multiple Choice,"[141] Advanced world gastronomy: Which authentic regional specialty is defined by: Spanish rice dish featuring saffron, vegetables, chicken, and seafood?",A) Paella | B) Risotto | C) Biryani | D) Jambalaya,A
564,Cooking,Easy,Multiple Choice,[252] Which culinary ingredient is known as: flowering plant in the amaranth family grown as a grain crop?,A) Barley | B) Bulgur | C) Quinoa | D) Couscous,C
565,Cooking,Easy,Multiple Choice,[62] Which culinary ingredient is known as: expensive golden-red spice harvested from crocus flowers?,A) Turmeric | B) Cardamom | C) Saffron | D) Ginger,C
566,Cooking,Easy,Multiple Choice,[43] Which culinary ingredient is known as: flavoring derived from orchids of the genus Vanilla?,A) Almond | B) Cinnamon | C) Mint | D) Vanilla,D
567,Cooking,Hard,Multiple Choice,[84] Advanced world gastronomy: Which authentic regional specialty is defined by: traditional Provençal fish stew originating from the port city of Marseille?,A) Chowder | B) Bisque | C) Bouillabaisse | D) Gumbo,C
568,Cooking,Medium,Multiple Choice,"[60] In professional gastronomy, what cooking method describes: preserving food through addition of salt, nitrates, nitrite, or sugar?",A) Cure | B) Pasteurization | C) Fermentation | D) Pickling,A
569,Cooking,Hard,Typing,Master chef challenge: Name the famous dish described as 'Japanese dish of prepared vinegared rice accompanied by seafood and vegetables'. Type the exact name.,,sushi
570,Cooking,Medium,Multiple Choice,"[158] In professional gastronomy, what cooking method describes: combination-cooking method using wet and dry heats: browning then simmering?",A) Braising | B) Stewing | C) Roasting | D) Poaching,A
571,Cooking,Medium,Multiple Choice,"[114] In professional gastronomy, what cooking method describes: cooking food gently submerged in liquid below boiling point?",A) Poaching | B) Boiling | C) Simmering | D) Scalding,A
572,Cooking,Easy,Typing,"[27] Culinary clue: hard, granular Italian cheese made from cow milk. Type the exact term.",,parmesan
573,Cooking,Hard,Multiple Choice,"[21] Advanced world gastronomy: Which authentic regional specialty is defined by: Spanish rice dish featuring saffron, vegetables, chicken, and seafood?",A) Risotto | B) Paella | C) Biryani | D) Jambalaya,B
574,Cooking,Easy,Multiple Choice,[313] Which culinary ingredient is known as: middle eastern condiment made from toasted ground hulled sesame?,A) Hummus | B) Tahini | C) Tzatziki | D) Pesto,B
575,Cooking,Easy,Multiple Choice,[42] Which culinary ingredient is known as: expensive golden-red spice harvested from crocus flowers?,A) Turmeric | B) Cardamom | C) Ginger | D) Saffron,D
576,Cooking,Hard,Multiple Choice,Advanced world gastronomy: Which authentic regional specialty is defined by: northern Italian rice dish cooked with broth until creamy consistency?,A) Paella | B) Pilaf | C) Congee | D) Risotto,D
577,Cooking,Easy,Multiple Choice,"[96] Which culinary ingredient is known as: botanical variety of the onion with a mild, delicate flavor?",A) Shallot | B) Leek | C) Garlic | D) Scallion,A
578,Cooking,Easy,Multiple Choice,"[28] Which culinary ingredient is known as: dark, concentrated, and intensely flavored vinegar originating in Italy?",A) Apple cider | B) White vinegar | C) Rice vinegar | D) Balsamic,D
579,Cooking,Hard,Multiple Choice,"[121] Advanced world gastronomy: Which authentic regional specialty is defined by: Spanish rice dish featuring saffron, vegetables, chicken, and seafood?",A) Risotto | B) Biryani | C) Paella | D) Jambalaya,C
580,Cooking,Easy,Multiple Choice,[330] Which culinary ingredient is known as: fresh green leaves of the coriander plant widely used in salsa?,A) Mint | B) Dill | C) Tarragon | D) Cilantro,D
581,Cooking,Medium,Multiple Choice,"[145] In professional gastronomy, what cooking method describes: oxidation of sugar, a process used widely in cooking for sweet nutty flavor?",A) Fermentation | B) Coagulation | C) Caramelization | D) Maceration,C
582,Cooking,Easy,Multiple Choice,[70] Which culinary ingredient is known as: fresh green leaves of the coriander plant widely used in salsa?,A) Mint | B) Dill | C) Tarragon | D) Cilantro,D
583,Cooking,Easy,Typing,"[84] Culinary clue: colorless, flavorless food ingredient derived from collagen. Type the exact term.",,gelatin
584,Cooking,Easy,Multiple Choice,[333] Which culinary ingredient is known as: middle eastern condiment made from toasted ground hulled sesame?,A) Hummus | B) Tzatziki | C) Pesto | D) Tahini,D
585,Cooking,Easy,Multiple Choice,"[328] Which culinary ingredient is known as: dark, concentrated, and intensely flavored vinegar originating in Italy?",A) Apple cider | B) White vinegar | C) Rice vinegar | D) Balsamic,D
586,Cooking,Medium,Multiple Choice,"[43] In professional gastronomy, what cooking method describes: softening fruit by soaking it in liquid and sugar?",A) Maceration | B) Reduction | C) Confit | D) Infusion,A
587,Cooking,Hard,Multiple Choice,[152] Advanced world gastronomy: Which authentic regional specialty is defined by: northern Italian rice dish cooked with broth until creamy consistency?,A) Paella | B) Pilaf | C) Congee | D) Risotto,D
588,Cooking,Easy,Typing,[71] Culinary clue: southern Italian cheese traditionally made from Italian buffalo milk. Type the exact term.,,mozzarella
589,Cooking,Hard,Typing,Master chef challenge: Name the famous dish described as 'traditional Mexican dish consisting of a folded tortilla filled with meat and salsa'. Type the exact name.,,tacos
590,Cooking,Medium,Multiple Choice,"[92] In professional gastronomy, what cooking method describes: cooking food in vacuum-sealed pouches at a precise low temperature?",A) Deep-frying | B) Roasting | C) Sous-vide | D) Grilling,C
591,Cooking,Easy,Multiple Choice,[52] Which culinary ingredient is known as: flowering plant in the amaranth family grown as a grain crop?,A) Barley | B) Quinoa | C) Bulgur | D) Couscous,B
592,Cooking,Easy,Multiple Choice,[66] Which culinary ingredient is known as: subterranean ascomycete fungus prized as a culinary delicacy?,A) Truffle | B) Portobello | C) Shiitake | D) Morel,A
593,Cooking,Hard,Multiple Choice,"[93] Advanced world gastronomy: Which authentic regional specialty is defined by: French Provençal stewed vegetable dish featuring eggplant, zucchini, and peppers?",A) Bouillabaisse | B) Cassoulet | C) Ratatouille | D) Coq au vin,C
594,Cooking,Medium,Multiple Choice,"[51] In professional gastronomy, what cooking method describes: shredding or finely cutting leafy vegetables or herbs into thin ribbons?",A) Chiffonade | B) Julienne | C) Dice | D) Mince,A
595,Cooking,Hard,Typing,"[23] Master chef challenge: Name the famous dish described as 'French Provençal stewed vegetable dish featuring eggplant, zucchini, and peppers'. Type the exact name.",,ratatouille
596,Cooking,Medium,Multiple Choice,"In professional gastronomy, what cooking method describes: oxidation of sugar, a process used widely in cooking for sweet nutty flavor?",A) Caramelization | B) Fermentation | C) Coagulation | D) Maceration,A
597,Cooking,Medium,Multiple Choice,"[26] In professional gastronomy, what cooking method describes: gradually raising temperature of eggs or chocolate without curdling or seizing?",A) Proofing | B) Tempering | C) Curdling | D) Binding,B
598,Cooking,Easy,Multiple Choice,"[334] Which culinary ingredient is known as: japanese horseradish known for its sharp, pungent green paste?",A) Horseradish | B) Mustard | C) Ginger | D) Wasabi,D
599,Cooking,Hard,Multiple Choice,[52] Advanced world gastronomy: Which authentic regional specialty is defined by: northern Italian rice dish cooked with broth until creamy consistency?,A) Paella | B) Risotto | C) Pilaf | D) Congee,B
600,Cooking,Easy,Typing,[90] Culinary clue: fresh green leaves of the coriander plant widely used in salsa. Type the exact term.,,cilantro
601,Cooking,Medium,Typing,Kitchen technique challenge: cooking procedure in which alcohol is added to a hot pan to create flames. Type the one-word technique.,,flambé
602,Cooking,Medium,Multiple Choice,"[155] In professional gastronomy, what cooking method describes: culinary knife cut where food is cut into long thin strips?",A) Brunoise | B) Chiffonade | C) Julienne | D) Mirepoix,C
603,Cooking,Hard,Typing,[12] Master chef challenge: Name the famous dish described as 'northern Italian rice dish cooked with broth until creamy consistency'. Type the exact name.,,risotto
604,Cooking,Easy,Multiple Choice,[32] Which culinary ingredient is known as: flowering plant in the amaranth family grown as a grain crop?,A) Barley | B) Bulgur | C) Couscous | D) Quinoa,D
605,Cooking,Easy,Multiple Choice,[177] Which culinary ingredient is known as: creamy Italian cheese coagulated by the addition of citric acid?,A) Ricotta | B) Cream cheese | C) Quark | D) Mascarpone,D
606,Cooking,Medium,Multiple Choice,"[65] In professional gastronomy, what cooking method describes: culinary knife cut where food is cut into long thin strips?",A) Brunoise | B) Chiffonade | C) Mirepoix | D) Julienne,D
607,Cooking,Hard,Multiple Choice,[64] Advanced world gastronomy: Which authentic regional specialty is defined by: traditional Provençal fish stew originating from the port city of Marseille?,A) Chowder | B) Bouillabaisse | C) Bisque | D) Gumbo,B
608,Cooking,Hard,Multiple Choice,[90] Advanced world gastronomy: Which authentic regional specialty is defined by: Hungarian soup or stew of meat and vegetables seasoned with paprika?,A) Goulash | B) Borscht | C) Stroganoff | D) Paprikash,A
609,Cooking,Easy,Typing,"[34] Culinary clue: japanese horseradish known for its sharp, pungent green paste. Type the exact term.",,wasabi
610,Cooking,Medium,Multiple Choice,"[101] In professional gastronomy, what cooking method describes: gradually raising temperature of eggs or chocolate without curdling or seizing?",A) Proofing | B) Tempering | C) Curdling | D) Binding,B
611,Cooking,Medium,Multiple Choice,"[45] In professional gastronomy, what cooking method describes: preserving food through addition of salt, nitrates, nitrite, or sugar?",A) Cure | B) Pasteurization | C) Fermentation | D) Pickling,A
612,Cooking,Medium,Multiple Choice,"[81] In professional gastronomy, what cooking method describes: shredding or finely cutting leafy vegetables or herbs into thin ribbons?",A) Julienne | B) Dice | C) Mince | D) Chiffonade,D
613,Cooking,Hard,Multiple Choice,[146] Advanced world gastronomy: Which authentic regional specialty is defined by: large range of small Chinese Cantonese dishes served with tea in steamer baskets?,A) Dumpling | B) Bao | C) Spring roll | D) Dim sum,D
614,Cooking,Easy,Multiple Choice,[203] Which culinary ingredient is known as: flavoring derived from orchids of the genus Vanilla?,A) Almond | B) Vanilla | C) Cinnamon | D) Mint,B
615,Cooking,Easy,Multiple Choice,[355] Which culinary ingredient is known as: spice made from the seeds of several plants in the ginger family?,A) Cardamom | B) Clove | C) Allspice | D) Star anise,A
616,Cooking,Hard,Typing,[38] Master chef challenge: Name the famous dish described as 'traditional Mexican dish consisting of a folded tortilla filled with meat and salsa'. Type the exact name.,,tacos
617,Cooking,Hard,Multiple Choice,[74] Advanced world gastronomy: Which authentic regional specialty is defined by: traditional Provençal fish stew originating from the port city of Marseille?,A) Chowder | B) Bisque | C) Gumbo | D) Bouillabaisse,D
618,Cooking,Easy,Multiple Choice,"[47] Which culinary ingredient is known as: hard, granular Italian cheese made from cow milk?",A) Parmesan | B) Cheddar | C) Gouda | D) Mozzarella,A
619,Cooking,Easy,Typing,[41] Culinary clue: red pepper spice commonly used for color and smoky flavor. Type the exact term.,,paprika
620,Cooking,Hard,Multiple Choice,[115] Advanced world gastronomy: Which authentic regional specialty is defined by: Japanese dish of prepared vinegared rice accompanied by seafood and vegetables?,A) Sashimi | B) Sushi | C) Ramen | D) Tempura,B
621,Cooking,Easy,Multiple Choice,[222] Which culinary ingredient is known as: expensive golden-red spice harvested from crocus flowers?,A) Turmeric | B) Cardamom | C) Saffron | D) Ginger,C
622,Cooking,Medium,Multiple Choice,"[239] In professional gastronomy, what cooking method describes: cooking food slowly in fat or sugar syrup at low temperature?",A) Confit | B) Broiling | C) Searing | D) Smoking,A
623,Cooking,Easy,Multiple Choice,[239] Which culinary ingredient is known as: Italian cured pork belly seasoned with salt and spices?,A) Prosciutto | B) Pancetta | C) Salami | D) Chorizo,B
624,Cooking,Hard,Multiple Choice,"[63] Advanced world gastronomy: Which authentic regional specialty is defined by: French Provençal stewed vegetable dish featuring eggplant, zucchini, and peppers?",A) Bouillabaisse | B) Cassoulet | C) Ratatouille | D) Coq au vin,C
625,Cooking,Easy,Typing,[77] Culinary clue: creamy Italian cheese coagulated by the addition of citric acid. Type the exact term.,,mascarpone
626,Cooking,Medium,Typing,"[40] Kitchen technique challenge: oxidation of sugar, a process used widely in cooking for sweet nutty flavor. Type the one-word technique.",,caramelization
627,Cooking,Medium,Typing,Kitchen technique challenge: scalding vegetables in boiling water then plunging into ice water. Type the one-word technique.,,blanching
628,Cooking,Medium,Multiple Choice,"[57] In professional gastronomy, what cooking method describes: allowing bread dough to rise one final time before baking?",A) Proofing | B) Kneading | C) Folding | D) Scoring,A
629,Cooking,Medium,Multiple Choice,"[132] In professional gastronomy, what cooking method describes: allowing bread dough to rise one final time before baking?",A) Kneading | B) Folding | C) Proofing | D) Scoring,C
630,Cooking,Easy,Typing,Culinary clue: subterranean ascomycete fungus prized as a culinary delicacy. Type the exact term.,,truffle
631,Cooking,Hard,Multiple Choice,[50] Advanced world gastronomy: Which authentic regional specialty is defined by: Hungarian soup or stew of meat and vegetables seasoned with paprika?,A) Goulash | B) Borscht | C) Stroganoff | D) Paprikash,A
632,Cooking,Medium,Multiple Choice,"[173] In professional gastronomy, what cooking method describes: combination-cooking method using wet and dry heats: browning then simmering?",A) Stewing | B) Roasting | C) Braising | D) Poaching,C
633,Cooking,Easy,Multiple Choice,"[316] Which culinary ingredient is known as: botanical variety of the onion with a mild, delicate flavor?",A) Shallot | B) Leek | C) Garlic | D) Scallion,A
634,Cooking,Hard,Multiple Choice,[100] Advanced world gastronomy: Which authentic regional specialty is defined by: Hungarian soup or stew of meat and vegetables seasoned with paprika?,A) Borscht | B) Stroganoff | C) Goulash | D) Paprikash,C
635,Cooking,Medium,Multiple Choice,"[34] In professional gastronomy, what cooking method describes: adding liquid to a hot pan to dissolve browned food residue?",A) Reducing | B) Emulsifying | C) Clarifying | D) Deglazing,D
636,Cooking,Hard,Typing,[28] Master chef challenge: Name the famous dish described as 'traditional Mexican dish consisting of a folded tortilla filled with meat and salsa'. Type the exact name.,,tacos
637,Cooking,Easy,Multiple Choice,[379] Which culinary ingredient is known as: Italian cured pork belly seasoned with salt and spices?,A) Prosciutto | B) Pancetta | C) Salami | D) Chorizo,B
638,Cooking,Medium,Multiple Choice,"[67] In professional gastronomy, what cooking method describes: culinary knife cut where food is first julienned and then cut into tiny cubes?",A) Brunoise | B) Batonnet | C) Paysanne | D) Rondelle,A
639,Cooking,Medium,Multiple Choice,"[125] In professional gastronomy, what cooking method describes: culinary knife cut where food is cut into long thin strips?",A) Julienne | B) Brunoise | C) Chiffonade | D) Mirepoix,A
640,Cooking,Easy,Typing,[99] Culinary clue: Italian cured pork belly seasoned with salt and spices. Type the exact term.,,pancetta
641,Cooking,Medium,Typing,[49] Kitchen technique challenge: adding liquid to a hot pan to dissolve browned food residue. Type the one-word technique.,,deglazing
642,Cooking,Medium,Multiple Choice,"[28] In professional gastronomy, what cooking method describes: softening fruit by soaking it in liquid and sugar?",A) Reduction | B) Maceration | C) Confit | D) Infusion,B
643,Cooking,Hard,Multiple Choice,"[101] Advanced world gastronomy: Which authentic regional specialty is defined by: Spanish rice dish featuring saffron, vegetables, chicken, and seafood?",A) Risotto | B) Paella | C) Biryani | D) Jambalaya,B
644,Cooking,Medium,Multiple Choice,"[167] In professional gastronomy, what cooking method describes: cooking food in vacuum-sealed pouches at a precise low temperature?",A) Sous-vide | B) Deep-frying | C) Roasting | D) Grilling,A
645,Cooking,Medium,Multiple Choice,"[46] In professional gastronomy, what cooking method describes: scalding vegetables in boiling water then plunging into ice water?",A) Poaching | B) Steaming | C) Blanching | D) Braising,C
646,Cooking,Easy,Multiple Choice,[126] Which culinary ingredient is known as: subterranean ascomycete fungus prized as a culinary delicacy?,A) Portobello | B) Shiitake | C) Truffle | D) Morel,C
647,Cooking,Medium,Multiple Choice,"[78] In professional gastronomy, what cooking method describes: cooking procedure in which alcohol is added to a hot pan to create flames?",A) Deglazing | B) Flambé | C) Sautéing | D) Caramelizing,B
648,Cooking,Hard,Multiple Choice,Advanced world gastronomy: Which authentic regional specialty is defined by: South American seafood dish where raw fish is cured in fresh citrus juices?,A) Tartare | B) Ceviche | C) Carpaccio | D) Poke,B
649,Cooking,Medium,Multiple Choice,"In professional gastronomy, what cooking method describes: culinary knife cut where food is first julienned and then cut into tiny cubes?",A) Batonnet | B) Brunoise | C) Paysanne | D) Rondelle,B
650,Cooking,Easy,Multiple Choice,"[276] Which culinary ingredient is known as: botanical variety of the onion with a mild, delicate flavor?",A) Leek | B) Garlic | C) Shallot | D) Scallion,C
651,Cooking,Easy,Multiple Choice,[283] Which culinary ingredient is known as: flavoring derived from orchids of the genus Vanilla?,A) Almond | B) Cinnamon | C) Mint | D) Vanilla,D
652,Cooking,Hard,Multiple Choice,[155] Advanced world gastronomy: Which authentic regional specialty is defined by: Japanese dish of prepared vinegared rice accompanied by seafood and vegetables?,A) Sashimi | B) Ramen | C) Tempura | D) Sushi,D
653,Cooking,Medium,Multiple Choice,"[157] In professional gastronomy, what cooking method describes: culinary knife cut where food is first julienned and then cut into tiny cubes?",A) Batonnet | B) Paysanne | C) Brunoise | D) Rondelle,C
654,Cooking,Hard,Typing,Master chef challenge: Name the famous dish described as 'traditional Provençal fish stew originating from the port city of Marseille'. Type the exact name.,,bouillabaisse
655,Cooking,Hard,Multiple Choice,[99] Advanced world gastronomy: Which authentic regional specialty is defined by: South American seafood dish where raw fish is cured in fresh citrus juices?,A) Tartare | B) Carpaccio | C) Ceviche | D) Poke,C
656,Cooking,Easy,Typing,[57] Culinary clue: creamy Italian cheese coagulated by the addition of citric acid. Type the exact term.,,mascarpone
657,Cooking,Easy,Multiple Choice,[199] Which culinary ingredient is known as: Italian cured pork belly seasoned with salt and spices?,A) Prosciutto | B) Salami | C) Pancetta | D) Chorizo,C
658,Cooking,Easy,Multiple Choice,[338] Which culinary ingredient is known as: Italian dry-cured ham that is usually thinly sliced and served uncooked?,A) Pancetta | B) Guanciale | C) Prosciutto | D) Bacon,C
659,Cooking,Hard,Multiple Choice,[76] Advanced world gastronomy: Which authentic regional specialty is defined by: large range of small Chinese Cantonese dishes served with tea in steamer baskets?,A) Dumpling | B) Bao | C) Dim sum | D) Spring roll,C
660,Cooking,Easy,Multiple Choice,"[216] Which culinary ingredient is known as: botanical variety of the onion with a mild, delicate flavor?",A) Leek | B) Garlic | C) Scallion | D) Shallot,D
661,Cooking,Easy,Multiple Choice,[31] Which culinary ingredient is known as: southern Italian cheese traditionally made from Italian buffalo milk?,A) Mozzarella | B) Brie | C) Feta | D) Ricotta,A
662,Cooking,Medium,Multiple Choice,"[41] In professional gastronomy, what cooking method describes: gradually raising temperature of eggs or chocolate without curdling or seizing?",A) Proofing | B) Curdling | C) Binding | D) Tempering,D
663,Cooking,Easy,Multiple Choice,[97] Which culinary ingredient is known as: creamy Italian cheese coagulated by the addition of citric acid?,A) Ricotta | B) Mascarpone | C) Cream cheese | D) Quark,B
664,Cooking,Easy,Multiple Choice,[210] Which culinary ingredient is known as: fresh green leaves of the coriander plant widely used in salsa?,A) Cilantro | B) Mint | C) Dill | D) Tarragon,A
665,Cooking,Hard,Multiple Choice,"Advanced world gastronomy: Which authentic regional specialty is defined by: Spanish rice dish featuring saffron, vegetables, chicken, and seafood?",A) Paella | B) Risotto | C) Biryani | D) Jambalaya,A
666,Cooking,Medium,Multiple Choice,"[233] In professional gastronomy, what cooking method describes: combination-cooking method using wet and dry heats: browning then simmering?",A) Braising | B) Stewing | C) Roasting | D) Poaching,A
667,Cooking,Medium,Multiple Choice,"In professional gastronomy, what cooking method describes: shredding or finely cutting leafy vegetables or herbs into thin ribbons?",A) Chiffonade | B) Julienne | C) Dice | D) Mince,A
668,Cooking,Easy,Multiple Choice,[278] Which culinary ingredient is known as: Italian dry-cured ham that is usually thinly sliced and served uncooked?,A) Pancetta | B) Guanciale | C) Bacon | D) Prosciutto,D
669,Cooking,Easy,Typing,"[44] Culinary clue: colorless, flavorless food ingredient derived from collagen. Type the exact term.",,gelatin
670,Cooking,Easy,Multiple Choice,[35] Which culinary ingredient is known as: spice made from the seeds of several plants in the ginger family?,A) Cardamom | B) Clove | C) Allspice | D) Star anise,A
671,Cooking,Hard,Typing,[16] Master chef challenge: Name the famous dish described as 'large range of small Chinese Cantonese dishes served with tea in steamer baskets'. Type the exact name.,,dim sum
672,Cooking,Medium,Multiple Choice,"[218] In professional gastronomy, what cooking method describes: combination-cooking method using wet and dry heats: browning then simmering?",A) Stewing | B) Braising | C) Roasting | D) Poaching,B
673,Cooking,Medium,Multiple Choice,"[224] In professional gastronomy, what cooking method describes: cooking food slowly in fat or sugar syrup at low temperature?",A) Broiling | B) Confit | C) Searing | D) Smoking,B
674,Cooking,Easy,Multiple Choice,[377] Which culinary ingredient is known as: creamy Italian cheese coagulated by the addition of citric acid?,A) Ricotta | B) Mascarpone | C) Cream cheese | D) Quark,B
675,Cooking,Medium,Multiple Choice,"[20] In professional gastronomy, what cooking method describes: culinary knife cut where food is cut into long thin strips?",A) Julienne | B) Brunoise | C) Chiffonade | D) Mirepoix,A
676,Cooking,Easy,Typing,Culinary clue: expensive golden-red spice harvested from crocus flowers. Type the exact term.,,saffron
677,Cooking,Medium,Multiple Choice,"[130] In professional gastronomy, what cooking method describes: oxidation of sugar, a process used widely in cooking for sweet nutty flavor?",A) Caramelization | B) Fermentation | C) Coagulation | D) Maceration,A
678,Cooking,Easy,Multiple Choice,"[147] Which culinary ingredient is known as: hard, granular Italian cheese made from cow milk?",A) Cheddar | B) Gouda | C) Mozzarella | D) Parmesan,D
679,Cooking,Easy,Multiple Choice,[320] Which culinary ingredient is known as: Italian cured meat prepared from pork jowl or cheeks?,A) Lard | B) Pancetta | C) Tallow | D) Guanciale,D
680,Cooking,Medium,Multiple Choice,"[151] In professional gastronomy, what cooking method describes: scalding vegetables in boiling water then plunging into ice water?",A) Poaching | B) Steaming | C) Braising | D) Blanching,D
681,Cooking,Easy,Multiple Choice,[190] Which culinary ingredient is known as: fresh green leaves of the coriander plant widely used in salsa?,A) Cilantro | B) Mint | C) Dill | D) Tarragon,A
682,Cooking,Easy,Typing,Culinary clue: red pepper spice commonly used for color and smoky flavor. Type the exact term.,,paprika
683,Cooking,Hard,Typing,"[31] Master chef challenge: Name the famous dish described as 'Spanish rice dish featuring saffron, vegetables, chicken, and seafood'. Type the exact name.",,paella
684,Cooking,Hard,Typing,[37] Master chef challenge: Name the famous dish described as 'layered eggplant and minced meat casserole topped with béchamel sauce'. Type the exact name.,,moussaka
685,Cooking,Medium,Typing,[48] Kitchen technique challenge: cooking procedure in which alcohol is added to a hot pan to create flames. Type the one-word technique.,,flambé
686,Cooking,Easy,Typing,[61] Culinary clue: red pepper spice commonly used for color and smoky flavor. Type the exact term.,,paprika
687,Cooking,Easy,Typing,"Culinary clue: dark, concentrated, and intensely flavored vinegar originating in Italy. Type the exact term.",,balsamic
688,Cooking,Medium,Multiple Choice,"[180] In professional gastronomy, what cooking method describes: preserving food through addition of salt, nitrates, nitrite, or sugar?",A) Pasteurization | B) Cure | C) Fermentation | D) Pickling,B
689,Cooking,Medium,Multiple Choice,"[166] In professional gastronomy, what cooking method describes: scalding vegetables in boiling water then plunging into ice water?",A) Poaching | B) Steaming | C) Blanching | D) Braising,C
690,Cooking,Easy,Multiple Choice,"[376] Which culinary ingredient is known as: botanical variety of the onion with a mild, delicate flavor?",A) Leek | B) Garlic | C) Shallot | D) Scallion,C
691,Cooking,Easy,Multiple Choice,"[234] Which culinary ingredient is known as: japanese horseradish known for its sharp, pungent green paste?",A) Wasabi | B) Horseradish | C) Mustard | D) Ginger,A
692,Cooking,Easy,Multiple Choice,[349] Which culinary ingredient is known as: fragrant evergreen herb with needle-like leaves used in roasting?,A) Rosemary | B) Thyme | C) Basil | D) Parsley,A
693,Cooking,Medium,Typing,[57] Kitchen technique challenge: allowing bread dough to rise one final time before baking. Type the one-word technique.,,proofing
694,Cooking,Hard,Multiple Choice,"[123] Advanced world gastronomy: Which authentic regional specialty is defined by: French Provençal stewed vegetable dish featuring eggplant, zucchini, and peppers?",A) Bouillabaisse | B) Cassoulet | C) Ratatouille | D) Coq au vin,C
695,Cooking,Easy,Multiple Choice,[60] Which culinary ingredient is known as: Italian cured meat prepared from pork jowl or cheeks?,A) Lard | B) Pancetta | C) Guanciale | D) Tallow,C
696,Cooking,Hard,Multiple Choice,"[73] Advanced world gastronomy: Which authentic regional specialty is defined by: French Provençal stewed vegetable dish featuring eggplant, zucchini, and peppers?",A) Bouillabaisse | B) Cassoulet | C) Coq au vin | D) Ratatouille,D
697,Cooking,Easy,Multiple Choice,"[348] Which culinary ingredient is known as: dark, concentrated, and intensely flavored vinegar originating in Italy?",A) Apple cider | B) Balsamic | C) White vinegar | D) Rice vinegar,B
698,Cooking,Medium,Multiple Choice,"[133] In professional gastronomy, what cooking method describes: softening fruit by soaking it in liquid and sugar?",A) Maceration | B) Reduction | C) Confit | D) Infusion,A
699,Cooking,Easy,Multiple Choice,"[204] Which culinary ingredient is known as: colorless, flavorless food ingredient derived from collagen?",A) Agar-agar | B) Pectin | C) Starch | D) Gelatin,D
700,Cooking,Easy,Typing,[29] Culinary clue: fragrant evergreen herb with needle-like leaves used in roasting. Type the exact term.,,rosemary
701,Cooking,Easy,Multiple Choice,"[207] Which culinary ingredient is known as: hard, granular Italian cheese made from cow milk?",A) Cheddar | B) Parmesan | C) Gouda | D) Mozzarella,B
702,Cooking,Medium,Multiple Choice,"[168] In professional gastronomy, what cooking method describes: cooking procedure in which alcohol is added to a hot pan to create flames?",A) Flambé | B) Deglazing | C) Sautéing | D) Caramelizing,A
703,Cooking,Easy,Typing,[33] Culinary clue: middle eastern condiment made from toasted ground hulled sesame. Type the exact term.,,tahini
704,Cooking,Easy,Multiple Choice,[366] Which culinary ingredient is known as: subterranean ascomycete fungus prized as a culinary delicacy?,A) Truffle | B) Portobello | C) Shiitake | D) Morel,A
705,Cooking,Hard,Multiple Choice,[137] Advanced world gastronomy: Which authentic regional specialty is defined by: layered eggplant and minced meat casserole topped with béchamel sauce?,A) Lasagna | B) Moussaka | C) Pastitsio | D) Shepherd's pie,B
706,Cooking,Easy,Multiple Choice,"Which culinary ingredient is known as: dark, concentrated, and intensely flavored vinegar originating in Italy?",A) Apple cider | B) Balsamic | C) White vinegar | D) Rice vinegar,B
707,Cooking,Easy,Multiple Choice,[82] Which culinary ingredient is known as: expensive golden-red spice harvested from crocus flowers?,A) Turmeric | B) Cardamom | C) Ginger | D) Saffron,D
708,Cooking,Hard,Multiple Choice,Advanced world gastronomy: Which authentic regional specialty is defined by: Japanese dish of prepared vinegared rice accompanied by seafood and vegetables?,A) Sashimi | B) Sushi | C) Ramen | D) Tempura,B
709,Cooking,Easy,Multiple Choice,[400] Which culinary ingredient is known as: Italian cured meat prepared from pork jowl or cheeks?,A) Lard | B) Pancetta | C) Guanciale | D) Tallow,C
710,Cooking,Easy,Multiple Choice,"[184] Which culinary ingredient is known as: colorless, flavorless food ingredient derived from collagen?",A) Agar-agar | B) Pectin | C) Gelatin | D) Starch,C
711,Cooking,Easy,Multiple Choice,[98] Which culinary ingredient is known as: Italian dry-cured ham that is usually thinly sliced and served uncooked?,A) Prosciutto | B) Pancetta | C) Guanciale | D) Bacon,A
712,Cooking,Easy,Multiple Choice,"[104] Which culinary ingredient is known as: colorless, flavorless food ingredient derived from collagen?",A) Agar-agar | B) Gelatin | C) Pectin | D) Starch,B
713,Cooking,Medium,Multiple Choice,"[169] In professional gastronomy, what cooking method describes: adding liquid to a hot pan to dissolve browned food residue?",A) Reducing | B) Emulsifying | C) Deglazing | D) Clarifying,C
714,Cooking,Easy,Multiple Choice,"[347] Which culinary ingredient is known as: hard, granular Italian cheese made from cow milk?",A) Cheddar | B) Parmesan | C) Gouda | D) Mozzarella,B
715,Cooking,Easy,Multiple Choice,[189] Which culinary ingredient is known as: fragrant evergreen herb with needle-like leaves used in roasting?,A) Thyme | B) Basil | C) Rosemary | D) Parsley,C
716,Cooking,Easy,Multiple Choice,[63] Which culinary ingredient is known as: flavoring derived from orchids of the genus Vanilla?,A) Almond | B) Cinnamon | C) Vanilla | D) Mint,C
717,Cooking,Easy,Multiple Choice,[71] Which culinary ingredient is known as: southern Italian cheese traditionally made from Italian buffalo milk?,A) Brie | B) Feta | C) Mozzarella | D) Ricotta,C
718,Cooking,Easy,Multiple Choice,"[128] Which culinary ingredient is known as: dark, concentrated, and intensely flavored vinegar originating in Italy?",A) Apple cider | B) White vinegar | C) Rice vinegar | D) Balsamic,D
719,Cooking,Medium,Multiple Choice,"[112] In professional gastronomy, what cooking method describes: culinary knife cut where food is first julienned and then cut into tiny cubes?",A) Brunoise | B) Batonnet | C) Paysanne | D) Rondelle,A
720,Cooking,Hard,Multiple Choice,[89] Advanced world gastronomy: Which authentic regional specialty is defined by: South American seafood dish where raw fish is cured in fresh citrus juices?,A) Ceviche | B) Tartare | C) Carpaccio | D) Poke,A
721,Cooking,Hard,Multiple Choice,[134] Advanced world gastronomy: Which authentic regional specialty is defined by: traditional Provençal fish stew originating from the port city of Marseille?,A) Chowder | B) Bisque | C) Bouillabaisse | D) Gumbo,C
722,Cooking,Easy,Typing,"[28] Culinary clue: dark, concentrated, and intensely flavored vinegar originating in Italy. Type the exact term.",,balsamic
723,Cooking,Easy,Multiple Choice,"[188] Which culinary ingredient is known as: dark, concentrated, and intensely flavored vinegar originating in Italy?",A) Apple cider | B) White vinegar | C) Rice vinegar | D) Balsamic,D
724,Cooking,Hard,Multiple Choice,"[103] Advanced world gastronomy: Which authentic regional specialty is defined by: French Provençal stewed vegetable dish featuring eggplant, zucchini, and peppers?",A) Bouillabaisse | B) Cassoulet | C) Coq au vin | D) Ratatouille,D
725,Cooking,Medium,Multiple Choice,"[24] In professional gastronomy, what cooking method describes: cooking food gently submerged in liquid below boiling point?",A) Boiling | B) Poaching | C) Simmering | D) Scalding,B
726,Cooking,Easy,Multiple Choice,"[187] Which culinary ingredient is known as: hard, granular Italian cheese made from cow milk?",A) Parmesan | B) Cheddar | C) Gouda | D) Mozzarella,A
727,Cooking,Medium,Typing,[38] Kitchen technique challenge: combination-cooking method using wet and dry heats: browning then simmering. Type the one-word technique.,,braising
728,Cooking,Hard,Multiple Choice,[150] Advanced world gastronomy: Which authentic regional specialty is defined by: Hungarian soup or stew of meat and vegetables seasoned with paprika?,A) Borscht | B) Stroganoff | C) Goulash | D) Paprikash,C
729,Cooking,Hard,Multiple Choice,[148] Advanced world gastronomy: Which authentic regional specialty is defined by: traditional Mexican dish consisting of a folded tortilla filled with meat and salsa?,A) Burrito | B) Enchilada | C) Quesadilla | D) Tacos,D
730,Cooking,Hard,Multiple Choice,[60] Advanced world gastronomy: Which authentic regional specialty is defined by: Hungarian soup or stew of meat and vegetables seasoned with paprika?,A) Borscht | B) Stroganoff | C) Paprikash | D) Goulash,D
731,Cooking,Easy,Typing,"[88] Culinary clue: dark, concentrated, and intensely flavored vinegar originating in Italy. Type the exact term.",,balsamic
732,Cooking,Easy,Multiple Choice,"[48] Which culinary ingredient is known as: dark, concentrated, and intensely flavored vinegar originating in Italy?",A) Apple cider | B) White vinegar | C) Balsamic | D) Rice vinegar,C
733,Cooking,Easy,Multiple Choice,"[224] Which culinary ingredient is known as: colorless, flavorless food ingredient derived from collagen?",A) Agar-agar | B) Pectin | C) Starch | D) Gelatin,D
734,Cooking,Easy,Multiple Choice,[21] Which culinary ingredient is known as: red pepper spice commonly used for color and smoky flavor?,A) Oregano | B) Cumin | C) Paprika | D) Nutmeg,C
735,Cooking,Medium,Multiple Choice,"[238] In professional gastronomy, what cooking method describes: softening fruit by soaking it in liquid and sugar?",A) Maceration | B) Reduction | C) Confit | D) Infusion,A
736,Cooking,Easy,Multiple Choice,"[327] Which culinary ingredient is known as: hard, granular Italian cheese made from cow milk?",A) Cheddar | B) Gouda | C) Parmesan | D) Mozzarella,C
737,Cooking,Easy,Typing,[79] Culinary clue: Italian cured pork belly seasoned with salt and spices. Type the exact term.,,pancetta
738,Cooking,Medium,Typing,"[30] Kitchen technique challenge: preserving food through addition of salt, nitrates, nitrite, or sugar. Type the one-word technique.",,cure
739,Cooking,Easy,Multiple Choice,[260] Which culinary ingredient is known as: Italian cured meat prepared from pork jowl or cheeks?,A) Guanciale | B) Lard | C) Pancetta | D) Tallow,A
740,Cooking,Easy,Multiple Choice,"[87] Which culinary ingredient is known as: hard, granular Italian cheese made from cow milk?",A) Cheddar | B) Gouda | C) Mozzarella | D) Parmesan,D
741,Cooking,Medium,Multiple Choice,"[165] In professional gastronomy, what cooking method describes: preserving food through addition of salt, nitrates, nitrite, or sugar?",A) Pasteurization | B) Cure | C) Fermentation | D) Pickling,B
742,Cooking,Medium,Multiple Choice,"In professional gastronomy, what cooking method describes: scalding vegetables in boiling water then plunging into ice water?",A) Poaching | B) Blanching | C) Steaming | D) Braising,B
743,Cooking,Medium,Multiple Choice,"[178] In professional gastronomy, what cooking method describes: softening fruit by soaking it in liquid and sugar?",A) Reduction | B) Confit | C) Maceration | D) Infusion,C
744,Cooking,Hard,Typing,[22] Master chef challenge: Name the famous dish described as 'northern Italian rice dish cooked with broth until creamy consistency'. Type the exact name.,,risotto
745,Cooking,Easy,Multiple Choice,[383] Which culinary ingredient is known as: flavoring derived from orchids of the genus Vanilla?,A) Almond | B) Cinnamon | C) Vanilla | D) Mint,C
746,Cooking,Easy,Multiple Choice,[235] Which culinary ingredient is known as: spice made from the seeds of several plants in the ginger family?,A) Clove | B) Cardamom | C) Allspice | D) Star anise,B
747,Cooking,Easy,Multiple Choice,[212] Which culinary ingredient is known as: flowering plant in the amaranth family grown as a grain crop?,A) Quinoa | B) Barley | C) Bulgur | D) Couscous,A
748,Cooking,Easy,Multiple Choice,"[127] Which culinary ingredient is known as: hard, granular Italian cheese made from cow milk?",A) Cheddar | B) Gouda | C) Parmesan | D) Mozzarella,C
749,Cooking,Easy,Multiple Choice,"[148] Which culinary ingredient is known as: dark, concentrated, and intensely flavored vinegar originating in Italy?",A) Apple cider | B) White vinegar | C) Balsamic | D) Rice vinegar,C
750,Cooking,Medium,Typing,Kitchen technique challenge: allowing bread dough to rise one final time before baking. Type the one-word technique.,,proofing
751,Cooking,Medium,Multiple Choice,"[29] In professional gastronomy, what cooking method describes: cooking food slowly in fat or sugar syrup at low temperature?",A) Broiling | B) Searing | C) Smoking | D) Confit,D
752,Cooking,Medium,Multiple Choice,"[79] In professional gastronomy, what cooking method describes: adding liquid to a hot pan to dissolve browned food residue?",A) Reducing | B) Emulsifying | C) Clarifying | D) Deglazing,D
753,Cooking,Hard,Typing,[17] Master chef challenge: Name the famous dish described as 'layered eggplant and minced meat casserole topped with béchamel sauce'. Type the exact name.,,moussaka
754,Cooking,Easy,Typing,[81] Culinary clue: red pepper spice commonly used for color and smoky flavor. Type the exact term.,,paprika
755,Cooking,Easy,Multiple Choice,[282] Which culinary ingredient is known as: expensive golden-red spice harvested from crocus flowers?,A) Turmeric | B) Cardamom | C) Saffron | D) Ginger,C
756,Cooking,Easy,Typing,"[87] Culinary clue: hard, granular Italian cheese made from cow milk. Type the exact term.",,parmesan
757,Cooking,Easy,Multiple Choice,[299] Which culinary ingredient is known as: Italian cured pork belly seasoned with salt and spices?,A) Pancetta | B) Prosciutto | C) Salami | D) Chorizo,A
758,Cooking,Easy,Typing,[23] Culinary clue: flavoring derived from orchids of the genus Vanilla. Type the exact term.,,vanilla
759,Cooking,Easy,Multiple Choice,[360] Which culinary ingredient is known as: Italian cured meat prepared from pork jowl or cheeks?,A) Guanciale | B) Lard | C) Pancetta | D) Tallow,A
760,Cooking,Medium,Multiple Choice,"[159] In professional gastronomy, what cooking method describes: cooking food gently submerged in liquid below boiling point?",A) Boiling | B) Poaching | C) Simmering | D) Scalding,B
761,Cooking,Easy,Typing,"[67] Culinary clue: hard, granular Italian cheese made from cow milk. Type the exact term.",,parmesan
762,Cooking,Easy,Typing,[51] Culinary clue: southern Italian cheese traditionally made from Italian buffalo milk. Type the exact term.,,mozzarella
763,Cooking,Easy,Multiple Choice,[293] Which culinary ingredient is known as: middle eastern condiment made from toasted ground hulled sesame?,A) Hummus | B) Tzatziki | C) Pesto | D) Tahini,D
764,Cooking,Easy,Multiple Choice,"[68] Which culinary ingredient is known as: dark, concentrated, and intensely flavored vinegar originating in Italy?",A) Apple cider | B) White vinegar | C) Rice vinegar | D) Balsamic,D
765,Cooking,Hard,Multiple Choice,[26] Advanced world gastronomy: Which authentic regional specialty is defined by: large range of small Chinese Cantonese dishes served with tea in steamer baskets?,A) Dumpling | B) Dim sum | C) Bao | D) Spring roll,B
766,Cooking,Hard,Multiple Choice,[107] Advanced world gastronomy: Which authentic regional specialty is defined by: layered eggplant and minced meat casserole topped with béchamel sauce?,A) Lasagna | B) Moussaka | C) Pastitsio | D) Shepherd's pie,B
767,Cooking,Medium,Multiple Choice,"[63] In professional gastronomy, what cooking method describes: cooking procedure in which alcohol is added to a hot pan to create flames?",A) Deglazing | B) Sautéing | C) Flambé | D) Caramelizing,C
768,Cooking,Medium,Multiple Choice,"[213] In professional gastronomy, what cooking method describes: cooking procedure in which alcohol is added to a hot pan to create flames?",A) Deglazing | B) Flambé | C) Sautéing | D) Caramelizing,B
769,Cooking,Medium,Multiple Choice,"[194] In professional gastronomy, what cooking method describes: cooking food slowly in fat or sugar syrup at low temperature?",A) Broiling | B) Searing | C) Confit | D) Smoking,C
770,Cooking,Easy,Typing,[25] Culinary clue: eukaryotic single-celled microorganism used in baking to leaven bread. Type the exact term.,,yeast
771,Cooking,Easy,Typing,"Culinary clue: hard, granular Italian cheese made from cow milk. Type the exact term.",,parmesan
772,Cooking,Easy,Multiple Choice,"[67] Which culinary ingredient is known as: hard, granular Italian cheese made from cow milk?",A) Parmesan | B) Cheddar | C) Gouda | D) Mozzarella,A
773,Cooking,Easy,Multiple Choice,[225] Which culinary ingredient is known as: eukaryotic single-celled microorganism used in baking to leaven bread?,A) Baking soda | B) Yeast | C) Baking powder | D) Cream of tartar,B
774,Cooking,Easy,Typing,"[47] Culinary clue: hard, granular Italian cheese made from cow milk. Type the exact term.",,parmesan
775,Cooking,Medium,Multiple Choice,"In professional gastronomy, what cooking method describes: allowing bread dough to rise one final time before baking?",A) Kneading | B) Proofing | C) Folding | D) Scoring,B
776,Cooking,Easy,Multiple Choice,[172] Which culinary ingredient is known as: flowering plant in the amaranth family grown as a grain crop?,A) Barley | B) Bulgur | C) Couscous | D) Quinoa,D
777,Cooking,Hard,Multiple Choice,[138] Advanced world gastronomy: Which authentic regional specialty is defined by: traditional Mexican dish consisting of a folded tortilla filled with meat and salsa?,A) Tacos | B) Burrito | C) Enchilada | D) Quesadilla,A
778,Cooking,Hard,Multiple Choice,[36] Advanced world gastronomy: Which authentic regional specialty is defined by: large range of small Chinese Cantonese dishes served with tea in steamer baskets?,A) Dumpling | B) Bao | C) Dim sum | D) Spring roll,C
779,Cooking,Medium,Multiple Choice,"[55] In professional gastronomy, what cooking method describes: oxidation of sugar, a process used widely in cooking for sweet nutty flavor?",A) Fermentation | B) Coagulation | C) Maceration | D) Caramelization,D
780,Cooking,Easy,Multiple Choice,[321] Which culinary ingredient is known as: red pepper spice commonly used for color and smoky flavor?,A) Oregano | B) Cumin | C) Paprika | D) Nutmeg,C
781,Cooking,Easy,Multiple Choice,[45] Which culinary ingredient is known as: eukaryotic single-celled microorganism used in baking to leaven bread?,A) Baking soda | B) Baking powder | C) Cream of tartar | D) Yeast,D
782,Cooking,Easy,Multiple Choice,[93] Which culinary ingredient is known as: middle eastern condiment made from toasted ground hulled sesame?,A) Hummus | B) Tzatziki | C) Tahini | D) Pesto,C
783,Cooking,Easy,Multiple Choice,"[336] Which culinary ingredient is known as: botanical variety of the onion with a mild, delicate flavor?",A) Shallot | B) Leek | C) Garlic | D) Scallion,A
784,Cooking,Easy,Multiple Choice,[132] Which culinary ingredient is known as: flowering plant in the amaranth family grown as a grain crop?,A) Barley | B) Bulgur | C) Quinoa | D) Couscous,C
785,Cooking,Easy,Typing,[85] Culinary clue: eukaryotic single-celled microorganism used in baking to leaven bread. Type the exact term.,,yeast
786,Cooking,Easy,Typing,[80] Culinary clue: Italian cured meat prepared from pork jowl or cheeks. Type the exact term.,,guanciale
787,Cooking,Easy,Multiple Choice,[178] Which culinary ingredient is known as: Italian dry-cured ham that is usually thinly sliced and served uncooked?,A) Pancetta | B) Guanciale | C) Bacon | D) Prosciutto,D
788,Cooking,Easy,Multiple Choice,[30] Which culinary ingredient is known as: fresh green leaves of the coriander plant widely used in salsa?,A) Mint | B) Dill | C) Cilantro | D) Tarragon,C
789,Cooking,Easy,Multiple Choice,"[36] Which culinary ingredient is known as: botanical variety of the onion with a mild, delicate flavor?",A) Shallot | B) Leek | C) Garlic | D) Scallion,A
790,Cooking,Hard,Multiple Choice,[44] Advanced world gastronomy: Which authentic regional specialty is defined by: traditional Provençal fish stew originating from the port city of Marseille?,A) Chowder | B) Bisque | C) Bouillabaisse | D) Gumbo,C
791,Cooking,Easy,Multiple Choice,"[107] Which culinary ingredient is known as: hard, granular Italian cheese made from cow milk?",A) Cheddar | B) Gouda | C) Parmesan | D) Mozzarella,C
792,Cooking,Hard,Typing,[14] Master chef challenge: Name the famous dish described as 'traditional Provençal fish stew originating from the port city of Marseille'. Type the exact name.,,bouillabaisse
793,Cooking,Medium,Typing,[34] Kitchen technique challenge: adding liquid to a hot pan to dissolve browned food residue. Type the one-word technique.,,deglazing
794,Cooking,Easy,Multiple Choice,"[114] Which culinary ingredient is known as: japanese horseradish known for its sharp, pungent green paste?",A) Wasabi | B) Horseradish | C) Mustard | D) Ginger,A
795,Cooking,Easy,Multiple Choice,[312] Which culinary ingredient is known as: flowering plant in the amaranth family grown as a grain crop?,A) Quinoa | B) Barley | C) Bulgur | D) Couscous,A
796,Cooking,Hard,Multiple Choice,[96] Advanced world gastronomy: Which authentic regional specialty is defined by: large range of small Chinese Cantonese dishes served with tea in steamer baskets?,A) Dumpling | B) Bao | C) Dim sum | D) Spring roll,C
797,Cooking,Medium,Multiple Choice,"[126] In professional gastronomy, what cooking method describes: shredding or finely cutting leafy vegetables or herbs into thin ribbons?",A) Julienne | B) Dice | C) Mince | D) Chiffonade,D
798,Cooking,Medium,Multiple Choice,"[201] In professional gastronomy, what cooking method describes: shredding or finely cutting leafy vegetables or herbs into thin ribbons?",A) Chiffonade | B) Julienne | C) Dice | D) Mince,A
799,Cooking,Easy,Multiple Choice,[272] Which culinary ingredient is known as: flowering plant in the amaranth family grown as a grain crop?,A) Barley | B) Bulgur | C) Quinoa | D) Couscous,C
800,Cooking,Hard,Multiple Choice,Advanced world gastronomy: Which authentic regional specialty is defined by: Hungarian soup or stew of meat and vegetables seasoned with paprika?,A) Borscht | B) Stroganoff | C) Goulash | D) Paprikash,C
801,Cooking,Easy,Multiple Choice,"[88] Which culinary ingredient is known as: dark, concentrated, and intensely flavored vinegar originating in Italy?",A) Balsamic | B) Apple cider | C) White vinegar | D) Rice vinegar,A
802,Cooking,Easy,Multiple Choice,"Which culinary ingredient is known as: japanese horseradish known for its sharp, pungent green paste?",A) Wasabi | B) Horseradish | C) Mustard | D) Ginger,A
803,Cooking,Easy,Multiple Choice,[192] Which culinary ingredient is known as: flowering plant in the amaranth family grown as a grain crop?,A) Barley | B) Bulgur | C) Quinoa | D) Couscous,C
804,Cooking,Hard,Multiple Choice,"[91] Advanced world gastronomy: Which authentic regional specialty is defined by: Spanish rice dish featuring saffron, vegetables, chicken, and seafood?",A) Risotto | B) Biryani | C) Paella | D) Jambalaya,C
805,Cooking,Medium,Multiple Choice,"[94] In professional gastronomy, what cooking method describes: adding liquid to a hot pan to dissolve browned food residue?",A) Reducing | B) Deglazing | C) Emulsifying | D) Clarifying,B
806,Cooking,Medium,Multiple Choice,"[120] In professional gastronomy, what cooking method describes: preserving food through addition of salt, nitrates, nitrite, or sugar?",A) Pasteurization | B) Fermentation | C) Cure | D) Pickling,C
807,Cooking,Hard,Multiple Choice,[144] Advanced world gastronomy: Which authentic regional specialty is defined by: traditional Provençal fish stew originating from the port city of Marseille?,A) Chowder | B) Bouillabaisse | C) Bisque | D) Gumbo,B
808,Cooking,Medium,Typing,[33] Kitchen technique challenge: cooking procedure in which alcohol is added to a hot pan to create flames. Type the one-word technique.,,flambé
809,Cooking,Medium,Typing,[47] Kitchen technique challenge: cooking food in vacuum-sealed pouches at a precise low temperature. Type the one-word technique.,,sous-vide
810,Cooking,Medium,Typing,Kitchen technique challenge: adding liquid to a hot pan to dissolve browned food residue. Type the one-word technique.,,deglazing
811,Cooking,Medium,Multiple Choice,"[140] In professional gastronomy, what cooking method describes: culinary knife cut where food is cut into long thin strips?",A) Brunoise | B) Julienne | C) Chiffonade | D) Mirepoix,B
812,Cooking,Hard,Multiple Choice,[129] Advanced world gastronomy: Which authentic regional specialty is defined by: South American seafood dish where raw fish is cured in fresh citrus juices?,A) Tartare | B) Carpaccio | C) Ceviche | D) Poke,C
813,Cooking,Easy,Multiple Choice,[138] Which culinary ingredient is known as: Italian dry-cured ham that is usually thinly sliced and served uncooked?,A) Pancetta | B) Guanciale | C) Prosciutto | D) Bacon,C
814,Cooking,Hard,Multiple Choice,[160] Advanced world gastronomy: Which authentic regional specialty is defined by: Hungarian soup or stew of meat and vegetables seasoned with paprika?,A) Borscht | B) Stroganoff | C) Paprikash | D) Goulash,D
815,Cooking,Medium,Typing,"Kitchen technique challenge: oxidation of sugar, a process used widely in cooking for sweet nutty flavor. Type the one-word technique.",,caramelization
816,Cooking,Hard,Multiple Choice,[66] Advanced world gastronomy: Which authentic regional specialty is defined by: large range of small Chinese Cantonese dishes served with tea in steamer baskets?,A) Dumpling | B) Dim sum | C) Bao | D) Spring roll,B
817,Cooking,Easy,Multiple Choice,[392] Which culinary ingredient is known as: flowering plant in the amaranth family grown as a grain crop?,A) Barley | B) Quinoa | C) Bulgur | D) Couscous,B
818,Cooking,Easy,Typing,[70] Culinary clue: fresh green leaves of the coriander plant widely used in salsa. Type the exact term.,,cilantro
819,Cooking,Easy,Multiple Choice,"[54] Which culinary ingredient is known as: japanese horseradish known for its sharp, pungent green paste?",A) Horseradish | B) Mustard | C) Ginger | D) Wasabi,D
820,Cooking,Easy,Multiple Choice,Which culinary ingredient is known as: fresh green leaves of the coriander plant widely used in salsa?,A) Mint | B) Dill | C) Tarragon | D) Cilantro,D
821,Cooking,Easy,Multiple Choice,[351] Which culinary ingredient is known as: southern Italian cheese traditionally made from Italian buffalo milk?,A) Brie | B) Feta | C) Mozzarella | D) Ricotta,C
822,Cooking,Hard,Multiple Choice,[17] Advanced world gastronomy: Which authentic regional specialty is defined by: layered eggplant and minced meat casserole topped with béchamel sauce?,A) Lasagna | B) Moussaka | C) Pastitsio | D) Shepherd's pie,B
823,Cooking,Easy,Multiple Choice,[317] Which culinary ingredient is known as: creamy Italian cheese coagulated by the addition of citric acid?,A) Ricotta | B) Cream cheese | C) Quark | D) Mascarpone,D
824,Cooking,Medium,Typing,[51] Kitchen technique challenge: shredding or finely cutting leafy vegetables or herbs into thin ribbons. Type the one-word technique.,,chiffonade
825,Cooking,Medium,Multiple Choice,"[123] In professional gastronomy, what cooking method describes: cooking procedure in which alcohol is added to a hot pan to create flames?",A) Deglazing | B) Flambé | C) Sautéing | D) Caramelizing,B
826,Cooking,Easy,Multiple Choice,[41] Which culinary ingredient is known as: red pepper spice commonly used for color and smoky flavor?,A) Oregano | B) Paprika | C) Cumin | D) Nutmeg,B
827,Cooking,Hard,Typing,"Master chef challenge: Name the famous dish described as 'French Provençal stewed vegetable dish featuring eggplant, zucchini, and peppers'. Type the exact name.",,ratatouille
828,Cooking,Easy,Multiple Choice,[211] Which culinary ingredient is known as: southern Italian cheese traditionally made from Italian buffalo milk?,A) Mozzarella | B) Brie | C) Feta | D) Ricotta,A
829,Cooking,Medium,Multiple Choice,"[113] In professional gastronomy, what cooking method describes: combination-cooking method using wet and dry heats: browning then simmering?",A) Stewing | B) Braising | C) Roasting | D) Poaching,B
830,Cooking,Medium,Multiple Choice,"[18] In professional gastronomy, what cooking method describes: cooking procedure in which alcohol is added to a hot pan to create flames?",A) Deglazing | B) Sautéing | C) Caramelizing | D) Flambé,D
831,Cooking,Easy,Multiple Choice,"Which culinary ingredient is known as: hard, granular Italian cheese made from cow milk?",A) Cheddar | B) Gouda | C) Parmesan | D) Mozzarella,C
832,Cooking,Easy,Multiple Choice,[95] Which culinary ingredient is known as: spice made from the seeds of several plants in the ginger family?,A) Clove | B) Allspice | C) Star anise | D) Cardamom,D
833,Cooking,Easy,Multiple Choice,[139] Which culinary ingredient is known as: Italian cured pork belly seasoned with salt and spices?,A) Pancetta | B) Prosciutto | C) Salami | D) Chorizo,A
834,Cooking,Easy,Multiple Choice,[375] Which culinary ingredient is known as: spice made from the seeds of several plants in the ginger family?,A) Clove | B) Allspice | C) Cardamom | D) Star anise,C
835,Cooking,Medium,Multiple Choice,"[25] In professional gastronomy, what cooking method describes: oxidation of sugar, a process used widely in cooking for sweet nutty flavor?",A) Fermentation | B) Coagulation | C) Maceration | D) Caramelization,D
836,Cooking,Easy,Multiple Choice,[399] Which culinary ingredient is known as: Italian cured pork belly seasoned with salt and spices?,A) Pancetta | B) Prosciutto | C) Salami | D) Chorizo,A
837,Cooking,Hard,Multiple Choice,[25] Advanced world gastronomy: Which authentic regional specialty is defined by: Japanese dish of prepared vinegared rice accompanied by seafood and vegetables?,A) Sashimi | B) Ramen | C) Sushi | D) Tempura,C
838,Cooking,Easy,Multiple Choice,[273] Which culinary ingredient is known as: middle eastern condiment made from toasted ground hulled sesame?,A) Tahini | B) Hummus | C) Tzatziki | D) Pesto,A
839,Cooking,Hard,Multiple Choice,[47] Advanced world gastronomy: Which authentic regional specialty is defined by: layered eggplant and minced meat casserole topped with béchamel sauce?,A) Lasagna | B) Moussaka | C) Pastitsio | D) Shepherd's pie,B
840,Cooking,Easy,Multiple Choice,[77] Which culinary ingredient is known as: creamy Italian cheese coagulated by the addition of citric acid?,A) Ricotta | B) Cream cheese | C) Quark | D) Mascarpone,D
841,Cooking,Medium,Multiple Choice,"[212] In professional gastronomy, what cooking method describes: cooking food in vacuum-sealed pouches at a precise low temperature?",A) Sous-vide | B) Deep-frying | C) Roasting | D) Grilling,A
842,Cooking,Medium,Multiple Choice,"[222] In professional gastronomy, what cooking method describes: allowing bread dough to rise one final time before baking?",A) Kneading | B) Folding | C) Scoring | D) Proofing,D
843,Cooking,Easy,Multiple Choice,[263] Which culinary ingredient is known as: flavoring derived from orchids of the genus Vanilla?,A) Almond | B) Cinnamon | C) Vanilla | D) Mint,C
844,Cooking,Medium,Typing,[21] Kitchen technique challenge: shredding or finely cutting leafy vegetables or herbs into thin ribbons. Type the one-word technique.,,chiffonade
845,Cooking,Medium,Multiple Choice,"[23] In professional gastronomy, what cooking method describes: combination-cooking method using wet and dry heats: browning then simmering?",A) Braising | B) Stewing | C) Roasting | D) Poaching,A
846,Cooking,Easy,Typing,[49] Culinary clue: fragrant evergreen herb with needle-like leaves used in roasting. Type the exact term.,,rosemary
847,Cooking,Easy,Multiple Choice,[137] Which culinary ingredient is known as: creamy Italian cheese coagulated by the addition of citric acid?,A) Ricotta | B) Cream cheese | C) Quark | D) Mascarpone,D
848,Cooking,Easy,Multiple Choice,[202] Which culinary ingredient is known as: expensive golden-red spice harvested from crocus flowers?,A) Turmeric | B) Cardamom | C) Saffron | D) Ginger,C
849,Cooking,Easy,Multiple Choice,[350] Which culinary ingredient is known as: fresh green leaves of the coriander plant widely used in salsa?,A) Mint | B) Dill | C) Tarragon | D) Cilantro,D
850,Cooking,Easy,Multiple Choice,[165] Which culinary ingredient is known as: eukaryotic single-celled microorganism used in baking to leaven bread?,A) Baking soda | B) Baking powder | C) Cream of tartar | D) Yeast,D
851,Cooking,Easy,Typing,"[94] Culinary clue: japanese horseradish known for its sharp, pungent green paste. Type the exact term.",,wasabi
852,Cooking,Easy,Multiple Choice,[397] Which culinary ingredient is known as: creamy Italian cheese coagulated by the addition of citric acid?,A) Ricotta | B) Mascarpone | C) Cream cheese | D) Quark,B
853,Cooking,Easy,Multiple Choice,[75] Which culinary ingredient is known as: spice made from the seeds of several plants in the ginger family?,A) Clove | B) Cardamom | C) Allspice | D) Star anise,B
854,Cooking,Medium,Multiple Choice,"[22] In professional gastronomy, what cooking method describes: culinary knife cut where food is first julienned and then cut into tiny cubes?",A) Batonnet | B) Brunoise | C) Paysanne | D) Rondelle,B
855,Cooking,Medium,Multiple Choice,"[27] In professional gastronomy, what cooking method describes: allowing bread dough to rise one final time before baking?",A) Kneading | B) Folding | C) Proofing | D) Scoring,C
856,Cooking,Medium,Multiple Choice,"[105] In professional gastronomy, what cooking method describes: preserving food through addition of salt, nitrates, nitrite, or sugar?",A) Cure | B) Pasteurization | C) Fermentation | D) Pickling,A
857,Cooking,Easy,Multiple Choice,"[324] Which culinary ingredient is known as: colorless, flavorless food ingredient derived from collagen?",A) Agar-agar | B) Gelatin | C) Pectin | D) Starch,B
858,Cooking,Medium,Multiple Choice,"[219] In professional gastronomy, what cooking method describes: cooking food gently submerged in liquid below boiling point?",A) Boiling | B) Poaching | C) Simmering | D) Scalding,B
859,Cooking,Medium,Typing,Kitchen technique challenge: cooking food in vacuum-sealed pouches at a precise low temperature. Type the one-word technique.,,sous-vide
860,Cooking,Medium,Multiple Choice,"[103] In professional gastronomy, what cooking method describes: softening fruit by soaking it in liquid and sugar?",A) Reduction | B) Confit | C) Maceration | D) Infusion,C
861,Cooking,Medium,Multiple Choice,"[214] In professional gastronomy, what cooking method describes: adding liquid to a hot pan to dissolve browned food residue?",A) Reducing | B) Emulsifying | C) Deglazing | D) Clarifying,C
862,Cooking,Hard,Multiple Choice,[149] Advanced world gastronomy: Which authentic regional specialty is defined by: South American seafood dish where raw fish is cured in fresh citrus juices?,A) Ceviche | B) Tartare | C) Carpaccio | D) Poke,A
863,Cooking,Easy,Multiple Choice,"[268] Which culinary ingredient is known as: dark, concentrated, and intensely flavored vinegar originating in Italy?",A) Apple cider | B) White vinegar | C) Balsamic | D) Rice vinegar,C
864,Cooking,Medium,Typing,[37] Kitchen technique challenge: culinary knife cut where food is first julienned and then cut into tiny cubes. Type the one-word technique.,,brunoise
865,Cooking,Medium,Multiple Choice,"[116] In professional gastronomy, what cooking method describes: gradually raising temperature of eggs or chocolate without curdling or seizing?",A) Proofing | B) Curdling | C) Tempering | D) Binding,C
866,Cooking,Medium,Multiple Choice,"[150] In professional gastronomy, what cooking method describes: preserving food through addition of salt, nitrates, nitrite, or sugar?",A) Pasteurization | B) Fermentation | C) Cure | D) Pickling,C
867,Cooking,Easy,Multiple Choice,[358] Which culinary ingredient is known as: Italian dry-cured ham that is usually thinly sliced and served uncooked?,A) Prosciutto | B) Pancetta | C) Guanciale | D) Bacon,A
868,Cooking,Easy,Multiple Choice,"[164] Which culinary ingredient is known as: colorless, flavorless food ingredient derived from collagen?",A) Agar-agar | B) Pectin | C) Gelatin | D) Starch,C
869,Cooking,Easy,Multiple Choice,[290] Which culinary ingredient is known as: fresh green leaves of the coriander plant widely used in salsa?,A) Mint | B) Dill | C) Cilantro | D) Tarragon,C
870,Cooking,Hard,Multiple Choice,[35] Advanced world gastronomy: Which authentic regional specialty is defined by: Japanese dish of prepared vinegared rice accompanied by seafood and vegetables?,A) Sashimi | B) Sushi | C) Ramen | D) Tempura,B
871,Cooking,Easy,Multiple Choice,"[208] Which culinary ingredient is known as: dark, concentrated, and intensely flavored vinegar originating in Italy?",A) Balsamic | B) Apple cider | C) White vinegar | D) Rice vinegar,A
872,Cooking,Easy,Multiple Choice,[346] Which culinary ingredient is known as: subterranean ascomycete fungus prized as a culinary delicacy?,A) Portobello | B) Shiitake | C) Truffle | D) Morel,C
873,Cooking,Medium,Multiple Choice,"[98] In professional gastronomy, what cooking method describes: combination-cooking method using wet and dry heats: browning then simmering?",A) Braising | B) Stewing | C) Roasting | D) Poaching,A
874,Cooking,Easy,Multiple Choice,[285] Which culinary ingredient is known as: eukaryotic single-celled microorganism used in baking to leaven bread?,A) Baking soda | B) Baking powder | C) Yeast | D) Cream of tartar,C
875,Cooking,Easy,Multiple Choice,[231] Which culinary ingredient is known as: southern Italian cheese traditionally made from Italian buffalo milk?,A) Brie | B) Feta | C) Ricotta | D) Mozzarella,D
876,Cooking,Hard,Multiple Choice,"[83] Advanced world gastronomy: Which authentic regional specialty is defined by: French Provençal stewed vegetable dish featuring eggplant, zucchini, and peppers?",A) Bouillabaisse | B) Ratatouille | C) Cassoulet | D) Coq au vin,B
877,Cooking,Easy,Typing,[69] Culinary clue: fragrant evergreen herb with needle-like leaves used in roasting. Type the exact term.,,rosemary
878,Cooking,Easy,Typing,[42] Culinary clue: expensive golden-red spice harvested from crocus flowers. Type the exact term.,,saffron
879,Cooking,Easy,Typing,[78] Culinary clue: Italian dry-cured ham that is usually thinly sliced and served uncooked. Type the exact term.,,prosciutto
880,Cooking,Hard,Multiple Choice,[77] Advanced world gastronomy: Which authentic regional specialty is defined by: layered eggplant and minced meat casserole topped with béchamel sauce?,A) Lasagna | B) Pastitsio | C) Shepherd's pie | D) Moussaka,D
881,Cooking,Easy,Multiple Choice,[173] Which culinary ingredient is known as: middle eastern condiment made from toasted ground hulled sesame?,A) Hummus | B) Tahini | C) Tzatziki | D) Pesto,B
882,Cooking,Hard,Typing,[26] Master chef challenge: Name the famous dish described as 'large range of small Chinese Cantonese dishes served with tea in steamer baskets'. Type the exact name.,,dim sum
883,Cooking,Easy,Multiple Choice,[390] Which culinary ingredient is known as: fresh green leaves of the coriander plant widely used in salsa?,A) Mint | B) Dill | C) Tarragon | D) Cilantro,D
884,Cooking,Hard,Multiple Choice,[116] Advanced world gastronomy: Which authentic regional specialty is defined by: large range of small Chinese Cantonese dishes served with tea in steamer baskets?,A) Dumpling | B) Bao | C) Spring roll | D) Dim sum,D
885,Cooking,Hard,Multiple Choice,[37] Advanced world gastronomy: Which authentic regional specialty is defined by: layered eggplant and minced meat casserole topped with béchamel sauce?,A) Lasagna | B) Moussaka | C) Pastitsio | D) Shepherd's pie,B
886,Cooking,Medium,Multiple Choice,"In professional gastronomy, what cooking method describes: preserving food through addition of salt, nitrates, nitrite, or sugar?",A) Pasteurization | B) Cure | C) Fermentation | D) Pickling,B
887,Cooking,Easy,Multiple Choice,[160] Which culinary ingredient is known as: Italian cured meat prepared from pork jowl or cheeks?,A) Lard | B) Guanciale | C) Pancetta | D) Tallow,B
888,Cooking,Hard,Multiple Choice,[57] Advanced world gastronomy: Which authentic regional specialty is defined by: layered eggplant and minced meat casserole topped with béchamel sauce?,A) Lasagna | B) Moussaka | C) Pastitsio | D) Shepherd's pie,B
889,Cooking,Easy,Multiple Choice,[198] Which culinary ingredient is known as: Italian dry-cured ham that is usually thinly sliced and served uncooked?,A) Pancetta | B) Prosciutto | C) Guanciale | D) Bacon,B
890,Cooking,Easy,Typing,Culinary clue: flavoring derived from orchids of the genus Vanilla. Type the exact term.,,vanilla
891,Cooking,Hard,Typing,Master chef challenge: Name the famous dish described as 'northern Italian rice dish cooked with broth until creamy consistency'. Type the exact name.,,risotto
892,Cooking,Medium,Multiple Choice,"[175] In professional gastronomy, what cooking method describes: oxidation of sugar, a process used widely in cooking for sweet nutty flavor?",A) Fermentation | B) Caramelization | C) Coagulation | D) Maceration,B
893,Cooking,Medium,Multiple Choice,"[205] In professional gastronomy, what cooking method describes: oxidation of sugar, a process used widely in cooking for sweet nutty flavor?",A) Fermentation | B) Coagulation | C) Caramelization | D) Maceration,C
894,Cooking,Hard,Multiple Choice,[55] Advanced world gastronomy: Which authentic regional specialty is defined by: Japanese dish of prepared vinegared rice accompanied by seafood and vegetables?,A) Sashimi | B) Ramen | C) Tempura | D) Sushi,D
895,Cooking,Medium,Multiple Choice,"In professional gastronomy, what cooking method describes: cooking food in vacuum-sealed pouches at a precise low temperature?",A) Sous-vide | B) Deep-frying | C) Roasting | D) Grilling,A
896,Cooking,Easy,Multiple Choice,"[294] Which culinary ingredient is known as: japanese horseradish known for its sharp, pungent green paste?",A) Wasabi | B) Horseradish | C) Mustard | D) Ginger,A
897,Cooking,Easy,Typing,[100] Culinary clue: Italian cured meat prepared from pork jowl or cheeks. Type the exact term.,,guanciale
898,Cooking,Medium,Multiple Choice,"[229] In professional gastronomy, what cooking method describes: adding liquid to a hot pan to dissolve browned food residue?",A) Reducing | B) Deglazing | C) Emulsifying | D) Clarifying,B
899,Cooking,Hard,Multiple Choice,[94] Advanced world gastronomy: Which authentic regional specialty is defined by: traditional Provençal fish stew originating from the port city of Marseille?,A) Chowder | B) Bouillabaisse | C) Bisque | D) Gumbo,B
900,Cooking,Easy,Multiple Choice,[123] Which culinary ingredient is known as: flavoring derived from orchids of the genus Vanilla?,A) Vanilla | B) Almond | C) Cinnamon | D) Mint,A
901,Cooking,Medium,Typing,[42] Kitchen technique challenge: allowing bread dough to rise one final time before baking. Type the one-word technique.,,proofing
902,Cooking,Medium,Typing,Kitchen technique challenge: cooking food slowly in fat or sugar syrup at low temperature. Type the one-word technique.,,confit
903,Cooking,Easy,Multiple Choice,[26] Which culinary ingredient is known as: subterranean ascomycete fungus prized as a culinary delicacy?,A) Portobello | B) Shiitake | C) Morel | D) Truffle,D
904,Cooking,Medium,Multiple Choice,"[207] In professional gastronomy, what cooking method describes: allowing bread dough to rise one final time before baking?",A) Kneading | B) Folding | C) Scoring | D) Proofing,D
905,Cooking,Easy,Multiple Choice,[332] Which culinary ingredient is known as: flowering plant in the amaranth family grown as a grain crop?,A) Barley | B) Quinoa | C) Bulgur | D) Couscous,B
906,Cooking,Hard,Multiple Choice,[114] Advanced world gastronomy: Which authentic regional specialty is defined by: traditional Provençal fish stew originating from the port city of Marseille?,A) Chowder | B) Bisque | C) Gumbo | D) Bouillabaisse,D
907,Cooking,Easy,Multiple Choice,[372] Which culinary ingredient is known as: flowering plant in the amaranth family grown as a grain crop?,A) Barley | B) Bulgur | C) Quinoa | D) Couscous,C
908,Cooking,Easy,Multiple Choice,"[196] Which culinary ingredient is known as: botanical variety of the onion with a mild, delicate flavor?",A) Shallot | B) Leek | C) Garlic | D) Scallion,A
909,Cooking,Medium,Multiple Choice,"[108] In professional gastronomy, what cooking method describes: cooking procedure in which alcohol is added to a hot pan to create flames?",A) Flambé | B) Deglazing | C) Sautéing | D) Caramelizing,A
910,Cooking,Medium,Multiple Choice,"[136] In professional gastronomy, what cooking method describes: scalding vegetables in boiling water then plunging into ice water?",A) Poaching | B) Steaming | C) Blanching | D) Braising,C
911,Cooking,Medium,Multiple Choice,"[234] In professional gastronomy, what cooking method describes: cooking food gently submerged in liquid below boiling point?",A) Poaching | B) Boiling | C) Simmering | D) Scalding,A
912,Cooking,Medium,Multiple Choice,"[203] In professional gastronomy, what cooking method describes: combination-cooking method using wet and dry heats: browning then simmering?",A) Stewing | B) Braising | C) Roasting | D) Poaching,B
913,Cooking,Medium,Multiple Choice,"[200] In professional gastronomy, what cooking method describes: culinary knife cut where food is cut into long thin strips?",A) Julienne | B) Brunoise | C) Chiffonade | D) Mirepoix,A
914,Cooking,Easy,Multiple Choice,[301] Which culinary ingredient is known as: red pepper spice commonly used for color and smoky flavor?,A) Oregano | B) Cumin | C) Nutmeg | D) Paprika,D
915,Cooking,Hard,Multiple Choice,[78] Advanced world gastronomy: Which authentic regional specialty is defined by: traditional Mexican dish consisting of a folded tortilla filled with meat and salsa?,A) Tacos | B) Burrito | C) Enchilada | D) Quesadilla,A
916,Cooking,Easy,Typing,[75] Culinary clue: spice made from the seeds of several plants in the ginger family. Type the exact term.,,cardamom
917,Cooking,Easy,Typing,[93] Culinary clue: middle eastern condiment made from toasted ground hulled sesame. Type the exact term.,,tahini
918,Cooking,Hard,Multiple Choice,[135] Advanced world gastronomy: Which authentic regional specialty is defined by: Japanese dish of prepared vinegared rice accompanied by seafood and vegetables?,A) Sashimi | B) Sushi | C) Ramen | D) Tempura,B
919,Cooking,Hard,Multiple Choice,Advanced world gastronomy: Which authentic regional specialty is defined by: layered eggplant and minced meat casserole topped with béchamel sauce?,A) Moussaka | B) Lasagna | C) Pastitsio | D) Shepherd's pie,A
920,Cooking,Easy,Multiple Choice,[357] Which culinary ingredient is known as: creamy Italian cheese coagulated by the addition of citric acid?,A) Ricotta | B) Cream cheese | C) Quark | D) Mascarpone,D
921,Cooking,Hard,Multiple Choice,[28] Advanced world gastronomy: Which authentic regional specialty is defined by: traditional Mexican dish consisting of a folded tortilla filled with meat and salsa?,A) Burrito | B) Tacos | C) Enchilada | D) Quesadilla,B
922,Cooking,Easy,Multiple Choice,[363] Which culinary ingredient is known as: flavoring derived from orchids of the genus Vanilla?,A) Almond | B) Cinnamon | C) Vanilla | D) Mint,C
923,Cooking,Medium,Multiple Choice,"[53] In professional gastronomy, what cooking method describes: combination-cooking method using wet and dry heats: browning then simmering?",A) Braising | B) Stewing | C) Roasting | D) Poaching,A
924,Cooking,Hard,Multiple Choice,[14] Advanced world gastronomy: Which authentic regional specialty is defined by: traditional Provençal fish stew originating from the port city of Marseille?,A) Bouillabaisse | B) Chowder | C) Bisque | D) Gumbo,A
925,Cooking,Easy,Multiple Choice,"[254] Which culinary ingredient is known as: japanese horseradish known for its sharp, pungent green paste?",A) Wasabi | B) Horseradish | C) Mustard | D) Ginger,A
926,Cooking,Easy,Multiple Choice,"[248] Which culinary ingredient is known as: dark, concentrated, and intensely flavored vinegar originating in Italy?",A) Apple cider | B) White vinegar | C) Balsamic | D) Rice vinegar,C
927,Cooking,Hard,Multiple Choice,[49] Advanced world gastronomy: Which authentic regional specialty is defined by: South American seafood dish where raw fish is cured in fresh citrus juices?,A) Tartare | B) Carpaccio | C) Poke | D) Ceviche,D
928,Cooking,Medium,Multiple Choice,"[134] In professional gastronomy, what cooking method describes: cooking food slowly in fat or sugar syrup at low temperature?",A) Broiling | B) Searing | C) Smoking | D) Confit,D
929,Cooking,Easy,Multiple Choice,"[124] Which culinary ingredient is known as: colorless, flavorless food ingredient derived from collagen?",A) Agar-agar | B) Gelatin | C) Pectin | D) Starch,B
930,Cooking,Medium,Typing,Kitchen technique challenge: cooking food gently submerged in liquid below boiling point. Type the one-word technique.,,poaching
931,Cooking,Hard,Typing,[25] Master chef challenge: Name the famous dish described as 'Japanese dish of prepared vinegared rice accompanied by seafood and vegetables'. Type the exact name.,,sushi
932,Cooking,Easy,Multiple Choice,[279] Which culinary ingredient is known as: Italian cured pork belly seasoned with salt and spices?,A) Prosciutto | B) Pancetta | C) Salami | D) Chorizo,B
933,Cooking,Easy,Multiple Choice,"[384] Which culinary ingredient is known as: colorless, flavorless food ingredient derived from collagen?",A) Agar-agar | B) Gelatin | C) Pectin | D) Starch,B
934,Cooking,Easy,Multiple Choice,[46] Which culinary ingredient is known as: subterranean ascomycete fungus prized as a culinary delicacy?,A) Truffle | B) Portobello | C) Shiitake | D) Morel,A
935,Cooking,Medium,Multiple Choice,"[128] In professional gastronomy, what cooking method describes: combination-cooking method using wet and dry heats: browning then simmering?",A) Stewing | B) Roasting | C) Poaching | D) Braising,D
936,Cooking,Easy,Multiple Choice,[197] Which culinary ingredient is known as: creamy Italian cheese coagulated by the addition of citric acid?,A) Mascarpone | B) Ricotta | C) Cream cheese | D) Quark,A
937,Cooking,Easy,Multiple Choice,"[304] Which culinary ingredient is known as: colorless, flavorless food ingredient derived from collagen?",A) Agar-agar | B) Pectin | C) Gelatin | D) Starch,C
938,Cooking,Easy,Multiple Choice,[57] Which culinary ingredient is known as: creamy Italian cheese coagulated by the addition of citric acid?,A) Ricotta | B) Cream cheese | C) Mascarpone | D) Quark,C
939,Cooking,Medium,Multiple Choice,"[154] In professional gastronomy, what cooking method describes: adding liquid to a hot pan to dissolve browned food residue?",A) Reducing | B) Emulsifying | C) Clarifying | D) Deglazing,D
940,Cooking,Hard,Multiple Choice,[87] Advanced world gastronomy: Which authentic regional specialty is defined by: layered eggplant and minced meat casserole topped with béchamel sauce?,A) Lasagna | B) Moussaka | C) Pastitsio | D) Shepherd's pie,B
941,Cooking,Medium,Typing,[43] Kitchen technique challenge: softening fruit by soaking it in liquid and sugar. Type the one-word technique.,,maceration
942,Cooking,Medium,Multiple Choice,"[176] In professional gastronomy, what cooking method describes: gradually raising temperature of eggs or chocolate without curdling or seizing?",A) Tempering | B) Proofing | C) Curdling | D) Binding,A
943,Cooking,Easy,Multiple Choice,[80] Which culinary ingredient is known as: Italian cured meat prepared from pork jowl or cheeks?,A) Guanciale | B) Lard | C) Pancetta | D) Tallow,A
944,Cooking,Hard,Multiple Choice,[56] Advanced world gastronomy: Which authentic regional specialty is defined by: large range of small Chinese Cantonese dishes served with tea in steamer baskets?,A) Dumpling | B) Dim sum | C) Bao | D) Spring roll,B
945,Cooking,Easy,Multiple Choice,[303] Which culinary ingredient is known as: flavoring derived from orchids of the genus Vanilla?,A) Almond | B) Vanilla | C) Cinnamon | D) Mint,B
946,Cooking,Hard,Multiple Choice,[112] Advanced world gastronomy: Which authentic regional specialty is defined by: northern Italian rice dish cooked with broth until creamy consistency?,A) Paella | B) Pilaf | C) Risotto | D) Congee,C
947,Cooking,Medium,Typing,[18] Kitchen technique challenge: cooking procedure in which alcohol is added to a hot pan to create flames. Type the one-word technique.,,flambé
948,Cooking,Easy,Multiple Choice,[61] Which culinary ingredient is known as: red pepper spice commonly used for color and smoky flavor?,A) Oregano | B) Paprika | C) Cumin | D) Nutmeg,B
949,Cooking,Medium,Multiple Choice,"[204] In professional gastronomy, what cooking method describes: cooking food gently submerged in liquid below boiling point?",A) Boiling | B) Simmering | C) Poaching | D) Scalding,C
950,Cooking,Medium,Multiple Choice,"[144] In professional gastronomy, what cooking method describes: cooking food gently submerged in liquid below boiling point?",A) Boiling | B) Simmering | C) Scalding | D) Poaching,D
951,Cooking,Easy,Typing,[31] Culinary clue: southern Italian cheese traditionally made from Italian buffalo milk. Type the exact term.,,mozzarella
952,Cooking,Easy,Typing,Culinary clue: Italian cured pork belly seasoned with salt and spices. Type the exact term.,,pancetta
953,Cooking,Easy,Typing,Culinary clue: eukaryotic single-celled microorganism used in baking to leaven bread. Type the exact term.,,yeast
954,Cooking,Easy,Typing,[63] Culinary clue: flavoring derived from orchids of the genus Vanilla. Type the exact term.,,vanilla
955,Cooking,Medium,Multiple Choice,"[216] In professional gastronomy, what cooking method describes: shredding or finely cutting leafy vegetables or herbs into thin ribbons?",A) Julienne | B) Dice | C) Mince | D) Chiffonade,D
956,Cooking,Easy,Multiple Choice,"[308] Which culinary ingredient is known as: dark, concentrated, and intensely flavored vinegar originating in Italy?",A) Apple cider | B) Balsamic | C) White vinegar | D) Rice vinegar,B
957,Cooking,Easy,Typing,[32] Culinary clue: flowering plant in the amaranth family grown as a grain crop. Type the exact term.,,quinoa
958,Cooking,Medium,Typing,[19] Kitchen technique challenge: adding liquid to a hot pan to dissolve browned food residue. Type the one-word technique.,,deglazing
959,Cooking,Medium,Multiple Choice,"[40] In professional gastronomy, what cooking method describes: oxidation of sugar, a process used widely in cooking for sweet nutty flavor?",A) Fermentation | B) Caramelization | C) Coagulation | D) Maceration,B
960,Cooking,Easy,Multiple Choice,[362] Which culinary ingredient is known as: expensive golden-red spice harvested from crocus flowers?,A) Turmeric | B) Cardamom | C) Saffron | D) Ginger,C
961,Cooking,Medium,Typing,[27] Kitchen technique challenge: allowing bread dough to rise one final time before baking. Type the one-word technique.,,proofing
962,Cooking,Easy,Multiple Choice,[180] Which culinary ingredient is known as: Italian cured meat prepared from pork jowl or cheeks?,A) Lard | B) Guanciale | C) Pancetta | D) Tallow,B
963,Cooking,Easy,Multiple Choice,[323] Which culinary ingredient is known as: flavoring derived from orchids of the genus Vanilla?,A) Almond | B) Vanilla | C) Cinnamon | D) Mint,B
964,Cooking,Easy,Multiple Choice,[325] Which culinary ingredient is known as: eukaryotic single-celled microorganism used in baking to leaven bread?,A) Baking soda | B) Yeast | C) Baking powder | D) Cream of tartar,B
965,Cooking,Hard,Multiple Choice,[15] Advanced world gastronomy: Which authentic regional specialty is defined by: Japanese dish of prepared vinegared rice accompanied by seafood and vegetables?,A) Sashimi | B) Ramen | C) Sushi | D) Tempura,C
966,Cooking,Medium,Multiple Choice,"[95] In professional gastronomy, what cooking method describes: culinary knife cut where food is cut into long thin strips?",A) Brunoise | B) Chiffonade | C) Mirepoix | D) Julienne,D
967,Cooking,Easy,Multiple Choice,[309] Which culinary ingredient is known as: fragrant evergreen herb with needle-like leaves used in roasting?,A) Thyme | B) Basil | C) Rosemary | D) Parsley,C
968,Cooking,Easy,Multiple Choice,[118] Which culinary ingredient is known as: Italian dry-cured ham that is usually thinly sliced and served uncooked?,A) Pancetta | B) Guanciale | C) Bacon | D) Prosciutto,D
969,Cooking,Easy,Multiple Choice,[112] Which culinary ingredient is known as: flowering plant in the amaranth family grown as a grain crop?,A) Barley | B) Bulgur | C) Quinoa | D) Couscous,C
970,Cooking,Hard,Typing,[36] Master chef challenge: Name the famous dish described as 'large range of small Chinese Cantonese dishes served with tea in steamer baskets'. Type the exact name.,,dim sum
971,Cooking,Hard,Multiple Choice,[68] Advanced world gastronomy: Which authentic regional specialty is defined by: traditional Mexican dish consisting of a folded tortilla filled with meat and salsa?,A) Tacos | B) Burrito | C) Enchilada | D) Quesadilla,A
972,Cooking,Easy,Multiple Choice,[365] Which culinary ingredient is known as: eukaryotic single-celled microorganism used in baking to leaven bread?,A) Baking soda | B) Baking powder | C) Yeast | D) Cream of tartar,C
973,Cooking,Easy,Multiple Choice,[106] Which culinary ingredient is known as: subterranean ascomycete fungus prized as a culinary delicacy?,A) Truffle | B) Portobello | C) Shiitake | D) Morel,A
974,Cooking,Medium,Multiple Choice,"[211] In professional gastronomy, what cooking method describes: scalding vegetables in boiling water then plunging into ice water?",A) Poaching | B) Steaming | C) Blanching | D) Braising,C
975,Cooking,Medium,Typing,[44] Kitchen technique challenge: cooking food slowly in fat or sugar syrup at low temperature. Type the one-word technique.,,confit
976,Cooking,Medium,Multiple Choice,"[110] In professional gastronomy, what cooking method describes: culinary knife cut where food is cut into long thin strips?",A) Brunoise | B) Chiffonade | C) Julienne | D) Mirepoix,C
977,Cooking,Medium,Multiple Choice,"In professional gastronomy, what cooking method describes: combination-cooking method using wet and dry heats: browning then simmering?",A) Stewing | B) Roasting | C) Braising | D) Poaching,C
978,Cooking,Hard,Multiple Choice,[45] Advanced world gastronomy: Which authentic regional specialty is defined by: Japanese dish of prepared vinegared rice accompanied by seafood and vegetables?,A) Sashimi | B) Ramen | C) Tempura | D) Sushi,D
979,Cooking,Hard,Multiple Choice,[110] Advanced world gastronomy: Which authentic regional specialty is defined by: Hungarian soup or stew of meat and vegetables seasoned with paprika?,A) Goulash | B) Borscht | C) Stroganoff | D) Paprikash,A
980,Cooking,Medium,Typing,[22] Kitchen technique challenge: culinary knife cut where food is first julienned and then cut into tiny cubes. Type the one-word technique.,,brunoise
981,Cooking,Easy,Multiple Choice,[86] Which culinary ingredient is known as: subterranean ascomycete fungus prized as a culinary delicacy?,A) Truffle | B) Portobello | C) Shiitake | D) Morel,A
982,Cooking,Easy,Typing,[35] Culinary clue: spice made from the seeds of several plants in the ginger family. Type the exact term.,,cardamom
983,Cooking,Easy,Multiple Choice,"[287] Which culinary ingredient is known as: hard, granular Italian cheese made from cow milk?",A) Cheddar | B) Gouda | C) Parmesan | D) Mozzarella,C
984,Cooking,Easy,Typing,Culinary clue: southern Italian cheese traditionally made from Italian buffalo milk. Type the exact term.,,mozzarella
985,Cooking,Medium,Multiple Choice,"[163] In professional gastronomy, what cooking method describes: softening fruit by soaking it in liquid and sugar?",A) Maceration | B) Reduction | C) Confit | D) Infusion,A
986,Cooking,Medium,Multiple Choice,"[44] In professional gastronomy, what cooking method describes: cooking food slowly in fat or sugar syrup at low temperature?",A) Broiling | B) Searing | C) Smoking | D) Confit,D
987,Cooking,Easy,Multiple Choice,[270] Which culinary ingredient is known as: fresh green leaves of the coriander plant widely used in salsa?,A) Mint | B) Dill | C) Tarragon | D) Cilantro,D
988,Cooking,Medium,Multiple Choice,"[91] In professional gastronomy, what cooking method describes: scalding vegetables in boiling water then plunging into ice water?",A) Poaching | B) Blanching | C) Steaming | D) Braising,B
989,Cooking,Easy,Multiple Choice,[291] Which culinary ingredient is known as: southern Italian cheese traditionally made from Italian buffalo milk?,A) Brie | B) Feta | C) Mozzarella | D) Ricotta,C
990,Cooking,Medium,Multiple Choice,"[161] In professional gastronomy, what cooking method describes: gradually raising temperature of eggs or chocolate without curdling or seizing?",A) Tempering | B) Proofing | C) Curdling | D) Binding,A
991,Cooking,Hard,Multiple Choice,[106] Advanced world gastronomy: Which authentic regional specialty is defined by: large range of small Chinese Cantonese dishes served with tea in steamer baskets?,A) Dumpling | B) Bao | C) Spring roll | D) Dim sum,D
992,Cooking,Easy,Multiple Choice,[393] Which culinary ingredient is known as: middle eastern condiment made from toasted ground hulled sesame?,A) Hummus | B) Tzatziki | C) Tahini | D) Pesto,C
993,Cooking,Easy,Multiple Choice,[386] Which culinary ingredient is known as: subterranean ascomycete fungus prized as a culinary delicacy?,A) Truffle | B) Portobello | C) Shiitake | D) Morel,A
994,Cooking,Hard,Multiple Choice,[119] Advanced world gastronomy: Which authentic regional specialty is defined by: South American seafood dish where raw fish is cured in fresh citrus juices?,A) Tartare | B) Carpaccio | C) Ceviche | D) Poke,C
995,Cooking,Easy,Multiple Choice,[306] Which culinary ingredient is known as: subterranean ascomycete fungus prized as a culinary delicacy?,A) Portobello | B) Shiitake | C) Truffle | D) Morel,C
996,Cooking,Easy,Multiple Choice,[185] Which culinary ingredient is known as: eukaryotic single-celled microorganism used in baking to leaven bread?,A) Baking soda | B) Yeast | C) Baking powder | D) Cream of tartar,B
997,Cooking,Medium,Multiple Choice,"[111] In professional gastronomy, what cooking method describes: shredding or finely cutting leafy vegetables or herbs into thin ribbons?",A) Julienne | B) Dice | C) Chiffonade | D) Mince,C
998,Cooking,Easy,Typing,"[74] Culinary clue: japanese horseradish known for its sharp, pungent green paste. Type the exact term.",,wasabi
999,Cooking,Easy,Multiple Choice,[201] Which culinary ingredient is known as: red pepper spice commonly used for color and smoky flavor?,A) Oregano | B) Cumin | C) Paprika | D) Nutmeg,C
1000,Cooking,Easy,Typing,[72] Culinary clue: flowering plant in the amaranth family grown as a grain crop. Type the exact term.,,quinoa
