number,subject,difficulty,question_type,question,multiple_choices,answer
1,General Knowledge,Easy,Multiple Choice,"Which country in the world possesses the highest total number of natural islands (over 260,000)?",A) Sweden | B) Norway | C) Canada | D) Indonesia,A
2,General Knowledge,Easy,Multiple Choice,In which world capital city is the iconic iron lattice Eiffel Tower located?,A) Rome | B) Paris | C) Berlin | D) Madrid,B
3,General Knowledge,Easy,Multiple Choice,"What is the largest desert on Earth by total surface area, spanning over 14 million square kilometers?",A) The Sahara Desert | B) The Arabian Desert | C) The Antarctic Desert | D) The Gobi Desert,C
4,General Knowledge,Easy,Multiple Choice,"What is the highest mountain peak above sea level in the world, located in the Himalayas on the border of Nepal and China?",A) K2 | B) Kangchenjunga | C) Mount Kilimanjaro | D) Mount Everest,D
5,General Knowledge,Easy,Multiple Choice,Which vast body of water is the largest and deepest ocean on Earth?,A) The Pacific Ocean | B) The Atlantic Ocean | C) The Indian Ocean | D) The Arctic Ocean,A
6,General Knowledge,Easy,Multiple Choice,What is the smallest independent sovereign state in the world by both area and population?,A) Monaco | B) Vatican City | C) San Marino | D) Liechtenstein,B
7,General Knowledge,Easy,Multiple Choice,"Which African river is traditionally recognized as the longest river in the world, flowing northward into the Mediterranean Sea?",A) The Congo River | B) The Niger River | C) The Nile River | D) The Zambezi River,C
8,General Knowledge,Easy,Multiple Choice,What is the official federal capital city of Australia?,A) Sydney | B) Melbourne | C) Brisbane | D) Canberra,D
9,General Knowledge,Easy,Multiple Choice,Which colossal stone sculpture with the head of a human and body of a lion stands on the Giza Plateau in Egypt?,A) The Great Sphinx of Giza | B) The Colossus of Rhodes | C) Abu Simbel | D) The Luxor Obelisk,A
10,General Knowledge,Easy,Multiple Choice,Which continent contains the largest expanse of tropical rainforest on Earth (the Amazon Basin)?,A) Africa | B) South America | C) Asia | D) North America,B
11,General Knowledge,Easy,Multiple Choice,Which European country is famous for its boot-like geographical shape on a world map?,A) Greece | B) Spain | C) Italy | D) Portugal,C
12,General Knowledge,Easy,Typing,What is the largest country in the world by total land surface area?,,Russia
13,General Knowledge,Easy,Multiple Choice,In which South American country is the ancient 15th-century Inca citadel of Machu Picchu located?,A) Chile | B) Colombia | C) Bolivia | D) Peru,D
14,General Knowledge,Easy,Multiple Choice,What famous bell and clock tower is situated at the north end of the Houses of Parliament in London?,A) Big Ben | B) St Paul's Cathedral | C) The Tower of London | D) Westminster Abbey,A
15,General Knowledge,Easy,Multiple Choice,"Which iconic white marble mausoleum was commissioned in 1632 by the Mughal emperor Shah Jahan in Agra, India?",A) The Red Fort | B) The Taj Mahal | C) Qutb Minar | D) Humayun's Tomb,B
16,General Knowledge,Easy,Multiple Choice,"What is the capital city of Japan, famous for the Shibuya Crossing and Tokyo Skytree?",A) Kyoto | B) Osaka | C) Tokyo | D) Yokohama,C
17,General Knowledge,Easy,Multiple Choice,"Which canal in Central America connects the Atlantic Ocean to the Pacific Ocean, saving ships from sailing around South America?",A) The Suez Canal | B) The Kiel Canal | C) The Corinth Canal | D) The Panama Canal,D
18,General Knowledge,Easy,Multiple Choice,"Which massive coral reef system, visible from outer space, stretches along the northeast coast of Queensland, Australia?",A) The Great Barrier Reef | B) The Mesoamerican Barrier Reef | C) The Red Sea Coral Reef | D) The Florida Reef,A
19,General Knowledge,Easy,Multiple Choice,What is the capital city of Canada?,A) Toronto | B) Ottawa | C) Montreal | D) Vancouver,B
20,General Knowledge,Easy,Multiple Choice,Which famous statue standing on Liberty Island in New York Harbor was a gift from France to the United States?,A) Christ the Redeemer | B) The Motherland Calls | C) The Statue of Liberty | D) Mount Rushmore,C
21,General Knowledge,Easy,Multiple Choice,Which strait separates the continent of Europe (Spain) from Africa (Morocco)?,A) The Bosphorus Strait | B) The Strait of Hormuz | C) The Dardanelles | D) The Strait of Gibraltar,D
22,General Knowledge,Easy,Multiple Choice,"What is the official capital city of Germany, reunited after the fall of its famous wall in 1989?",A) Berlin | B) Munich | C) Frankfurt | D) Hamburg,A
23,General Knowledge,Easy,Typing,What is the capital city of the United Kingdom?,,London
24,General Knowledge,Easy,Typing,"What is the largest hot desert in the world, spanning North Africa?",,Sahara
25,General Knowledge,Easy,Typing,What country is known as the Land of the Rising Sun?,,Japan
26,General Knowledge,Easy,Typing,In which city in Italy would you find the ancient Flavian Amphitheatre known as the Colosseum?,,Rome
27,General Knowledge,Medium,Multiple Choice,"Which inland body of water, located between Jordan and Israel, is the lowest land-based elevation on Earth and is famous for its extreme salinity?",A) The Caspian Sea | B) The Dead Sea | C) Lake Baikal | D) The Aral Sea,B
28,General Knowledge,Medium,Multiple Choice,"What is the highest uninterrupted waterfall in the world, with a plunge of 979 meters (3,212 feet) in Canaima National Park, Venezuela?",A) Iguazu Falls | B) Victoria Falls | C) Angel Falls | D) Niagara Falls,C
29,General Knowledge,Medium,Multiple Choice,"Which country is home to the ancient rock-carved city of Petra, including the famous Al-Khazneh (The Treasury)?",A) Egypt | B) Lebanon | C) Syria | D) Jordan,D
30,General Knowledge,Medium,Multiple Choice,"What is the deepest and oldest freshwater lake in the world, containing approximately 20% of the world's unfrozen surface freshwater, located in Siberia, Russia?",A) Lake Baikal | B) Lake Superior | C) Lake Victoria | D) Lake Tanganyika,A
31,General Knowledge,Medium,Multiple Choice,"Which country has three official capital cities: Pretoria (executive), Bloemfontein (judicial), and Cape Town (legislative)?",A) Nigeria | B) South Africa | C) Bolivia | D) Malaysia,B
32,General Knowledge,Medium,Multiple Choice,Which sea is completely surrounded by ocean currents in the North Atlantic without any land borders?,A) The Caribbean Sea | B) The Baltic Sea | C) The Sargasso Sea | D) The North Sea,C
33,General Knowledge,Medium,Multiple Choice,"What is the capital city of Egypt, situated near the Giza pyramid complex along the Nile River?",A) Alexandria | B) Luxor | C) Aswan | D) Cairo,D
34,General Knowledge,Medium,Multiple Choice,"Which two countries share the longest international land border in the world, spanning 8,891 kilometers (5,525 miles)?",A) Canada and the United States | B) Russia and China | C) Argentina and Chile | D) India and Pakistan,A
35,General Knowledge,Medium,Multiple Choice,"What is the capital city of New Zealand, located at the southwestern tip of the North Island?",A) Auckland | B) Wellington | C) Christchurch | D) Queenstown,B
36,General Knowledge,Medium,Multiple Choice,Which island nation in the Indian Ocean is the fourth largest island in the world and home to native lemurs?,A) Sri Lanka | B) Mauritius | C) Madagascar | D) Seychelles,C
37,General Knowledge,Medium,Multiple Choice,"What is the capital city of Turkey, which replaced Istanbul as the official capital in 1923?",A) Izmir | B) Bursa | C) Antalya | D) Ankara,D
38,General Knowledge,Medium,Multiple Choice,Which South American river discharges more water into the ocean than the next seven largest rivers combined?,A) The Amazon River | B) The Orinoco River | C) The Paraná River | D) The Magdalena River,A
39,General Knowledge,Medium,Multiple Choice,What is the only country in the world that is also classified geographically as an entire continent?,A) Greenland | B) Australia | C) Antarctica | D) Madagascar,B
40,General Knowledge,Medium,Typing,What is the official capital city of China?,,Beijing
41,General Knowledge,Medium,Typing,What major mountain range separates the continents of Europe and Asia in Russia?,,Ural Mountains
42,General Knowledge,Medium,Typing,What is the capital city of the Republic of Ireland?,,Dublin
43,General Knowledge,Hard,Multiple Choice,"What is the only sea on Earth that has no terrestrial coastline, bounded entirely by four circulating oceanic currents in the North Atlantic Gyre?",A) The Weddell Sea | B) The Timor Sea | C) The Sargasso Sea | D) The Ross Sea,C
44,General Knowledge,Hard,Multiple Choice,Which African country is completely surrounded by a single other country (an enclave inside South Africa)?,A) Eswatini | B) Botswana | C) Namibia | D) Lesotho,D
45,General Knowledge,Hard,Multiple Choice,"What is the world's most northernmost permanent human settlement with a population over 1,000, located on the Norwegian archipelago of Svalbard?","A) Longyearbyen | B) Alert, Nunavut | C) Utqiagvik, Alaska | D) Nuuk, Greenland",A
46,General Knowledge,Hard,Multiple Choice,What is the only national flag in the world that is non-quadrilateral (composed of two stacked triangular pennants)?,A) The flag of Switzerland | B) The flag of Nepal | C) The flag of Bhutan | D) The flag of Vatican City,B
47,General Knowledge,Hard,Multiple Choice,Which narrow body of water connects the Persian Gulf to the Gulf of Oman and is the world's most critical oil transit chokepoint?,A) The Bab-el-Mandeb | B) The Malacca Strait | C) The Strait of Hormuz | D) The Bosphorus,C
48,General Knowledge,Hard,Multiple Choice,"What is the largest landlocked country in the world by surface area, situated in Central Asia?",A) Mongolia | B) Uzbekistan | C) Chad | D) Kazakhstan,D
49,General Knowledge,Hard,Multiple Choice,"Which volcanic peak in Ecuador, due to the Earth's equatorial bulge, has its summit located at the farthest point from the center of the Earth?",A) Mount Chimborazo | B) Mount Everest | C) Mount Kilimanjaro | D) Mauna Kea,A
50,General Knowledge,Hard,Multiple Choice,Which two countries in the world are classified as 'doubly landlocked' (landlocked countries surrounded exclusively by other landlocked countries)?,A) Andorra and San Marino | B) Liechtenstein and Uzbekistan | C) Bolivia and Paraguay | D) Switzerland and Austria,B
51,General Knowledge,Medium,Multiple Choice,"What is the capital city of Iceland, the northernmost capital of a sovereign state?",A) Oslo | B) Helsinki | C) Reykjavik | D) Nuuk,C
52,General Knowledge,Hard,Multiple Choice,"What is the highest active volcano in Europe, located on the east coast of Sicily, Italy?",A) Mount Vesuvius | B) Stromboli | C) Mount Teide | D) Mount Etna,D
53,General Knowledge,Hard,Multiple Choice,"What is the capital city of Brazil, famous for its airplane-shaped urban plan designed by Oscar Niemeyer and Lucio Costa?",A) Brasilia | B) Rio de Janeiro | C) Sao Paulo | D) Salvador,A
54,General Knowledge,Easy,Multiple Choice,"Which European country is famous for its windmills, tulip fields, and extensive canal systems?",A) Belgium | B) The Netherlands | C) Denmark | D) Switzerland,B
55,General Knowledge,Easy,Multiple Choice,What is the largest island in the world that is not considered a continent?,A) Madagascar | B) Borneo | C) Greenland | D) New Guinea,C
56,General Knowledge,Easy,Multiple Choice,"Which ancient monument in Wiltshire, England consists of a ring of standing megalithic stones built around 2500 BC?",A) Karnak | B) Easter Island Moai | C) Newgrange | D) Stonehenge,D
57,General Knowledge,Easy,Multiple Choice,"What is the capital city of France, known as the 'City of Light'?",A) Paris | B) Lyon | C) Marseille | D) Nice,A
58,General Knowledge,Easy,Multiple Choice,"Which mountain range stretches across seven European countries, including Switzerland, France, and Austria?",A) The Pyrenees | B) The Alps | C) The Carpathians | D) The Apennines,B
59,General Knowledge,Easy,Multiple Choice,"What massive ocean trench in the western Pacific contains Challenger Deep, the deepest point on Earth?",A) The Puerto Rico Trench | B) The Java Trench | C) The Mariana Trench | D) The Tonga Trench,C
60,General Knowledge,Easy,Multiple Choice,Which country gifted the iconic Christ the Redeemer statue standing atop Mount Corcovado in Rio de Janeiro?,A) Portugal | B) Spain | C) Italy | D) Brazil,D
61,General Knowledge,Easy,Multiple Choice,"What is the capital city of Italy, home to the ancient Roman Forum and Pantheon?",A) Rome | B) Milan | C) Florence | D) Venice,A
62,General Knowledge,Easy,Multiple Choice,"Which river flows through Paris, France, passing beneath famous bridges like Pont Neuf?",A) The Thames | B) The Seine | C) The Danube | D) The Rhine,B
63,General Knowledge,Easy,Multiple Choice,"Which continent is home to the Sahara Desert, the Nile River, and Mount Kilimanjaro?",A) Asia | B) South America | C) Africa | D) Australia,C
64,General Knowledge,Easy,Multiple Choice,What is the capital city of the United States of America?,"A) New York City | B) Los Angeles | C) Chicago | D) Washington, D.C.",D
65,General Knowledge,Easy,Multiple Choice,"Which famous wall stretching over 13,000 miles was constructed across northern China to protect historical dynasties?",A) The Great Wall of China | B) The Berlin Wall | C) Hadrian's Wall | D) The Antonine Wall,A
66,General Knowledge,Medium,Multiple Choice,What is the official currency used by 20 member states of the European Union?,A) The Pound Sterling | B) The Euro | C) The Swiss Franc | D) The Krona,B
67,General Knowledge,Medium,Multiple Choice,"Which river flows through London, England, before emptying into the North Sea?",A) The River Seine | B) The River Mersey | C) The River Thames | D) The River Severn,C
68,General Knowledge,Medium,Multiple Choice,"What is the capital city of Spain, home to the Royal Palace and Prado Museum?",A) Barcelona | B) Seville | C) Valencia | D) Madrid,D
69,General Knowledge,Easy,Multiple Choice,"Which country is famous for the ancient city-state of Athens, the Parthenon, and the birthplace of the Olympic Games?",A) Greece | B) Italy | C) Turkey | D) Cyprus,A
70,General Knowledge,Medium,Multiple Choice,"What is the largest freshwater lake in North America by surface area, shared by the US and Canada?",A) Lake Michigan | B) Lake Superior | C) Lake Huron | D) Lake Erie,B
71,General Knowledge,Easy,Typing,"What is the capital city of Russia, home to Red Square and the Kremlin?",,Moscow
72,General Knowledge,Easy,Typing,"What is the tallest free-standing mountain in Africa, located in Tanzania?",,Kilimanjaro
73,General Knowledge,Easy,Typing,"What is the capital city of South Korea, located along the Han River?",,Seoul
74,General Knowledge,Medium,Multiple Choice,Which European capital city is famously built across 14 islands connected by over 50 bridges on Lake Mälaren?,A) Copenhagen | B) Helsinki | C) Stockholm | D) Oslo,C
75,General Knowledge,Medium,Multiple Choice,"What is the world's highest navigable body of water for commercial vessels, located in the Andes between Peru and Bolivia?",A) Lake Maracaibo | B) Lake Tanganika | C) Lake Poopó | D) Lake Titicaca,D
76,General Knowledge,Medium,Multiple Choice,Which country in Southeast Asia has never been colonized by any European power throughout its modern history?,A) Thailand | B) Vietnam | C) Malaysia | D) Indonesia,A
77,General Knowledge,Medium,Multiple Choice,"What is the second longest river in Europe after the Volga, flowing through four national capital cities (Vienna, Bratislava, Budapest, Belgrade)?",A) The Rhine | B) The Danube River | C) The Elbe | D) The Dnieper,B
78,General Knowledge,Medium,Multiple Choice,Which island group off the coast of Ecuador served as a key inspiration for Charles Darwin's theory of evolution by natural selection?,A) The Canary Islands | B) The Falkland Islands | C) The Galápagos Islands | D) The Azores,C
79,General Knowledge,Medium,Multiple Choice,"What is the official capital city of Switzerland, serving as the seat of the Swiss Federal Council and Parliament?",A) Zurich | B) Geneva | C) Basel | D) Bern,D
80,General Knowledge,Medium,Multiple Choice,Which desert spanning parts of northern China and southern Mongolia is known for its cold winters and famous dinosaur fossil discoveries?,A) The Gobi Desert | B) The Taklamakan Desert | C) The Karakum Desert | D) The Thar Desert,A
81,General Knowledge,Medium,Multiple Choice,"What is the capital city of Norway, located at the head of the Oslofjord?",A) Bergen | B) Oslo | C) Trondheim | D) Stavanger,B
82,General Knowledge,Medium,Multiple Choice,Which mountain range forms the natural international border between France and Spain?,A) The Alps | B) The Apennines | C) The Pyrenees | D) The Carpathians,C
83,General Knowledge,Medium,Typing,"What is the capital city of Argentina, located on the Rio de la Plata?",,Buenos Aires
84,General Knowledge,Medium,Multiple Choice,"What is the capital city of Portugal, situated at the mouth of the Tagus River?",A) Madrid | B) Porto | C) Barcelona | D) Lisbon,D
85,General Knowledge,Hard,Multiple Choice,What is the only sovereign state in the world whose name begins with the English letter 'O'?,A) Oman | B) Uganda | C) Uruguay | D) Uzbekistan,A
86,General Knowledge,Hard,Multiple Choice,"Which remote island in the South Atlantic Ocean is recognized as the most isolated inhabited archipelago in the world, over 2,400 km from the nearest mainland?",A) Saint Helena | B) Tristan da Cunha | C) Easter Island | D) Pitcairn Island,B
87,General Knowledge,Hard,Multiple Choice,"What is the capital city of Kazakhstan, which was renamed Nur-Sultan in 2019 and reverted to its former name in 2022?",A) Almaty | B) Shymkent | C) Astana | D) Aktobe,C
88,General Knowledge,Hard,Multiple Choice,"What is the highest capital city in the world above sea level, located in Bolivia at an altitude of over 3,600 meters?","A) Quito, Ecuador | B) Bogota, Colombia | C) Thimphu, Bhutan | D) La Paz",D
89,General Knowledge,Hard,Multiple Choice,Which strait separates the Russian peninsula of Chukotka from the US state of Alaska in the northern Pacific?,A) The Bering Strait | B) The Cook Strait | C) The Magellan Strait | D) The Bass Strait,A
90,General Knowledge,Hard,Multiple Choice,What is the only country in Central America where English is the sole official language?,A) Costa Rica | B) Belize | C) Honduras | D) Panama,B
91,General Knowledge,Medium,Multiple Choice,"What is the capital city of Kenya, nicknamed the 'Green City in the Sun'?",A) Mombasa | B) Kisumu | C) Nairobi | D) Nakuru,C
92,General Knowledge,Medium,Multiple Choice,"What is the capital city of Morocco, located on the Atlantic coast?",A) Casablanca | B) Marrakesh | C) Tangier | D) Rabat,D
93,General Knowledge,Hard,Multiple Choice,"What is the name of the highest mountain in North America, located in Alaska (formerly Mount McKinley)?",A) Denali | B) Mount Logan | C) Mount Rainier | D) Mount Whitney,A
94,General Knowledge,Easy,Multiple Choice,"What is the capital city of Mexico, built on the historic ruins of the Aztec capital Tenochtitlan?",A) Guadalajara | B) Mexico City | C) Monterrey | D) Puebla,B
95,General Knowledge,Easy,Typing,"Which country is famous for the Great Pyramids of Giza, the Nile River, and King Tutankhamun?",,Egypt
96,General Knowledge,Easy,Multiple Choice,"What is the capital city of Greece, dominated by the ancient Acropolis complex?",A) Thessaloniki | B) Patras | C) Athens | D) Heraklion,C
97,General Knowledge,Easy,Multiple Choice,Which ocean lies between the Americas to the west and Europe and Africa to the east?,A) The Pacific Ocean | B) The Indian Ocean | C) The Arctic Ocean | D) The Atlantic Ocean,D
98,General Knowledge,Easy,Multiple Choice,What is the largest country in South America by both geographical area and population?,A) Brazil | B) Argentina | C) Colombia | D) Peru,A
99,General Knowledge,Easy,Multiple Choice,"What is the capital city of the Netherlands, famous for its historic canals and Rijksmuseum?",A) Rotterdam | B) Amsterdam | C) The Hague | D) Utrecht,B
100,General Knowledge,Easy,Multiple Choice,What is the official currency used in Japan?,A) The Yuan | B) The Won | C) The Yen | D) The Baht,C
101,General Knowledge,Easy,Multiple Choice,Which ancient pre-Columbian civilization built the mountain citadel of Machu Picchu in the 15th century?,A) The Aztec Civilization | B) The Maya Civilization | C) The Olmec Civilization | D) The Inca Civilization,D
102,General Knowledge,Easy,Multiple Choice,"Who was the first President of the United States, serving from 1789 to 1797?",A) George Washington | B) Thomas Jefferson | C) John Adams | D) Benjamin Franklin,A
103,General Knowledge,Easy,Multiple Choice,In which year did the historic luxury passenger ship RMS Titanic strike an iceberg and sink on its maiden voyage?,A) 1905 | B) 1912 | C) 1920 | D) 1898,B
104,General Knowledge,Easy,Multiple Choice,Which famous French military leader and Emperor conquered much of continental Europe before his defeat at Waterloo in 1815?,A) Charlemagne | B) Louis XIV | C) Napoleon Bonaparte | D) Charles de Gaulle,C
105,General Knowledge,Easy,Multiple Choice,What was the ancient trade route network that connected China and East Asia to the Mediterranean and Europe called?,A) The Amber Road | B) The Spice Route | C) The Royal Road | D) The Silk Road,D
106,General Knowledge,Easy,Multiple Choice,In which ancient civilization was the Great Pyramid of Giza constructed as a tomb for Pharaoh Khufu?,A) Ancient Egypt | B) Ancient Mesopotamia | C) Ancient Greece | D) Ancient Persia,A
107,General Knowledge,Easy,Multiple Choice,Who was the legendary queen of Ancient Egypt who formed political alliances with Julius Caesar and Mark Antony?,A) Nefertiti | B) Cleopatra VII | C) Hatshepsut | D) Artemisia,B
108,General Knowledge,Easy,Multiple Choice,Which world conflict lasted from 1939 to 1945 and ended with the unconditional surrender of the Axis powers?,A) World War I | B) The Cold War | C) World War II | D) The Franco-Prussian War,C
109,General Knowledge,Easy,Multiple Choice,Who was the first human astronaut to travel into outer space and orbit the Earth in April 1961?,A) Neil Armstrong | B) Buzz Aldrin | C) John Glenn | D) Yuri Gagarin,D
110,General Knowledge,Easy,Multiple Choice,Which Italian Renaissance polymath painted both the Mona Lisa and The Last Supper?,A) Leonardo da Vinci | B) Michelangelo | C) Raphael | D) Donatello,A
111,General Knowledge,Easy,Multiple Choice,In which year did American astronauts first land and walk on the Moon during the Apollo 11 mission?,A) 1965 | B) 1969 | C) 1972 | D) 1959,B
112,General Knowledge,Easy,Multiple Choice,"Which British passenger liner and ocean liner was famously torpedoed by a German U-boat in 1915, influencing US entry into WWI?",A) RMS Titanic | B) RMS Olympic | C) RMS Lusitania | D) RMS Mauritania,C
113,General Knowledge,Easy,Multiple Choice,Who delivered the historic 1863 Gettysburg Address during the American Civil War?,A) Ulysses S. Grant | B) Robert E. Lee | C) Andrew Jackson | D) Abraham Lincoln,D
114,General Knowledge,Easy,Multiple Choice,"Which great empire was ruled by Julius Caesar, Augustus, and Trajan, with its capital in Rome?",A) The Roman Empire | B) The Ottoman Empire | C) The Byzantine Empire | D) The Persian Empire,A
115,General Knowledge,Easy,Multiple Choice,What wall erected in 1961 divided East and West Berlin during the Cold War before falling in November 1989?,A) The Roman Wall | B) The Berlin Wall | C) The Iron Curtain | D) The Great Wall,B
116,General Knowledge,Easy,Multiple Choice,Who was the first explorer to lead an expedition that successfully circumnavigated the Earth between 1519 and 1522?,A) Christopher Columbus | B) Vasco da Gama | C) Ferdinand Magellan | D) James Cook,C
117,General Knowledge,Easy,Multiple Choice,Which ancient city in Italy was completely buried under volcanic ash when Mount Vesuvius erupted in 79 AD?,A) Rome | B) Florence | C) Naples | D) Pompeii,D
118,General Knowledge,Easy,Multiple Choice,Who was the leader of the Indian independence movement known worldwide for his philosophy of nonviolent civil disobedience (Satyagraha)?,A) Mahatma Gandhi | B) Jawaharlal Nehru | C) Subhas Chandra Bose | D) Sardar Patel,A
119,General Knowledge,Easy,Multiple Choice,What international peace organization was founded in 1945 following the end of World War II to replace the League of Nations?,A) NATO | B) The United Nations | C) The European Union | D) The Red Cross,B
120,General Knowledge,Easy,Multiple Choice,"Which English playwright and poet wrote Romeo and Juliet, Hamlet, Macbeth, and Othello?",A) Christopher Marlowe | B) Charles Dickens | C) William Shakespeare | D) Geoffrey Chaucer,C
121,General Knowledge,Easy,Multiple Choice,"What was the name of the famous document signed by King John of England at Runnymede in 1215, limiting the monarch's power?",A) The Bill of Rights | B) The Declaration of Arbroath | C) The Treaty of Versailles | D) The Magna Carta,D
122,General Knowledge,Easy,Multiple Choice,Who was the first woman to win a Nobel Prize and the only person to win Nobel Prizes in two different scientific fields (Physics and Chemistry)?,A) Marie Curie | B) Rosalind Franklin | C) Ada Lovelace | D) Lise Meitner,A
123,General Knowledge,Easy,Typing,Who was the famous South African anti-apartheid leader who served as President from 1994 to 1999 after 27 years in prison?,,Nelson Mandela
124,General Knowledge,Easy,Typing,In which European country did the Renaissance movement originate during the 14th century?,,Italy
125,General Knowledge,Easy,Typing,Who was the Greek philosopher who was the teacher of Plato and drank poison hemlock after being sentenced to death in Athens?,,Socrates
126,General Knowledge,Easy,Typing,Which country was divided into North and South along the 38th parallel following WWII?,,Korea
127,General Knowledge,Medium,Multiple Choice,"Which ancient Babylonian king established one of the earliest and most complete written legal codes, famous for the principle of 'an eye for an eye'?",A) Nebuchadnezzar II | B) Hammurabi | C) Cyrus the Great | D) Sargon of Akkad,B
128,General Knowledge,Medium,Multiple Choice,In what year did Christopher Columbus make his first landfall in the Americas on behalf of the Spanish Crown?,A) 1488 | B) 1502 | C) 1492 | D) 1517,C
129,General Knowledge,Medium,Multiple Choice,Which Macedonian king and military commander conquered the Persian Empire and established an empire stretching from Greece to northwest India before dying at age 32?,A) Philip II | B) Pyrrhus | C) Seleucus I | D) Alexander the Great,D
130,General Knowledge,Medium,Multiple Choice,What major conflict between the Houses of Lancaster and York for the throne of England took place between 1455 and 1487?,A) The Wars of the Roses | B) The Hundred Years' War | C) The English Civil War | D) The War of the Spanish Succession,A
131,General Knowledge,Medium,Multiple Choice,Which historic peace treaty signed in 1919 officially brought an end to the state of war between Germany and the Allied Powers in World War I?,A) The Treaty of Utrecht | B) The Treaty of Versailles | C) The Treaty of Ghent | D) The Congress of Vienna,B
132,General Knowledge,Medium,Multiple Choice,"What was the codename for the Allied amphibious invasion of Normandy, France on June 6, 1944 (D-Day)?",A) Operation Barbarossa | B) Operation Market Garden | C) Operation Overlord | D) Operation Torch,C
133,General Knowledge,Medium,Multiple Choice,"Which Ottoman Sultan captured the Byzantine capital of Constantinople in May 1453, bringing an end to the Byzantine Empire?",A) Suleiman the Magnificent | B) Selim I | C) Osman I | D) Mehmed II,D
134,General Knowledge,Medium,Multiple Choice,"Who was the founder and first Great Khan of the Mongol Empire, uniting nomadic tribes in 1206 to create the largest contiguous land empire in history?",A) Genghis Khan | B) Kublai Khan | C) Timur | D) Ogedei Khan,A
135,General Knowledge,Medium,Multiple Choice,"Which ancient writing system, developed by the Sumerians in Mesopotamia around 3400 BC, used wedge-shaped marks pressed into soft clay tablets?",A) Hieroglyphics | B) Cuneiform | C) Linear B | D) Phoenician script,B
136,General Knowledge,Medium,Multiple Choice,What major disease pandemic caused by the bacterium Yersinia pestis wiped out an estimated 30% to 60% of Europe's population in the 14th century?,A) The Justinian Plague | B) The Antonine Plague | C) The Black Death | D) The Spanish Flu,C
137,General Knowledge,Medium,Multiple Choice,In which year did the French Revolution begin with the storming of the Bastille fortress in Paris?,A) 1776 | B) 1799 | C) 1804 | D) 1789,D
138,General Knowledge,Medium,Multiple Choice,"Which Roman general was assassinated on the Ides of March (March 15, 44 BC) by a group of conspirators in the Roman Senate?",A) Julius Caesar | B) Mark Antony | C) Pompey the Great | D) Sulla,A
139,General Knowledge,Medium,Multiple Choice,"What ancient wonder of the world in Alexandria, Egypt was one of the tallest man-made structures in the ancient world and guided ships into harbor?",A) The Colossus of Rhodes | B) The Lighthouse of Alexandria | C) The Hanging Gardens of Babylon | D) The Temple of Artemis,B
140,General Knowledge,Medium,Multiple Choice,What was the capital of the Byzantine Empire before it fell to the Ottoman Empire in 1453 (now modern Istanbul)?,A) Rome | B) Athens | C) Constantinople | D) Alexandria,C
141,General Knowledge,Medium,Multiple Choice,Which Roman Emperor famously legalized Christianity across the empire with the Edict of Milan in 313 AD?,A) Nero | B) Diocletian | C) Trajan | D) Constantine,D
142,General Knowledge,Medium,Typing,What was the name of the top-secret US project that developed the first atomic weapons during World War II?,,Manhattan Project
143,General Knowledge,Hard,Multiple Choice,"Which Portuguese explorer was the first European to sail directly from Europe to India around the Cape of Good Hope, arriving in Calicut in 1498?",A) Vasco da Gama | B) Bartolomeu Dias | C) Pedro Alvares Cabral | D) Afonso de Albuquerque,A
144,General Knowledge,Hard,Multiple Choice,What decisive naval battle fought in 31 BC between Octavian and the combined fleets of Mark Antony and Cleopatra marked the end of the Roman Republic?,A) The Battle of Salamis | B) The Battle of Actium | C) The Battle of Lepanto | D) The Battle of Pharsalus,B
145,General Knowledge,Hard,Multiple Choice,"Which ancient Mesopotamian epic poem, dating back to 2100 BC, is widely regarded as the earliest surviving notable work of world literature?",A) The Enuma Elish | B) The Popol Vuh | C) The Epic of Gilgamesh | D) The Mahābhārata,C
146,General Knowledge,Hard,Multiple Choice,What 1648 series of peace treaties ended the Thirty Years' War in the Holy Roman Empire and established the modern concept of state sovereignty?,A) The Peace of Augsburg | B) The Treaty of Utrecht | C) The Treaty of Tordesillas | D) The Peace of Westphalia,D
147,General Knowledge,Hard,Multiple Choice,Which 1494 treaty divided the newly discovered lands outside Europe between the Portuguese Empire and the Spanish Empire along a meridian 370 leagues west of Cape Verde?,A) The Treaty of Tordesillas | B) The Treaty of Saragossa | C) The Treaty of Ryswick | D) The Treaty of Madrid,A
148,General Knowledge,Hard,Multiple Choice,Who was the Carthaginian general who led an army with war elephants over the Alps to invade the Italian Peninsula during the Second Punic War?,A) Hamilcar Barca | B) Hannibal Barca | C) Hasdrubal | D) Scipio Africanus,B
149,General Knowledge,Hard,Multiple Choice,"What was the name of the final ruling dynasty of Imperial China, governing from 1644 until the abdication of Emperor Puyi in 1912?",A) The Ming Dynasty | B) The Han Dynasty | C) The Qing Dynasty | D) The Tang Dynasty,C
150,General Knowledge,Hard,Multiple Choice,"Which decisive battle fought in 1066 saw William, Duke of Normandy defeat King Harold Godwinson, leading to the Norman Conquest of England?",A) The Battle of Stamford Bridge | B) The Battle of Agincourt | C) The Battle of Bannockburn | D) The Battle of Hastings,D
151,General Knowledge,Medium,Multiple Choice,What was the name of the stone artifact discovered in 1799 that enabled modern scholars to decipher Egyptian hieroglyphics?,A) Rosetta Stone | B) Cyrus Cylinder | C) Behistun Inscription | D) Code of Hammurabi,A
152,General Knowledge,Hard,Multiple Choice,In which year did the Soviet Union officially dissolve into 15 independent nations?,A) 1989 | B) 1991 | C) 1990 | D) 1993,B
153,General Knowledge,Hard,Typing,Which Persian king invaded Greece in 480 BC and was famously delayed by Spartan King Leonidas at the Battle of Thermopylae?,,Xerxes
154,General Knowledge,Easy,Multiple Choice,"Which European country experienced the Industrial Revolution first, beginning in the late 18th century with coal and steam power?",A) France | B) Germany | C) Great Britain | D) The Netherlands,C
155,General Knowledge,Easy,Multiple Choice,Who was the famous queen of France executed by guillotine during the French Revolution in 1793?,A) Catherine de' Medici | B) Eleanor of Aquitaine | C) Joan of Arc | D) Marie Antoinette,D
156,General Knowledge,Easy,Multiple Choice,What year marked the end of the American Civil War and the assassination of President Abraham Lincoln?,A) 1865 | B) 1860 | C) 1870 | D) 1876,A
157,General Knowledge,Easy,Multiple Choice,Which ancient civilization developed the concept of democracy in city-states such as Athens?,A) Ancient Rome | B) Ancient Greece | C) Ancient Egypt | D) Ancient Persia,B
158,General Knowledge,Easy,Multiple Choice,"Which legendary British Prime Minister led the United Kingdom during the majority of World War II, famous for his 'We shall fight on the beaches' speech?",A) Neville Chamberlain | B) Clement Attlee | C) Winston Churchill | D) Anthony Eden,C
159,General Knowledge,Easy,Multiple Choice,In which city were the famous war crimes trials of prominent Nazi leaders held following World War II in 1945-1946?,A) Berlin | B) Munich | C) Frankfurt | D) Nuremberg,D
160,General Knowledge,Easy,Multiple Choice,What was the main purpose of the ancient Silk Road?,"A) Trade of goods (silk, spices, porcelain) between East and West | B) Religious pilgrimage | C) Military invasion | D) Scientific research",A
161,General Knowledge,Easy,Multiple Choice,Which American civil rights leader delivered the iconic 'I Have a Dream' speech at the Lincoln Memorial in 1963?,A) Malcolm X | B) Martin Luther King Jr. | C) John Lewis | D) Frederick Douglass,B
162,General Knowledge,Easy,Multiple Choice,"Which European nation established the largest overseas empire in history, famously described as 'the empire on which the sun never sets'?",A) Spain | B) France | C) The British Empire | D) Portugal,C
163,General Knowledge,Easy,Multiple Choice,"What was the ancient amphitheatre in Rome, inaugurated in 80 AD, used for gladiatorial contests and public spectacles?",A) The Pantheon | B) The Circus Maximus | C) The Roman Forum | D) The Colosseum,D
164,General Knowledge,Easy,Multiple Choice,Which monarch reigned over the United Kingdom for 70 years from 1952 until her death in September 2022?,A) Queen Elizabeth II | B) Queen Victoria | C) Queen Elizabeth I | D) Queen Anne,A
165,General Knowledge,Easy,Multiple Choice,In which year did the United States declare its independence from Great Britain with the signing of the Declaration of Independence?,A) 1789 | B) 1776 | C) 1770 | D) 1783,B
166,General Knowledge,Medium,Multiple Choice,Which ancient civilization constructed grand step-pyramids such as El Castillo at Chichen Itza in the Yucatan Peninsula?,A) The Inca | B) The Aztec | C) The Maya | D) The Olmec,C
167,General Knowledge,Medium,Multiple Choice,Who was the Spanish conquistador who led the expedition that caused the fall of the Aztec Empire between 1519 and 1521?,A) Francisco Pizarro | B) Vasco Nunez de Balboa | C) Ferdinand Magellan | D) Hernan Cortes,D
168,General Knowledge,Easy,Multiple Choice,What was the military alliance formed in 1949 by Western nations to provide collective defense against potential Soviet aggression?,A) NATO | B) The Warsaw Pact | C) The League of Nations | D) SEATO,A
169,General Knowledge,Easy,Multiple Choice,"Which Roman general and statesman famously crossed the Rubicon river in 49 BC, triggering a civil war that led to the end of the Roman Republic?",A) Mark Antony | B) Julius Caesar | C) Pompey | D) Crassus,B
170,General Knowledge,Easy,Multiple Choice,What was the historical name for the period of geopolitical tension between the United States and the Soviet Union from 1947 to 1991?,A) The Hundred Years' War | B) The Great Game | C) The Cold War | D) The Space Race,C
171,General Knowledge,Easy,Typing,In which year did World War I officially end with the signing of the Armistice on November 11th?,,1918
172,General Knowledge,Easy,Typing,What was the name of the German air force during World War II?,,Luftwaffe
173,General Knowledge,Easy,Typing,"Who was the first emperor of a unified China, famous for building the Terracotta Army?",,Qin Shi Huang
174,General Knowledge,Medium,Multiple Choice,Which British monarch broke away from the Roman Catholic Church in the 1530s to establish the Church of England after the Pope refused to annul his marriage?,A) Henry VII | B) Edward VI | C) Charles I | D) Henry VIII,D
175,General Knowledge,Medium,Multiple Choice,What 1803 land deal between the United States and France doubled the geographic size of the US for a purchase price of approximately $15 million?,A) The Louisiana Purchase | B) The Gadsden Purchase | C) The Alaska Purchase | D) The Florida Treaty,A
176,General Knowledge,Medium,Multiple Choice,Which Russian Tsar founded the city of Saint Petersburg in 1703 and modernized Russia along Western European standards?,A) Ivan the Terrible | B) Peter the Great | C) Catherine the Great | D) Nicholas II,B
177,General Knowledge,Medium,Multiple Choice,What was the name of the series of religious wars initiated and supported by the Latin Church between 1095 and 1291 to recover the Holy Land from Islamic rule?,A) The Reconquista | B) The Wars of Religion | C) The Crusades | D) The Hussite Wars,C
178,General Knowledge,Medium,Multiple Choice,Which Polish-born astronomer formulated a model of the universe that placed the Sun rather than Earth at the center (heliocentrism) in 1543?,A) Johannes Kepler | B) Galileo Galilei | C) Tycho Brahe | D) Nicolaus Copernicus,D
179,General Knowledge,Medium,Multiple Choice,What 1917 political revolution in Russia led to the overthrow of the Provisional Government and the rise of the Bolshevik Party under Vladimir Lenin?,A) The October (Bolshevik) Revolution | B) The February Revolution | C) The Decembrist Revolt | D) The Boxer Rebellion,A
180,General Knowledge,Medium,Multiple Choice,"Who was the leader of the Soviet Union from the mid-1920s until his death in 1953, overseeing Soviet industrialization and victory in WWII?",A) Vladimir Lenin | B) Joseph Stalin | C) Nikita Khrushchev | D) Leon Trotsky,B
181,General Knowledge,Medium,Multiple Choice,"What was the name of the German military strategy of rapid, coordinated mechanized warfare used during WWII (literally 'lightning war')?",A) Sitzkrieg | B) Total War | C) Blitzkrieg | D) Schwerpunkt,C
182,General Knowledge,Medium,Multiple Choice,"Which Florentine political philosopher wrote the influential treatise 'The Prince' (Il Principe) in 1513, advocating realistic political power?",A) Thomas Hobbes | B) John Locke | C) Dante Alighieri | D) Niccolò Machiavelli,D
183,General Knowledge,Medium,Typing,Which Spanish conquistador conquered the Inca Empire in Peru in 1532?,,Francisco Pizarro
184,General Knowledge,Medium,Typing,What was the name of the German defense line along its western border opposite the French Maginot Line during WWII?,,Siegfried Line
185,General Knowledge,Hard,Multiple Choice,Which Roman Emperor famously built an 73-mile stone wall across northern Britain in 122 AD to mark the northwestern frontier of the Roman Empire?,A) Hadrian | B) Antoninus Pius | C) Trajan | D) Marcus Aurelius,A
186,General Knowledge,Hard,Multiple Choice,What was the name of the decisive 1805 naval engagement where the British Royal Navy under Admiral Horatio Nelson defeated the combined French and Spanish fleets?,A) The Battle of the Nile | B) The Battle of Trafalgar | C) The Battle of Copenhagen | D) The Battle of Jutland,B
187,General Knowledge,Hard,Multiple Choice,Which 13th-century Magna Carta clause (Clause 39) established the legal principle that no free man shall be imprisoned except by lawful judgment of his peers?,A) Habeas Corpus | B) Trial by Jury | C) Due Process of Law | D) Sovereign Immunity,C
188,General Knowledge,Hard,Multiple Choice,What ancient civilization was located on the island of Crete and is famous for the Palace of Knossos and the legend of the Minotaur?,A) The Mycenaean Civilization | B) The Phoenician Civilization | C) The Cycladic Civilization | D) The Minoan Civilization,D
189,General Knowledge,Hard,Multiple Choice,Which battle fought in 1815 in present-day Belgium marked the final military defeat of Napoleon Bonaparte by Anglo-Allied and Prussian forces?,A) The Battle of Waterloo | B) The Battle of Leipzig | C) The Battle of Austerlitz | D) The Battle of Borodino,A
190,General Knowledge,Hard,Multiple Choice,Who was the female pharaoh of Ancient Egypt's 18th Dynasty who ruled for over two decades and built the mortuary temple at Deir el-Bahari?,A) Nefertiti | B) Hatshepsut | C) Sobekneferu | D) Twosret,B
191,General Knowledge,Hard,Multiple Choice,What was the name of the code of chivalric values and warrior ethics followed by Samurai in feudal Japan?,A) Seppuku | B) Ronin | C) Bushido | D) Shinto,C
192,General Knowledge,Hard,Multiple Choice,Which 17th-century French King was known as the 'Sun King' (Le Roi Soleil) and built the Palace of Versailles?,A) Louis XIII | B) Louis XV | C) Louis XVI | D) Louis XIV,D
193,General Knowledge,Hard,Multiple Choice,What was the name of the German cryptanalytic machine whose codes were broken by Alan Turing and his team at Bletchley Park during WWII?,A) Enigma | B) Lorenz | C) Sigaba | D) Purple,A
194,General Knowledge,Hard,Typing,What was the title of the ancient Egyptian sun god who was considered the creator of all life?,,Ra
195,General Knowledge,Hard,Multiple Choice,In what year did the Western Roman Empire traditionally fall when the Germanic chieftain Odoacer deposed Emperor Romulus Augustulus?,A) 410 AD | B) 476 AD | C) 395 AD | D) 500 AD,B
196,General Knowledge,Hard,Multiple Choice,Which Byzantine emperor codified Roman law into the Corpus Juris Civilis in the 6th century and reconquered parts of Italy and North Africa?,A) Heraclius | B) Basil II | C) Justinian I | D) Constantine VII,C
197,General Knowledge,Hard,Multiple Choice,What ancient naval battle fought in 480 BC saw the Greek allied fleet defeat the much larger Persian invasion fleet under Xerxes I?,A) The Battle of Marathon | B) The Battle of Plataea | C) The Battle of Mycale | D) The Battle of Salamis,D
198,General Knowledge,Hard,Multiple Choice,Which dynasty ruled the Russian Empire for over 300 years from 1613 until the abdication of Tsar Nicholas II in 1917?,A) The Romanov Dynasty | B) The Rurik Dynasty | C) The Habsburg Dynasty | D) The Hohenzollern Dynasty,A
199,General Knowledge,Hard,Multiple Choice,"What 1853-1856 war fought on the Black Sea peninsula saw Britain, France, and the Ottoman Empire defeat the Russian Empire?",A) The Russo-Turkish War | B) The Crimean War | C) The Franco-Prussian War | D) The Boxer Rebellion,B
200,General Knowledge,Hard,Multiple Choice,What was the name of the alliance formed in 1955 by the Soviet Union and seven other Eastern European socialist republics in response to NATO?,A) The Comintern | B) Comecon | C) The Warsaw Pact | D) The Iron Alliance,C
201,General Knowledge,Easy,Multiple Choice,Which marine invertebrate animal has three separate hearts and blue copper-based hemocyanin blood?,A) The Starfish | B) The Jellyfish | C) The Sea Urchin | D) The Octopus,D
202,General Knowledge,Easy,Multiple Choice,"What is the largest living animal species on Earth, reaching lengths of up to 30 meters (100 feet)?",A) The Blue Whale | B) The African Elephant | C) The Whale Shark | D) The Colossal Squid,A
203,General Knowledge,Easy,Multiple Choice,"What is the fastest land animal in the world, capable of sprinting at speeds up to 100-120 km/h (60-75 mph)?",A) The Lion | B) The Cheetah | C) The Springbok | D) The Pronghorn,B
204,General Knowledge,Easy,Multiple Choice,Which flightless marine bird is native primarily to the icy coasts of Antarctica?,A) The Puffin | B) The Albatross | C) The Penguin | D) The Pelican,C
205,General Knowledge,Easy,Multiple Choice,What is the tallest living terrestrial animal species on Earth?,A) The Elephant | B) The Ostrich | C) The Moose | D) The Giraffe,D
206,General Knowledge,Easy,Multiple Choice,"What biological process allows green plants to convert sunlight, carbon dioxide, and water into glucose and oxygen?",A) Photosynthesis | B) Cellular respiration | C) Fermentation | D) Transpiration,A
207,General Knowledge,Easy,Multiple Choice,Which marsupial native to Australia feeds almost exclusively on eucalyptus leaves?,A) The Wombat | B) The Koala | C) The Kangaroo | D) The Tasmanian Devil,B
208,General Knowledge,Easy,Multiple Choice,What is the only mammal capable of true sustained powered flight?,A) The Flying Squirrel | B) The Sugar Glider | C) The Bat | D) The Colugo,C
209,General Knowledge,Easy,Multiple Choice,What is the collective noun used to describe a group of lions living together?,A) A pack | B) A herd | C) A pod | D) A pride,D
210,General Knowledge,Easy,Multiple Choice,Which large bear species native to the Arctic Circle has white fur and is the largest land carnivore?,A) The Polar Bear | B) The Grizzly Bear | C) The Kodiak Bear | D) The Black Bear,A
211,General Knowledge,Easy,Multiple Choice,"What is the largest species of shark (and largest extant fish) in the ocean, feeding primarily on plankton?",A) The Great White Shark | B) The Whale Shark | C) The Tiger Shark | D) The Hammerhead Shark,B
212,General Knowledge,Easy,Multiple Choice,Which black-and-white bear native to the bamboo forests of central China feeds almost entirely on bamboo?,A) The Sun Bear | B) The Spectacled Bear | C) The Giant Panda | D) The Sloth Bear,C
213,General Knowledge,Easy,Multiple Choice,"What is the hard, protective outer layer of an insect or crab body called?",A) Endoskeleton | B) Epidermis | C) Cartilage | D) Exoskeleton,D
214,General Knowledge,Easy,Multiple Choice,"What is the largest living bird species in the world, capable of running up to 70 km/h?",A) The Ostrich | B) The Emu | C) The Cassowary | D) The Rhea,A
215,General Knowledge,Easy,Multiple Choice,"Which semi-aquatic egg-laying mammal native to eastern Australia has a duck-like bill, beaver tail, and otter feet?",A) The Echidna | B) The Platypus | C) The Wombat | D) The Quokka,B
216,General Knowledge,Easy,Multiple Choice,What is the green pigment in plant leaves responsible for absorbing light energy for photosynthesis?,A) Carotenoid | B) Anthocyanin | C) Chlorophyll | D) Melanin,C
217,General Knowledge,Easy,Multiple Choice,"Which large marine mammal is known as the 'killer whale', though it is technically the largest member of the oceanic dolphin family?",A) The Beluga | B) The Narwhal | C) The Pilot Whale | D) The Orca,D
218,General Knowledge,Easy,Multiple Choice,"What is the name for the natural home or environment of a plant, animal, or organism?",A) Habitat | B) Niche | C) Biome | D) Ecosystem,A
219,General Knowledge,Easy,Multiple Choice,What type of tree retains its green leaves or needles throughout all four seasons of the year?,A) Deciduous | B) Evergreen | C) Coniferous | D) Herbaceous,B
220,General Knowledge,Easy,Multiple Choice,Which bird is universally famous for its ability to fly backward as well as hover in mid-air?,A) The Kingfisher | B) The Swift | C) The Hummingbird | D) The Swallow,C
221,General Knowledge,Easy,Multiple Choice,What is the natural process of a caterpillar transforming into a butterfly called?,A) Mitosis | B) Germination | C) Molting | D) Metamorphosis,D
222,General Knowledge,Easy,Multiple Choice,"Which reptile is capable of changing its skin color for camouflage, temperature regulation, and social signaling?",A) The Chameleon | B) The Iguana | C) The Gecko | D) The Komodo Dragon,A
223,General Knowledge,Easy,Typing,What is the largest land mammal currently living on Earth?,,African Elephant
224,General Knowledge,Easy,Typing,What type of animal has a pouch to carry its undeveloped newborn young (such as kangaroos and koalas)?,,marsupial
225,General Knowledge,Easy,Typing,"What is the fastest bird in the world, reaching speeds over 320 km/h (200 mph) in a hunting dive?",,Peregrine Falcon
226,General Knowledge,Easy,Typing,What is the collective name for a group of wolves traveling and hunting together?,,pack
227,General Knowledge,Medium,Multiple Choice,"What is the term for animals that are primarily active during twilight hours (dawn and dusk), such as deer and rabbits?",A) Diurnal | B) Crepuscular | C) Nocturnal | D) Matutinal,B
228,General Knowledge,Medium,Multiple Choice,"Which species of jellyfish (Turritopsis dohrnii) is biologically capable of reverting its cells back to a juvenile polyp state, earning it the nickname 'immortal jellyfish'?",A) The Moon Jellyfish | B) The Box Jellyfish | C) The Immortal Jellyfish | D) The Lion's Mane Jellyfish,C
229,General Knowledge,Medium,Multiple Choice,"What is the largest living lizard species in the world, native to several Indonesian islands and known for its venomous bite?",A) The Perentie | B) The Nile Monitor | C) The Gila Monster | D) The Komodo Dragon,D
230,General Knowledge,Medium,Multiple Choice,"Which tree species native to California is the tallest living tree species on Earth, exceeding 115 meters in height?",A) Coast Redwood | B) Giant Sequoia | C) Douglas Fir | D) Sitka Spruce,A
231,General Knowledge,Medium,Multiple Choice,What is the term for a symbiotic relationship where one organism benefits while the other is neither helped nor harmed?,A) Mutualism | B) Commensalism | C) Parasitism | D) Amensalism,B
232,General Knowledge,Medium,Multiple Choice,"Which Arctic whale species is famous for the long, spiral ivory tusk (an elongated canine tooth) protruding from its upper jaw?",A) The Beluga | B) The Bowhead Whale | C) The Narwhal | D) The Minke Whale,C
233,General Knowledge,Medium,Multiple Choice,"What is the world's most venomous marine animal, possessing venom capable of killing a human in minutes, found in Indo-Pacific coastal waters?",A) The Blue-Ringed Octopus | B) The Stonefish | C) The Cone Snail | D) The Sea Wasp,D
234,General Knowledge,Medium,Multiple Choice,What is the term for an animal that regulates its body temperature internally through metabolic heat (warm-blooded)?,A) Endotherm | B) Ectotherm | C) Poikilotherm | D) Mesotherm,A
235,General Knowledge,Medium,Multiple Choice,"Which mammal species has the densest fur of any animal, with up to one million hairs per square inch, and uses rocks as tools to crack open shellfish?",A) The Beaver | B) The Sea Otter | C) The Polar Bear | D) The Fur Seal,B
236,General Knowledge,Medium,Multiple Choice,"What is the oldest known living individual non-clonal tree on Earth, a Great Basin Bristlecone Pine in California over 4,800 years old?",A) Hyperion | B) General Sherman | C) Methuselah | D) Prometheus,C
237,General Knowledge,Medium,Multiple Choice,What is the only continent on Earth that contains no native species of snakes?,A) Australia | B) Europe | C) South America | D) Antarctica,D
238,General Knowledge,Medium,Multiple Choice,"Which bird species undertakes the longest known annual migration of any animal, flying from the Arctic to the Antarctic and back (approx 70,000 km)?",A) The Arctic Tern | B) The Wandering Albatross | C) The Bar-tailed Godwit | D) The Sooty Shearwater,A
239,General Knowledge,Medium,Multiple Choice,What is the scientific term for the shedding of an old exoskeleton or outer skin in reptiles and arthropods?,A) Metamorphosis | B) Ecdysis | C) Parthenogenesis | D) Regeneration,B
240,General Knowledge,Medium,Multiple Choice,"What is the name of the biological group of animals that includes crabs, lobsters, shrimp, and barnacles?",A) mollusks | B) arachnids | C) crustaceans | D) annelids,C
241,General Knowledge,Medium,Typing,What is the term for a plant that grows on another plant non-parasitically for physical support (such as many orchids and mosses)?,,epiphyte
242,General Knowledge,Medium,Typing,Which large flightless bird native to Australia and New Guinea has a blue neck and a sharp bony casque on its head?,,cassowary
243,General Knowledge,Hard,Multiple Choice,"What microscopic animal phylum, also known as 'water bears' or 'moss piglets', can survive outer space, absolute zero, radiation, and extreme dehydration through cryptobiosis?",A) Nematoda | B) Rotifera | C) Platyhelminthes | D) Tardigrada,D
244,General Knowledge,Hard,Multiple Choice,Which rare nocturnal mammal from Madagascar is the world's largest nocturnal primate and uses a specialized thin middle finger to tap on tree trunks and extract grubs?,A) The Aye-aye | B) The Bushbaby | C) The Slow Loris | D) The Tarsier,A
245,General Knowledge,Hard,Multiple Choice,"What is the only known vertebrate species that can survive completely frozen solid in sub-zero winter temperatures, with its heart stopped for weeks, by accumulating glucose as a cryoprotectant?",A) The Siberian Salamander | B) The Wood Frog | C) The Painted Turtle | D) The Garter Snake,B
246,General Knowledge,Hard,Multiple Choice,"Which marine animal has the most complex visual system in the animal kingdom, possessing 12 to 16 color photoreceptor types and the ability to see circularly polarized light?",A) The Giant Squid | B) The Cuttlefish | C) The Mantis Shrimp | D) The Chameleon,C
247,General Knowledge,Hard,Multiple Choice,What chemical element is responsible for the characteristic bright blue color of the blood in horseshoe crabs and octopuses?,A) Iron | B) Zinc | C) Magnesium | D) Copper,D
248,General Knowledge,Hard,Multiple Choice,"What is the name of the ancient living fossil fish, once thought to have gone extinct 66 million years ago with the dinosaurs, rediscovered alive off South Africa in 1938?",A) The Coelacanth | B) The Sturgeon | C) The Bowfin | D) The Lungfish,A
249,General Knowledge,Hard,Multiple Choice,Which bizarre Australian mammal along with the platypus constitutes the only surviving order of egg-laying mammals (Monotremes)?,A) The Numbat | B) The Echidna | C) The Quoll | D) The Bilby,B
250,General Knowledge,Hard,Multiple Choice,What is the specialized organ found in electric eels (Electrophorus) composed of thousands of stacked electrocytes that generate electrical discharges up to 860 volts?,"A) The Weberian apparatus | B) The Ampullae of Lorenzini | C) The Main organ, Hunter's organ, and Sachs' organ | D) The Lateral line",C
251,General Knowledge,Hard,Typing,What is the name of the specialized sensory pores in sharks and rays that detect weak electrical fields produced by living prey?,,Ampullae of Lorenzini
252,General Knowledge,Hard,Typing,"What is the largest species of living amphibian in the world, growing up to 1.8 meters (6 feet) in length, native to river systems in China?",,Chinese Giant Salamander
253,General Knowledge,Hard,Typing,What is the term for the biological phenomenon where an animal resembles a poisonous or dangerous species to deter predators (such as the harmless Viceroy butterfly mimicking the Monarch)?,,Batesian mimicry
254,General Knowledge,Easy,Multiple Choice,Which heavy semi-aquatic African mammal has large tusk-like canine teeth and spends daylight submerged in rivers and lakes?,A) The Manatee | B) The Tapir | C) The Capybara | D) The Hippopotamus,D
255,General Knowledge,Easy,Multiple Choice,Which insect is famous for producing sweet honey and pollinating flowering plants?,A) The Honeybee | B) The Ant | C) The Wasp | D) The Dragonfly,A
256,General Knowledge,Easy,Multiple Choice,What is the primary diet classification for animals that eat only plants and vegetation?,A) Carnivore | B) Herbivore | C) Omnivore | D) Detritivore,B
257,General Knowledge,Easy,Multiple Choice,"Which ocean animal is famous for its playful intelligence, clicking echolocation sounds, and blowhole at the top of its head?",A) The Sea Lion | B) The Walrus | C) The Dolphin | D) The Manatee,C
258,General Knowledge,Easy,Multiple Choice,What is the baby form of a frog called before it undergoes metamorphosis and grows legs?,A) A fry | B) A larva | C) A nymph | D) A tadpole,D
259,General Knowledge,Easy,Multiple Choice,Which carnivorous big cat native to Africa and the Gir Forest in India is known as the 'King of the Jungle'?,A) The Lion | B) The Tiger | C) The Leopard | D) The Jaguar,A
260,General Knowledge,Easy,Multiple Choice,"What is the hard, calcium carbonate structure built by colonies of tiny marine polyps that forms tropical reefs?",A) Sponges | B) Coral | C) Kelp forests | D) Seagrass beds,B
261,General Knowledge,Easy,Multiple Choice,"Which flightless bird native to New Zealand is nocturnal, has nostrils at the tip of its long beak, and is a national symbol?",A) The Kakapo | B) The Takahe | C) The Kiwi | D) The Weka,C
262,General Knowledge,Easy,Multiple Choice,What type of tree loses all its leaves annually during the autumn season?,A) Evergreen | B) Conifer | C) Succulent | D) Deciduous,D
263,General Knowledge,Easy,Multiple Choice,Which large striped feline native to Asia is the largest species of wild cat in the world?,A) The Tiger | B) The Lion | C) The Cheetah | D) The Cougar,A
264,General Knowledge,Easy,Multiple Choice,What natural defense mechanism do skunks use when they feel threatened by predators?,A) Camouflage | B) Spraying a foul-smelling sulfur liquid | C) Electric shock | D) Sharp quills,B
265,General Knowledge,Easy,Multiple Choice,"Which animal is famous for its protective shell of bony plates, moving slowly, and living on land for over 100 years?",A) The Armadillo | B) The Snail | C) The Tortoise | D) The Pangolin,C
266,General Knowledge,Easy,Multiple Choice,What is the primary food source of adult monarch butterflies?,A) Wood bark | B) Seeds | C) Leaves | D) Flower nectar,D
267,General Knowledge,Medium,Multiple Choice,Which marine mammal has two large elongated ivory tusks protruding downward and lives in freezing Arctic waters?,A) The Walrus | B) The Sea Otter | C) The Seal | D) The Dugong,A
268,General Knowledge,Easy,Multiple Choice,What is the name for the dormant winter state that some animals enter to conserve energy when food is scarce?,A) Estivation | B) Hibernation | C) Torpor | D) Migration,B
269,General Knowledge,Easy,Multiple Choice,"Which venomous arachnid has eight legs, a pair of pincers, and a segmented curved tail with a venomous stinger at the end?",A) The Tarantula | B) The Centipede | C) The Scorpion | D) The Tick,C
270,General Knowledge,Easy,Multiple Choice,What is the common term for a group of fish swimming together in a coordinated group?,A) A herd | B) A pride | C) A flock | D) A school,D
271,General Knowledge,Easy,Typing,What is the study of plants called in science?,,botany
272,General Knowledge,Easy,Typing,What is the largest living reptile in the world by weight and length?,,Saltwater Crocodile
273,General Knowledge,Easy,Typing,What is the collective name for a group of birds flying or feeding together?,,flock
274,General Knowledge,Medium,Multiple Choice,Which animal has the highest recorded blood pressure of any living mammal to pump blood up its long neck to its brain?,A) The Giraffe | B) The African Elephant | C) The Blue Whale | D) The Horse,A
275,General Knowledge,Medium,Multiple Choice,What is the only bird known to be capable of flying upside down and backwards for brief periods?,A) The Swift | B) The Hummingbird | C) The Falcon | D) The Eagle,B
276,General Knowledge,Medium,Multiple Choice,"Which marine animal can regenerate lost limbs, and in some species, an entire new body from a single severed arm containing part of the central disc?",A) The Crab | B) The Lobster | C) The Sea Star | D) The Sea Anemone,C
277,General Knowledge,Medium,Multiple Choice,What is the term for the biological ability of certain living organisms (such as fireflies and anglerfish) to produce and emit light?,A) Fluorescence | B) Phosphorescence | C) Chemiluminescence | D) Bioluminescence,D
278,General Knowledge,Medium,Multiple Choice,"Which African mammal kills more humans annually than lions, leopards, or crocodiles, defending its river territory aggressively?",A) The Hippopotamus | B) The Cape Buffalo | C) The Black Rhino | D) The Spotted Hyena,A
279,General Knowledge,Medium,Multiple Choice,What substance makes up the horn of a rhinoceros as well as human hair and fingernails?,A) Collagen | B) Keratin | C) Chitin | D) Calcium phosphate,B
280,General Knowledge,Medium,Multiple Choice,Which bird species lays the largest egg relative to its body weight of any bird in the world (up to 20% of the female's body mass)?,A) The Ostrich | B) The Hummingbird | C) The Kiwi | D) The Penguin,C
281,General Knowledge,Medium,Multiple Choice,What is the main difference between an alligator and a crocodile in head anatomy?,"A) Alligators have no teeth | B) Crocodiles have external ears | C) Alligators have blue eyes | D) Alligators have wider, U-shaped snouts, while crocodiles have narrower, V-shaped snouts",D
282,General Knowledge,Medium,Multiple Choice,Which marine mammal spends almost its entire life in coastal kelp forests and wraps itself in kelp when sleeping to avoid drifting away?,A) The Sea Otter | B) The Manatee | C) The Harbor Seal | D) The Sea Lion,A
283,General Knowledge,Medium,Typing,"What is the largest species of deer in the world, known for its massive palmate antlers?",,moose
284,General Knowledge,Medium,Typing,What is the scientific term for the study of birds?,,ornithology
285,General Knowledge,Hard,Multiple Choice,"Which rare, solitary mammal native to the tropical rainforests of the Democratic Republic of the Congo has zebra-like stripes on its legs but is the only living relative of the giraffe?",A) The Bongo | B) The Okapi | C) The Kudu | D) The Duiker,B
286,General Knowledge,Hard,Multiple Choice,"What is the only species of bear that is native to South America, residing primarily in the Andes Mountains?",A) The Sun Bear | B) The Sloth Bear | C) The Spectacled Bear | D) The Asiatic Black Bear,C
287,General Knowledge,Hard,Multiple Choice,"Which deep-sea cephalopod has the largest eyes of any living animal, measuring up to 27 cm (11 inches) in diameter with built-in light organs?",A) The Giant Pacific Octopus | B) The Vampire Squid | C) The Nautilus | D) The Colossal Squid,D
288,General Knowledge,Hard,Multiple Choice,"What is the unique physiological adaptation that allows the Bar-headed Goose to fly over the peaks of the Himalayas at altitudes above 7,000 meters?",A) Hemoglobin with an exceptionally high oxygen-binding affinity | B) Larger wings only | C) Hollow bones | D) Breathing pure nitrogen,A
289,General Knowledge,Hard,Multiple Choice,"Which mammal is covered in large, protective keratin scales and rolls into an impenetrable ball when threatened, making it the most trafficked wild mammal in the world?",A) The Armadillo | B) The Pangolin | C) The Echidna | D) The Porcupine,B
290,General Knowledge,Hard,Multiple Choice,What is the unique reproductive phenomenon in male seahorses (Hippocampus) during breeding?,"A) The male lays the eggs in sand | B) The male changes sex every season | C) The male becomes pregnant, carrying fertilized eggs in a brood pouch until giving birth | D) The male produces milk for the young",C
291,General Knowledge,Medium,Typing,What is the only species of lizard native to the United States that is venomous (along with the Mexican beaded lizard)?,,Gila monster
292,General Knowledge,Hard,Typing,What is the name of the venomous spur located on the hind legs of male platypuses?,,calcaneus spur
293,General Knowledge,Hard,Typing,What is the scientific term for the shedding and replacement of antlers in male deer each year?,,antler casting
294,General Knowledge,Easy,Multiple Choice,What is the name of the process by which birds travel to warmer climates for the winter season?,A) Hibernation | B) Adaptation | C) Camouflage | D) Migration,D
295,General Knowledge,Easy,Multiple Choice,Which nocturnal bird of prey is famous for being able to rotate its head up to 270 degrees and flying almost silently?,A) The Owl | B) The Hawk | C) The Eagle | D) The Falcon,A
296,General Knowledge,Easy,Multiple Choice,What type of animal breathes through gills underwater when young and develops lungs to breathe air as an adult?,A) Mammals | B) Amphibians | C) Reptiles | D) Birds,B
297,General Knowledge,Easy,Multiple Choice,"Which animal is the national symbol of the United States, appearing on the Great Seal and presidential flag?",A) The Golden Eagle | B) The Peregrine Falcon | C) The Bald Eagle | D) The Red-tailed Hawk,C
298,General Knowledge,Easy,Multiple Choice,What is the primary food consumed by giant pandas in their native mountain habitats?,A) Berries | B) Fish | C) Insects | D) Bamboo,D
299,General Knowledge,Easy,Multiple Choice,Which sea creature has eight long tentacles lined with suction cups and no internal or external skeleton?,A) The Octopus | B) The Lobster | C) The Crab | D) The Sea Turtle,A
300,General Knowledge,Easy,Multiple Choice,"What is the natural color of flamingos when they hatch, before their diet of brine shrimp and algae turns them pink?",A) Bright pink | B) Dull grey or white | C) Pure white | D) Jet black,B
301,General Knowledge,Easy,Multiple Choice,"What is the largest organ of the human body, accounting for about 15% of total body weight?",A) The Liver | B) The Brain | C) The Skin | D) The Heart,C
302,General Knowledge,Easy,Multiple Choice,How many total bones are present in the skeleton of a typical adult human body?,A) 180 bones | B) 300 bones | C) 250 bones | D) 206 bones,D
303,General Knowledge,Easy,Multiple Choice,"What is the closest star to planet Earth, providing light and warmth to the solar system?",A) The Sun | B) Alpha Centauri | C) Proxima Centauri | D) Sirius,A
304,General Knowledge,Easy,Multiple Choice,What does the technological abbreviation 'CPU' stand for in computer hardware?,A) Computer Power Unit | B) Central Processing Unit | C) Core Processing Utility | D) Central Performance User,B
305,General Knowledge,Easy,Multiple Choice,Who is historically credited with being awarded the first US patent for the practical electric telephone in 1876?,A) Thomas Edison | B) Nikola Tesla | C) Alexander Graham Bell | D) Guglielmo Marconi,C
306,General Knowledge,Easy,Multiple Choice,Which planet in our solar system has the highest confirmed number of natural moons (over 140 moons)?,A) Jupiter | B) Uranus | C) Neptune | D) Saturn,D
307,General Knowledge,Easy,Multiple Choice,What is the chemical symbol for the element Gold on the periodic table?,A) Au | B) Ag | C) Fe | D) Gd,A
308,General Knowledge,Easy,Multiple Choice,"What gas do humans inhale for cellular respiration, which is produced by plants during photosynthesis?",A) Carbon dioxide (CO₂) | B) Oxygen (O₂) | C) Nitrogen (N₂) | D) Hydrogen (H₂),B
309,General Knowledge,Easy,Multiple Choice,"Which Scottish scientist discovered the first widely used antibiotic, Penicillin, from a mold culture in 1928?",A) Louis Pasteur | B) Edward Jenner | C) Alexander Fleming | D) Robert Koch,C
310,General Knowledge,Easy,Multiple Choice,"What is the hardest known natural mineral substance found on Earth, rating 10 on the Mohs scale?",A) Quartz | B) Corundum | C) Topaz | D) Diamond,D
311,General Knowledge,Easy,Multiple Choice,What is the boiling point of pure water at standard sea level atmospheric pressure in degrees Celsius?,A) 100°C | B) 0°C | C) 50°C | D) 212°C,A
312,General Knowledge,Easy,Multiple Choice,Which planet is known as the 'Red Planet' due to the widespread iron oxide on its rocky surface?,A) Venus | B) Mars | C) Jupiter | D) Mercury,B
313,General Knowledge,Easy,Multiple Choice,What is the main blood vessel that carries oxygenated blood directly away from the heart to the rest of the body?,A) The Vena Cava | B) The Pulmonary Artery | C) The Aorta | D) The Carotid Artery,C
314,General Knowledge,Easy,Multiple Choice,Who formulated the three fundamental laws of motion and universal gravitation in 1687?,A) Albert Einstein | B) Galileo Galilei | C) Johannes Kepler | D) Sir Isaac Newton,D
315,General Knowledge,Easy,Multiple Choice,"What is the most abundant gas in Earth's atmosphere, making up approximately 78% of dry air?",A) Nitrogen | B) Oxygen | C) Argon | D) Carbon Dioxide,A
316,General Knowledge,Easy,Multiple Choice,"What part of the human eye gives it its distinctive color (e.g. blue, brown, green)?",A) The Pupil | B) The Iris | C) The Cornea | D) The Retina,B
317,General Knowledge,Easy,Multiple Choice,What does 'WWW' stand for in website internet addresses?,A) Wide Web Window | B) World Web Wireless | C) World Wide Web | D) Web Width Wave,C
318,General Knowledge,Easy,Multiple Choice,Which German-born theoretical physicist developed the famous special and general theories of relativity (E = mc²)?,A) Max Planck | B) Niels Bohr | C) Werner Heisenberg | D) Albert Einstein,D
319,General Knowledge,Easy,Multiple Choice,"What is the center of an atom, containing protons and neutrons, called?",A) The Nucleus | B) The Electron cloud | C) The Quark | D) The Photon,A
320,General Knowledge,Easy,Multiple Choice,"Which bone in the human body is the longest, strongest, and heaviest (the thigh bone)?",A) The Tibia | B) The Femur | C) The Humerus | D) The Fibula,B
321,General Knowledge,Easy,Multiple Choice,What is the name of the galaxy that contains our Solar System?,A) The Andromeda Galaxy | B) The Triangulum Galaxy | C) The Milky Way Galaxy | D) The Whirlpool Galaxy,C
322,General Knowledge,Easy,Multiple Choice,Which Serbian-American inventor is famous for developing the Alternating Current (AC) electrical system and the Tesla coil?,A) Thomas Edison | B) Alexander Graham Bell | C) James Watt | D) Nikola Tesla,D
323,General Knowledge,Easy,Typing,What is the chemical formula for water?,,H2O
324,General Knowledge,Easy,Typing,"What is the smallest bone in the human body, located inside the middle ear?",,stapes
325,General Knowledge,Easy,Typing,What is the largest planet in our solar system?,,Jupiter
326,General Knowledge,Easy,Typing,"What is the speed of light in a vacuum in approximate thousands of kilometers per second (approx 300,000 km/s)?",,300000
327,General Knowledge,Medium,Multiple Choice,Which organ in the human body is the only internal organ capable of naturally regenerating lost tissue from as little as 25% of its original mass?,A) The Liver | B) The Pancreas | C) The Spleen | D) The Kidney,A
328,General Knowledge,Medium,Multiple Choice,What is the term for a celestial body whose gravitational pull is so intense that not even light can escape from beyond its event horizon?,A) A Neutron Star | B) A Black Hole | C) A White Dwarf | D) A Pulsar,B
329,General Knowledge,Medium,Multiple Choice,Who is widely considered the 'father of modern computing' for designing the mechanical Analytical Engine in the 1830s?,A) Alan Turing | B) John von Neumann | C) Charles Babbage | D) Ada Lovelace,C
330,General Knowledge,Medium,Multiple Choice,What is the name of the English mathematician and writer who worked with Charles Babbage and is celebrated as the world's first computer programmer?,A) Grace Hopper | B) Mary Somerville | C) Rosalind Franklin | D) Ada Lovelace,D
331,General Knowledge,Medium,Multiple Choice,"Which blood type is known as the 'universal red blood cell donor' because its red blood cells lack A, B, and Rh antigens?",A) Type O Negative | B) Type A Positive | C) Type AB Positive | D) Type B Negative,A
332,General Knowledge,Medium,Multiple Choice,What is the name of the rover that NASA successfully landed on Mars in February 2021 to search for signs of ancient microbial life?,A) Curiosity | B) Perseverance | C) Opportunity | D) Spirit,B
333,General Knowledge,Medium,Multiple Choice,"What is the unit of electrical resistance in the International System of Units (SI), named after a German physicist?",A) The Volt | B) The Ampere | C) The Ohm | D) The Watt,C
334,General Knowledge,Medium,Multiple Choice,"Which part of the human brain plays the primary role in processing emotions, particularly fear and threat detection?",A) The Cerebellum | B) The Hippocampus | C) The Medulla Oblongata | D) The Amygdala,D
335,General Knowledge,Medium,Multiple Choice,"What is the rarest naturally occurring noble gas on Earth, radioactive and produced by the decay of radium?",A) Radon | B) Argon | C) Xenon | D) Krypton,A
336,General Knowledge,Medium,Multiple Choice,"What was the name of the first artificial Earth satellite launched into space by the Soviet Union on October 4, 1957?",A) Vostok 1 | B) Sputnik 1 | C) Explorer 1 | D) Luna 2,B
337,General Knowledge,Medium,Multiple Choice,Which optical device invented by Zacharias Janssen and Hans Lippershey in the late 16th century uses lenses to magnify tiny objects?,A) The Telescope | B) The Periscope | C) The Compound Optical Microscope | D) The Spectroscope,C
338,General Knowledge,Medium,Multiple Choice,What is the approximate age of planet Earth according to radiometric dating of meteorite material and ancient rocks?,A) 2.5 billion years | B) 6.0 billion years | C) 13.8 billion years | D) 4.54 billion years,D
339,General Knowledge,Medium,Multiple Choice,What hormone produced by the beta cells of the pancreas regulates blood glucose levels in the human body?,A) Insulin | B) Glucagon | C) Cortisol | D) Thyroxine,A
340,General Knowledge,Medium,Typing,What is the branch of science that studies fossils and prehistoric life?,,paleontology
341,General Knowledge,Medium,Multiple Choice,What is the scientific term for the study of earthquakes and seismic waves?,A) meteorology | B) seismology | C) vulcanology | D) oceanography,B
342,General Knowledge,Medium,Typing,What planet in our solar system rotates on its side with an extreme axial tilt of about 98 degrees?,,Uranus
343,General Knowledge,Hard,Multiple Choice,Which subatomic particle discovered at CERN's Large Hadron Collider in 2012 gives other fundamental particles their mass via its associated quantum field?,A) The Top Quark | B) The Gluon | C) The Higgs Boson | D) The Z Boson,C
344,General Knowledge,Hard,Multiple Choice,"What is the name of the boundary layer surrounding a black hole from within which nothing, including light, can escape to the outside universe?",A) The Ergosphere | B) The Accretion Disk | C) The Photon Sphere | D) The Event Horizon,D
345,General Knowledge,Hard,Multiple Choice,What is the only human cell type that does not contain a cell nucleus or nuclear DNA when fully mature?,A) Mature Red Blood Cells | B) Mature White Blood Cells | C) Neurons | D) Osteocytes,A
346,General Knowledge,Hard,Multiple Choice,What is the theoretical temperature where all thermodynamic motion of particles ceases (0 Kelvin or -273.15°C)?,A) Critical Point | B) Absolute Zero | C) Triple Point | D) Planck Temperature,B
347,General Knowledge,Hard,Multiple Choice,"Which scientist formulated the Uncertainty Principle in quantum mechanics in 1927, stating that position and momentum cannot both be precisely known?",A) Erwin Schrödinger | B) Paul Dirac | C) Werner Heisenberg | D) Louis de Broglie,C
348,General Knowledge,Hard,Multiple Choice,"What is the chemical element with the highest melting point of all elements on the periodic table (3,422°C / 6,192°F)?","A) Carbon (Graphite) | B) Osmium | C) Titanium | D) Tungsten (Wolfram, W)",D
349,General Knowledge,Hard,Multiple Choice,"What is the name of the large gap separating Saturn's A Ring and B Ring, caused by the gravitational resonance of the moon Mimas?",A) The Cassini Division | B) The Encke Gap | C) The Maxwell Gap | D) The Keeler Gap,A
350,General Knowledge,Hard,Multiple Choice,"What is the most dense naturally occurring chemical element on the periodic table, with a density of 22.59 g/cm³?",A) Platinum | B) Osmium | C) Iridium | D) Gold,B
351,General Knowledge,Medium,Typing,What is the medical term for the voice box in human anatomy located between the pharynx and trachea?,,larynx
352,General Knowledge,Hard,Typing,What is the name of the spacecraft launched by NASA in 1977 that is currently the farthest human-made object from Earth in interstellar space?,,Voyager 1
353,General Knowledge,Medium,Multiple Choice,What is the chemical symbol for the element Potassium on the periodic table (from Neo-Latin Kalium)?,A) P | B) Pt | C) K | D) Po,C
354,General Knowledge,Easy,Multiple Choice,"What is the primary pump organ of the human circulatory system, beating approximately 100,000 times a day?",A) The Lungs | B) The Stomach | C) The Kidney | D) The Heart,D
355,General Knowledge,Easy,Multiple Choice,Which planet in our solar system is closest in proximity to the Sun?,A) Mercury | B) Venus | C) Earth | D) Mars,A
356,General Knowledge,Easy,Multiple Choice,What is the common name for the medical device used by doctors to listen to internal sounds of the heart and lungs?,A) Sphygmomanometer | B) Stethoscope | C) Otoscope | D) Thermometer,B
357,General Knowledge,Easy,Multiple Choice,What is the force that pulls objects toward the center of the Earth?,A) Magnetism | B) Friction | C) Gravity | D) Inertia,C
358,General Knowledge,Easy,Multiple Choice,"What technology company was founded in 1976 by Steve Jobs, Steve Wozniak, and Ronald Wayne to produce personal computers?",A) Microsoft | B) IBM | C) Intel | D) Apple,D
359,General Knowledge,Easy,Multiple Choice,Which precious metal has the highest electrical conductivity and thermal conductivity of all known metals?,A) Silver | B) Copper | C) Gold | D) Aluminum,A
360,General Knowledge,Easy,Multiple Choice,"How many teeth does a typical adult human develop, including all four wisdom teeth?",A) 28 teeth | B) 32 teeth | C) 30 teeth | D) 36 teeth,B
361,General Knowledge,Easy,Multiple Choice,What is the name of the celestial body that orbits the Earth and is Earth's only permanent natural satellite?,A) Phobos | B) Europa | C) The Moon | D) Titan,C
362,General Knowledge,Easy,Multiple Choice,"Which inventor developed the first practical movable type printing press in Mainz, Germany around 1440?",A) Leonardo da Vinci | B) Benjamin Franklin | C) William Caxton | D) Johannes Gutenberg,D
363,General Knowledge,Easy,Multiple Choice,What is the outermost layer of the human skin called?,A) The Epidermis | B) The Dermis | C) The Hypodermis | D) The Subcutis,A
364,General Knowledge,Easy,Multiple Choice,What is the common term for a doctor who specializes in treating diseases and conditions of the skin?,A) Cardiologist | B) Dermatologist | C) Neurologist | D) Oncologist,B
365,General Knowledge,Easy,Multiple Choice,"Which planet in our solar system is famous for its prominent, wide planetary rings composed mostly of water ice?",A) Jupiter | B) Mars | C) Saturn | D) Neptune,C
366,General Knowledge,Medium,Multiple Choice,What part of the cell is known as the 'powerhouse of the cell' because it generates most of the chemical energy (ATP)?,A) Ribosome | B) Nucleus | C) Endoplasmic reticulum | D) Mitochondrion,D
367,General Knowledge,Easy,Multiple Choice,"Which English physician developed the world's first successful vaccine, creating the smallpox vaccine from cowpox in 1796?",A) Edward Jenner | B) Joseph Lister | C) Jonas Salk | D) Alexander Fleming,A
368,General Knowledge,Easy,Multiple Choice,What is the natural satellite of Saturn that has a dense nitrogen atmosphere and liquid methane lakes?,A) Ganymede | B) Titan | C) Enceladus | D) Callisto,B
369,General Knowledge,Easy,Multiple Choice,What type of energy is stored in an object due to its position or height above the ground?,A) Kinetic energy | B) Thermal energy | C) Potential energy | D) Chemical energy,C
370,General Knowledge,Easy,Multiple Choice,What does the technological abbreviation 'USB' stand for in computer cables and ports?,A) Universal System Bus | B) Unified Serial Board | C) Ultra Speed Byte | D) Universal Serial Bus,D
371,General Knowledge,Easy,Typing,What is the basic functional unit of the human nervous system that transmits electrical impulses?,,neuron
372,General Knowledge,Easy,Typing,What is the name of the hottest planet in our solar system due to a runaway greenhouse effect?,,Venus
373,General Knowledge,Easy,Typing,What is the chemical symbol for the element Sodium on the periodic table (from Latin Natrium)?,,Na
374,General Knowledge,Medium,Multiple Choice,What is the name of the two bean-shaped organs in the human body that filter waste products from blood to produce urine?,A) The Kidneys | B) The Adrenal glands | C) The Lungs | D) The Spleen,A
375,General Knowledge,Medium,Multiple Choice,"What is the term for the explosion that marks the violent, catastrophic end of a massive star's life cycle?",A) A Protostar | B) A Supernova | C) A Planetary Nebula | D) A Red Giant,B
376,General Knowledge,Medium,Multiple Choice,Which scientist is considered the 'father of modern genetics' for his 19th-century breeding experiments with pea plants?,A) Charles Darwin | B) Jean-Baptiste Lamarck | C) Gregor Mendel | D) Thomas Hunt Morgan,C
377,General Knowledge,Medium,Multiple Choice,"What is the SI unit of frequency, defined as one cycle per second and named after a German physicist?",A) The Joule | B) The Pascal | C) The Newton | D) The Hertz,D
378,General Knowledge,Medium,Multiple Choice,"Which region of the human brain is located at the back of the head and coordinates voluntary motor movements, balance, and posture?",A) The Cerebellum | B) The Cerebrum | C) The Thalamus | D) The Pons,A
379,General Knowledge,Medium,Multiple Choice,"What is the most abundant chemical element in the universe, making up roughly 75% of all baryonic mass?",A) Helium | B) Hydrogen | C) Carbon | D) Oxygen,B
380,General Knowledge,Medium,Multiple Choice,"What was the name of the telescope launched into low Earth orbit in 1990 by NASA, providing iconic deep-space photographs?",A) James Webb Space Telescope | B) Kepler Space Telescope | C) Hubble Space Telescope | D) Spitzer Space Telescope,C
381,General Knowledge,Medium,Multiple Choice,Which organelle inside plant cells contains chlorophyll and conducts photosynthesis?,A) The Vacuole | B) The Lysosome | C) The Golgi apparatus | D) The Chloroplast,D
382,General Knowledge,Medium,Multiple Choice,"What is the unit of atmospheric pressure in the SI system, equal to one newton per square meter?",A) The Pascal | B) The Bar | C) The Torr | D) The Atmosphere,A
383,General Knowledge,Medium,Typing,"What is the largest moon in the Solar System, orbiting Jupiter and larger than the planet Mercury?",,Ganymede
384,General Knowledge,Medium,Typing,"What is the liquid tissue that makes up about 55% of total human blood volume, carrying cells, proteins, and nutrients?",,plasma
385,General Knowledge,Hard,Multiple Choice,"What is the fundamental theoretical limit on how small a region of space can be measured, approximately 1.616 × 10⁻³⁵ meters?",A) The Bohr radius | B) The Planck Length | C) The Compton wavelength | D) The Fermi distance,B
386,General Knowledge,Hard,Multiple Choice,What is the term for the medical condition where the immune system attacks the myelin sheath insulating nerve fibers in the central nervous system?,A) Parkinson's Disease | B) Amyotrophic Lateral Sclerosis | C) Multiple Sclerosis | D) Huntington's Disease,C
387,General Knowledge,Hard,Multiple Choice,What is the only metal that is liquid at standard room temperature and pressure (20°C / 68°F)?,A) Gallium | B) Francium | C) Cesium | D) Mercury,D
388,General Knowledge,Hard,Multiple Choice,"What is the name of the theoretical boundary at the outer edge of our Solar System, composed of icy planetesimals, from which long-period comets originate?",A) The Oort Cloud | B) The Kuiper Belt | C) The Asteroid Belt | D) The Scattered Disc,A
389,General Knowledge,Hard,Multiple Choice,"Which cellular organelle is responsible for breaking down waste materials, cellular debris, and foreign pathogens using digestive hydrolytic enzymes?",A) The Endoplasmic Reticulum | B) The Lysosome | C) The Centrosome | D) The Peroxisome,B
390,General Knowledge,Hard,Multiple Choice,"What is the cosmological phenomenon where the frequency of light from distant galaxies shifts toward longer, redder wavelengths due to the expansion of the universe?",A) Gravitational lensing | B) Synchrotron radiation | C) Cosmological Redshift | D) The Zeeman effect,C
391,General Knowledge,Hard,Typing,What is the chemical name of the neurotransmitter whose deficiency in the substantia nigra causes Parkinson's disease?,,dopamine
392,General Knowledge,Hard,Typing,What is the name of the astronomical effect where sound or light waves compress as a source moves toward an observer and stretch as it moves away?,,Doppler effect
393,General Knowledge,Hard,Typing,What is the name of the protein in red blood cells that binds and transports oxygen throughout the human body?,,hemoglobin
394,General Knowledge,Easy,Multiple Choice,What is the center point of our solar system around which all eight planets orbit?,A) Jupiter | B) The Moon | C) The Galactic Center | D) The Sun,D
395,General Knowledge,Easy,Multiple Choice,"Which common kitchen appliance uses electromagnetic radiation to excite water molecules in food, heating it rapidly?",A) A Microwave Oven | B) A Toaster | C) A Refrigerator | D) A Dishwasher,A
396,General Knowledge,Easy,Multiple Choice,"What is the human body's normal, average core resting temperature in degrees Celsius?",A) 35.0°C | B) 37.0°C | C) 40.0°C | D) 38.5°C,B
397,General Knowledge,Easy,Multiple Choice,"What is the name of the American entrepreneur who founded SpaceX and Tesla, Inc.?",A) Jeff Bezos | B) Bill Gates | C) Elon Musk | D) Mark Zuckerberg,C
398,General Knowledge,Easy,Multiple Choice,Which organ of the body produces bile to help digest fats in the small intestine?,A) The Spleen | B) The Stomach | C) The Pancreas | D) The Liver,D
399,General Knowledge,Easy,Multiple Choice,What is the primary function of white blood cells (leukocytes) in the human body?,A) Fighting infections and defending against pathogens | B) Transporting oxygen | C) Clotting blood | D) Digesting nutrients,A
400,General Knowledge,Easy,Multiple Choice,What is the name of the force that opposes the relative motion of two surfaces sliding against each other?,A) Gravity | B) Friction | C) Magnetism | D) Tension,B
401,General Knowledge,Easy,Multiple Choice,Which country is traditionally associated with the origin and cultural artistry of sushi and sashimi dishes?,A) China | B) South Korea | C) Japan | D) Thailand,C
402,General Knowledge,Easy,Multiple Choice,What is the most spoken native language in the world by total number of native speakers (over 900 million)?,A) Spanish | B) English | C) Hindi | D) Mandarin Chinese,D
403,General Knowledge,Easy,Multiple Choice,How many days are there in a standard leap year in the Gregorian calendar?,A) 366 days | B) 360 days | C) 364 days | D) 365 days,A
404,General Knowledge,Easy,Multiple Choice,Which weighs more: one kilogram of dry goose feathers or one kilogram of solid iron blocks?,A) The iron blocks | B) They weigh the exact same | C) The feathers | D) It depends on altitude,B
405,General Knowledge,Easy,Multiple Choice,"Which Italian artist painted the famous ceiling of the Sistine Chapel in the Vatican City, including The Creation of Adam?",A) Leonardo da Vinci | B) Raphael | C) Michelangelo Buonarroti | D) Sandro Botticelli,C
406,General Knowledge,Easy,Multiple Choice,What is the traditional Japanese art of paper folding called?,A) Ikebana | B) Bonsai | C) Kirigami | D) Origami,D
407,General Knowledge,Easy,Multiple Choice,"Which country is famous for originating pizza, pasta, and espresso coffee?",A) Italy | B) France | C) Greece | D) Spain,A
408,General Knowledge,Easy,Multiple Choice,What is the primary language spoken in Brazil?,A) Spanish | B) Portuguese | C) French | D) English,B
409,General Knowledge,Easy,Multiple Choice,"How many rings are interlocked on the official flag of the Olympic Games, representing the five inhabited continents?",A) 4 rings | B) 6 rings | C) 5 rings | D) 7 rings,C
410,General Knowledge,Easy,Multiple Choice,Which famous Dutch post-impressionist painter created 'The Starry Night' and 'Sunflowers'?,A) Rembrandt | B) Johannes Vermeer | C) Piet Mondrian | D) Vincent van Gogh,D
411,General Knowledge,Easy,Multiple Choice,"In Greek mythology, who was the king of the Olympian gods, ruler of the sky, and wielder of the thunderbolt?",A) Zeus | B) Poseidon | C) Hades | D) Apollo,A
412,General Knowledge,Easy,Multiple Choice,"What is the name of the annual prize awarded in Sweden and Norway for outstanding contributions in Physics, Chemistry, Medicine, Literature, Peace, and Economics?",A) The Pulitzer Prize | B) The Nobel Prize | C) The Fields Medal | D) The Abel Prize,B
413,General Knowledge,Easy,Multiple Choice,"Which European country is famous for inventing croissants, baguettes, and fine cheeses such as Camembert?",A) Italy | B) Switzerland | C) France | D) Germany,C
414,General Knowledge,Easy,Multiple Choice,What is the official currency of the United Kingdom?,A) The Euro | B) The Dollar | C) The Franc | D) The Pound Sterling,D
415,General Knowledge,Easy,Multiple Choice,Which ancient epic poem attributed to Homer tells the story of the Trojan War and the wrath of Achilles?,A) The Iliad | B) The Odyssey | C) The Aeneid | D) The Epic of Gilgamesh,A
416,General Knowledge,Easy,Multiple Choice,What musical instrument with 88 black and white keys was invented in Italy by Bartolomeo Cristofori around 1700?,A) The Harpsichord | B) The Piano | C) The Organ | D) The Accordion,B
417,General Knowledge,Easy,Multiple Choice,"In Egyptian mythology, which jackal-headed deity was the god of mummification and guide of souls into the afterlife?",A) Osiris | B) Horus | C) Anubis | D) Seth,C
418,General Knowledge,Easy,Multiple Choice,Which country is the largest producer of coffee beans in the world?,A) Colombia | B) Ethiopia | C) Vietnam | D) Brazil,D
419,General Knowledge,Easy,Multiple Choice,How many players are on the field for one team during a standard soccer (association football) match?,A) 11 players | B) 9 players | C) 10 players | D) 12 players,A
420,General Knowledge,Easy,Multiple Choice,Which Spanish painter and sculptor co-founded the Cubist movement and painted 'Guernica'?,A) Salvador Dalí | B) Pablo Picasso | C) Francisco Goya | D) Diego Velázquez,B
421,General Knowledge,Easy,Multiple Choice,What is the traditional garment worn in Japan consisting of a full-length T-shaped robe with long sleeves tied with an obi sash?,A) Sari | B) Hanbok | C) Kimono | D) Cheongsam,C
422,General Knowledge,Easy,Multiple Choice,Which ancient Greek epic poem describes Odysseus's ten-year journey home to Ithaca after the fall of Troy?,A) The Iliad | B) The Theogony | C) The Argonautica | D) The Odyssey,D
423,General Knowledge,Easy,Typing,"What is the name of the most prestigious annual international awards in the film industry, presented by the AMPAS (also known as the Oscars)?",,Academy Awards
424,General Knowledge,Easy,Typing,What is the official language of Egypt and Saudi Arabia?,,Arabic
425,General Knowledge,Easy,Typing,Who painted the iconic surrealist artwork 'The Persistence of Memory' featuring melting pocket watches in 1931?,,Salvador Dali
426,General Knowledge,Easy,Typing,"What is the traditional Mexican dish consisting of a folded or rolled tortilla filled with meat, cheese, or beans?",,taco
427,General Knowledge,Medium,Multiple Choice,"In Norse mythology, what is the name of the great hall located in Asgard where warriors slain in battle are welcomed by Odin?",A) Valhalla | B) Folkvangr | C) Helheim | D) Midgard,A
428,General Knowledge,Medium,Multiple Choice,"Which Austrian composer was a child prodigy who composed over 600 works, including 'The Magic Flute' and 'Requiem', before dying at age 35?",A) Ludwig van Beethoven | B) Wolfgang Amadeus Mozart | C) Johann Sebastian Bach | D) Franz Schubert,B
429,General Knowledge,Medium,Multiple Choice,"What is the world's oldest continuously operating university, founded in Fez, Morocco in 859 AD by Fatima al-Fihri?",A) The University of Bologna | B) The University of Oxford | C) The University of al-Qarawiyyin | D) The University of Paris,C
430,General Knowledge,Medium,Multiple Choice,Which famous Spanish novel written by Miguel de Cervantes in two parts (1605 and 1615) is considered one of the first modern novels in literature?,A) One Hundred Years of Solitude | B) The Shadow of the Wind | C) Ficciones | D) Don Quixote,D
431,General Knowledge,Medium,Multiple Choice,"In Roman mythology, who was the god of war, equivalent to the Greek god Ares?",A) Mars | B) Jupiter | C) Neptune | D) Vulcan,A
432,General Knowledge,Medium,Multiple Choice,"What is the name of the traditional fermented Korean side dish made primarily of salted napa cabbage and radishes seasoned with chili powder, garlic, and ginger?",A) Bibimbap | B) Kimchi | C) Bulgogi | D) Tteokbokki,B
433,General Knowledge,Medium,Multiple Choice,"Which Japanese concept translates roughly to 'a reason for being' or the intersection of passion, mission, vocation, and profession?",A) Wabi-sabi | B) Kaizen | C) Ikigai | D) Kintsugi,C
434,General Knowledge,Medium,Multiple Choice,"Who wrote the classic dystopian novel 'Nineteen Eighty-Four' (1984) introducing concepts like Big Brother, Thoughtcrime, and Newspeak?",A) Aldous Huxley | B) Ray Bradbury | C) Arthur Koestler | D) George Orwell,D
435,General Knowledge,Medium,Multiple Choice,"What is the traditional stringed instrument of India with a long hollow neck and movable frets, popularized in the West by Ravi Shankar?",A) Sitar | B) Sarod | C) Veena | D) Tambura,A
436,General Knowledge,Medium,Multiple Choice,"In Egyptian mythology, what was the feather of truth used to weigh against the deceased person's heart in the Hall of Two Truths?",A) The Feather of Isis | B) The Feather of Ma'at | C) The Feather of Hathor | D) The Feather of Nut,B
437,General Knowledge,Medium,Multiple Choice,"What is the national flower and symbol of Japan, celebrated annually during spring hanami flower-viewing festivals?",A) Chrysanthemum | B) Lotus | C) Cherry Blossom | D) Plum Blossom,C
438,General Knowledge,Medium,Multiple Choice,"Which German composer continued to write revolutionary musical masterpieces, including his Ninth Symphony ('Ode to Joy'), after becoming completely deaf?",A) Johannes Brahms | B) Richard Wagner | C) Johann Sebastian Bach | D) Ludwig van Beethoven,D
439,General Knowledge,Medium,Multiple Choice,"What is the name of the traditional South American caffeinated tea-like infusion made from the dried leaves of Ilex paraguariensis, drunk through a metal straw (bombilla)?",A) Yerba Mate | B) Rooibos | C) Guayusa | D) Matcha,A
440,General Knowledge,Medium,Multiple Choice,"What is the capital of the Roman Catholic Church, located as an independent sovereign enclave inside Rome?",A) Monaco | B) Vatican City | C) San Marino | D) Andorra,B
441,General Knowledge,Medium,Typing,"What is the name of the famous 14th-century Italian epic poem written by Dante Alighieri depicting the Inferno, Purgatorio, and Paradiso?",,Divine Comedy
442,General Knowledge,Medium,Typing,What is the traditional Japanese art of repairing broken pottery with gold or silver lacquer called?,,kintsugi
443,General Knowledge,Hard,Multiple Choice,"Which ancient language of the Indo-European family is the classical language of Hinduism and the sacred liturgical language of the Vedas, Upanishads, and Gita?",A) Prakrit | B) Pali | C) Sanskrit | D) Avestan,C
444,General Knowledge,Hard,Multiple Choice,What is the only official language in the world that has no known living linguistic relatives (a complete language isolate spoken in northern Spain and southwestern France)?,A) Catalan | B) Galician | C) Breton | D) Basque,D
445,General Knowledge,Hard,Multiple Choice,"In Greek mythology, who was the titan condemned to hold up the celestial heavens on his shoulders for eternity?",A) Atlas | B) Prometheus | C) Epimetheus | D) Cronus,A
446,General Knowledge,Hard,Multiple Choice,"What is the name of the traditional polyphonic chanting of monks and the oldest recorded form of Western sacred music, named after Pope Gregory I?",A) Ambrosian Chant | B) Gregorian Chant | C) Mozarabic Chant | D) Byzantine Chant,B
447,General Knowledge,Hard,Multiple Choice,Which 11th-century Japanese literary masterpiece written by noblewoman Murasaki Shikibu is widely celebrated as the world's first novel?,A) The Pillow Book | B) Essays in Idleness | C) The Tale of Genji | D) The Tale of the Heike,C
448,General Knowledge,Hard,Multiple Choice,"In philosophy, which ancient Greek philosophical school founded by Zeno of Citium taught that virtue, reason, and self-control over destructive emotions lead to true tranquility?",A) Epicureanism | B) Cynicism | C) Skepticism | D) Stoicism,D
449,General Knowledge,Hard,Multiple Choice,"What is the world's most endangered family of musical instruments, of which the Stradivarius and Guarneri violins built in Cremona, Italy during the 17th and 18th centuries are legendary examples?",A) The Cremonese String Instruments | B) The Woodwinds | C) The Pipe Organs | D) The Harps,A
450,General Knowledge,Hard,Multiple Choice,"In Norse mythology, what is the name of the colossal ash tree that connects and supports the nine worlds of the Norse cosmos?",A) Nastrond | B) Yggdrasil | C) Bifrost | D) Hvergelmir,B
451,General Knowledge,Hard,Typing,What is the name of the mythical bird that is cyclically regenerated or reborn from its own ashes?,,phoenix
452,General Knowledge,Medium,Typing,"What is the name of the ancient Greek physician often referred to as the 'Father of Medicine', after whom the ethical oath taken by doctors is named?",,Hippocrates
453,General Knowledge,Hard,Typing,"What is the term for a word borrowed from another language without translation (such as 'cliché', 'déjà vu', or 'schadenfreude')?",,loanword
454,General Knowledge,Easy,Multiple Choice,"Which international sports event is held every four years, featuring both Summer and Winter games for athletes worldwide?",A) The World Cup | B) The Commonwealth Games | C) The Olympic Games | D) The Pan American Games,C
455,General Knowledge,Easy,Multiple Choice,What is the primary color obtained by mixing blue paint with yellow paint?,A) Purple | B) Orange | C) Brown | D) Green,D
456,General Knowledge,Easy,Multiple Choice,Which country is famous for originating the sport of cricket and the game of golf?,A) Great Britain | B) The United States | C) Australia | D) Canada,A
457,General Knowledge,Easy,Multiple Choice,What is the name of the famous theater in London closely associated with William Shakespeare and his playing company?,A) The Royal Opera House | B) The Globe Theatre | C) The West End Theatre | D) The National Theatre,B
458,General Knowledge,Easy,Multiple Choice,"Which famous fairytale author from Denmark wrote 'The Little Mermaid', 'The Ugly Duckling', and 'The Emperor's New Clothes'?",A) The Brothers Grimm | B) Charles Perrault | C) Hans Christian Andersen | D) Lewis Carroll,C
459,General Knowledge,Easy,Multiple Choice,"What is the traditional hot soup in Japanese cuisine made of fermented soybean paste, dashi stock, and tofu?",A) Ramen | B) Udon | C) Tom Yum | D) Miso Soup,D
460,General Knowledge,Easy,Multiple Choice,Which country is famous for the carnival festival of Rio de Janeiro and the Samba dance?,A) Brazil | B) Argentina | C) Colombia | D) Cuba,A
461,General Knowledge,Easy,Multiple Choice,"What is the name of the Greek goddess of wisdom, warfare, and handicraft, after whom the city of Athens was named?",A) Hera | B) Athena | C) Aphrodite | D) Artemis,B
462,General Knowledge,Easy,Multiple Choice,What is the name of the traditional French layered pastry made of alternating puff pastry and pastry cream (literally 'a thousand leaves')?,A) Éclair | B) Croissant | C) Mille-feuille | D) Macaron,C
463,General Knowledge,Easy,Multiple Choice,Which ancient wonder of the world is the only one that still remains largely intact today?,A) The Hanging Gardens of Babylon | B) The Colossus of Rhodes | C) The Lighthouse of Alexandria | D) The Great Pyramid of Giza,D
464,General Knowledge,Easy,Multiple Choice,What is the national currency of the United States of America?,A) The US Dollar | B) The Pound | C) The Euro | D) The Peso,A
465,General Knowledge,Easy,Multiple Choice,"In Roman mythology, who was the god of the sea, earthquakes, and horses, equivalent to the Greek god Poseidon?",A) Jupiter | B) Neptune | C) Pluto | D) Mercury,B
466,General Knowledge,Easy,Multiple Choice,"Which European country is famous for the architectural masterpieces of Antoni Gaudí, including the Sagrada Família in Barcelona?",A) Italy | B) Portugal | C) Spain | D) France,C
467,General Knowledge,Easy,Multiple Choice,"What is the name of the traditional Italian frozen dessert made with milk, sugar, and flavorings, denser than regular American ice cream?",A) Sorbet | B) Granita | C) Custard | D) Gelato,D
468,General Knowledge,Easy,Multiple Choice,Which famous author wrote the fantasy novel series 'The Lord of the Rings' and 'The Hobbit'?,A) J.R.R. Tolkien | B) C.S. Lewis | C) George R.R. Martin | D) Roald Dahl,A
469,General Knowledge,Easy,Multiple Choice,What is the color of the cross on the national flag of Switzerland?,A) Red | B) White | C) Blue | D) Yellow,B
470,General Knowledge,Easy,Multiple Choice,Which Italian Renaissance sculptor created the famous marble masterpiece 'David' and the 'Pietà'?,A) Donatello | B) Raphael | C) Michelangelo | D) Bernini,C
471,General Knowledge,Easy,Typing,"What is the primary language spoken natively in Germany, Austria, and parts of Switzerland?",,German
472,General Knowledge,Easy,Typing,What is the name of the traditional Scottish skirt-like garment made of tartan cloth?,,kilt
473,General Knowledge,Easy,Typing,Who painted 'The Scream' in 1893 depicting an agonized figure against a blood-red sky?,,Edvard Munch
474,General Knowledge,Medium,Multiple Choice,"In Chinese culture, how many animal signs make up the repeating 12-year lunar zodiac cycle (e.g. Rat, Ox, Tiger, Dragon)?",A) 10 animal signs | B) 8 animal signs | C) 16 animal signs | D) 12 animal signs,D
475,General Knowledge,Medium,Multiple Choice,Which 19th-century French author wrote the classic novels 'Les Misérables' and 'The Hunchback of Notre-Dame'?,A) Victor Hugo | B) Gustave Flaubert | C) Émile Zola | D) Alexandre Dumas,A
476,General Knowledge,Medium,Multiple Choice,"What is the national musical instrument of Scotland, consisting of a bag with enclosed pipes and drones?",A) The Accordion | B) The Great Highland Bagpipe | C) The Fiddle | D) The Harp,B
477,General Knowledge,Medium,Multiple Choice,"In Greek mythology, who flew too close to the Sun with wings made of feathers and wax, causing the wax to melt?",A) Daedalus | B) Perseus | C) Icarus | D) Bellerophon,C
478,General Knowledge,Medium,Multiple Choice,What is the name of the traditional Italian dessert made of coffee-dipped ladyfingers layered with mascarpone cheese and cocoa powder?,A) Panna Cotta | B) Cannoli | C) Zabaglione | D) Tiramisu,D
479,General Knowledge,Medium,Multiple Choice,Which Russian author wrote the epic novels 'War and Peace' and 'Anna Karenina'?,A) Leo Tolstoy | B) Fyodor Dostoevsky | C) Anton Chekhov | D) Ivan Turgenev,A
480,General Knowledge,Medium,Multiple Choice,"In Roman mythology, who was the goddess of love, beauty, and fertility, equivalent to the Greek goddess Aphrodite?",A) Minerva | B) Venus | C) Diana | D) Juno,B
481,General Knowledge,Medium,Multiple Choice,"What is the traditional martial art and national sport of Thailand, known as the 'Art of Eight Limbs'?",A) Taekwondo | B) Karate | C) Muay Thai | D) Judo,C
482,General Knowledge,Medium,Typing,What is the name of the sacred river in India worshipped by Hindus as the goddess Ganga?,,Ganges
483,General Knowledge,Medium,Typing,Which country is famous for the traditional Argentine tango dance?,,Argentina
484,General Knowledge,Hard,Multiple Choice,"In philosophy, what famous thought experiment by French philosopher René Descartes asks if an evil demon could be deceiving our sensory perceptions?",A) The Ship of Theseus | B) The Chinese Room | C) The Trolley Problem | D) The Evil Demon,D
485,General Knowledge,Hard,Multiple Choice,"Which Russian author wrote 'Crime and Punishment', 'The Brothers Karamazov', and 'Notes from Underground'?",A) Fyodor Dostoevsky | B) Leo Tolstoy | C) Nikolai Gogol | D) Mikhail Bulgakov,A
486,General Knowledge,Hard,Multiple Choice,What is the ancient Greek concept of excessive pride or dangerous self-confidence that often leads to a protagonist's downfall in tragedy?,A) Catharsis | B) Hubris | C) Hamartia | D) Mimesis,B
487,General Knowledge,Hard,Multiple Choice,"In Japanese aesthetics, what philosophy embraces the beauty of imperfection, impermanence, and simplicity in natural objects?",A) Yugen | B) Mono no aware | C) Wabi-sabi | D) Kintsugi,C
488,General Knowledge,Hard,Multiple Choice,Which Italian Baroque master was famous for his dramatic use of chiaroscuro and tenebrism in paintings like 'The Calling of Saint Matthew'?,A) Artemisia Gentileschi | B) Gian Lorenzo Bernini | C) Annibale Carracci | D) Caravaggio,D
489,General Knowledge,Hard,Multiple Choice,"What is the name of the oldest surviving written epic in Old English literature, recounting the hero's battle against the monster Grendel?",A) Beowulf | B) The Canterbury Tales | C) Sir Gawain and the Green Knight | D) The Faerie Queene,A
490,General Knowledge,Hard,Multiple Choice,"In Hindu philosophy and mythology, what is the cycle of death and rebirth (reincarnation) to which life in the material world is bound?",A) Moksha | B) Samsara | C) Dharma | D) Karma,B
491,General Knowledge,Hard,Typing,What is the ancient metaphysical riddle concerning whether an object that has had all of its components replaced remains fundamentally the same object?,,Ship of Theseus
492,General Knowledge,Hard,Typing,What is the name of the German term for the pleasure derived from another person's misfortune?,,schadenfreude
493,General Knowledge,Hard,Typing,"What is the famous philosophical dictum formulated by René Descartes in Latin: 'Cogito, ergo sum' translated into English ('I think, therefore ...')?",,I am
494,General Knowledge,Easy,Multiple Choice,"What is the traditional stringed instrument with 4 strings tuned in fifths, played with a horsehair bow, prominent in classical orchestras?",A) The Guitar | B) The Harp | C) The Violin | D) The Flute,C
495,General Knowledge,Easy,Multiple Choice,Which fruit is famous as the traditional symbol of hospitality and is featured prominently on tropical resort emblems?,A) The Coconut | B) The Mango | C) The Banana | D) The Pineapple,D
496,General Knowledge,Easy,Multiple Choice,In which sport do players compete at the Wimbledon Championships played on outdoor grass courts?,A) Tennis | B) Cricket | C) Golf | D) Badminton,A
497,General Knowledge,Easy,Multiple Choice,"What is the name of the world's most famous and visited art museum, located in Paris and home to the Mona Lisa?",A) The British Museum | B) The Louvre | C) The Prado | D) The Metropolitan Museum,B
498,General Knowledge,Easy,Multiple Choice,What is the color of the five-pointed star in the center of the national flag of Vietnam?,A) White | B) Blue | C) Yellow | D) Black,C
499,General Knowledge,Easy,Multiple Choice,"Which popular Italian dessert consists of fried pastry dough tubes filled with sweet, creamy ricotta filling?",A) Tiramisu | B) Panna Cotta | C) Biscotti | D) Cannoli,D
500,General Knowledge,Easy,Multiple Choice,"What is the name of the highest mountain in Japan, famous for its symmetrical snow-capped volcanic cone?",A) Mount Fuji | B) Mount Hotaka | C) Mount Tate | D) Mount Haku,A
