number,subject,difficulty,question_type,question,multiple_choices,answer
1,History,Easy,Multiple Choice,Which ancient river valley civilization developed along the banks of the Nile River in Northeast Africa?,A) Ancient Egypt | B) Mesopotamia | C) Indus Valley | D) Ancient Greece,A
2,History,Easy,Multiple Choice,"Who was the first Emperor of Rome, who ruled following the fall of the Roman Republic and initiated the Pax Romana?",A) Julius Caesar | B) Augustus | C) Nero | D) Caligula,B
3,History,Easy,Multiple Choice,"Which ancient Greek city-state was famous for its fierce military discipline, warrior ethos, and two kings?",A) Athens | B) Corinth | C) Sparta | D) Thebes,C
4,History,Easy,Multiple Choice,What massive stone tomb complex on the Giza plateau was built for the Fourth Dynasty Pharaoh Khufu?,A) The Step Pyramid of Djoser | B) The Red Pyramid | C) The Valley of the Kings | D) The Great Pyramid of Giza,D
5,History,Easy,Multiple Choice,"Which Babylonian king is renowned for establishing one of the earliest written legal codes, based on 'an eye for an eye'?",A) Hammurabi | B) Nebuchadnezzar II | C) Sargon of Akkad | D) Gilgamesh,A
6,History,Easy,Multiple Choice,"In 44 BC, which Roman dictator was assassinated on the Ides of March (March 15) by a group of senators including Brutus?",A) Mark Antony | B) Julius Caesar | C) Pompey the Great | D) Cicero,B
7,History,Easy,Multiple Choice,"What decisive 490 BC battle saw the Athenian army defeat a much larger Persian invasion force, inspiring a famous modern running distance?",A) Battle of Thermopylae | B) Battle of Salamis | C) Battle of Marathon | D) Battle of Plataea,C
8,History,Easy,Multiple Choice,"Who was the famous young boy-king of Egypt whose nearly intact, gold-filled tomb was discovered in 1922 by Howard Carter?",A) Akhenaten | B) Ramses II | C) Thutmose III | D) Tutankhamun,D
9,History,Easy,Multiple Choice,Which young Macedonian king conquered the Persian Empire and created an empire stretching from Greece to northwestern India before dying at age 32?,A) Alexander the Great | B) Philip II | C) Pericles | D) Seleucus,A
10,History,Easy,Multiple Choice,What Carthagenian general famously marched war elephants across the Alps to invade the Italian peninsula during the Second Punic War?,A) Hamilcar Barca | B) Hannibal Barca | C) Hasdrubal | D) Scipio Africanus,B
11,History,Easy,Multiple Choice,"What form of government, literally meaning 'rule by the people', was pioneered in the ancient Greek city-state of Athens in the 5th century BC?",A) Oligarchy | B) Monarchy | C) Democracy | D) Tyranny,C
12,History,Easy,Multiple Choice,What writing system composed of wedge-shaped impressions on clay tablets was developed by the ancient Sumerians in Mesopotamia?,A) Hieroglyphics | B) Phoenician alphabet | C) Linear B | D) Cuneiform,D
13,History,Easy,Multiple Choice,"Who was the last active ruler of the Ptolemaic Kingdom of Egypt, famous for her relationships with Julius Caesar and Mark Antony?",A) Cleopatra VII | B) Nefertiti | C) Hatshepsut | D) Arsinoe IV,A
14,History,Easy,Multiple Choice,"What massive amphitheater in Rome, completed under Emperor Titus in 80 AD, hosted gladiatorial combats and public spectacles?",A) The Circus Maximus | B) The Colosseum | C) The Pantheon | D) The Roman Forum,B
15,History,Easy,Multiple Choice,"In 480 BC, which Spartan king led a legendary stand of 300 Spartans and their Greek allies against the Persian host at the mountain pass of Thermopylae?",A) Pausanias | B) Agis II | C) Leonidas I | D) Cleomenes,C
16,History,Easy,Multiple Choice,"Which first Emperor of a unified China standardized weights, measures, and writing, and was buried with the Terracotta Army?",A) Han Wudi | B) Tang Taizong | C) Kublai Khan | D) Qin Shi Huang,D
17,History,Easy,Multiple Choice,"What river did Julius Caesar cross with his legion in 49 BC, committing treason against the Senate and sparking civil war with the phrase 'Alea iacta est'?",A) The Rubicon | B) The Tiber | C) The Danube | D) The Rhine,A
18,History,Easy,Multiple Choice,"Which ancient trading people of the Mediterranean coast created the first widespread phonetic alphabet, which influenced the Greek and Latin alphabets?",A) Hittites | B) Phoenicians | C) Philistines | D) Babylonians,B
19,History,Easy,Multiple Choice,What monumental temple dedicated to the goddess Athena was built atop the Acropolis of Athens under the leadership of Pericles?,A) The Temple of Zeus | B) The Erechtheion | C) The Parthenon | D) The Temple of Apollo,C
20,History,Easy,Multiple Choice,"What ancient Mesopotamian wonder, allegedly built by King Nebuchadnezzar II for his homesick wife Amytis, was one of the Seven Wonders of the Ancient World?",A) The Colossus of Rhodes | B) The Lighthouse of Alexandria | C) The Mausoleum at Halicarnassus | D) The Hanging Gardens of Babylon,D
21,History,Easy,Multiple Choice,What 200-year era of relative peace and stability across the Roman Empire began with the reign of Augustus?,A) Pax Romana | B) Pax Mongolica | C) Belle Epoque | D) Pax Britannica,A
22,History,Easy,Multiple Choice,"Which female pharaoh of Egypt's Eighteenth Dynasty ruled for over two decades, famously depicted wearing the traditional pharaonic false beard?",A) Nefertiti | B) Hatshepsut | C) Cleopatra | D) Sobekneferu,B
23,History,Easy,Multiple Choice,What series of three devastating wars was fought between the Roman Republic and the North African empire of Carthage from 264 to 146 BC?,A) The Peloponnesian Wars | B) The Persian Wars | C) The Punic Wars | D) The Gallic Wars,C
24,History,Easy,Multiple Choice,Which Greek philosopher was sentenced to death in Athens in 399 BC by drinking hemlock on charges of corrupting the youth?,A) Plato | B) Aristotle | C) Epicurus | D) Socrates,D
25,History,Easy,Multiple Choice,"What granite artifact discovered in Egypt in 1799 by French soldiers contained a decree inscribed in hieroglyphs, Demotic, and Greek, unlocking Egyptian translation?",A) The Rosetta Stone | B) The Narmer Palette | C) The Papyrus of Ani | D) The Palermo Stone,A
26,History,Easy,Multiple Choice,"What ancient network of trade routes connected China, Central Asia, India, and the Mediterranean world for centuries?",A) The Royal Road | B) The Silk Road | C) The Amber Road | D) The Incense Route,B
27,History,Easy,Multiple Choice,What Roman city near modern Naples was buried and preserved under volcanic ash and pumice during the eruption of Mount Vesuvius in 79 AD?,A) Ostia | B) Capua | C) Pompeii | D) Ravenna,C
28,History,Easy,Multiple Choice,"Who founded the Achaemenid Persian Empire in the 6th century BC, known for his cylinder declaring human rights and freeing the Jews from Babylon?",A) Darius the Great | B) Xerxes I | C) Artaxerxes | D) Cyrus the Great,D
29,History,Easy,Multiple Choice,What long war (431-404 BC) was fought between the Delian League led by Athens and the Peloponnesian League led by Sparta?,A) The Peloponnesian War | B) The Trojan War | C) The Corinthian War | D) The Punic War,A
30,History,Easy,Multiple Choice,"Which long-reigning Nineteenth Dynasty Pharaoh ruled Egypt for 66 years, built Abu Simbel, and fought the Hittites at the Battle of Kadesh?",A) Thutmose I | B) Ramses II | C) Amenhotep III | D) Seti I,B
31,History,Easy,Multiple Choice,"In ancient Roman society, what term denoted the wealthy aristocratic noble class, in contrast to the common plebeian class?",A) Equites | B) Tribune | C) Patricians | D) Proletariat,C
32,History,Easy,Multiple Choice,What massive defensive fortification spanning northern England was built by the Roman Emperor who ordered it in 122 AD to keep out northern tribes?,A) The Antonine Wall | B) Servian Wall | C) Aurelian Walls | D) Hadrian's Wall,D
33,History,Easy,Multiple Choice,What Mesopotamian ruler united the city-states of Sumer and Akkad in the 24th century BC to create history's first recorded multi-ethnic empire?,A) Sargon of Akkad | B) Ur-Nammu | C) Naram-Sin | D) Ashurbanipal,A
34,History,Easy,Multiple Choice,What Egyptian pharaoh abandoned traditional polytheism to establish a monotheistic worship centered on the solar disk Aten?,A) Tutankhamun | B) Akhenaten | C) Ramses I | D) Horemheb,B
35,History,Easy,Multiple Choice,"In 480 BC, what naval battle in the straits near Athens saw the outnumbered Greek fleet utterly crush the Persian fleet of Xerxes?",A) Battle of Actium | B) Battle of Lepanto | C) Battle of Salamis | D) Battle of Navarino,C
36,History,Easy,Multiple Choice,Which Thracian gladiator led a major slave revolt against the Roman Republic from 73 to 71 BC in the Third Servile War?,A) Crixus | B) Oenomaus | C) Gannicus | D) Spartacus,D
37,History,Easy,Multiple Choice,"What ancient library in Egypt, founded during the Ptolemaic dynasty, was one of the largest and most significant libraries of the ancient world?",A) The Library of Alexandria | B) The Library of Pergamum | C) The Library of Celsus | D) The Library of Ashurbanipal,A
38,History,Easy,Multiple Choice,"Which Roman general defeated Hannibal at the Battle of Zama in 202 BC, ending the Second Punic War and earning an honorific surname?",A) Fabius Maximus | B) Scipio Africanus | C) Marcus Marcellus | D) Cato the Elder,B
39,History,Easy,Multiple Choice,"What ancient bronze-age civilization flourished on the island of Crete, centered at the palace complex of Knossos?",A) Mycenaean civilization | B) Cycladic civilization | C) Minoan civilization | D) Etruscan civilization,C
40,History,Easy,Multiple Choice,Who was the Roman emperor who made Christianity the favored religion of the empire and moved the capital to Byzantium (Constantinople) in 330 AD?,A) Diocletian | B) Marcus Aurelius | C) Trajan | D) Constantine the Great,D
41,History,Easy,Multiple Choice,What year is traditionally cited by historians as marking the fall of the Western Roman Empire when Romulus Augustulus was deposed?,A) 476 AD | B) 410 AD | C) 395 AD | D) 500 AD,A
42,History,Easy,Multiple Choice,What legendary military formation of heavily armored Greek hoplites marched shoulder-to-shoulder with overlapping shields and projecting spears?,A) The Legion | B) The Phalanx | C) The Cohort | D) The Century,B
43,History,Easy,Multiple Choice,"What famous twin brothers, according to Roman myth, were suckled by a she-wolf and founded the city of Rome in 753 BC?",A) Castor and Pollux | B) Hector and Paris | C) Romulus and Remus | D) Tiberius and Gaius,C
44,History,Easy,Typing,What 4-letter river in Egypt provided the annual life-giving floods that sustained ancient Egyptian civilization?,,Nile
45,History,Easy,Typing,What 4-letter name belonged to the ancient city founded by Romulus in 753 BC that became the heart of a world empire?,,Rome
46,History,Easy,Typing,What 6-letter name belonged to the fierce warrior Greek city-state that defeated Athens in the Peloponnesian War?,,Sparta
47,History,Easy,Typing,"What 6-letter name belonged to the first Roman Emperor, originally named Octavian, who began the Pax Romana?",,Augustus
48,History,Easy,Typing,What 6-letter name belonged to the Carthaginian general who led war elephants over the Alps against Rome?,,Hannibal
49,History,Easy,Typing,What 7-letter title was given to the ancient monarch rulers and living gods of Egypt?,,pharaoh
50,History,Easy,Typing,What 7-letter name belonged to the Athenian philosopher sentenced to death by drinking hemlock in 399 BC?,,Socrates
51,History,Medium,Multiple Choice,"What ancient peace treaty, signed in 1259 BC between Pharaoh Ramses II and King Hattusili III, is the earliest recorded international peace treaty in history?",A) The Treaty of Versailles | B) The Peace of Callias | C) The Treaty of Nicias | D) The Treaty of Kadesh,D
52,History,Medium,Multiple Choice,"In the Roman Republic, what two chief magistrates were elected annually to govern the state and command the army?",A) Consuls | B) Tribunes | C) Praetors | D) Censors,A
53,History,Medium,Multiple Choice,"Which ancient Assyrian king assembled a vast royal collection of over 30,000 cuneiform clay tablets in Nineveh, preserving the Epic of Gilgamesh?",A) Sennacherib | B) Ashurbanipal | C) Tiglath-Pileser III | D) Shalmaneser V,B
54,History,Medium,Multiple Choice,"In 31 BC, what decisive naval battle fought off the coast of Greece saw Octavian defeat the combined fleets of Mark Antony and Cleopatra?",A) Battle of Salamis | B) Battle of Cannae | C) Battle of Actium | D) Battle of Pharsalus,C
55,History,Medium,Multiple Choice,"What Athenian statesman led the Golden Age of Athens, promoted arts and democracy, and delivered the famous Funeral Oration recorded by Thucydides?",A) Solon | B) Cleisthenes | C) Themistocles | D) Pericles,D
56,History,Medium,Multiple Choice,"In 216 BC, what battle in southern Italy saw Hannibal execute a classic double-envelopment maneuver, annihilating up to 70,000 Roman soldiers?",A) Battle of Cannae | B) Battle of Lake Trasimene | C) Battle of Trebia | D) Battle of Zama,A
57,History,Medium,Multiple Choice,What 6th-century BC Athenian lawmaker laid the foundational groundwork for Athenian democracy by eliminating debt slavery and restructuring citizenship?,A) Draco | B) Solon | C) Peisistratos | D) Ephialtes,B
58,History,Medium,Multiple Choice,Which Roman Emperor famously built a lavish Golden Palace (Domus Aurea) and blamed Christians for the Great Fire of Rome in 64 AD?,A) Caligula | B) Tiberius | C) Nero | D) Domitian,C
59,History,Medium,Multiple Choice,What monumental step pyramid complex at Saqqara was engineered by the royal architect Imhotep for his pharaoh?,A) Sneferu | B) Menkaure | C) Unas | D) Djoser,D
60,History,Medium,Multiple Choice,"What Roman political alliance formed in 60 BC consisted of Julius Caesar, Pompey the Great, and Marcus Licinius Crassus?",A) The First Triumvirate | B) The Second Triumvirate | C) The Senate Council | D) The Gracchi Coalition,A
61,History,Medium,Multiple Choice,What ancient Persian king built the royal ceremonial capital of Persepolis and expanded the empire to its territorial peak?,A) Cambyses II | B) Darius I | C) Cyrus the Younger | D) Xerxes II,B
62,History,Medium,Multiple Choice,"Which Stoic philosopher served as Roman Emperor from 161 to 180 AD, penning his personal philosophical reflections in 'Meditations' during military campaigns?",A) Trajan | B) Hadrian | C) Marcus Aurelius | D) Antoninus Pius,C
63,History,Medium,Multiple Choice,What military league of Greek city-states was formed in 478 BC on a sacred Aegean island to continue fighting the Persian Empire?,A) The Peloponnesian League | B) The Achaean League | C) The Boeotian League | D) The Delian League,D
64,History,Medium,Multiple Choice,"Which Mauryan Emperor of India converted to Buddhism after witnessing the horrific bloodshed of the Kalinga War around 261 BC, carving rock edicts across the subcontinent?",A) Ashoka the Great | B) Chandragupta Maurya | C) Bindusara | D) Harsha,A
65,History,Medium,Multiple Choice,"In 378 AD, what catastrophic Roman defeat against the Visigoths saw Emperor Valens killed on the battlefield, severely weakening the Eastern Empire?",A) Battle of the Catalaunian Plains | B) Battle of Adrianople | C) Battle of Chalons | D) Battle of Milvian Bridge,B
66,History,Medium,Multiple Choice,"Which ancient civilization in the Indus River basin was renowned for its sophisticated urban planning, baked-brick houses, and the Great Bath?",A) Mesopotamia | B) Sumer | C) Harappan Civilization | D) Elam,C
67,History,Medium,Multiple Choice,What Roman general reformed the army in 107 BC by abolishing landownership requirements and creating a professional standing army loyal to generals?,A) Lucius Cornelius Sulla | B) Gnaeus Pompeius | C) Scipio Aemilianus | D) Gaius Marius,D
68,History,Medium,Multiple Choice,"What Persian royal highway, stretching over 1,600 miles from Susa to Sardis, enabled rapid couriers to deliver messages across the empire in days?",A) The Royal Road | B) The King's Highway | C) The Silk Highway | D) The Appian Way,A
69,History,Medium,Multiple Choice,"What ancient Greek conflict (338 BC) at Chaeronea saw Philip II of Macedon crush the allied forces of Athens and Thebes, ending Greek city-state independence?",A) Battle of Mantinea | B) Battle of Chaeronea | C) Battle of Leuctra | D) Battle of Coronea,B
70,History,Medium,Multiple Choice,Which Roman Emperor officially divided the administration of the Roman Empire into the Western and Eastern halves under the Tetrarchy system in 293 AD?,A) Constantine | B) Aurelian | C) Diocletian | D) Claudius Gothicus,C
71,History,Medium,Multiple Choice,"In 494 BC, what dramatic protest tactic did the Roman plebeians use against patrician debt abuse by walking out of the city en masse?",A) The Gracchi Revolt | B) The Social War | C) The Catiline Conspiracy | D) Secessio Plebis,D
72,History,Medium,Multiple Choice,What ancient civilization centered in modern-day Lebanon was famous for harvesting and trading luxury Tyrian purple dye extracted from sea snails?,A) Phoenicians | B) Philistines | C) Aramaeans | D) Nabataeans,A
73,History,Medium,Multiple Choice,"Which Roman Emperor expanded the empire to its maximum territorial extent in 117 AD, conquering Dacia and annexing Mesopotamia?",A) Augustus | B) Trajan | C) Hadrian | D) Vespasian,B
74,History,Medium,Multiple Choice,"What famous 5th-century BC Greek historian wrote 'History of the Peloponnesian War', establishing early standards of strict historical evidence and realism?",A) Herodotus | B) Xenophon | C) Thucydides | D) Polybius,C
75,History,Medium,Multiple Choice,What ancient Egyptian slate carving from around 3100 BC depicts King Narmer smiting enemies and is considered the earliest record of the unification of Upper and Lower Egypt?,A) The Rosetta Stone | B) The Turin King List | C) The Abydos King List | D) The Narmer Palette,D
76,History,Medium,Typing,What 6-letter name belonged to the Athenian leader who presided over Athens's Golden Age and ordered the construction of the Parthenon?,,Pericles
77,History,Medium,Typing,What 6-letter title was given to the two highest elected magistrates who headed the executive branch of the Roman Republic?,,consul
78,History,Medium,Typing,What 6-letter name belonged to the Mauryan emperor of India who embraced Buddhism after the bloody conquest of Kalinga (Ash...)?,,Ashoka
79,History,Medium,Typing,What 7-letter city was buried and preserved beneath volcanic ash when Mount Vesuvius erupted in 79 AD?,,Pompeii
80,History,Medium,Typing,What 9-letter name belonged to the Roman emperor who divided the empire into a Tetrarchy to restore stability (Dio...)?,,Diocletian
81,History,Hard,Multiple Choice,"In 53 BC, what Roman triumvir and wealthiest man in Rome was defeated and killed by Parthian horse archers at the Battle of Carrhae?",A) Marcus Licinius Crassus | B) Pompey the Great | C) Mark Antony | D) Lucius Lucullus,A
82,History,Hard,Multiple Choice,Which Egyptian pharaoh of the Twelfth Dynasty is famous for opening vast turquoise and copper mines in the Sinai and completing the Lake Moeris irrigation works?,A) Senusret I | B) Amenemhat III | C) Mentuhotep II | D) Senusret III,B
83,History,Hard,Multiple Choice,"In 371 BC, which brilliant Theban general utilized an oblique battle order at Leuctra to shatter Spartan military hegemony forever?",A) Pelopidas | B) Gorgidas | C) Epaminondas | D) Demosthenes,C
84,History,Hard,Multiple Choice,What series of bloody civil wars fought between 91 and 87 BC arose from Rome's Italian allies demanding full Roman citizenship?,A) The Servile Wars | B) The Jugurthine War | C) The Mithridatic Wars | D) The Social War,D
85,History,Hard,Multiple Choice,"What Babylonian king, known as the last monarch of the Neo-Babylonian Empire, neglected the god Marduk in favor of the moon god Sin before Cyrus invaded?",A) Nabonidus | B) Belshazzar | C) Neriglissar | D) Labashi-Marduk,A
86,History,Hard,Multiple Choice,"In 9 AD, which Germanic chieftain of the Cherusci tribe ambushed and wiped out three entire Roman legions under Publius Quinctilius Varus in the Teutoburg Forest?",A) Maroboduus | B) Arminius | C) Segestes | D) Alaric,B
87,History,Hard,Multiple Choice,What 212 AD imperial edict issued by Emperor Caracalla granted full Roman citizenship to all free males throughout the Roman Empire?,A) Edict of Milan | B) Edict of Prices | C) Constitutio Antoniniana | D) Lex Hortensia,C
88,History,Hard,Multiple Choice,What Hittite king led the chariot army against Pharaoh Ramses II at the epic Battle of Kadesh around 1274 BC?,A) Suppiluliuma I | B) Mursili II | C) Tudhaliya IV | D) Muwatalli II,D
89,History,Hard,Multiple Choice,"In 415 BC, what catastrophic naval and military expedition launched by Athens during the Peloponnesian War ended in the total destruction of the Athenian fleet and army?",A) The Sicilian Expedition | B) The Battle of Amphipolis | C) The Melian Expedition | D) The Ionian Campaign,A
90,History,Hard,Multiple Choice,"What Roman law passed in 287 BC made all resolutions passed by the Plebeian Council (Plebiscite) binding on all Roman citizens, patricians included?",A) Lex Canuleia | B) Lex Hortensia | C) Lex Licinia Sextia | D) Lex Sempronia,B
91,History,Hard,Multiple Choice,"What ancient civilization of modern-day Turkey and Syria, centered at the capital Hattusa, was the first ancient empire to master smelting iron on a large scale?",A) Mitanni | B) Hurrians | C) The Hittites | D) Lydians,C
92,History,Hard,Multiple Choice,"In 331 BC, what decisive battle fought near modern-day Erbil saw Alexander the Great defeat King Darius III, sealing the fate of the Persian Empire?",A) Battle of the Granicus | B) Battle of Issus | C) Battle of the Persian Gate | D) Battle of Gaugamela,D
93,History,Hard,Multiple Choice,"Who was the last pagan Emperor of Rome (reigned 361-363 AD), who attempted to revive traditional Greco-Roman religion and was killed fighting the Sasanian Persians?",A) Julian the Apostate | B) Constantius II | C) Jovian | D) Gratian,A
94,History,Hard,Multiple Choice,"What bronze age script discovered on Crete by Sir Arthur Evans was deciphered in 1952 by Michael Ventris, proving it was an archaic form of Mycenaean Greek?",A) Linear A | B) Linear B | C) Phaistos Script | D) Cypriot Syllabary,B
95,History,Hard,Multiple Choice,"What dynamic Roman emperor of the late 3rd-century crisis defeated both the breakaway Gallic Empire and Palmyrene Empire of Zenobia, earning the title 'Restitutor Orbis'?",A) Claudius Gothicus | B) Probus | C) Aurelian | D) Carus,C
96,History,Hard,Multiple Choice,What ancient Persian sacred texts of Zoroastrianism contain the hymns (Gathas) attributed directly to the prophet Zarathustra?,A) The Vedas | B) The Upanishads | C) The Book of Arda Viraf | D) The Avesta,D
97,History,Hard,Multiple Choice,"Which Athenian reformer in 508 BC overthrew the aristocracy and reorganized the citizens into ten geographical tribes, creating the democratic system of Cleisthenes?",A) Cleisthenes | B) Solon | C) Ephialtes | D) Aristides,A
98,History,Hard,Typing,What 7-letter name belonged to the Roman general who was the richest man in Rome and died at the Battle of Carrhae in 53 BC?,,Crassus
99,History,Hard,Typing,What 9-letter battle site in 331 BC saw Alexander the Great decisively defeat Darius III of Persia (Gau...)?,,Gaugamela
100,History,Hard,Typing,What 8-letter name belonged to the Roman emperor nicknamed 'Restitutor Orbis' who defeated Queen Zenobia of Palmyra (Aur...)?,,Aurelian
101,History,Easy,Multiple Choice,What massive domed cathedral in Constantinople was commissioned by Byzantine Emperor Justinian I in 537 AD and later converted to a mosque?,A) St. Mark's Basilica | B) Hagia Sophia | C) Notre-Dame Cathedral | D) St. Peter's Basilica,B
102,History,Easy,Multiple Choice,"What famous charter of rights, limiting the arbitrary power of the king, was signed by King John of England at Runnymede in 1215?",A) The English Bill of Rights | B) The Petition of Right | C) Magna Carta | D) The Domesday Book,C
103,History,Easy,Multiple Choice,"What catastrophic pandemic, caused by the bacterium Yersinia pestis, killed an estimated 30-60% of Europe's population between 1347 and 1351?",A) The Antonine Plague | B) The Justinian Plague | C) The Spanish Flu | D) The Black Death,D
104,History,Easy,Multiple Choice,"Who founded the Mongol Empire in 1206, uniting the nomadic tribes and conquering vast territories from China to Eastern Europe?",A) Genghis Khan | B) Kublai Khan | C) Ogedei Khan | D) Tamerlane,A
105,History,Easy,Multiple Choice,What French peasant teenage girl claimed divine visions and led French forces to victory at Orleans during the Hundred Years' War before being burned at the stake?,A) Eleanor of Aquitaine | B) Joan of Arc | C) Catherine de' Medici | D) Marie Antoinette,B
106,History,Easy,Multiple Choice,"In 1066, what Duke of Normandy invaded England and defeated King Harold Godwinson at the Battle of Hastings to become King of England?",A) Richard the Lionheart | B) Henry II | C) William the Conqueror | D) Edward the Confessor,C
107,History,Easy,Multiple Choice,What major Muslim Kurdish military leader and Sultan of Egypt and Syria recaptured Jerusalem from the Crusaders in 1187 following the Battle of Hattin?,A) Baybars | B) Nur ad-Din | C) Harun al-Rashid | D) Salah al-Din,D
108,History,Easy,Multiple Choice,Which King of the Franks was crowned the first Holy Roman Emperor by Pope Leo III in Rome on Christmas Day in 800 AD?,A) Charlemagne | B) Clovis I | C) Charles Martel | D) Louis the Pious,A
109,History,Easy,Multiple Choice,What major intellectual center and grand public academy in Baghdad flourished during the Islamic Golden Age under Caliph al-Ma'mun?,A) Al-Azhar University | B) The House of Wisdom | C) Nizamiyya Academy | D) Cordoba Library,B
110,History,Easy,Multiple Choice,"In 1095, which Pope delivered a passionate sermon at the Council of Clermont calling upon Christian knights to march to the Holy Land, launching the First Crusade?",A) Pope Gregory VII | B) Pope Innocent III | C) Pope Urban II | D) Pope Boniface VIII,C
111,History,Easy,Multiple Choice,"What grandson of Genghis Khan founded the Yuan Dynasty in China, established his capital at modern Beijing, and hosted Marco Polo?",A) Batu Khan | B) Chagatai Khan | C) Hulagu Khan | D) Kublai Khan,D
112,History,Easy,Multiple Choice,What feudal social and military class of hereditary armored warriors served the daimyo lords in medieval and early modern Japan?,A) Samurai | B) Ninja | C) Ronin | D) Ashigaru,A
113,History,Easy,Multiple Choice,What ancient capital of the Eastern Roman (Byzantine) Empire fell to the Ottoman Empire under Sultan Mehmed II in 1453?,A) Antioch | B) Constantinople | C) Alexandria | D) Ravenna,B
114,History,Easy,Multiple Choice,"Which English king led the Third Crusade against Saladin, earning fame for his martial prowess and the nickname 'the Lionheart'?",A) King John | B) Edward I | C) Richard I | D) Henry V,C
115,History,Easy,Multiple Choice,What great compilation and codification of Roman civil law was ordered by Byzantine Emperor Justinian I between 529 and 534 AD?,A) The Twelve Tables | B) The Theodosian Code | C) The Edict of Milan | D) Corpus Juris Civilis,D
116,History,Easy,Multiple Choice,What long conflict between the kingdoms of England and France lasted intermittently from 1337 to 1453 over territorial claims and the French throne?,A) The Hundred Years' War | B) The War of the Roses | C) The Thirty Years' War | D) The Seven Years' War,A
117,History,Easy,Multiple Choice,"Which Islamic dynasty, with its capital at Damascus from 661 to 750 AD, expanded the caliphate across North Africa into Spain and eastward to Central Asia?",A) The Abbasid Caliphate | B) The Umayyad Caliphate | C) The Fatimid Caliphate | D) The Ottoman Caliphate,B
118,History,Easy,Multiple Choice,What Viking chieftain established the Duchy of Normandy in northern France in 911 AD after signing the Treaty of Saint-Clair-sur-Epte with King Charles the Simple?,A) Ragnar Lothbrok | B) Bjorn Ironside | C) Rollo | D) Ivar the Boneless,C
119,History,Easy,Multiple Choice,"Which medieval Muslim traveler from Tangier journeyed over 73,000 miles across Africa, the Middle East, India, and China over three decades, documenting his travels in the Rihla?",A) Ahmad ibn Fadlan | B) Al-Idrisi | C) Leo Africanus | D) Ibn Battuta,D
120,History,Easy,Multiple Choice,What medieval English battle in 1415 saw King Henry V's outnumbered army of longbowmen achieve a stunning victory over French knights in muddy terrain?,A) Battle of Agincourt | B) Battle of Crecy | C) Battle of Poitiers | D) Battle of Bosworth,A
121,History,Easy,Multiple Choice,"Which Islamic dynasty ruled from Baghdad from 750 to 1258 AD, overseeing the cultural and scientific pinnacle of the Islamic Golden Age?",A) The Umayyad Caliphate | B) The Abbasid Caliphate | C) The Mamluk Sultanate | D) The Seljuk Empire,B
122,History,Easy,Multiple Choice,What tragic campaign of the Fourth Crusade in 1204 saw Western Crusaders sack and pillage which fellow Christian imperial capital instead of marching to Egypt?,A) Rome | B) Venice | C) Constantinople | D) Jerusalem,C
123,History,Easy,Multiple Choice,Who was the legendary fifth Abbasid Caliph whose opulent court in Baghdad became the backdrop for many tales in 'One Thousand and One Nights'?,A) Al-Mansur | B) Al-Ma'mun | C) Al-Mutawakkil | D) Harun al-Rashid,D
124,History,Easy,Multiple Choice,"In medieval Europe, what economic and political system structured society around relationships derived from the holding of land in exchange for service or labor?",A) Feudalism | B) Mercantilism | C) Capitalism | D) Socialism,A
125,History,Easy,Multiple Choice,"In 732 AD, which Frankish leader defeated an invading Umayyad army at the Battle of Tours (Poitiers), halting the Muslim advance into Western Europe?",A) Pepin the Short | B) Charles Martel | C) Charlemagne | D) Clovis I,B
126,History,Easy,Multiple Choice,"What magnificent Moorish palace and fortress complex, renowned for its intricate geometric plasterwork and courtyards, was built by the Nasrid Dynasty in Granada?",A) The Mezquita | B) The Alcazar of Seville | C) The Alhambra | D) Medina Azahara,C
127,History,Easy,Multiple Choice,What 1258 historical event marked the catastrophic end of the Abbasid Golden Age when Mongol forces under Hulagu Khan sacked and destroyed the city?,A) The Siege of Damascus | B) The Siege of Aleppo | C) The Siege of Samarkand | D) The Siege of Baghdad,D
128,History,Easy,Multiple Choice,"What title was held by the military dictators who de facto ruled Japan from 1192 until the Meiji Restoration of 1868, while the Emperor was a figurehead?",A) Shogun | B) Daimyo | C) Shinsengumi | D) Taiko,A
129,History,Easy,Multiple Choice,"What legendary Scandinavian explorer is believed to have reached North America (Vinland) around 1000 AD, nearly 500 years before Christopher Columbus?",A) Erik the Red | B) Leif Erikson | C) Harald Hardrada | D) Sweyn Forkbeard,B
130,History,Easy,Multiple Choice,What famous comprehensive survey of landholdings and wealth in England was commissioned by William the Conqueror in 1086?,A) The Magna Carta | B) The Anglo-Saxon Chronicle | C) The Domesday Book | D) The Bayeux Tapestry,C
131,History,Easy,Multiple Choice,"In 1260, what critical battle in Palestine saw the Mamluks of Egypt halt the westward expansion of the Mongol Empire for the first time?",A) Battle of Hattin | B) Battle of Yarmouk | C) Battle of Manzikert | D) Battle of Ain Jalut,D
132,History,Easy,Multiple Choice,What embroidered cloth nearly 70 meters long depicts the events leading up to the Norman conquest of England and the Battle of Hastings?,A) The Bayeux Tapestry | B) The Ghent Altarpiece | C) The Book of Kells | D) The Lindisfarne Gospels,A
133,History,Easy,Multiple Choice,"Who was the powerful medieval French duchess who became Queen of France by marriage to Louis VII, and later Queen of England by marriage to Henry II?",A) Blanche of Castile | B) Eleanor of Aquitaine | C) Isabella of France | D) Margaret of Anjou,B
134,History,Easy,Multiple Choice,"What 1071 battle in Anatolia saw the Seljuk Turks under Alp Arslan defeat and capture the Byzantine Emperor Romanos IV, opening Anatolia to Turkish settlement?",A) Battle of Yarmouk | B) Battle of Dorylaeum | C) Battle of Manzikert | D) Battle of Myriokephalon,C
135,History,Easy,Multiple Choice,"What medieval religious military order of knighthood, founded around 1119 to protect Christian pilgrims, was suppressed and arrested by King Philip IV of France in 1307?",A) Knights Hospitaller | B) Teutonic Knights | C) Knights of Santiago | D) Knights Templar,D
136,History,Easy,Multiple Choice,What series of 15th-century civil wars for the throne of England was fought between the rival houses of Lancaster and York?,A) The Wars of the Roses | B) The Hundred Years' War | C) The English Civil War | D) The War of the Spanish Succession,A
137,History,Easy,Multiple Choice,"Which brilliant Muslim polymath from Bukhara wrote 'The Canon of Medicine' (Al-Qanun fi al-Tibb), which served as the standard medical textbook in Europe and the Islamic world for centuries?",A) Al-Razi (Rhazes) | B) Ibn Sina (Avicenna) | C) Al-Farabi | D) Al-Biruni,B
138,History,Easy,Multiple Choice,"In medieval European towns, what associations of craftsmen or merchants supervised the training of apprentices and regulated the production and trade of goods?",A) Monasteries | B) Communes | C) Guilds | D) Estates,C
139,History,Easy,Multiple Choice,"What Persian polymath and mathematician during the Abbasid Caliphate wrote 'The Compendious Book on Calculation by Completion and Balancing', founding algebra?",A) Omar Khayyam | B) Al-Kindi | C) Nasir al-Din al-Tusi | D) Muhammad ibn Musa al-Khwarizmi,D
140,History,Easy,Multiple Choice,What Spanish Reconquista campaign ended in January 1492 when King Ferdinand and Queen Isabella conquered which final Moorish Muslim kingdom in Iberia?,A) Granada | B) Cordoba | C) Seville | D) Toledo,A
141,History,Easy,Multiple Choice,"What 1381 widespread popular rebellion in England saw peasants march on London, demand the abolition of serfdom, and meet King Richard II at Mile End?",A) Jack Cade's Rebellion | B) Wat Tyler's Rebellion | C) The Pilgrimage of Grace | D) The Monmouth Rebellion,B
142,History,Easy,Multiple Choice,"What typhoon storms famously destroyed the Mongol invasion fleets of Kublai Khan attempting to conquer Japan in 1274 and 1281, giving rise to what Japanese term?",A) Tsunami | B) Kuroshio | C) Kamikaze | D) Katana,C
143,History,Easy,Multiple Choice,Which Holy Roman Emperor drowned in the Saleph River in Anatolia while leading the German contingent of the Third Crusade in 1190?,A) Henry IV | B) Otto I | C) Frederick II | D) Frederick I Barbarossa,D
144,History,Easy,Typing,"What 6-letter title was given to the military dictator who ruled feudal Japan, beginning with the Kamakura shogunate?",,shogun
145,History,Easy,Typing,What 5-letter year in 1215 saw the signing of Magna Carta in England by King John?,,1215
146,History,Easy,Typing,What 7-letter name belonged to the Mongol warlord born Temujin who unified the nomadic tribes in 1206 (Gen...)?,,Genghis
147,History,Easy,Typing,What 7-letter French city was liberated by Joan of Arc in 1429 during the Hundred Years' War?,,Orleans
148,History,Easy,Typing,What 7-letter Muslim Sultan of Egypt and Syria recaptured Jerusalem from the Crusaders in 1187 (Sal...)?,,Saladin
149,History,Easy,Typing,What 6-letter architectural element characterized the grand 537 AD Byzantine church Hagia Sophia in Constantinople?,,dome
150,History,Easy,Typing,What 7-letter English king earned the nickname 'the Lionheart' while fighting in the Third Crusade?,,Richard
151,History,Medium,Multiple Choice,"In 1389, what legendary battle in the Balkans saw the Ottoman army of Sultan Murad I defeat the Serbian army of Prince Lazar, sealing Ottoman dominance?",A) Battle of Kosovo | B) Battle of Nicopolis | C) Battle of Varna | D) Battle of Mohacs,A
152,History,Medium,Multiple Choice,"What 843 AD treaty divided the Frankish Carolingian Empire among the three surviving grandsons of Charlemagne, laying the foundations for modern France and Germany?",A) Treaty of Meerssen | B) Treaty of Verdun | C) Treaty of Troyes | D) Treaty of Worms,B
153,History,Medium,Multiple Choice,Which brilliant Muslim Andalusian philosopher from Cordoba wrote extensive commentaries on Aristotle that profoundly influenced Christian scholasticism?,A) Al-Ghazali | B) Ibn Tufail | C) Ibn Rushd | D) Ibn Hazm,C
154,History,Medium,Multiple Choice,What German emperor was forced to stand barefoot in the snow for three days at Canossa in 1077 to seek absolution from Pope Gregory VII during the Investiture Controversy?,A) Henry III | B) Frederick Barbarossa | C) Otto III | D) Henry IV,D
155,History,Medium,Multiple Choice,"In 1242, which Prince of Novgorod led Russian forces to victory over the Teutonic Knights in the famous 'Battle on the Ice' on frozen Lake Peipus?",A) Alexander Nevsky | B) Dmitry Donskoy | C) Ivan I Kalita | D) Vladimir the Great,A
156,History,Medium,Multiple Choice,"What powerful Turco-Mongol conqueror founded the Timurid Empire, brutally sacked Delhi, Baghdad, and Damascus, and defeated the Ottoman Sultan Bayezid I in 1402?",A) Babur | B) Tamerlane | C) Ulugh Beg | D) Shah Rukh,B
157,History,Medium,Multiple Choice,Which 13th-century Dominican friar and philosopher reconciled Aristotelian philosophy with Christian theology in his monumental work 'Summa Theologiae'?,A) Duns Scotus | B) William of Ockham | C) Thomas Aquinas | D) Peter Abelard,C
158,History,Medium,Multiple Choice,What major 13th-century revolt against the French Angevin rule of Sicily began with an uprising on Easter Monday in 1282?,A) The Jacquerie | B) The Ciompi Revolt | C) The League of Cambrai | D) The Sicilian Vespers,D
159,History,Medium,Multiple Choice,What commercial and defensive confederation of merchant guilds and market towns dominated maritime trade along the Baltic and North Sea coasts of Northern Europe?,A) The Hanseatic League | B) The Lombard League | C) The Swabian League | D) The Cinque Ports,A
160,History,Medium,Multiple Choice,"In 1356, what Golden Bull issued by Holy Roman Emperor Charles IV fixed the system of electing the Holy Roman Emperor to a council of how many prince-electors?",A) Five | B) Seven | C) Nine | D) Twelve,B
161,History,Medium,Multiple Choice,"What battle in 1380 saw Grand Prince Dmitry of Moscow defeat the Golden Horde under Mamai, demonstrating growing Russian resistance to Mongol suzerainty?",A) Battle of the Kalka River | B) Battle of the Sit River | C) Battle of Kulikovo | D) Battle of the Ugra River,C
162,History,Medium,Multiple Choice,"Which Andalusian Muslim polymath and surgeon from Cordoba is known as the father of modern operative surgery, inventing over 200 surgical instruments in his medical encyclopedia?",A) Ibn Zuhr (Avenzoar) | B) Ibn al-Nafis | C) Ibn al-Baitar | D) Al-Zahrawi (Albucasis),D
163,History,Medium,Multiple Choice,"What fierce nomadic warrior people from Central Asia, led by Attila in the 5th century, invaded Europe and devastated the Roman frontiers?",A) The Huns | B) The Avars | C) The Magyars | D) The Bulgars,A
164,History,Medium,Multiple Choice,"In 1485, what battle brought an end to the Wars of the Roses when Henry Tudor defeated King Richard III, founding the Tudor Dynasty?",A) Battle of Tewkesbury | B) Battle of Bosworth Field | C) Battle of Towton | D) Battle of St Albans,B
165,History,Medium,Multiple Choice,"What famous medieval Welsh monk wrote the pseudohistorical 'History of the Kings of Britain' around 1136, popularizing King Arthur, Merlin, and Camelot across Europe?",A) Bede the Venerable | B) Gerald of Wales | C) Geoffrey of Monmouth | D) Chrétien de Troyes,C
166,History,Medium,Multiple Choice,"Which 13th-century Arab physician from Damascus first accurately described the pulmonary circulation of blood in the human body, three centuries before William Harvey?",A) Ibn Sina | B) Al-Razi | C) Ibn al-Haitham | D) Ibn al-Nafis,D
167,History,Medium,Multiple Choice,"In 1212, what major Christian coalition victory against the Almohad Caliphate in Andalusia turned the tide of the Spanish Reconquista irreversibly in favor of Christian kingdoms?",A) Battle of Las Navas de Tolosa | B) Battle of Alarcos | C) Battle of Simancas | D) Battle of Zalaca,A
168,History,Medium,Multiple Choice,"What period of papal history from 1309 to 1377 saw seven successive popes reside in France rather than Rome, often called the 'Babylonian Captivity of the Papacy'?",A) The Western Schism | B) The Avignon Papacy | C) The Conciliar Era | D) The Council of Constance,B
169,History,Medium,Multiple Choice,"What 14th-century English poet wrote 'The Canterbury Tales', a masterwork capturing a rich cross-section of medieval society traveling on pilgrimage to Canterbury Cathedral?",A) John Gower | B) William Langland | C) Geoffrey Chaucer | D) Thomas Malory,C
170,History,Medium,Multiple Choice,"What famous weapon of the Byzantine navy was a liquid incendiary composition shot through siphons that burned on water, famously repelling two Arab sieges of Constantinople?",A) Napalm | B) Gunpowder | C) Hellfire | D) Greek Fire,D
171,History,Medium,Multiple Choice,"Which Emperor of the Mali Empire made a legendary pilgrimage to Mecca in 1324, distributing so much gold along his route that he devalued gold in Cairo for a decade?",A) Mansa Musa | B) Sundiata Keita | C) Askia the Great | D) Sunni Ali,A
172,History,Medium,Multiple Choice,"In 1122, what agreement between Pope Callixtus II and Holy Roman Emperor Henry V brought an end to the first phase of the Investiture Controversy?",A) Peace of Augsburg | B) The Concordat of Worms | C) The Edict of Worms | D) The Treaty of Constance,B
173,History,Medium,Multiple Choice,"What legendary samurai warlord began the unification of Japan during the Sengoku period, famously utilizing volley fire of massed matchlock firearms at the 1575 Battle of Nagashino?",A) Toyotomi Hideyoshi | B) Tokugawa Ieyasu | C) Oda Nobunaga | D) Takeda Shingen,C
174,History,Medium,Multiple Choice,"What 1346 battle during the Hundred Years' War saw English longbows utterly decimate the charging mounted French chivalry, signaling the decline of armored knights?",A) Battle of Poitiers | B) Battle of Agincourt | C) Battle of Patay | D) Battle of Crecy,D
175,History,Medium,Multiple Choice,What Byzantine general under Justinian I spearheaded the reconquest of North Africa from the Vandals and Italy from the Ostrogoths?,A) Belisarius | B) Narses | C) John Troglita | D) Mundus,A
176,History,Medium,Typing,What 8-letter name belonged to the Frankish emperor crowned on Christmas Day in 800 AD (Char...)?,,Charlemagne
177,History,Medium,Typing,What 8-letter Italian philosopher wrote the 'Summa Theologiae' in the 13th century (Aqu...)?,,Aquinas
178,History,Medium,Typing,What 9-letter term described the mercantile alliance of northern European trading cities along the Baltic Sea (Han...)?,,Hanseatic
179,History,Medium,Typing,What 5-letter name belonged to the Mali emperor whose 1324 pilgrimage to Mecca flooded Cairo with gold (Mu...)?,,Musa
180,History,Medium,Typing,What 8-letter name belonged to the Byzantine general who reconquered Italy and North Africa under Justinian I (Beli...)?,,Belisarius
181,History,Hard,Multiple Choice,"In 1410, what decisive battle saw a Polish-Lithuanian alliance under King Władysław II Jagiełło crush the military power of the Teutonic Order?",A) Battle of Lake Peipus | B) Battle of Grunwald | C) Battle of Mohi | D) Battle of Liegnitz,B
182,History,Hard,Multiple Choice,"What Byzantine legal code, promulgated by Emperor Leo III the Isaurian in 726, replaced the Latin Corpus Juris Civilis with Greek-language statutes reflecting Christian morality?",A) The Basilika | B) The Hexabiblos | C) The Ecloga | D) The Nomocanon,C
183,History,Hard,Multiple Choice,"In 1241, what battle in Silesia saw a Mongol army under Baidar crush an allied army of Polish, Moravian, and Bavarian knights, including Templars and Teutonic Knights?",A) Battle of Mohi | B) Battle of the Kalka River | C) Battle of Kulikovo | D) Battle of Legnica,D
184,History,Hard,Multiple Choice,"What 14th-century Arab historiographer and philosopher from Tunis wrote the 'Muqaddimah', founding the disciplines of sociology, demography, and cultural history?",A) Ibn Khaldun | B) Al-Tabari | C) Ibn al-Athir | D) Al-Masudi,A
185,History,Hard,Multiple Choice,"In 1075, what compilation of 27 axioms issued by Pope Gregory VII boldly proclaimed absolute papal supremacy over monarchs, including the power to depose emperors?",A) Unam Sanctam | B) Dictatus Papae | C) Bulla Aurea | D) Pastor Aeternus,B
186,History,Hard,Multiple Choice,"What French mercenary captain, known as 'The White Falcon' or 'The Eagle of Brittany', was appointed Constable of France by Charles V and expelled the English through Fabian tactics?",A) Olivier de Clisson | B) Jean de Dunois | C) Bertrand du Guesclin | D) Gilles de Rais,C
187,History,Hard,Multiple Choice,"What 1054 ecclesiastical event marked the formal, permanent theological and jurisdictional split between the Roman Catholic Church and the Eastern Orthodox Church?",A) The Western Schism | B) The Photian Schism | C) The Council of Chalcedon | D) The Great Schism,D
188,History,Hard,Multiple Choice,"In 1176, what battle saw the citizen army of the Lombard League inflict a shocking military defeat on Holy Roman Emperor Frederick I Barbarossa?",A) Battle of Legnano | B) Battle of Campaldino | C) Battle of Montaperti | D) Battle of Meloria,A
189,History,Hard,Multiple Choice,"What 13th-century English philosopher and Franciscan friar, known as 'Doctor Mirabilis', placed early emphasis on empirical observation, mathematics, and optics in his 'Opus Majus'?",A) Robert Grosseteste | B) Roger Bacon | C) John Duns Scotus | D) William of Ockham,B
190,History,Hard,Multiple Choice,"What 1302 papal bull, issued by Pope Boniface VIII in his bitter conflict with King Philip IV of France, laid down the most radical statement of papal supremacy: 'outside of the Church there is no salvation'?",A) Clericis Laicos | B) Ausculta Fili | C) Unam Sanctam | D) Inter Caetera,C
191,History,Hard,Multiple Choice,"What 1238-1240 military campaign led by Mongol general Subutai and prince Batu systematically invaded Rus' principalities, capturing Ryazan, Vladimir, and which ancient capital on the Dnieper?",A) Novgorod | B) Pskov | C) Smolensk | D) Kiev,D
192,History,Hard,Multiple Choice,What 1328 naval victory by the Genoese admiral Benedetto Zaccaria or the 1284 Battle of Meloria permanently shattered the maritime naval power of which rival merchant republic?,A) Pisa | B) Venice | C) Amalfi | D) Ragusa,A
193,History,Hard,Multiple Choice,"What 1414-1418 ecumenical council ended the Western Schism by deposing three rival claimants and electing Pope Martin V, while also condemning Czech reformer Jan Hus to the stake?",A) The Council of Basel | B) The Council of Constance | C) The Council of Florence | D) The Council of Trent,B
194,History,Hard,Multiple Choice,What famous Persian scholar and vizier to the Seljuk Empire wrote the treatise 'Siyasatnama' (Book of Government) and established the widespread network of Nizamiyya madrasas?,A) Al-Kunduri | B) Fakhr al-Mulk | C) Nizam al-Mulk | D) Omar Khayyam,C
195,History,Hard,Multiple Choice,"In 1386, what grand personal union was established through the marriage of Queen Jadwiga of Poland to Grand Duke Jogaila of Lithuania, creating a dominant Eastern European empire?",A) Union of Lublin | B) Union of Kalmar | C) Union of Brest | D) Union of Krewo,D
196,History,Hard,Multiple Choice,"Which Byzantine emperor wrote the military manual 'Taktika' around 905 AD, detailing tactics against Arabs, Slavs, Magyars, and Franks?",A) Leo VI the Wise | B) Basil I | C) Constantine VII | D) Romanos I,A
197,History,Hard,Multiple Choice,What 1378 revolt of the unrepresented wool carders and textile laborers in Florence briefly seized the Palazzo della Signoria and established a democratic guild government?,A) The Jacquerie | B) The Ciompi Revolt | C) The Revolt of the Babouins | D) The Peasants' Revolt,B
198,History,Hard,Typing,What 10-letter name belonged to the North African Arab polymath who authored the 'Muqaddimah' in 1377 (Ibn Kha...)?,,Khaldun
199,History,Hard,Typing,What 8-letter Polish-Lithuanian battle site in 1410 saw the defeat of the Teutonic Knights (Grun...)?,,Grunwald
200,History,Hard,Typing,What 9-letter council from 1414 to 1418 ended the Western Schism and condemned Jan Hus (Cons...)?,,Constance
201,History,Easy,Multiple Choice,"In 1492, which Genoese navigator sailing under the Catholic Monarchs of Spain crossed the Atlantic, initiating permanent European contact with the Americas?",A) Ferdinand Magellan | B) Vasco da Gama | C) Christopher Columbus | D) Amerigo Vespucci,C
202,History,Easy,Multiple Choice,Which German monk and theologian sparked the Protestant Reformation in 1517 by nailing his 95 Theses to the door of All Saints' Church in Wittenberg?,A) John Calvin | B) Huldrych Zwingli | C) Desiderius Erasmus | D) Martin Luther,D
203,History,Easy,Multiple Choice,What Italian Renaissance polymath painted the 'Mona Lisa' and 'The Last Supper' and produced visionary sketches of flying machines and anatomy?,A) Leonardo da Vinci | B) Michelangelo Buonarroti | C) Raphael Sanzio | D) Donatello,A
204,History,Easy,Multiple Choice,Which Portuguese explorer led the first European expedition to sail directly from Europe to India around the Cape of Good Hope in 1498?,A) Bartolomeu Dias | B) Vasco da Gama | C) Afonso de Albuquerque | D) Prince Henry the Navigator,B
205,History,Easy,Multiple Choice,"What German inventor introduced movable-type mechanical printing to Europe around 1440, printing a famous 42-line Bible?",A) Albrecht Dürer | B) Peter Schöffer | C) Johannes Gutenberg | D) William Caxton,C
206,History,Easy,Multiple Choice,"Which Tudor monarch of England broke ties with the Roman Catholic Church to divorce Catherine of Aragon, establishing the Church of England in 1534?",A) Henry VII | B) Edward VI | C) James I | D) Henry VIII,D
207,History,Easy,Multiple Choice,"Which Portuguese explorer, sailing under the Spanish crown, led the 1519-1522 expedition that achieved the first recorded circumnavigation of the globe?",A) Ferdinand Magellan | B) Hernan Cortes | C) Francisco Pizarro | D) Juan Sebastian Elcano,A
208,History,Easy,Multiple Choice,What Spanish conquistador led the expedition that caused the fall of the Aztec Empire of Tenochtitlan and Emperor Moctezuma II between 1519 and 1521?,A) Francisco Pizarro | B) Hernan Cortes | C) Diego de Almagro | D) Vasco Nunez de Balboa,B
209,History,Easy,Multiple Choice,"Who was the longest-reigning sultan of the Ottoman Empire, known in the West as 'the Magnificent' and in the East as 'the Lawgiver' (Kanuni)?",A) Mehmed II | B) Selim I | C) Suleiman the Magnificent | D) Murad IV,C
210,History,Easy,Multiple Choice,"Which French monarch, known as the 'Sun King' (Le Roi Soleil), centralized absolute monarchy in France and built the opulent Palace of Versailles?",A) Louis XIII | B) Louis XV | C) Louis XVI | D) Louis XIV,D
211,History,Easy,Multiple Choice,Which Renaissance master sculpted the marble statue of 'David' and spent four years painting the magnificent ceiling frescoes of the Sistine Chapel?,A) Michelangelo | B) Leonardo da Vinci | C) Raphael | D) Sandro Botticelli,A
212,History,Easy,Multiple Choice,"What Spanish conquistador conquered the Inca Empire of Peru in the 1530s, capturing and executing Emperor Atahualpa?",A) Hernan Cortes | B) Francisco Pizarro | C) Hernando de Soto | D) Francisco de Orellana,B
213,History,Easy,Multiple Choice,"What Florentine political philosopher wrote 'The Prince' (Il Principe) in 1513, advocating that rulers should be both feared and loved, but better feared than loved?",A) Baldassare Castiglione | B) Francesco Guicciardini | C) Niccolo Machiavelli | D) Giovanni Boccaccio,C
214,History,Easy,Multiple Choice,"In 1588, what massive Spanish naval invasion fleet sent by King Philip II was defeated by the English navy and scattered by storms in the English Channel?",A) The Holy League | B) The Great Fleet | C) The Cadiz Squadron | D) The Spanish Armada,D
215,History,Easy,Multiple Choice,"Which Mughal Emperor of India, reigning from 1556 to 1605, expanded the empire across northern India and promoted religious tolerance through Sulh-i-kul?",A) Akbar the Great | B) Babur | C) Humayun | D) Aurangzeb,A
216,History,Easy,Multiple Choice,What 1494 treaty between Spain and Portugal divided newly discovered lands outside Europe along a meridian 370 leagues west of the Cape Verde islands?,A) Treaty of Zaragoza | B) Treaty of Tordesillas | C) Treaty of Utrecht | D) Treaty of Madrid,B
217,History,Easy,Multiple Choice,"What major 1648 pair of peace treaties brought an end to the Thirty Years' War in the Holy Roman Empire, establishing the principle of sovereign nation-states?",A) The Peace of Augsburg | B) The Treaty of Utrecht | C) The Peace of Westphalia | D) The Edict of Nantes,C
218,History,Easy,Multiple Choice,What iconic white marble mausoleum in Agra was commissioned in 1632 by Mughal Emperor Shah Jahan to house the tomb of his favorite wife Mumtaz Mahal?,A) Humayun's Tomb | B) The Red Fort | C) Fatehpur Sikri | D) The Taj Mahal,D
219,History,Easy,Multiple Choice,"Which English astronomer and mathematician published 'Philosophiae Naturalis Principia Mathematica' in 1687, formulating the laws of motion and universal gravitation?",A) Sir Isaac Newton | B) Galileo Galilei | C) Johannes Kepler | D) Robert Hooke,A
220,History,Easy,Multiple Choice,Which Polish astronomer proposed the revolutionary heliocentric model of the solar system in his 1543 book 'De revolutionibus orbium coelestium'?,A) Johannes Kepler | B) Nicolaus Copernicus | C) Tycho Brahe | D) Giordano Bruno,B
221,History,Easy,Multiple Choice,"What term describes the widespread transfer of plants, animals, foods, human populations, and diseases between the Eastern and Western Hemispheres after 1492?",A) The Atlantic Triangle | B) The Silk Road Trade | C) The Columbian Exchange | D) The Global Shift,C
222,History,Easy,Multiple Choice,"Which Tudor queen of England ruled for 44 years (1558-1603), presiding over England's Golden Age of theater, exploration, and the defeat of the Spanish Armada?","A) Mary I ('Bloody Mary') | B) Mary, Queen of Scots | C) Lady Jane Grey | D) Elizabeth I ('The Virgin Queen')",D
223,History,Easy,Multiple Choice,Which prominent French lawyer and pastor broke with the Roman Catholic Church around 1530 and developed a system of Christian theology centered on absolute predestination in Geneva?,A) John Calvin | B) Martin Luther | C) Huldrych Zwingli | D) Philip Melanchthon,A
224,History,Easy,Multiple Choice,"What elite infantry unit of the Ottoman household troops, formed originally from Christian boys recruited through the Devshirme system, served as the Sultan's bodyguards?",A) Sipahis | B) Janissaries | C) Mamluks | D) Ghazis,B
225,History,Easy,Multiple Choice,"In 1688, what peaceful event in England saw King James II deposed and the throne offered jointly to his Protestant daughter Mary and her Dutch husband William of Orange?",A) The English Civil War | B) The Restoration | C) The Glorious Revolution | D) The Gunpowder Plot,C
226,History,Easy,Multiple Choice,"Which Russian Tsar of the Romanov dynasty modernized and Europeanized Russia, founded a new seaport capital on the Baltic Sea, and forced boyars to shave their beards?",A) Ivan the Terrible | B) Catherine the Great | C) Alexander I | D) Peter the Great,D
227,History,Easy,Multiple Choice,"In 1598, what royal decree issued by King Henry IV of France granted French Calvinist Protestants (Huguenots) substantial religious freedoms, ending the Wars of Religion?",A) The Edict of Nantes | B) The Peace of Augsburg | C) The Edict of Fontainebleau | D) The Treaty of Cateau-Cambresis,A
228,History,Easy,Multiple Choice,"What Italian astronomer used an improved telescope in 1609 to discover four large moons of Jupiter, sunspots, and lunar craters, confirming the Copernican view?",A) Johannes Kepler | B) Galileo Galilei | C) Tycho Brahe | D) Christiaan Huygens,B
229,History,Easy,Multiple Choice,"What devastating religious and political conflict engulfed Central Europe from 1618 to 1648, beginning with the Defenestration of Prague and killing millions?",A) The Eighty Years' War | B) The War of the Spanish Succession | C) The Thirty Years' War | D) The Seven Years' War,C
230,History,Easy,Multiple Choice,"Which English philosopher published 'Leviathan' in 1651, arguing that life in the state of nature is 'nasty, brutish, and short', requiring a strong sovereign?",A) John Locke | B) Francis Bacon | C) David Hume | D) Thomas Hobbes,D
231,History,Easy,Multiple Choice,"Which English philosopher wrote 'Two Treatises of Government' in 1689, arguing that government exists by consent of the governed to protect life, liberty, and property?",A) John Locke | B) Thomas Hobbes | C) Jean-Jacques Rousseau | D) Montesquieu,A
232,History,Easy,Multiple Choice,"What prominent banking and political dynasty in Renaissance Florence used their immense wealth to sponsor artists such as Botticelli, Leonardo, and Michelangelo?",A) The Borgias | B) The Medici family | C) The Sforzas | D) The Viscontis,B
233,History,Easy,Multiple Choice,"In 1571, what famous naval battle in the Gulf of Patras saw the Holy League fleet led by Don John of Austria decisively defeat the Ottoman navy?",A) Battle of Preveza | B) Battle of Djerba | C) Battle of Lepanto | D) Battle of Navarino,C
234,History,Easy,Multiple Choice,What German monk and printer was condemned as an outlaw by Holy Roman Emperor Charles V at what 1521 imperial assembly?,A) Council of Constance | B) Peace of Augsburg | C) Diet of Speyer | D) Diet of Worms,D
235,History,Easy,Multiple Choice,"What Central American native empire, with its capital city of Tenochtitlan built on Lake Texcoco, was ruled by Moctezuma II when the Spanish arrived?",A) The Aztec Empire | B) The Maya | C) The Inca | D) The Olmecs,A
236,History,Easy,Multiple Choice,"What South American empire along the Andean cordillera, centered at Cusco, built the mountain citadel of Machu Picchu and a massive network of paved roads?",A) The Muisca | B) The Inca Empire | C) The Chavin | D) The Tiwanaku,B
237,History,Easy,Multiple Choice,"Which French Enlightenment philosopher and satirist wrote 'Candide' and passionately advocated for freedom of speech, freedom of religion, and separation of church and state?",A) Montesquieu | B) Denis Diderot | C) Voltaire | D) Jean-Jacques Rousseau,C
238,History,Easy,Multiple Choice,"Which French political philosopher wrote 'The Spirit of the Laws' in 1748, advocating for the separation of government powers into executive, legislative, and judicial branches?",A) Voltaire | B) Jean-Jacques Rousseau | C) Thomas Paine | D) Baron de Montesquieu,D
239,History,Easy,Multiple Choice,"What famous 1605 Catholic conspiracy in England, involving Guy Fawkes, attempted to blow up the House of Lords and assassinate King James I?",A) The Gunpowder Plot | B) The Babington Plot | C) The Ridolfi Plot | D) The Rye House Plot,A
240,History,Easy,Multiple Choice,"What Dutch trading enterprise, founded in 1602, became the world's first publicly traded company with shares and dominated the spice trade in the East Indies?",A) The British East India Company | B) The Dutch East India Company | C) The French East India Company | D) The Hudson's Bay Company,B
241,History,Easy,Multiple Choice,"What Central European peace agreement of 1555 established the principle of 'cuius regio, eius religio' (whose realm, his religion) between Lutheran and Catholic princes?",A) The Peace of Westphalia | B) The Edict of Worms | C) The Peace of Augsburg | D) The Treaty of Tordesillas,C
242,History,Easy,Multiple Choice,"In 1649, which King of England was tried, convicted of high treason against his people, and beheaded outside the Banqueting House in Whitehall during the English Civil War?",A) James I | B) Charles II | C) James II | D) Charles I,D
243,History,Easy,Multiple Choice,"What military commander and Puritan leader governed England, Scotland, and Ireland as Lord Protector of the Commonwealth from 1653 until his death in 1658?",A) Oliver Cromwell | B) John Pym | C) Thomas Fairfax | D) George Monck,A
244,History,Easy,Typing,What 6-letter name belonged to the German monk who launched the Protestant Reformation in 1517 (Lu...)?,,Luther
245,History,Easy,Typing,What 7-letter French palace was transformed by King Louis XIV into the lavish center of royal power?,,Versailles
246,History,Easy,Typing,What 6-letter Italian city was the cultural birthplace and artistic heart of the Renaissance?,,Florence
247,History,Easy,Typing,What 6-letter name belonged to the Venetian merchant explorer whose travels to China were dictated in prison (Po...)?,,Polo
248,History,Easy,Typing,What 5-letter name belonged to the 16th-century Mughal Emperor known as 'the Great' for his religious tolerance (Ak...)?,,Akbar
249,History,Easy,Typing,What 6-letter name belonged to the Spanish armada or navy fleet defeated by England in 1588?,,Armada
250,History,Easy,Typing,What 6-letter name belonged to the English philosopher who wrote 'Leviathan' in 1651 (Hob...)?,,Hobbes
251,History,Medium,Multiple Choice,"What major 1545-1563 ecumenical council of the Catholic Church served as the centerpiece of the Catholic Counter-Reformation, reaffirming traditional doctrines and condemning Protestant heresies?",A) The Council of Constance | B) The Council of Trent | C) The Council of Basel | D) The First Vatican Council,B
252,History,Medium,Multiple Choice,"Which Swiss Protestant reformer led the Reformation in Zurich, preaching directly from the New Testament and debating Martin Luther over the Eucharist at the Marburg Colloquy?",A) John Calvin | B) Heinrich Bullinger | C) Huldrych Zwingli | D) Theodore Beza,C
253,History,Medium,Multiple Choice,"In 1683, what epic siege of a major Central European capital by the Ottoman army under Grand Vizier Kara Mustafa Pasha was broken by a massive Polish cavalry charge under King John III Sobieski?",A) Siege of Belgrade | B) Siege of Budapest | C) Siege of Prague | D) Siege of Vienna,D
254,History,Medium,Multiple Choice,Which Spanish founder of the Society of Jesus (Jesuits) in 1540 authored 'Spiritual Exercises' and took a vow of absolute obedience to the Pope to combat Protestantism?,A) Ignatius of Loyola | B) Francis Xavier | C) Teresa of Avila | D) John of the Cross,A
255,History,Medium,Multiple Choice,"What Swedish king and military genius, known as the 'Lion of the North', transformed military tactics with combined arms and mobile artillery during the Thirty Years' War before dying at Lützen in 1632?",A) Charles XII | B) Gustavus Adolphus | C) Eric XIV | D) Gustav I Vasa,B
256,History,Medium,Multiple Choice,"What series of three civil wars fought in England, Scotland, and Ireland between 1642 and 1651 pitted Royalist 'Cavaliers' against Parliamentary 'Roundheads'?",A) The War of the Roses | B) The Glorious Revolution | C) The English Civil War | D) The Jacobite Rising,C
257,History,Medium,Multiple Choice,"Which Portuguese prince, known as 'the Navigator', established a school for navigation, cartography, and shipbuilding at Sagres, launching the Age of Discovery?",A) King Manuel I | B) King John II | C) Prince Pedro | D) Prince Henry the Navigator,D
258,History,Medium,Multiple Choice,"What 1756-1763 global conflict, often described by historians as the real 'First World War', saw Britain and Prussia defeat France, Austria, and Russia across Europe, the Americas, and India?",A) The Seven Years' War | B) The War of the Spanish Succession | C) The War of the Austrian Succession | D) The War of the League of Augsburg,A
259,History,Medium,Multiple Choice,"Which Prussian monarch, known as 'the Great', ruled from 1740 to 1786 as an enlightened despot, annexed Silesia, reformed the Prussian army, and befriended Voltaire?",A) Frederick William I | B) Frederick the Great | C) Frederick William II | D) William I,B
260,History,Medium,Multiple Choice,"What massive silver mining city in present-day Bolivia became the richest and highest city in the Americas during the 16th century, supplying vast wealth to the Spanish Empire?",A) Lima | B) Zacatecas | C) Potosi | D) Guanajuato,C
261,History,Medium,Multiple Choice,"Which French statesman and cardinal served as King Louis XIII's chief minister from 1624 until his death in 1642, ruthlessly consolidating royal power and checking Habsburg hegemony?",A) Cardinal Mazarin | B) Jean-Baptiste Colbert | C) Cardinal Fleury | D) Cardinal Richelieu,D
262,History,Medium,Multiple Choice,"What 1572 massacre of thousands of French Huguenot Protestants occurred in Paris and throughout France, orchestrated during the wedding festivities of Henry of Navarre?",A) The St. Bartholomew's Day Massacre | B) The Massacre of Vassy | C) The Massacre of Merindol | D) The St. Brice's Day Massacre,A
263,History,Medium,Multiple Choice,"What 16th-century Persian empire founded by Shah Ismail I established Twelver Shia Islam as the official state religion, clashing frequently with the Sunni Ottomans?",A) The Qajar Dynasty | B) The Safavid Empire | C) The Timurid Empire | D) The Afsharid Dynasty,B
264,History,Medium,Multiple Choice,"What 17th-century Japanese policy of national isolation, known as 'Sakoku', strictly banned Japanese from leaving abroad and forbade foreigners from entering, except at Dejima in Nagasaki?",A) Sankin-kotai | B) Bushido | C) Sakoku | D) Bakumatsu,C
265,History,Medium,Multiple Choice,"What English physician published 'De Motu Cordis' in 1628, providing the first complete, accurate mechanical description of the systemic circulation of blood pumped by the heart?",A) Edward Jenner | B) Robert Boyle | C) Thomas Sydenham | D) William Harvey,D
266,History,Medium,Multiple Choice,"What French-Swiss Enlightenment philosopher wrote 'The Social Contract' (1762), declaring that 'Man is born free, and everywhere he is in chains'?",A) Jean-Jacques Rousseau | B) Denis Diderot | C) Voltaire | D) Marquis de Condorcet,A
267,History,Medium,Multiple Choice,"In 1685, which French king revoked the Edict of Nantes via the Edict of Fontainebleau, forcing hundreds of thousands of Protestant Huguenots to flee France?",A) Louis XIII | B) Louis XIV | C) Louis XV | D) Louis XVI,B
268,History,Medium,Multiple Choice,"What 17th-century Dutch painter of the Golden Age created masterpieces such as 'The Night Watch', 'The Anatomy Lesson of Dr. Nicolaes Tulp', and numerous profound self-portraits?",A) Johannes Vermeer | B) Frans Hals | C) Rembrandt van Rijn | D) Jan Steen,C
269,History,Medium,Multiple Choice,"What economic doctrine, prevailing in Europe from the 16th to the 18th centuries, held that national wealth is maximized by accumulating gold and silver through a positive balance of trade and colonial exploitation?",A) Physiocracy | B) Laissez-faire | C) Feudalism | D) Mercantilism,D
270,History,Medium,Multiple Choice,"What English natural philosopher and lawyer pioneered the scientific inductive method in his 1620 work 'Novum Organum', arguing that knowledge arises from empirical observation?",A) Francis Bacon | B) René Descartes | C) John Locke | D) Thomas Hobbes,A
271,History,Medium,Multiple Choice,"In 1709, what battle in Ukraine saw Tsar Peter the Great decisively defeat King Charles XII of Sweden, turning the Great Northern War decisively in Russia's favor?",A) Battle of Narva | B) Battle of Poltava | C) Battle of Gangut | D) Battle of Lesnaya,B
272,History,Medium,Multiple Choice,What 1673 English law required all holders of civil and military office to receive the sacrament of the Lord's Supper according to the rites of the Church of England and renounce transubstantiation?,A) The Act of Uniformity | B) The Toleration Act | C) The Test Act | D) The Conventicle Act,C
273,History,Medium,Multiple Choice,"What landmark French multi-volume reference work, edited by Denis Diderot and Jean le Rond d'Alembert between 1751 and 1772, sought to compile and popularize Enlightenment knowledge?",A) Dictionnaire Historique | B) Discours de la Methode | C) De l'esprit des lois | D) The Encyclopédie,D
274,History,Medium,Multiple Choice,"Which Scottish moral philosopher and pioneer of political economy published 'The Wealth of Nations' in 1776, articulating the concept of the 'invisible hand' of the free market?",A) Adam Smith | B) David Hume | C) John Stuart Mill | D) Thomas Malthus,A
275,History,Medium,Multiple Choice,"Which German astronomer derived three fundamental laws of planetary motion, showing that planets orbit the Sun in ellipses rather than perfect circles?",A) Tycho Brahe | B) Johannes Kepler | C) Christiaan Huygens | D) Edmond Halley,B
276,History,Medium,Typing,What 6-letter city hosted the major Catholic Counter-Reformation council between 1545 and 1563 (Tr...)?,,Trent
277,History,Medium,Typing,What 6-letter Austrian capital successfully repelled a major Ottoman siege in 1683 (Vi...)?,,Vienna
278,History,Medium,Typing,What 9-letter French religious minister under Louis XIII consolidated absolute royal power (Rich...)?,,Richelieu
279,History,Medium,Typing,What 7-letter Dutch painter created 'The Night Watch' during the Dutch Golden Age (Rem...)?,,Rembrandt
280,History,Medium,Typing,What 6-letter name belonged to the German astronomer who discovered that planets orbit in ellipses (Kep...)?,,Kepler
281,History,Hard,Multiple Choice,"In 1526, which Central Asian descendant of Timur and Genghis Khan defeated the Delhi Sultan Ibrahim Lodi at the First Battle of Panipat to found the Mughal Empire?",A) Humayun | B) Bairam Khan | C) Babur | D) Sher Shah Suri,C
282,History,Hard,Multiple Choice,"What 1618 incident in Bohemia, where Protestant nobles threw two Catholic imperial regents out of a high window of Prague Castle into a dung heap, triggered the Thirty Years' War?",A) The Prague Uprising | B) The Compact of Basel | C) The Letter of Majesty | D) The Defenestration of Prague,D
283,History,Hard,Multiple Choice,"Which German military contractor and generalissimo served Emperor Ferdinand II during the Thirty Years' War, raising massive mercenary armies before being assassinated in 1634 on suspicion of treason?",A) Albrecht von Wallenstein | B) Count Tilly | C) Gottfried Heinrich Pappenheim | D) Johann von Werth,A
284,History,Hard,Multiple Choice,"What 1713 Austrian constitutional document, issued by Emperor Charles VI, ensured the indivisibility of the Habsburg hereditary dominions and allowed female succession for his daughter Maria Theresa?",A) The Golden Bull | B) The Pragmatic Sanction | C) The Edict of Restitution | D) The Treaty of Rastatt,B
285,History,Hard,Multiple Choice,"In 1572, which Spanish viceroy of Peru ordered the invasion of the Vilcabamba redoubt and the capture and execution of the last Inca ruler, Tupac Amaru I?",A) Blasco Nunez Vela | B) Pedro de la Gasca | C) Francisco de Toledo | D) Antonio de Mendoza,C
286,History,Hard,Multiple Choice,"What 1555 agreement in the Holy Roman Empire established the legal coexistence of Catholicism and Lutheranism, formulated by the Latin maxim 'cuius regio, eius religio'?",A) The Edict of Nantes | B) The Treaty of Passau | C) The Interim of Augsburg | D) The Peace of Augsburg,D
287,History,Hard,Multiple Choice,"What 1678-1681 political hysteria in England, fabricated by Titus Oates, falsely claimed a Jesuit conspiracy to assassinate King Charles II and elevate his Catholic brother James to the throne?",A) The Popish Plot | B) The Rye House Plot | C) The Babington Plot | D) The Meal-Tub Plot,A
288,History,Hard,Multiple Choice,Which Renaissance architect solved the engineering puzzle of constructing the massive octagonal brick dome of the Florence Cathedral (Santa Maria del Fiore) without wooden centering?,A) Leon Battista Alberti | B) Filippo Brunelleschi | C) Donato Bramante | D) Andrea Palladio,B
289,History,Hard,Multiple Choice,What 1701 Act of the English Parliament settled the succession of the English and Irish crowns on the Protestant Electress Sophia of Hanover and her non-Catholic heirs?,A) The Act of Union | B) The Bill of Rights | C) The Act of Settlement | D) The Triennial Act,C
290,History,Hard,Multiple Choice,"In 1509, which Portuguese viceroy annihilated a combined fleet of the Mamluk Sultanate, Gujarat, and the Calicut Zamorin at the naval Battle of Diu, establishing Portuguese naval control in the Indian Ocean?",A) Afonso de Albuquerque | B) Tristão da Cunha | C) Duarte Pacheco Pereira | D) Francisco de Almeida,D
291,History,Hard,Multiple Choice,"What radical Christian denomination arose during the English Civil War, led by Gerrard Winstanley, advocating communal farming, public ownership of land, and the pulling down of enclosures?",A) The Diggers | B) The Levellers | C) The Fifth Monarchists | D) The Muggletonians,A
292,History,Hard,Multiple Choice,"Which Italian political thinker and jurist published 'On Crimes and Punishments' (Dei delitti e delle pene) in 1764, founding modern penology and condemning torture and the death penalty?",A) Giambattista Vico | B) Cesare Beccaria | C) Pietro Verri | D) Antonio Genovesi,B
293,History,Hard,Multiple Choice,"What 1639 naval battle in the English Channel saw a Dutch fleet under Admiral Maarten Tromp destroy a massive Spanish Armada, ending Spain's naval dominance in northern waters?",A) The Battle of Gibraltar | B) The Battle of Scheveningen | C) The Battle of the Downs | D) The Battle of Texel,C
294,History,Hard,Multiple Choice,"What 1739 raid on Delhi by Persian ruler Nader Shah resulted in the massacre of 30,000 citizens and the looting of the Mughal crown jewels, including which legendary seat of power?",A) The Throne of Solomon | B) The Marble Throne | C) The Ivory Throne | D) The Peacock Throne,D
295,History,Hard,Multiple Choice,"In 1629, which Holy Roman Emperor issued the Edict of Restitution, attempting to reclaim all ecclesiastical territories secularized by Protestants since 1552 and radicalizing the Thirty Years' War?",A) Ferdinand II | B) Matthias | C) Ferdinand I | D) Rudolf II,A
296,History,Hard,Multiple Choice,Which English polymath and microscopist coined the biological term 'cell' in his 1665 book 'Micrographia' after observing the structure of cork under a microscope?,A) Antonie van Leeuwenhoek | B) Robert Hooke | C) William Harvey | D) John Ray,B
297,History,Hard,Multiple Choice,"What 1713 treaty concluded the War of the Spanish Succession, confirming Philip V as King of Spain on condition that the French and Spanish crowns never be united?",A) The Treaty of Rastatt | B) The Treaty of Aix-la-Chapelle | C) The Treaty of Utrecht | D) The Treaty of Paris,C
298,History,Hard,Typing,What 5-letter name belonged to the Central Asian conqueror who founded the Mughal Empire at Panipat in 1526 (Ba...)?,,Babur
299,History,Hard,Typing,What 12-letter name belonged to the architect who built the famous dome of Florence Cathedral (Brun...)?,,Brunelleschi
300,History,Hard,Typing,What 11-letter name belonged to the generalissimo of the Holy Roman Empire assassinated in 1634 (Wall...)?,,Wallenstein
301,History,Easy,Multiple Choice,"On July 4, 1776, what historic document declaring the thirteen American colonies free from British rule was adopted by the Second Continental Congress?",A) The Articles of Confederation | B) The United States Constitution | C) The Bill of Rights | D) The Declaration of Independence,D
302,History,Easy,Multiple Choice,"What dramatic event on July 14, 1789, in Paris saw revolutionaries storm a medieval fortress and prison, symbolizing the outbreak of the French Revolution?",A) The Storming of the Bastille | B) The Women's March on Versailles | C) The Tennis Court Oath | D) The Execution of Louis XVI,A
303,History,Easy,Multiple Choice,"Which French military commander rose during the French Revolution, crowned himself Emperor in 1804, and conquered much of continental Europe before his defeat at Waterloo?",A) Maximilien Robespierre | B) Napoleon Bonaparte | C) Louis-Philippe | D) Charles de Gaulle,B
304,History,Easy,Multiple Choice,What decisive 1815 battle in modern Belgium saw the Seventh Coalition under the Duke of Wellington and Gebhard von Blücher permanently defeat Napoleon?,A) Battle of Austerlitz | B) Battle of Leipzig | C) Battle of Waterloo | D) Battle of Trafalgar,C
305,History,Easy,Multiple Choice,"Who served as the 16th President of the United States, preserving the Union during the American Civil War and issuing the Emancipation Proclamation?",A) Ulysses S. Grant | B) Andrew Jackson | C) Thomas Jefferson | D) Abraham Lincoln,D
306,History,Easy,Multiple Choice,"What Scottish inventor patented an improved steam engine with a separate condenser in 1769, powering the machinery of the Industrial Revolution?",A) James Watt | B) George Stephenson | C) Richard Arkwright | D) Robert Fulton,A
307,History,Easy,Multiple Choice,"Whose assassination in Sarajevo on June 28, 1914, by Gavrilo Princip triggered the diplomatic July Crisis that sparked World War I?",A) Kaiser Wilhelm II | B) Archduke Franz Ferdinand | C) Tsar Nicholas II | D) King George V,B
308,History,Easy,Multiple Choice,"What 1863 executive order issued by Abraham Lincoln declared 'that all persons held as slaves' within rebellious Confederate states 'are, and henceforward shall be free'?",A) The Gettysburg Address | B) The Reconstruction Act | C) The Emancipation Proclamation | D) The Kansas-Nebraska Act,C
309,History,Easy,Multiple Choice,"In 1773, what direct protest action by the Sons of Liberty in Massachusetts saw 342 chests of British East India Company tea dumped into the harbor?",A) The Boston Massacre | B) The Stamp Act Riots | C) The Gaspee Affair | D) The Boston Tea Party,D
310,History,Easy,Multiple Choice,Who was the radical Jacobin leader who headed the Committee of Public Safety and presided over the Reign of Terror during the French Revolution before being guillotined in 1794?,A) Maximilien Robespierre | B) Georges Danton | C) Jean-Paul Marat | D) Louis Antoine de Saint-Just,A
311,History,Easy,Multiple Choice,What 1805 naval battle off the southwest coast of Spain saw the British Royal Navy under Admiral Horatio Nelson shatter the combined French and Spanish fleets?,A) Battle of the Nile | B) Battle of Trafalgar | C) Battle of Copenhagen | D) Battle of Jutland,B
312,History,Easy,Multiple Choice,"What 1919 peace treaty signed in the Hall of Mirrors officially ended World War I between the Allied Powers and Germany, imposing heavy territorial losses and reparations?",A) The Treaty of Brest-Litovsk | B) The Treaty of Saint-Germain | C) The Treaty of Versailles | D) The Treaty of Sevres,C
313,History,Easy,Multiple Choice,"Who was the 'Iron Chancellor' of Prussia who engineered the unification of Germany through blood and iron, culminating in the proclamation of the German Empire in 1871?",A) Helmuth von Moltke | B) Albrecht von Roon | C) Prince Chlodwig | D) Otto von Bismarck,D
314,History,Easy,Multiple Choice,What bloody four-year conflict (1861-1865) was fought between the northern states of the Union and eleven southern seceding states of the Confederacy?,A) The American Civil War | B) The Mexican-American War | C) The War of 1812 | D) The Spanish-American War,A
315,History,Easy,Multiple Choice,"What 1868 political transformation in Japan restored practical imperial rule under Emperor Meiji, ending more than 250 years of Tokugawa shogunate isolation and modernizing Japan?",A) The Taika Reform | B) The Meiji Restoration | C) The Genpei War | D) The Kenmu Restoration,B
316,History,Easy,Multiple Choice,"Which leader of the Bolshevik Party led the October Revolution of 1917 in Russia, overthrowing the Russian Provisional Government and founding the Soviet state?",A) Leon Trotsky | B) Joseph Stalin | C) Vladimir Lenin | D) Nikolai Bukharin,C
317,History,Easy,Multiple Choice,"What British monarch reigned for nearly 64 years from 1837 to 1901, presiding over the peak of the British Empire and the Industrial Revolution?",A) Queen Anne | B) Queen Elizabeth I | C) Queen Mary II | D) Queen Victoria,D
318,History,Easy,Multiple Choice,"In 1803, what massive territorial acquisition saw the United States under President Thomas Jefferson purchase 828,000 square miles of territory from Napoleonic France for $15 million?",A) The Louisiana Purchase | B) The Gadsden Purchase | C) The Alaska Purchase | D) The Florida Treaty,A
319,History,Easy,Multiple Choice,What German political philosopher published 'The Communist Manifesto' with Friedrich Engels in 1848 and authored the multi-volume critique 'Das Kapital'?,A) Max Weber | B) Karl Marx | C) Georg Wilhelm Friedrich Hegel | D) Mikhail Bakunin,B
320,History,Easy,Multiple Choice,"What 1916 battle on the Western Front, lasting nearly five months, resulted in over one million casualties and saw the first battlefield use of tanks by the British?",A) Battle of Verdun | B) Battle of the Marne | C) Battle of the Somme | D) Battle of Tannenberg,C
321,History,Easy,Multiple Choice,"Which South American revolutionary leader, known as 'El Libertador', led the independence struggles of Venezuela, Colombia, Ecuador, Peru, and Bolivia from Spanish rule?",A) Jose de San Martin | B) Bernardo O'Higgins | C) Antonio Jose de Sucre | D) Simon Bolivar,D
322,History,Easy,Multiple Choice,"What machine invented by Eli Whitney in 1793 dramatically sped up the process of separating cotton fibers from seeds, inadvertently fueling the expansion of slavery in the American South?",A) The Cotton Gin | B) The Spinning Jenny | C) The Power Loom | D) The Flying Shuttle,A
323,History,Easy,Multiple Choice,Which King of France and his queen Marie Antoinette were convicted of treason and executed by guillotine during the French Revolution in 1793?,A) Louis XIV | B) Louis XVI | C) Louis XV | D) Louis XVIII,B
324,History,Easy,Multiple Choice,"What international diplomatic conference from 1814 to 1815, chaired by Klemens von Metternich, reorganized Europe following the downfall of Napoleon?",A) The Treaty of Utrecht | B) The Peace of Westphalia | C) The Congress of Vienna | D) The Conference of Berlin,C
325,History,Easy,Multiple Choice,"What 1853-1856 conflict pitted the Russian Empire against an alliance of the Ottoman Empire, Britain, France, and Sardinia, famously featuring the Siege of Sevastopol?",A) The Russo-Turkish War | B) The Boer War | C) The Franco-Prussian War | D) The Crimean War,D
326,History,Easy,Multiple Choice,"Which Union general served as General-in-Chief of the Union Army, accepted Robert E. Lee's surrender at Appomattox Court House in 1865, and later became US President?",A) Ulysses S. Grant | B) William Tecumseh Sherman | C) George B. McClellan | D) George Meade,A
327,History,Easy,Multiple Choice,"What 1884-1885 diplomatic gathering of European powers in Germany regulated European colonization and trade in Africa, launching the 'Scramble for Africa'?",A) The Congress of Vienna | B) The Berlin Conference | C) The Algeciras Conference | D) The Hague Convention,B
328,History,Easy,Multiple Choice,"What American civil rights activist and former slave escaped captivity in Maryland to become a leading abolitionist orator, writer, and statesman?",A) Booker T. Washington | B) W.E.B. Du Bois | C) Frederick Douglass | D) Marcus Garvey,C
329,History,Easy,Multiple Choice,"In 1805, what battle, also known as the 'Battle of the Three Emperors', is widely regarded as Napoleon's greatest tactical masterpiece, defeating Austrian and Russian armies?",A) Battle of Jena-Auerstedt | B) Battle of Friedland | C) Battle of Wagram | D) Battle of Austerlitz,D
330,History,Easy,Multiple Choice,What 1857 armed uprising against the British East India Company's rule in India began among native sepoys over cartridges greased with animal fat?,A) The Sepoy Mutiny | B) The Boxer Rebellion | C) The Taiping Rebellion | D) The Anglo-Maratha War,A
331,History,Easy,Multiple Choice,"What British nurse revolutionized hospital hygiene during the Crimean War, earned the nickname 'The Lady with the Lamp', and founded modern professional nursing?",A) Clara Barton | B) Florence Nightingale | C) Mary Seacole | D) Edith Cavell,B
332,History,Easy,Multiple Choice,What major 1863 three-day battle in Pennsylvania is widely considered the bloodiest battle and military turning point of the American Civil War?,A) Battle of Antietam | B) Battle of Bull Run | C) Battle of Gettysburg | D) Battle of Shiloh,C
333,History,Easy,Multiple Choice,What international intergovernmental organization was established in 1920 by the Paris Peace Conference to promote international cooperation and maintain world peace?,A) The United Nations | B) The International Court | C) The Concert of Europe | D) The League of Nations,D
334,History,Easy,Multiple Choice,What 1839-1842 war between Britain and the Qing Dynasty of China forced China to cede Hong Kong and open five treaty ports under the Treaty of Nanking?,A) The First Opium War | B) The Arrow War | C) The Boxer Rebellion | D) The Sino-French War,A
335,History,Easy,Multiple Choice,"What 1898 war between Spain and the United States resulted in the US acquiring Puerto Rico, Guam, and the Philippines, and Cuban independence from Spain?",A) The Mexican-American War | B) The Spanish-American War | C) The War of 1812 | D) The Banana Wars,B
336,History,Easy,Multiple Choice,"What 1916 battle on the Western Front, the longest battle of World War I, saw French forces successfully hold a historic fortress city under the rallying cry 'They shall not pass!' (Ils ne passeront pas)?",A) Battle of the Somme | B) Battle of the Marne | C) Battle of Verdun | D) Battle of Ypres,C
337,History,Easy,Multiple Choice,"What 1869 artificial sea-level waterway in Egypt opened navigation connecting the Mediterranean Sea to the Red Sea, drastically shortening travel to Asia?",A) The Panama Canal | B) The Corinth Canal | C) The Kiel Canal | D) The Suez Canal,D
338,History,Easy,Multiple Choice,"What 1804 slave rebellion on the French Caribbean island of Saint-Domingue, led by Toussaint Louverture and Jean-Jacques Dessalines, founded which first independent Black republic?",A) Haiti | B) Jamaica | C) Cuba | D) Dominican Republic,A
339,History,Easy,Multiple Choice,"Which Italian general and nationalist hero, known as the 'Hero of the Two Worlds', led the Expedition of the Thousand in red shirts to unify southern Italy with the north?","A) Camillo Benso, Count of Cavour | B) Giuseppe Garibaldi | C) Giuseppe Mazzini | D) Victor Emmanuel II",B
340,History,Easy,Multiple Choice,"What passenger liner was torpedoed and sunk by a German U-boat off the coast of Ireland on May 7, 1915, killing 1,198 people and straining US-German relations?",A) RMS Titanic | B) RMS Britannic | C) RMS Lusitania | D) SS Republic,C
341,History,Easy,Multiple Choice,What secret telegram sent in 1917 by the German Foreign Minister proposing a military alliance between Germany and Mexico helped push the US into World War I?,A) The Ems Dispatch | B) The Willy-Nicky Telegrams | C) The Balfour Declaration | D) The Zimmermann Telegram,D
342,History,Easy,Multiple Choice,"What American battle in 1781 saw the combined American and French forces under George Washington and Rochambeau trap Lord Cornwallis, effectively securing American independence?",A) Battle of Yorktown | B) Battle of Saratoga | C) Battle of Bunker Hill | D) Battle of Trenton,A
343,History,Easy,Multiple Choice,"What 1845-1852 catastrophe in Ireland, caused by potato blight (Phytophthora infestans), resulted in the death of about one million people and mass emigration?",A) The Highland Clearances | B) The Great Famine | C) The Dust Bowl | D) The Year Without a Summer,B
344,History,Easy,Typing,"What 8-letter fortress and prison in Paris was stormed by French revolutionaries on July 14, 1789?",,Bastille
345,History,Easy,Typing,What 8-letter town in Belgium was the site where Napoleon was decisively defeated in 1815 (Wat...)?,,Waterloo
346,History,Easy,Typing,What 7-letter surname belonged to the 16th US President who issued the Emancipation Proclamation (Lin...)?,,Lincoln
347,History,Easy,Typing,What 4-letter surname belonged to the Scottish engineer who greatly improved the steam engine (Wa...)?,,Watt
348,History,Easy,Typing,What 5-letter city in Bosnia was the site where Archduke Franz Ferdinand was assassinated in 1914 (Sara...)?,,Sarajevo
349,History,Easy,Typing,What 5-letter surname belonged to the Bolshevik leader who directed the October Revolution of 1917 in Russia?,,Lenin
350,History,Easy,Typing,What 8-letter palace near Paris hosted the signing of the 1919 peace treaty ending World War I?,,Versailles
351,History,Medium,Multiple Choice,What 1777 military victory by American forces under Horatio Gates in upstate New York convinced France to formally enter the Revolutionary War as an American ally?,A) Battle of Bunker Hill | B) Battle of Trenton | C) Battle of Saratoga | D) Battle of Brandywine,C
352,History,Medium,Multiple Choice,What 1789 pledge taken by members of the French Third Estate vowed not to disband until a written constitution was established for France?,A) The Declaration of Pillnitz | B) The Civil Constitution of the Clergy | C) The Decrees of August 4 | D) The Tennis Court Oath,D
353,History,Medium,Multiple Choice,"In 1812, what military invasion by Napoleon's Grande Armee of over 600,000 men resulted in a catastrophic retreat through brutal winter cold, destroying his army?",A) The French Invasion of Russia | B) The Peninsular War | C) The War of the Fifth Coalition | D) The Egyptian Campaign,A
354,History,Medium,Multiple Choice,"What 1870-1871 conflict saw Prussia decisively defeat France, capture Emperor Napoleon III at Sedan, and lead directly to the proclamation of the unified German Empire?",A) The Austro-Prussian War | B) The Franco-Prussian War | C) The Second Schleswig War | D) The Crimean War,B
355,History,Medium,Multiple Choice,"In 1801, who led the Haitian Revolution to promulgate an autonomous constitution for Saint-Domingue before being arrested and dying in a French fortress in 1803?",A) Jean-Jacques Dessalines | B) Henri Christophe | C) Toussaint Louverture | D) Alexandre Pétion,C
356,History,Medium,Multiple Choice,"What 1850-1864 civil war in China, led by Hong Xiuquan who believed he was the younger brother of Jesus Christ, claimed an estimated 20 to 30 million lives?",A) The Boxer Rebellion | B) The Nian Rebellion | C) The Dungan Revolt | D) The Taiping Rebellion,D
357,History,Medium,Multiple Choice,"What 1879 battle in South Africa saw an army of 20,000 Zulu warriors armed primarily with spears and shields overwhelm and annihilate a modern British force of 1,800 troops?",A) Battle of Isandlwana | B) Battle of Rorke's Drift | C) Battle of Ulundi | D) Battle of Blood River,A
358,History,Medium,Multiple Choice,"What 1904-1905 conflict saw an Asian power decisively defeat a European empire on land and sea, culminating in the Battle of Tsushima?",A) The First Sino-Japanese War | B) The Russo-Japanese War | C) The Boxer War | D) The Boshin War,B
359,History,Medium,Multiple Choice,What 1917 public statement issued by British Foreign Secretary Arthur Balfour announced British support for 'the establishment in Palestine of a national home for the Jewish people'?,A) The Sykes-Picot Agreement | B) The McMahon-Hussein Correspondence | C) The Balfour Declaration | D) The White Paper of 1939,C
360,History,Medium,Multiple Choice,"In 1862, what single-day battle in Maryland during the American Civil War resulted in 23,000 casualties and gave Lincoln the political momentum to issue the Emancipation Proclamation?",A) Battle of Fredericksburg | B) Battle of Chancellorsville | C) Battle of Cold Harbor | D) Battle of Antietam,D
361,History,Medium,Multiple Choice,"What 1915 amphibious Allied campaign against the Ottoman Empire aimed to seize the Dardanelles straits and open a sea route to Russia, but ended in a bloody Allied withdrawal?",A) The Gallipoli Campaign | B) The Salonica Campaign | C) The Mesopotamia Campaign | D) The Sinai and Palestine Campaign,A
362,History,Medium,Multiple Choice,What 1807 economic embargo imposed by Napoleon banned all trade between continental European nations and the British Empire?,A) The Navigation Acts | B) The Continental System | C) The Berlin Decree | D) The Orders in Council,B
363,History,Medium,Multiple Choice,Which American social reformer and women's rights pioneer organized the landmark 1848 Seneca Falls Convention and co-authored the 'Declaration of Sentiments'?,A) Susan B. Anthony | B) Lucretia Mott | C) Elizabeth Cady Stanton | D) Alice Paul,C
364,History,Medium,Multiple Choice,"In 1870, what Italian troops entered Rome through a breach at Porta Pia, annexing the Papal States and completing the territorial unification (Risorgimento) of Italy?",A) Garibaldi's Redshirts | B) Sardinian Carabineers | C) Piedmontese Guard | D) Royal Italian Army of King Victor Emmanuel II,D
365,History,Medium,Multiple Choice,What 1898 incident on the Nile River brought Britain and France to the brink of war over colonial territorial claims in East Africa before France backed down?,A) The Fashoda Incident | B) The Agadir Crisis | C) The Tangier Crisis | D) The Jameson Raid,A
366,History,Medium,Multiple Choice,What 1916 naval clash in the North Sea between the British Grand Fleet and German High Seas Fleet was the largest naval battle and only full-scale clash of battleships in WWI?,A) Battle of the Falkland Islands | B) Battle of Jutland | C) Battle of Coronel | D) Battle of Dogger Bank,B
367,History,Medium,Multiple Choice,"What 1867 constitutional compromise transformed the Austrian Empire into a dual monarchy with separate parliaments but a single ruler, creating Austria-Hungary?",A) The October Diploma | B) The February Patent | C) The Ausgleich | D) The Treaty of Prague,C
368,History,Medium,Multiple Choice,"Which French utopian socialist or politician famously declared 'Property is theft!' (La propriété, c'est le vol!) in his 1840 treatise 'What is Property?'?",A) Charles Fourier | B) Louis Blanc | C) Henri de Saint-Simon | D) Pierre-Joseph Proudhon,D
369,History,Medium,Multiple Choice,"In 1917, what Russian treaty signed with the Central Powers pulled revolutionary Russia out of World War I at the cost of massive territorial cessions in Eastern Europe?",A) Treaty of Brest-Litovsk | B) Treaty of Versailles | C) Treaty of Neuilly | D) Treaty of Trianon,A
370,History,Medium,Multiple Choice,"What 1838-1839 forced relocation of approximately 16,000 Cherokee Native Americans by the US government to Indian Territory resulted in the death of over 4,000 people?",A) The Long Walk | B) The Trail of Tears | C) The Sand Creek Trail | D) The Wounded Knee March,B
371,History,Medium,Multiple Choice,"In 1866, what decisive battle of the Austro-Prussian War saw the Prussian army under Moltke shatter Austrian forces in Bohemia, establishing Prussian hegemony over Germany?",A) Battle of Sedan | B) Battle of Solferino | C) Battle of Königgrätz | D) Battle of Custozza,C
372,History,Medium,Multiple Choice,"What 1900 anti-foreign, anti-colonial, and anti-Christian uprising in Qing China was launched by the 'Militia United in Righteousness' and besieged the foreign legations in Beijing?",A) The Taiping Rebellion | B) The White Lotus Rebellion | C) The Xinhai Revolution | D) The Boxer Rebellion,D
373,History,Medium,Multiple Choice,"Which 1859 battle in northern Italy, witnessed by Henry Dunant, saw Franco-Sardinian forces defeat the Austrian army and inspired Dunant to found the International Red Cross?",A) Battle of Solferino | B) Battle of Magenta | C) Battle of Montebello | D) Battle of San Martino,A
374,History,Medium,Multiple Choice,"What 1918-1920 pandemic, which broke out in the final months of World War I, infected an estimated one-third of the world's population and caused 50 million deaths worldwide?",A) The Asian Flu | B) The 1918 Spanish Flu | C) The Hong Kong Flu | D) The Russian Flu,B
375,History,Medium,Multiple Choice,What 1914 mobile German victory on the Eastern Front saw Field Marshal Paul von Hindenburg and Erich Ludendorff encircle and destroy the Russian Second Army?,A) Battle of the Masurian Lakes | B) Battle of Lodz | C) Battle of Tannenberg | D) Battle of Galicia,C
376,History,Medium,Typing,What 8-letter town in New York saw an American victory in 1777 that brought France into the war (Sara...)?,,Saratoga
377,History,Medium,Typing,What 9-letter peninsula in the Ottoman Empire was the site of the disastrous 1915 Allied amphibious landing (Galli...)?,,Gallipoli
378,History,Medium,Typing,What 6-letter name belonged to the Prussian 'Iron Chancellor' who unified Germany in 1871 (Bis...)?,,Bismarck
379,History,Medium,Typing,What 8-letter treaty signed in 1918 took revolutionary Russia out of World War I (Brest-...)?,,Litovsk
380,History,Medium,Typing,What 10-letter surname belonged to the Italian patriot who led the Thousand Redshirts (Gari...)?,,Garibaldi
381,History,Hard,Multiple Choice,"In 1794, what political reaction in the French National Convention overthrew Maximilien Robespierre on 9 Thermidor, ending the Reign of Terror?",A) The Vendee Uprising | B) The Insurrection of 12 Germinal | C) The Coup of 18 Brumaire | D) The Thermidorian Reaction,D
382,History,Hard,Multiple Choice,"What 1819 massacre in Manchester, England, saw cavalry charge into a peaceful crowd of 60,000 reform protesters at St. Peter's Field, killing 18 and injuring hundreds?",A) The Peterloo Massacre | B) The Featherstone Massacre | C) The Copley Uprising | D) The Merthyr Rising,A
383,History,Hard,Multiple Choice,"What 1864 battle during the American Civil War saw General Robert E. Lee's Confederates inflict over 7,000 Union casualties in less than an hour against hopeless frontal assaults?",A) Battle of the Wilderness | B) Battle of Cold Harbor | C) Battle of Spotsylvania Court House | D) Battle of the Crater,B
384,History,Hard,Multiple Choice,"What 1809 treaty signed between the Russian Empire and Sweden concluded the Finnish War, ceding Finland to Russia as an autonomous Grand Duchy?",A) Treaty of Abo | B) Treaty of Nystad | C) Treaty of Fredrikshamn | D) Treaty of Stolbovo,C
385,History,Hard,Multiple Choice,"What 1825 failed military insurrection in Saint Petersburg saw Russian army officers lead 3,000 soldiers in protest against Tsar Nicholas I's accession to the throne?",A) The Polish November Uprising | B) Pugachev's Rebellion | C) The Narodnik Movement | D) The Decembrist Revolt,D
386,History,Hard,Multiple Choice,"In 1896, what battle in Ethiopia saw Emperor Menelik II decisively defeat an invading Italian army, preserving Ethiopia's sovereignty during the Scramble for Africa?",A) Battle of Adwa | B) Battle of Dogali | C) Battle of Amba Alagi | D) Battle of Omdurman,A
387,History,Hard,Multiple Choice,What 1854 charge of the British Light Cavalry brigade against well-defended Russian artillery at the Battle of Balaclava inspired Tennyson's famous poem?,A) The Charge of the Heavy Brigade | B) The Charge of the Light Brigade | C) The Thin Red Line | D) The Charge at Malakoff,B
388,History,Hard,Multiple Choice,"What secret 1916 agreement between Britain and France, with Russian assent, defined their proposed spheres of influence and partition of the Ottoman Empire after WWI?",A) The Balfour Declaration | B) The Treaty of Sevres | C) The Sykes-Picot Agreement | D) The St. Jean de Maurienne Agreement,C
389,History,Hard,Multiple Choice,What 1830 revolution in France overthrew King Charles X of the Bourbon Restoration and placed the 'Citizen King' Louis-Philippe of the House of Orleans on the throne?,A) The French Revolution of 1848 | B) The Paris Commune | C) The Revolution of 1870 | D) The July Revolution,D
390,History,Hard,Multiple Choice,What 1871 revolutionary socialist government briefly controlled Paris from March 18 to May 28 before being brutally suppressed by French national troops during 'Bloody Week'?,A) The Paris Commune | B) The Directory | C) The Committee of General Security | D) The Revolutionary Tribunal,A
391,History,Hard,Multiple Choice,"In 1866, what secret Austrian diplomatic surrender or the peace of Prague dissolved which centuries-old entity that had governed German states before Prussian unification?",A) The Hanseatic League | B) The German Confederation | C) The Zollverein | D) The North German Confederation,B
392,History,Hard,Multiple Choice,"What 1917 French military crisis, sparked by the disastrous Nivelle Offensive at the Chemin des Dames, saw widespread strikes and refusals to attack across half of the French army?",A) The Paris General Strike | B) The Verdun Mutinies | C) The 1917 French Army Mutinies | D) The Flanders Crisis,C
393,History,Hard,Multiple Choice,What 1801 treaty between First Consul Napoleon Bonaparte and Austrian Emperor Francis II ended the War of the Second Coalition and confirmed French control of the Left Bank of the Rhine?,A) The Treaty of Campo Formio | B) The Treaty of Pressburg | C) The Treaty of Amiens | D) The Treaty of Lunéville,D
394,History,Hard,Multiple Choice,"What 1839 British official report on British North America, written following rebellions in Upper and Lower Canada, recommended responsible government and Canadian union?",A) The Durham Report | B) The Peel Report | C) The Balfour Report | D) The British North America Act,A
395,History,Hard,Multiple Choice,What 1899-1902 conflict in South Africa saw British forces employ scorched-earth tactics and concentration camps to defeat Dutch-descended Afrikaner republics?,A) The Anglo-Zulu War | B) The Second Boer War | C) The Matabele War | D) The Bambatha Rebellion,B
396,History,Hard,Multiple Choice,"What 1911 revolution in China, sparked by the Wuchang Uprising, overthrew the Qing Dynasty and ended over two millennia of imperial dynastic rule in China?",A) The Boxer Rebellion | B) The May Fourth Movement | C) The Xinhai Revolution | D) The Northern Expedition,C
397,History,Hard,Multiple Choice,"In 1914, what British naval battle off the coast of Chile was the first Royal Navy defeat at sea in over a century, where Admiral Graf Spee sank two British armored cruisers?",A) Battle of the Falkland Islands | B) Battle of Dogger Bank | C) Battle of Heligoland Bight | D) Battle of Coronel,D
398,History,Hard,Typing,What 4-letter Ethiopian battle site in 1896 saw Emperor Menelik II defeat the Italian army (Ad...)?,,Adwa
399,History,Hard,Typing,What 7-letter French term described the 1871 socialist government of Paris crushed during Bloody Week (Com...)?,,Commune
400,History,Hard,Typing,What 6-letter name belonged to the Chinese revolution of 1911 that ended the Qing Dynasty (Xin...)?,,Xinhai
401,History,Easy,Multiple Choice,"What September 1, 1939, event directly prompted Britain and France to declare war on Nazi Germany, marking the official outbreak of World War II in Europe?",A) The Invasion of Poland | B) The Annexation of Austria | C) The Invasion of Czechoslovakia | D) The Remilitarization of the Rhineland,A
402,History,Easy,Multiple Choice,"On December 7, 1941, which US naval base in Hawaii was struck by a surprise Japanese air attack, bringing the United States into World War II?",A) Midway Atoll | B) Pearl Harbor | C) Subic Bay | D) Wake Island,B
403,History,Easy,Multiple Choice,"What massive Allied amphibious invasion of German-occupied Normandy on June 6, 1944, opened the Western Front in Europe (Operation Overlord)?",A) Operation Torch | B) Operation Market Garden | C) D-Day | D) Operation Husky,C
404,History,Easy,Multiple Choice,"What brutal five-month urban battle (1942-1943) on the Volga River saw the Soviet Red Army encircle and destroy the German Sixth Army, turning the tide of WWII in Europe?",A) Battle of Moscow | B) Battle of Kursk | C) Battle of Leningrad | D) Battle of Stalingrad,D
405,History,Easy,Multiple Choice,"Which British Prime Minister rallied the British Empire during its darkest hours in 1940 with famous speeches promising 'blood, toil, tears, and sweat'?",A) Winston Churchill | B) Neville Chamberlain | C) Clement Attlee | D) Anthony Eden,A
406,History,Easy,Multiple Choice,"On August 6, 1945, what Japanese city became the first in human history to be targeted by an atomic bomb, dropped by the B-29 bomber 'Enola Gay'?",A) Tokyo | B) Hiroshima | C) Nagasaki | D) Osaka,B
407,History,Easy,Multiple Choice,"What physical concrete and barbed-wire barrier, erected by East Germany in 1961, encircled West Berlin until its dramatic fall in November 1989?",A) The Iron Curtain | B) The Maginot Line | C) The Berlin Wall | D) The Siegfried Line,C
408,History,Easy,Multiple Choice,"Who led the nonviolent resistance movement against British colonial rule in India, organizing the Salt March of 1930 and championing Satyagraha?",A) Jawaharlal Nehru | B) Subhas Chandra Bose | C) Muhammad Ali Jinnah | D) Mahatma Gandhi,D
409,History,Easy,Multiple Choice,What 1962 Cold War standoff between the US and the Soviet Union over Soviet nuclear missiles stationed 90 miles off Florida brought the world to the brink of nuclear war?,A) The Cuban Missile Crisis | B) The Berlin Blockade | C) The Suez Crisis | D) The U-2 Incident,A
410,History,Easy,Multiple Choice,"Who served as President of the United States through the Great Depression and most of World War II, winning four presidential elections?",A) Herbert Hoover | B) Franklin D. Roosevelt | C) Harry S. Truman | D) Dwight D. Eisenhower,B
411,History,Easy,Multiple Choice,"What anti-apartheid leader spent 27 years imprisoned, mostly on Robben Island, before being released and elected South Africa's first Black president in 1994?",A) Desmond Tutu | B) Steve Biko | C) Nelson Mandela | D) Thabo Mbeki,C
412,History,Easy,Multiple Choice,What American civil rights leader delivered his iconic 'I Have a Dream' speech during the 1963 March on Washington for Jobs and Freedom?,A) Malcolm X | B) John Lewis | C) Medgar Evers | D) Martin Luther King Jr.,D
413,History,Easy,Multiple Choice,"What post-WWII international organization was officially founded on October 24, 1945, in San Francisco to maintain international peace and security?",A) The United Nations | B) The League of Nations | C) NATO | D) The Warsaw Pact,A
414,History,Easy,Multiple Choice,"What June 1942 naval battle in the Pacific saw the US Navy sink four Japanese aircraft carriers, permanently turning the tide of the Pacific War?",A) Battle of the Coral Sea | B) Battle of Midway | C) Battle of Leyte Gulf | D) Battle of Guadalcanal,B
415,History,Easy,Multiple Choice,"What US economic initiative, enacted in 1948, provided over $13 billion in economic assistance to help rebuild war-torn Western European economies?",A) The Truman Doctrine | B) The Lend-Lease Act | C) The Marshall Plan | D) The Dawes Plan,C
416,History,Easy,Multiple Choice,"Who was the General Secretary of the Communist Party of the Soviet Union from 1924 until his death in 1953, leading the USSR through WWII and industrialization?",A) Vladimir Lenin | B) Nikita Khrushchev | C) Leon Trotsky | D) Joseph Stalin,D
417,History,Easy,Multiple Choice,"What military alliance of Western nations, based on the principle of collective defense (Article 5), was signed in Washington, D.C. in April 1949?",A) NATO | B) SEATO | C) The Warsaw Pact | D) CENTO,A
418,History,Easy,Multiple Choice,"What 1950-1953 conflict on an East Asian peninsula pitted UN and South Korean forces against North Korean and Chinese forces, ending in an armistice along the 38th parallel?",A) The Vietnam War | B) The Korean War | C) The First Indochina War | D) The Malayan Emergency,B
419,History,Easy,Multiple Choice,"What Soviet satellite, launched into low Earth orbit on October 4, 1957, was the first artificial satellite in history, triggering the Space Race?",A) Vostok 1 | B) Luna 2 | C) Sputnik 1 | D) Soyuz 1,C
420,History,Easy,Multiple Choice,What term coined by Winston Churchill in his 1946 Fulton speech described the ideological and physical division separating Soviet-dominated Eastern Europe from the West?,A) The Bamboo Curtain | B) The Berlin Wall | C) The Maginot Line | D) The Iron Curtain,D
421,History,Easy,Multiple Choice,"On July 20, 1969, which American astronaut became the first human to walk on the surface of the Moon during the Apollo 11 mission?",A) Neil Armstrong | B) Buzz Aldrin | C) Michael Collins | D) Yuri Gagarin,A
422,History,Easy,Multiple Choice,"Who was the Soviet cosmonaut who became the first human being to travel into outer space, orbiting the Earth aboard Vostok 1 on April 12, 1961?",A) Gherman Titov | B) Yuri Gagarin | C) Alexei Leonov | D) Valentina Tereshkova,B
423,History,Easy,Multiple Choice,"What long, divisive Cold War conflict in Southeast Asia ended in April 1975 with the fall of Saigon and the reunification of the country under communist rule?",A) The Korean War | B) The Cambodian Civil War | C) The Vietnam War | D) The Laotian Civil War,C
424,History,Easy,Multiple Choice,"What 1947 partition accompanied the independence of British India, creating which new Muslim-majority nation headed by Muhammad Ali Jinnah?",A) Bangladesh | B) Sri Lanka | C) Myanmar | D) Pakistan,D
425,History,Easy,Multiple Choice,"What series of military trials held between 1945 and 1946 prosecuted prominent political, military, and economic leaders of Nazi Germany for war crimes and crimes against humanity?",A) The Nuremberg Trials | B) The Tokyo Trials | C) The Hague Tribunals | D) The Geneva Conventions,A
426,History,Easy,Multiple Choice,"Which Soviet leader introduced the reform policies of 'Glasnost' (openness) and 'Perestroika' (restructuring) in the late 1980s, leading to the dissolution of the USSR?",A) Leonid Brezhnev | B) Mikhail Gorbachev | C) Yuri Andropov | D) Boris Yeltsin,B
427,History,Easy,Multiple Choice,"What 1944 economic conference in New Hampshire established the post-war international monetary system, creating the International Monetary Fund (IMF) and the World Bank?",A) The Yalta Conference | B) The Potsdam Conference | C) The Bretton Woods Conference | D) The Geneva Conference,C
428,History,Easy,Multiple Choice,"What 1948-1949 Allied humanitarian operation flew over 200,000 supply flights to sustain the citizens of West Berlin during a Soviet land blockade?",A) Operation Overlord | B) Operation Vittles | C) Operation Market Garden | D) The Berlin Airlift,D
429,History,Easy,Multiple Choice,"Who was the leader of the Chinese Communist Party who proclaimed the establishment of the People's Republic of China in Tiananmen Square on October 1, 1949?",A) Mao Zedong | B) Deng Xiaoping | C) Zhou Enlai | D) Chiang Kai-shek,A
430,History,Easy,Multiple Choice,"What 1972 political scandal in the United States, involving a break-in at the Democratic National Committee headquarters, forced President Richard Nixon to resign in 1974?",A) The Teapot Dome Scandal | B) The Watergate Scandal | C) The Iran-Contra Affair | D) The Whitewater Scandal,B
431,History,Easy,Multiple Choice,"What military treaty organization, formed in 1955 in Poland as a Soviet counterweight to NATO, bound the Soviet Union and seven Eastern European satellite states?",A) The Comintern | B) Comecon | C) The Warsaw Pact | D) The Eastern Bloc Union,C
432,History,Easy,Multiple Choice,"Which 1945 conference of the 'Big Three' Allied leaders (Roosevelt, Churchill, Stalin) in the Crimea planned the final defeat and post-war reorganization of Germany?",A) The Tehran Conference | B) The Potsdam Conference | C) The Casablanca Conference | D) The Yalta Conference,D
433,History,Easy,Multiple Choice,"What 1978 peace framework, brokered by US President Jimmy Carter between Egyptian President Anwar Sadat and Israeli Prime Minister Menachem Begin, led to a historic 1979 peace treaty?",A) The Camp David Accords | B) The Oslo Accords | C) The Madrid Conference | D) The Balfour Declaration,A
434,History,Easy,Multiple Choice,"What 1986 nuclear disaster in Soviet Ukraine occurred during a safety test at Reactor No. 4, releasing massive radioactive fallout across Europe?",A) Three Mile Island | B) The Chernobyl Disaster | C) Fukushima Daiichi | D) Kyshtym Disaster,B
435,History,Easy,Multiple Choice,"Who was elected in 1978 as the first non-Italian Pope in 455 years, hailing from Poland and playing an instrumental moral role in the collapse of European communism?",A) Pope John XXIII | B) Pope Paul VI | C) Pope John Paul II | D) Pope Benedict XVI,C
436,History,Easy,Multiple Choice,"What international armed conflict began in August 1990 when Iraq under Saddam Hussein invaded and annexed neighboring Kuwait, leading to Operation Desert Storm in 1991?",A) The Iran-Iraq War | B) The Syrian Civil War | C) The Yom Kippur War | D) The Persian Gulf War,D
437,History,Easy,Multiple Choice,"In what year did the Berlin Wall fall, signaling the end of the Cold War division in Germany, followed by German reunification in 1990?",A) 1989 | B) 1985 | C) 1991 | D) 1993,A
438,History,Easy,Multiple Choice,"In December 1991, what geopolitical superpower officially ceased to exist when the flags were lowered at the Kremlin, splitting into 15 independent republics?",A) The British Empire | B) The Soviet Union | C) Yugoslavia | D) Czechoslovakia,B
439,History,Easy,Multiple Choice,"What 1998 peace agreement, signed on Good Friday in Belfast, brought an end to three decades of violent sectarian conflict known as 'The Troubles' in Northern Ireland?",A) The Anglo-Irish Treaty | B) The Sunningdale Agreement | C) The Good Friday Agreement | D) The Downing Street Declaration,C
440,History,Easy,Multiple Choice,"What 1992 European treaty signed in the Netherlands created the European Union and led to the creation of the single European currency, the Euro?",A) The Treaty of Rome | B) The Treaty of Lisbon | C) The Schengen Agreement | D) The Maastricht Treaty,D
441,History,Easy,Multiple Choice,"What 1947 US foreign policy pledged American financial and military support to nations resisting subjugation by armed minorities or outside pressures, starting with Greece and Turkey?",A) The Truman Doctrine | B) The Eisenhower Doctrine | C) The Monroe Doctrine | D) The Nixon Doctrine,A
442,History,Easy,Multiple Choice,"What 1961 CIA-sponsored invasion of Cuba by 1,400 Cuban exiles aimed to overthrow Fidel Castro's government but was completely routed on the beaches within three days?",A) The Guantanamo Operation | B) The Bay of Pigs Invasion | C) Operation Mongoose | D) The Sierra Maestra Raid,B
443,History,Easy,Multiple Choice,"What Polish independent trade union federation, founded in 1980 at the Lenin Shipyard in Gdańsk under the leadership of Lech Wałęsa, challenged communist rule?",A) KOR | B) Civic Forum | C) Solidarity | D) Democratic Union,C
444,History,Easy,Typing,"What 6-letter city in Japan was the target of the first atomic bomb dropped on August 6, 1945?",,Hiroshima
445,History,Easy,Typing,What 4-letter city in Germany was divided into East and West by a concrete wall from 1961 to 1989?,,Berlin
446,History,Easy,Typing,What 6-letter surname belonged to the anti-apartheid leader who became president of South Africa in 1994 (Man...)?,,Mandela
447,History,Easy,Typing,What 6-letter surname belonged to the Soviet leader who implemented Glasnost and Perestroika in the 1980s (Gor...)?,,Gorbachev
448,History,Easy,Typing,What 4-letter acronym describes the Western military alliance founded in Washington in 1949?,,NATO
449,History,Easy,Typing,What 7-letter Soviet satellite launched in 1957 became the first artificial satellite in orbit?,,Sputnik
450,History,Easy,Typing,What 6-letter surname belonged to the US President forced to resign in 1974 over the Watergate scandal?,,Nixon
451,History,Medium,Multiple Choice,What July-August 1943 tank engagement between German and Soviet armies around an eponymous salient was the largest armored clash and tank battle in military history?,A) Battle of Moscow | B) Battle of Kharkov | C) Battle of the Bulge | D) Battle of Kursk,D
452,History,Medium,Multiple Choice,"What 1956 invasion of Egypt by Israel, the United Kingdom, and France aimed to regain Western control of an eponymous canal and remove Gamal Abdel Nasser from power?",A) The Suez Crisis | B) The Six-Day War | C) The Yom Kippur War | D) The War of Attrition,A
453,History,Medium,Multiple Choice,"What 1973 war saw a coalition of Arab states led by Egypt and Syria launch a surprise joint attack on Israel on the holiest day in Judaism, triggering a global oil embargo?",A) The Six-Day War | B) The Yom Kippur War | C) The War of 1948 | D) The Lebanon War,B
454,History,Medium,Multiple Choice,"What 1944 Allied airborne operation aimed to capture a series of bridges in the Netherlands, including the bridge over the Rhine at Arnhem, famously depicted as 'A Bridge Too Far'?",A) Operation Overlord | B) Operation Varsity | C) Operation Market Garden | D) Operation Dragoon,C
455,History,Medium,Multiple Choice,"What 1954 battle in northwestern Vietnam saw the Viet Minh under General Vo Nguyen Giap decisively defeat French colonial forces, ending French colonial rule in Indochina?",A) Battle of Ia Drang | B) Battle of Khe Sanh | C) Battle of Hue | D) Battle of Dien Bien Phu,D
456,History,Medium,Multiple Choice,What landmark 1954 US Supreme Court decision unanimously declared state laws establishing separate public schools for Black and white students to be unconstitutional?,A) Brown v. Board of Education | B) Plessy v. Ferguson | C) Loving v. Virginia | D) Marbury v. Madison,A
457,History,Medium,Multiple Choice,What 1968 massive coordinated offensive launched by the North Vietnamese Army and Viet Cong across more than 100 cities in South Vietnam shattered US public optimism about the war?,A) The Easter Offensive | B) The Tet Offensive | C) The Spring Offensive | D) Operation Rolling Thunder,B
458,History,Medium,Multiple Choice,What 1944 German surprise winter counteroffensive through the densely forested Ardennes region of Belgium was the last major German offensive campaign on the Western Front?,A) The Spring Offensive | B) Operation Nordwind | C) The Battle of the Bulge | D) The Battle of Hürtgen Forest,C
459,History,Medium,Multiple Choice,What 1975 accords signed by 35 nations in Finland recognized the post-WWII borders in Europe while committing signatory states to respect human rights and fundamental freedoms?,A) The Geneva Accords | B) The Dayton Agreement | C) The Paris Peace Accords | D) The Helsinki Accords,D
460,History,Medium,Multiple Choice,"Who served as British Prime Minister from 1979 to 1990, earning the nickname 'The Iron Lady' for her uncompromising conservative politics, privatization policies, and victory in the Falklands War?",A) Margaret Thatcher | B) Theresa May | C) Queen Elizabeth II | D) Shirley Williams,A
461,History,Medium,Multiple Choice,"What 1967 six-day war between Israel and an Arab coalition of Egypt, Syria, and Jordan saw Israel seize the Sinai Peninsula, Gaza Strip, West Bank, East Jerusalem, and Golan Heights?",A) The Suez War | B) The Six-Day War | C) The War of Attrition | D) The Yom Kippur War,B
462,History,Medium,Multiple Choice,"What 1979 Islamic revolution in Iran overthrew the Western-backed Pahlavi monarchy under Mohammad Reza Pahlavi, establishing an Islamic Republic under which supreme leader?",A) Ali Khamenei | B) Mohammad Mossadegh | C) Ayatollah Ruhollah Khomeini | D) Abolhassan Banisadr,C
463,History,Medium,Multiple Choice,What 1956 armed nationwide uprising against the pro-Soviet government in Budapest was violently crushed by Soviet tanks and troops entering the city?,A) The Prague Spring | B) The Poznań Protests | C) The Romanian Revolution | D) The Hungarian Revolution of 1956,D
464,History,Medium,Multiple Choice,"In 1948, what Jewish leader read the Israeli Declaration of Independence in Tel Aviv, becoming the first Prime Minister of the newly proclaimed State of Israel?",A) David Ben-Gurion | B) Chaim Weizmann | C) Golda Meir | D) Menachem Begin,A
465,History,Medium,Multiple Choice,What 1982 ten-week undeclared war between Argentina and the United Kingdom was fought over the sovereignty of two British dependent territories in the South Atlantic?,A) The Beagle Conflict | B) The Falklands War | C) The Chaco War | D) The Cenepa War,B
466,History,Medium,Multiple Choice,"What 1968 period of political liberalization in communist Czechoslovakia under Alexander Dubček, proposing 'socialism with a human face', was crushed by a Warsaw Pact invasion?",A) The Velvet Revolution | B) The Hungarian Thaw | C) The Prague Spring | D) The Polish October,C
467,History,Medium,Multiple Choice,"What 1941 executive military operation launched by Nazi Germany deployed over 3.8 million personnel along a 1,800-mile front to invade the Soviet Union?",A) Operation Typhoon | B) Operation Blau | C) Operation Citadel | D) Operation Barbarossa,D
468,History,Medium,Multiple Choice,"What 1994 genocide in East Africa saw extremist Hutu militias (Interahamwe) slaughter an estimated 500,000 to 800,000 minority Tutsis and moderate Hutus in approximately 100 days?",A) The Rwandan Genocide | B) The Darfur Genocide | C) The Burundi Massacres | D) The Congolese Civil War,A
469,History,Medium,Multiple Choice,"What 1975-1979 communist regime in Cambodia, led by Pol Pot and the Khmer Rouge, caused the deaths of an estimated 1.5 to 2 million people through forced labor, starvation, and the 'Killing Fields'?",A) The Pathet Lao | B) Democratic Kampuchea | C) Democratic Republic of Vietnam | D) The National United Front,B
470,History,Medium,Multiple Choice,"What 1995 peace agreement initialed at a US military base in Ohio ended the nearly four-year Bosnian War, establishing a federal state composed of two autonomous entities?",A) The Geneva Accords | B) The Brioni Agreement | C) The Dayton Accords | D) The Washington Agreement,C
471,History,Medium,Multiple Choice,What 1940 aerial military campaign fought entirely in the skies over the British Isles saw the Royal Air Force successfully thwart the Luftwaffe's bid for air superiority?,A) The Blitz | B) Operation Sealion | C) The Defense of the Reich | D) The Battle of Britain,D
472,History,Medium,Multiple Choice,"Who served as Chancellor of West Germany from 1982 to 1998, presiding over the fall of the Berlin Wall and engineering the political reunification of Germany in 1990?",A) Helmut Kohl | B) Willy Brandt | C) Helmut Schmidt | D) Konrad Adenauer,A
473,History,Medium,Multiple Choice,"What 1942 naval battle in the Solomon Islands was the first major land offensive launched by Allied forces against the Empire of Japan, lasting six months on land, sea, and air?",A) Battle of Tarawa | B) The Guadalcanal Campaign | C) Battle of Saipan | D) Battle of Peleliu,B
474,History,Medium,Multiple Choice,"What 1960 incident in South Africa saw police open fire on a crowd of thousands of Black protesters demonstrating against pass laws, killing 69 people and sparking global outrage?",A) The Soweto Uprising | B) The Boipatong Massacre | C) The Sharpeville Massacre | D) The Bisho Massacre,C
475,History,Medium,Multiple Choice,What landmark 1972 anti-ballistic missile and arms reduction treaty signed in Moscow by Richard Nixon and Leonid Brezhnev was the centerpiece of Cold War détente?,A) START I | B) The INF Treaty | C) The Open Skies Treaty | D) SALT I,D
476,History,Medium,Typing,What 5-letter Russian city on the Volga was the site of the pivotal 1943 armored tank clash (Ku...)?,,Kursk
477,History,Medium,Typing,What 8-letter surname belonged to the British prime minister known as 'The Iron Lady' (That...)?,,Thatcher
478,History,Medium,Typing,What 7-letter Cambodian communist regime was led by Pol Pot in the 1970s (Khmer ...)?,,Rouge
479,History,Medium,Typing,What 6-letter surname belonged to the German chancellor who reunited Germany in 1990 (Ko...)?,,Kohl
480,History,Medium,Typing,What 6-letter name belonged to the landmark 1995 peace accords that ended the Bosnian War (Day...)?,,Dayton
481,History,Hard,Multiple Choice,"In 1944, what Soviet strategic summer offensive codenamed after an 1812 Georgian general utterly smashed German Army Group Centre in Belarus, inflicting 400,000 casualties?",A) Operation Bagration | B) Operation Kutuzov | C) Operation Rumyantsev | D) Operation Uranus,A
482,History,Hard,Multiple Choice,"What 1943 clandestine diplomatic conference in Tehran between Roosevelt, Churchill, and Stalin was the first face-to-face meeting of the 'Big Three' leaders?",A) The Casablanca Conference | B) The Tehran Conference | C) The Cairo Conference | D) The Quebec Conference,B
483,History,Hard,Multiple Choice,"What 1953 covert CIA and MI6 operation, engineered by Kermit Roosevelt Jr., orchestrated the military coup d'état that overthrew Iran's democratically elected Prime Minister Mohammad Mossadegh?",A) Operation PBSuccess | B) Operation Gladio | C) Operation Ajax | D) Operation Blue Bat,C
484,History,Hard,Multiple Choice,"In 1943, what uprising in Poland saw young Jewish fighters of the ZOB and ZZW hold off the SS under Jürgen Stroop for nearly a month before the ghetto was burned to the ground?",A) The Warsaw Uprising | B) The Bialystok Ghetto Uprising | C) The Sobibor Revolt | D) The Warsaw Ghetto Uprising,D
485,History,Hard,Multiple Choice,What 1950 amphibious landing directed by General Douglas MacArthur behind North Korean lines reversed the course of the Korean War and liberated Seoul?,A) The Battle of Inchon | B) The Battle of Pusan Perimeter | C) The Battle of Chosin Reservoir | D) The Battle of Wonsan,A
486,History,Hard,Multiple Choice,"What 1970 diplomatic policy of 'rapprochement with the East' (Ostpolitik), aimed at normalizing relations between West Germany and Eastern European communist states, was pioneered by which West German Chancellor?",A) Konrad Adenauer | B) Willy Brandt | C) Helmut Schmidt | D) Ludwig Erhard,B
487,History,Hard,Multiple Choice,"What 1945 conference held in the Cecilienhof Palace near Berlin saw Truman, Attlee, and Stalin issue an ultimatum demanding the unconditional surrender of Japan?",A) The Yalta Conference | B) The Casablanca Conference | C) The Potsdam Conference | D) The San Francisco Conference,C
488,History,Hard,Multiple Choice,"What 1960 CIA-backed coup in newly independent Republic of the Congo saw the arrest and subsequent assassination of its first legally elected Prime Minister, Patrice Lumumba?",A) The Katanga Secession | B) The Stanleyville Crisis | C) The Simba Rebellion | D) The 1960 Congolese Coup,D
489,History,Hard,Multiple Choice,"What 1983 US-Soviet nuclear scare, where NATO conducted a simulated nuclear release exercise codenamed Able Archer 83, brought the Soviet leadership to fear a preemptive Western nuclear first strike?",A) Able Archer 83 | B) Operation RYAN | C) Autumn Forge 83 | D) Reforger 83,A
490,History,Hard,Multiple Choice,"What 1965 Indonesian anti-communist purge and massacre, following a failed coup attributed to the 30 September Movement, led to the rise of General Suharto and the deaths of over 500,000 people?",A) The Madiun Affair | B) The Indonesian Massacres of 1965-1966 | C) The May 1998 Riots | D) The Malari Incident,B
491,History,Hard,Multiple Choice,"In 1942, what Pacific naval battle was the first battle in history where the opposing aircraft carriers engaged without ever sighting each other directly from their ships?",A) Battle of Midway | B) Battle of the Philippine Sea | C) Battle of the Coral Sea | D) Battle of the Eastern Solomons,C
492,History,Hard,Multiple Choice,What 1976 uprising by Black schoolchildren in a South African township against the compulsory introduction of the Afrikaans language in schools was met with deadly police fire?,A) Sharpeville Massacre | B) Langa March | C) Boipatong Massacre | D) Soweto Uprising,D
493,History,Hard,Multiple Choice,"In 1944, what 63-day insurrection led by the Polish Home Army (Armia Krajowa) attempted to liberate Poland's capital from Nazi occupation before Soviet troops crossed the Vistula?",A) The Warsaw Uprising (1944) | B) The Warsaw Ghetto Uprising (1943) | C) Operation Tempest | D) The Prague Uprising,A
494,History,Hard,Multiple Choice,"What 1985 secret arms-for-hostages deal, where senior US officials secretly arranged sales of anti-tank missiles to Iran to fund anti-communist Contra rebels in Nicaragua, rocked the Reagan administration?",A) The Pentagon Papers | B) The Iran-Contra Affair | C) The October Surprise | D) The Church Committee Hearings,B
495,History,Hard,Multiple Choice,"What 1944 financial agreement between 44 allied nations pegged global currencies to the US dollar, which in turn was convertible to gold at how many dollars per ounce?",A) $20 per ounce | B) $50 per ounce | C) $35 per ounce | D) $42 per ounce,C
496,History,Hard,Multiple Choice,"What 1989 anti-communist revolution in Romania was the only Eastern European revolution in 1989 that turned violent, resulting in the trial and execution of dictator Nicolae Ceaușescu?",A) The Velvet Revolution | B) The Singing Revolution | C) The Bulgarian Transformation | D) The Romanian Revolution of 1989,D
497,History,Hard,Multiple Choice,"What 1940 British military evacuation, codenamed Operation Dynamo, rescued over 338,000 British and French troops trapped on French beaches by German forces?",A) The Dunkirk Evacuation | B) The Saint-Nazaire Raid | C) The Dieppe Raid | D) The Narvik Evacuation,A
498,History,Hard,Typing,What 9-letter codename belonged to the massive 1944 Soviet strategic offensive in Belarus (Bagra...)?,,Bagration
499,History,Hard,Typing,What 7-letter French coastal town was the site of the massive 1940 Allied evacuation (Dun...)?,,Dunkirk
500,History,Hard,Typing,What 4-letter CIA operation codename overthrew Prime Minister Mohammad Mossadegh of Iran in 1953 (Aj...)?,,Ajax
