number,subject,difficulty,question_type,question,multiple_choices,answer
1,Literature,Easy,Multiple Choice,Who is credited with composing the ancient Greek epic poems 'The Iliad' and 'The Odyssey'?,A) Homer | B) Hesiod | C) Virgil | D) Sophocles,A
2,Literature,Easy,Multiple Choice,"In Homer's 'The Iliad', which great Trojan warrior is slain by Achilles outside the walls of Troy?",A) Paris | B) Hector | C) Priam | D) Aeneas,B
3,Literature,Easy,Multiple Choice,What famous wooden contraption did the Greeks use to secretly enter and conquer the city of Troy?,A) Trojan Catapult | B) Siege Tower | C) Trojan Horse | D) Iron Ram,C
4,Literature,Easy,Multiple Choice,"In 'The Odyssey', what is the name of Odysseus's faithful wife who waits twenty years for his return to Ithaca?",A) Helen | B) Clytemnestra | C) Andromache | D) Penelope,D
5,Literature,Easy,Multiple Choice,Which ancient Greek playwright wrote the famous tragedy 'Oedipus Rex' (Oedipus the King)?,A) Sophocles | B) Euripides | C) Aeschylus | D) Aristophanes,A
6,Literature,Easy,Multiple Choice,"In Greek mythology and literature, who was the king of the gods on Mount Olympus who wielded the thunderbolt?",A) Poseidon | B) Zeus | C) Hades | D) Apollo,B
7,Literature,Easy,Multiple Choice,"Which Roman poet wrote the epic poem 'The Aeneid', chronicling the journey of the Trojan hero Aeneas to Italy?",A) Ovid | B) Horace | C) Virgil | D) Catullus,C
8,Literature,Easy,Multiple Choice,"Which Roman poet wrote 'Metamorphoses', a narrative poem detailing transformations from Greek and Roman myths?",A) Juvenal | B) Seneca | C) Lucan | D) Ovid,D
9,Literature,Easy,Multiple Choice,What was the single vulnerable spot on the body of the greatest Greek warrior Achilles?,A) His heel | B) His neck | C) His shoulder | D) His heart,A
10,Literature,Easy,Multiple Choice,"In 'The Odyssey', what mythical one-eyed giant monster was blinded by Odysseus using a heated wooden stake?",A) Minotaur | B) Polyphemus | C) Cerberus | D) Hydra,B
11,Literature,Easy,Multiple Choice,"Which famous collection of moral beast fables, including 'The Tortoise and the Hare', is attributed to an ancient Greek storyteller?",A) Phaedrus Tales | B) Babrius Fables | C) Aesop's Fables | D) Pilpay Fables,C
12,Literature,Easy,Multiple Choice,"In Greek tragedy, what monstrous creature with a woman's head and lion's body posed a riddle to Oedipus?",A) Chimera | B) Harpy | C) Gorgon | D) The Sphinx,D
13,Literature,Easy,Multiple Choice,Who was the Queen of Sparta whose abduction by Prince Paris triggered the Trojan War?,A) Helen of Troy | B) Cassandra | C) Penelope | D) Hecuba,A
14,Literature,Easy,Multiple Choice,"In 'The Odyssey', which sorceress turned Odysseus's crew into pigs on the island of Aeaea?",A) Calypso | B) Circe | C) Medea | D) Scylla,B
15,Literature,Easy,Multiple Choice,"Which ancient Greek philosopher and writer wrote dialogues featuring his teacher Socrates, including 'The Republic'?",A) Aristotle | B) Epicurus | C) Plato | D) Heraclitus,C
16,Literature,Easy,Multiple Choice,"Which ancient Greek playwright is renowned for biting satirical comedies such as 'The Birds', 'The Clouds', and 'Lysistrata'?",A) Menander | B) Sophocles | C) Euripides | D) Aristophanes,D
17,Literature,Easy,Multiple Choice,"In Roman literature, who was the legendary founder and first king of Rome who killed his twin brother Remus?",A) Romulus | B) Aeneas | C) Numa Pompilius | D) Julius Caesar,A
18,Literature,Easy,Multiple Choice,What Greek lyric poet from the island of Lesbos was celebrated across the ancient world as 'The Tenth Muse'?,A) Corinna | B) Sappho | C) Erinna | D) Praxilla,B
19,Literature,Easy,Multiple Choice,"In 'The Aeneid', who was the tragic Queen of Carthage who fell deeply in love with Aeneas and died on a funeral pyre?",A) Creusa | B) Lavinia | C) Dido | D) Camilla,C
20,Literature,Easy,Multiple Choice,Which Roman statesman and orator delivered famous speeches against Catiline and wrote extensive philosophical treatises on duty and rhetoric?,A) Seneca | B) Tacitus | C) Pliny | D) Cicero,D
21,Literature,Easy,Multiple Choice,"In Greek literature, who was the Trojan prophetess cursed by Apollo never to have her true prophecies believed?",A) Cassandra | B) Electra | C) Iphigenia | D) Antigone,A
22,Literature,Easy,Multiple Choice,"Which Greek playwright wrote the tragedy 'Medea', in which a betrayed wife seeks devastating vengeance against Jason?",A) Sophocles | B) Euripides | C) Aeschylus | D) Thespis,B
23,Literature,Easy,Multiple Choice,What Greek poem by Hesiod details the origins and genealogy of the Greek gods?,A) Works and Days | B) Shield of Heracles | C) Theogony | D) Catalogue of Women,C
24,Literature,Easy,Multiple Choice,"In 'The Odyssey', what singing sea maidens lured passing sailors onto treacherous rocks with their irresistible songs?",A) Nymphs | B) Nereids | C) Oceanids | D) The Sirens,D
25,Literature,Easy,Multiple Choice,Which Greek tragedy by Sophocles tells the story of Oedipus's loyal daughter who defies the tyrant Creon to bury her brother Polyneices?,A) Antigone | B) Electra | C) Trachiniae | D) Alcestis,A
26,Literature,Easy,Multiple Choice,What Roman Stoic philosopher and emperor wrote personal reflections known today as 'Meditations'?,A) Seneca | B) Marcus Aurelius | C) Epictetus | D) Hadrian,B
27,Literature,Easy,Multiple Choice,"In Greek myth and Homeric epic, who was the god of metalworking, blacksmiths, and craftsmanship who forged Achilles' divine shield?",A) Ares | B) Hermes | C) Hephaestus | D) Dionysus,C
28,Literature,Easy,Multiple Choice,Which ancient Greek epic describes Achilles' rage and refusal to fight following an insult from King Agamemnon?,A) The Odyssey | B) The Aeneid | C) The Argonautica | D) The Iliad,D
29,Literature,Easy,Multiple Choice,"In Roman myth and literature, who was the goddess of love and beauty, equivalent to the Greek Aphrodite?",A) Venus | B) Minerva | C) Juno | D) Diana,A
30,Literature,Easy,Multiple Choice,"What Roman author wrote 'The Golden Ass' (Metamorphoses), the only ancient Latin novel to survive in its entirety?",A) Petronius | B) Apuleius | C) Plautus | D) Terence,B
31,Literature,Easy,Multiple Choice,"In Greek tragedy, who killed King Agamemnon upon his victorious return home from the Trojan War?",A) Electra | B) Cassandra | C) Clytemnestra | D) Helen,C
32,Literature,Easy,Multiple Choice,Which Greek historian is widely celebrated as 'The Father of History' for writing about the Greco-Persian Wars?,A) Thucydides | B) Xenophon | C) Polybius | D) Herodotus,D
33,Literature,Easy,Multiple Choice,"In Roman literature, which god was the god of war, equivalent to the Greek Ares?",A) Mars | B) Jupiter | C) Vulcan | D) Mercury,A
34,Literature,Easy,Multiple Choice,"Which Greek philosopher wrote 'Poetics', introducing fundamental concepts of literary theory like catharsis and hamartia?",A) Socrates | B) Aristotle | C) Plato | D) Zeno,B
35,Literature,Easy,Multiple Choice,"In Greek literature, who was the faithful son of Odysseus and Penelope who searched for news of his father?",A) Neoptolemus | B) Orestes | C) Telemachus | D) Deiphobus,C
36,Literature,Easy,Multiple Choice,Which Roman playwright wrote popular comedic farces like 'Miles Gloriosus' (The Braggart Soldier) that heavily influenced Shakespeare and Molière?,A) Terence | B) Seneca | C) Ennius | D) Plautus,D
37,Literature,Easy,Multiple Choice,"In Homer's 'Iliad', who was the beloved companion of Achilles whose death in battle provoked Achilles' return to the fight?",A) Patroclus | B) Diomedes | C) Ajax | D) Nestor,A
38,Literature,Easy,Multiple Choice,"Which mythological Greek king was condemned in the Underworld to roll an immense boulder up a hill, only to watch it roll back down forever?",A) Tantalus | B) Sisyphus | C) Ixion | D) Prometheus,B
39,Literature,Easy,Multiple Choice,What was the mythical boatman's name who ferried the souls of the deceased across the river Styx into the Underworld?,A) Thanatos | B) Cerberus | C) Charon | D) Minos,C
40,Literature,Easy,Multiple Choice,"In Greek literature, which hero retrieved the Golden Fleece with the help of the Argonauts and the sorceress Medea?",A) Perseus | B) Bellerophon | C) Theseus | D) Jason,D
41,Literature,Easy,Multiple Choice,"In Greek mythology, what Titan stole fire from the gods to give to humanity and was chained to a rock as punishment?",A) Prometheus | B) Atlas | C) Epimetheus | D) Cronus,A
42,Literature,Easy,Multiple Choice,"In 'The Odyssey', who was the sea nymph who held Odysseus captive on her isolated island of Ogygia for seven years?",A) Scylla | B) Calypso | C) Charybdis | D) Nausicaa,B
43,Literature,Easy,Multiple Choice,Which Roman poet coined the famous Latin motto 'Carpe Diem' (Seize the Day) in his 'Odes'?,A) Virgil | B) Ovid | C) Horace | D) Catullus,C
44,Literature,Easy,Typing,What 5-letter name belongs to the blind ancient Greek poet credited with composing The Iliad and The Odyssey?,,Homer
45,Literature,Easy,Typing,What 4-letter city in Asia Minor was besieged by the Greeks for ten years in Homer's famous epic war poem?,,Troy
46,Literature,Easy,Typing,What 6-letter name belongs to the faithful wife of Odysseus who fended off aggressive suitors for 20 years in Ithaca?,,Penelope
47,Literature,Easy,Typing,What 7-letter tragedy by Sophocles tells of a king of Thebes who unknowingly fulfilled a prophesy that he would kill his father?,,Oedipus
48,Literature,Easy,Typing,What 6-letter Latin epic poem by Virgil tells the legendary journey of the Trojan prince Aeneas to Italy?,,Aeneid
49,Literature,Easy,Typing,What 5-letter ancient Greek fabulist is credited with moral animal stories like 'The Boy Who Cried Wolf' and 'The Ant and the Grasshopper'?,,Aesop
50,Literature,Easy,Typing,What 4-letter Roman god of war was the mythological father of Rome's legendary founders Romulus and Remus?,,Mars
51,Literature,Medium,Multiple Choice,What three plays comprise the surviving 'Oresteia' tragic trilogy written by the Greek dramatist Aeschylus?,"A) Oedipus Rex, Oedipus at Colonus, and Antigone | B) The Trojan Women, Hecuba, and Andromache | C) Medea, Electra, and Orestes | D) Agamemnon, The Libation Bearers, and The Eumenides",D
52,Literature,Medium,Multiple Choice,"In Aristotle's 'Poetics', what Greek term denotes the tragic flaw, error in judgment, or miscalculation of the protagonist?",A) Hamartia | B) Catharsis | C) Anagnorisis | D) Peripeteia,A
53,Literature,Medium,Multiple Choice,"What famous allegorical cave analogy, exploring the nature of human perception and philosophical enlightenment, appears in Plato's 'Republic'?",A) The Cave of Trophonius | B) The Allegory of the Cave | C) The Myth of Er | D) The Ring of Gyges,B
54,Literature,Medium,Multiple Choice,Which Roman satirical novel written by Petronius depicts the decadent excesses of the freedman Trimalchio at an extravagant banquet?,A) The Golden Ass | B) Pharsalia | C) Satyricon | D) De Rerum Natura,C
55,Literature,Medium,Multiple Choice,"In Greek mythology and drama, what terrifying three-headed hound guarded the gates of Hades to prevent the dead from escaping?",A) Orthrus | B) Chimera | C) Python | D) Cerberus,D
56,Literature,Medium,Multiple Choice,Which ancient Greek philosopher's trial and condemnation to death by drinking hemlock is recounted in Plato's 'Apology' and 'Phaedo'?,A) Socrates | B) Pythagoras | C) Diogenes | D) Parmenides,A
57,Literature,Medium,Multiple Choice,"In 'The Aeneid', which goddess, bearing an eternal grudge against the Trojans, relentlessly persecutes Aeneas on his journey to Italy?",A) Venus | B) Juno | C) Minerva | D) Vesta,B
58,Literature,Medium,Multiple Choice,Which ancient Greek lyric poet from Thebes composed celebrated choral victory odes (Epinikia) for athletes at the Olympic Games?,A) Simonides | B) Bacchylides | C) Pindar | D) Alcaeus,C
59,Literature,Medium,Multiple Choice,"In 'The Iliad', who is the aged King of Troy who bravely sneaks into the Greek encampment to beg Achilles for the body of his slain son Hector?",A) Anchises | B) Peleus | C) Laertes | D) Priam,D
60,Literature,Medium,Multiple Choice,Which Roman epic philosophical poem by Lucretius expounds Epicurean atomism and the natural physical nature of the universe?,A) De Rerum Natura | B) Fasti | C) Georgics | D) Astronomica,A
61,Literature,Medium,Multiple Choice,"What Greek word, meaning 'purging' or 'cleansing' of pity and fear, did Aristotle identify as the ultimate emotional effect of great tragedy?",A) Hubris | B) Catharsis | C) Mimesis | D) Nemesis,B
62,Literature,Medium,Multiple Choice,"In Greek drama, which comedic masterpiece by Aristophanes features the women of Greece withholding intimacy to force an end to the Peloponnesian War?",A) The Frogs | B) The Wasps | C) Lysistrata | D) The Clouds,C
63,Literature,Medium,Multiple Choice,"Which Roman Stoic philosopher, dramatist, and tutor to Emperor Nero wrote blood-soaked tragedies like 'Thyestes' and 'Phaedra'?",A) Pliny the Elder | B) Marcus Aurelius | C) Quintilian | D) Seneca the Younger,D
64,Literature,Medium,Multiple Choice,"In 'The Odyssey', what are the names of the paired nautical perils representing a monstrous six-headed beast and a whirlpool?",A) Scylla and Charybdis | B) Medusa and Hydra | C) Gorgon and Harpy | D) Echidna and Typhon,A
65,Literature,Medium,Multiple Choice,"Which Greek historian wrote 'History of the Peloponnesian War', famous for its rigorous analytical approach and Pericles' Funeral Oration?",A) Herodotus | B) Thucydides | C) Xenophon | D) Polybius,B
66,Literature,Medium,Multiple Choice,"In Roman literature, what work by Ovid was a didactic poem offering ironic and playful advice on how to seduce and maintain lovers?",A) Heroides | B) Tristia | C) Ars Amatoria | D) Fasti,C
67,Literature,Medium,Multiple Choice,What legendary musical poet in Greek myth ventured into the Underworld and charmed Hades with his lyre to retrieve his dead wife Eurydice?,A) Amphion | B) Arion | C) Linus | D) Orpheus,D
68,Literature,Medium,Multiple Choice,"Which Greek play by Euripides depicts the frenzied, ecstatic followers of the god Dionysus tearing King Pentheus to pieces?",A) The Bacchae | B) The Trojan Women | C) Electra | D) Ion,A
69,Literature,Medium,Multiple Choice,"In 'The Aeneid', who is the Italian princess whose arranged marriage to Aeneas ignites the fierce war with Turnus?",A) Camilla | B) Lavinia | C) Creusa | D) Juturna,B
70,Literature,Medium,Multiple Choice,"Which ancient Greek poet wrote 'Works and Days', a didactic poem offering agricultural advice and detailing the myth of Pandora's box?",A) Homer | B) Pindar | C) Hesiod | D) Theocritus,C
71,Literature,Medium,Multiple Choice,"In Greek myth and tragedy, what winged horse sprang from the severed neck of the Gorgon Medusa?",A) Chrysaor | B) Arion | C) Sleipnir | D) Pegasus,D
72,Literature,Medium,Multiple Choice,Which Roman poet wrote intensely passionate and emotionally raw personal lyrics addressed to a woman he called 'Lesbia'?,A) Catullus | B) Horace | C) Propertius | D) Tibullus,A
73,Literature,Medium,Multiple Choice,"In Sophocles's 'Oedipus at Colonus', which Athenian king provides sanctuary and protection to the blind, exiled Oedipus?",A) Aegeus | B) Theseus | C) Menestheus | D) Codrus,B
74,Literature,Medium,Multiple Choice,"What Roman historian wrote 'Ab Urbe Condita Libri' (Books from the Foundation of the City), documenting the vast history of Rome from its origins?",A) Tacitus | B) Suetonius | C) Livy | D) Sallust,C
75,Literature,Medium,Multiple Choice,"In 'The Iliad', which Greek king of Mycenae commands the combined Achaean armada and seizes Achilles' war prize Briseis?",A) Menelaus | B) Odysseus | C) Diomedes | D) Agamemnon,D
76,Literature,Medium,Typing,"What 9-letter Greek literary term describes the sudden moment of recognition, revelation, or discovery by a tragic hero (ana...)?",,anagnorisis
77,Literature,Medium,Typing,What 10-letter Greek literary term describes the sudden reversal of fortune or circumstances in classical drama (peri...)?,,peripeteia
78,Literature,Medium,Typing,"What 9-letter Greek word, meaning 'purification' or 'cleansing', describes the emotional release experienced by audiences of tragedy?",,catharsis
79,Literature,Medium,Typing,What 6-letter term denotes excessive overbearing pride or arrogance that leads to a classical hero's downfall in Greek tragedy?,,hubris
80,Literature,Medium,Typing,What 6-letter name belongs to the ancient Greek lyric poetess from Lesbos known for her fragments of sublime romantic poetry?,,Sappho
81,Literature,Hard,Multiple Choice,"In 'The Iliad', what divine scenes are famously depicted on the legendary shield of Achilles, crafted by the god Hephaestus in Book 18?","A) The City at Peace and the City at War, agriculture, dance, and the cosmic Ocean | B) The Twelve Labors of Heracles and the Titanomachy | C) The future fall of Rome and the rise of Troy | D) The genealogy of Mount Olympus and the underworld",A
82,Literature,Hard,Multiple Choice,"Which Hellenistic epic poem in four books, composed by Apollonius of Rhodes, chronicles Jason and the Argonauts' quest for the Golden Fleece?",A) Posthomerica | B) Argonautica | C) Dionysiaca | D) Thebaid,B
83,Literature,Hard,Multiple Choice,"In Roman literature, which historical epic poem by Lucan recounts the bloody civil war between Julius Caesar and Pompey the Great without any divine intervention?",A) Punica | B) Thebaid | C) Pharsalia | D) Achilleid,C
84,Literature,Hard,Multiple Choice,Which satirical comedy by Aristophanes depicts Dionysus traveling to the Underworld to judge a dramatic poetry contest between Aeschylus and Euripides?,A) The Acharnians | B) The Knights | C) Peace | D) The Frogs,D
85,Literature,Hard,Multiple Choice,What fragmentary pre-Socratic Greek philosopher wrote a monumental poem in hexameter containing the two paths of inquiry: 'The Way of Truth' and 'The Way of Opinion'?,A) Parmenides | B) Heraclitus | C) Anaxagoras | D) Empedocles,A
86,Literature,Hard,Multiple Choice,"Which Roman historian composed 'The Annals' and 'The Histories', famous for his cynical, penetrating prose depicting the reigns of the Julio-Claudian emperors?",A) Suetonius | B) Tacitus | C) Cassius Dio | D) Ammianus Marcellinus,B
87,Literature,Hard,Multiple Choice,"In Greek dramatic structure, what was the celebratory song and dance performed by the chorus as they initially marched into the orchestra called?",A) Exodos | B) Stasimon | C) Parodos | D) Prologos,C
88,Literature,Hard,Multiple Choice,"Which ancient Greek pastoral poet from Syracuse is recognized as the creator of the bucolic/idyll genre, celebrating the rustic songs of shepherds?",A) Bion | B) Moschus | C) Callimachus | D) Theocritus,D
89,Literature,Hard,Multiple Choice,"In 'The Odyssey', what is the Greek concept of sacred hospitality and ritual guest-host friendship governed by Zeus that suitors flagrantly violate?",A) Xenia | B) Kleos | C) Nostos | D) Metis,A
90,Literature,Hard,Multiple Choice,"What Roman author composed 'Naturalis Historia' (Natural History), an expansive 37-book encyclopedia, before dying during the eruption of Mount Vesuvius in 79 AD?",A) Seneca the Elder | B) Pliny the Elder | C) Varro | D) Celsus,B
91,Literature,Hard,Multiple Choice,"In Greek tragedy, what mechanical crane device was used to swing an actor playing a god onto the stage to resolve an apparently intractable plot dilemma?",A) Ekkylema | B) Kothornos | C) Deus ex Machina | D) Skene,C
92,Literature,Hard,Multiple Choice,"Which Roman elegiac poet wrote 'Amores' and the mythological calendar poem 'Fasti', before being banished by Emperor Augustus to Tomis on the Black Sea?",A) Tibullus | B) Propertius | C) Gallus | D) Ovid,D
93,Literature,Hard,Multiple Choice,"In Homeric epic, what Greek term signifies the immortal glory and fame achieved through noble heroic deeds in battle?",A) Kleos | B) Nostos | C) Arete | D) Aidos,A
94,Literature,Hard,Multiple Choice,"Which Greek tragedy by Aeschylus, set entirely in Susa, portrays the grief and devastation of the Persian royal court following the catastrophic defeat at Salamis?",A) Seven Against Thebes | B) The Persians | C) Prometheus Bound | D) The Suppliants,B
95,Literature,Hard,Multiple Choice,"Which Roman biographer wrote 'The Twelve Caesars' (De Vita Caesarum), providing vivid, scandalous, and detailed biographies of Julius Caesar and eleven subsequent emperors?",A) Tacitus | B) Plutarch | C) Suetonius | D) Velleius Paterculus,C
96,Literature,Hard,Multiple Choice,"In Aristotle's 'Rhetoric', what are the three fundamental artistic proofs or modes of persuasion utilized in speech and writing?","A) Mythos, Logos, and Chronos | B) Mimesis, Catharsis, and Hamartia | C) Strophe, Antistrophe, and Epode | D) Ethos, Pathos, and Logos",D
97,Literature,Hard,Multiple Choice,"What massive 48-book Greek epic poem composed by Nonnus of Panopolis in Late Antiquity is the longest surviving epic from classical antiquity, recounting the life of Dionysus?",A) Dionysiaca | B) Posthomerica | C) Argonautica Orphica | D) Cynegetica,A
98,Literature,Hard,Typing,"What 6-letter Greek term describes the concept of the hero's homecoming journey in epic poetry, which forms the core theme of The Odyssey (n...)?",,nostos
99,Literature,Hard,Typing,"What 5-letter Greek term denotes the ultimate moral virtue, excellence, and reaching one's highest potential in ancient Homeric epic (a...)?",,arete
100,Literature,Hard,Typing,What 10-letter Latin title of Ovid's didactic poem translates to 'The Art of Love' and became one of the factors leading to his imperial exile (Ars ...)?,,Amatoria
101,Literature,Easy,Multiple Choice,Which Egyptian novelist became the first Arabic-language writer to win the Nobel Prize in Literature in 1988?,A) Taha Hussein | B) Naguib Mahfouz | C) Tawfiq al-Hakim | D) Yusuf Idris,B
102,Literature,Easy,Multiple Choice,What famous trilogy of novels by Naguib Mahfouz follows three generations of a Cairo family from 1919 to the 1950s?,A) The Alexandria Quartet | B) The Nile Trilogy | C) The Cairo Trilogy | D) The Granada Trilogy,C
103,Literature,Easy,Multiple Choice,"What ancient Egyptian collection of funerary spells, prayers, and hymns was buried with mummies to guide souls in the afterlife?",A) The Pyramid Texts | B) The Coffin Texts | C) The Book of Gates | D) The Book of the Dead,D
104,Literature,Easy,Multiple Choice,"In ancient Egyptian literature, what classic Middle Kingdom narrative tells of an official who flees abroad after Pharaoh's death before returning in old age?",A) The Story of Sinuhe | B) The Shipwrecked Sailor | C) The Eloquent Peasant | D) The Doomed Prince,A
105,Literature,Easy,Multiple Choice,Which prominent blind Egyptian intellectual and author wrote the classic three-part autobiography 'The Days' (Al-Ayyam)?,A) Abbas al-Aqqad | B) Taha Hussein | C) Mostafa Saadeq Al-Rafe'ie | D) Ahmad Amin,B
106,Literature,Easy,Multiple Choice,What famous 2002 bestselling novel by Egyptian author Alaa Al Aswany portrays Cairo society through the residents of a downtown apartment building?,A) Miramar | B) Chicago | C) The Yacoubian Building | D) The Automobile Club of Egypt,C
107,Literature,Easy,Multiple Choice,"In ancient Egyptian mythology, which jackal-headed god presided over mummification and led the dead to the Weighing of the Heart?",A) Horus | B) Osiris | C) Thoth | D) Anubis,D
108,Literature,Easy,Multiple Choice,"Which famous novel by Naguib Mahfouz is named after a colorful, bustling alleyway in the historic heart of Islamic Cairo?",A) Midaq Alley | B) Sugar Street | C) Palace Walk | D) Karnak Cafe,A
109,Literature,Easy,Multiple Choice,Which prominent Egyptian playwright and pioneer of modern Arabic drama wrote 'Diary of a Country Prosecutor' and 'Return of the Spirit'?,A) Yusuf Idris | B) Tawfiq al-Hakim | C) Salah Abdel Sabour | D) Mikhail Roman,B
110,Literature,Easy,Multiple Choice,"In ancient Egyptian funerary literature, what was a person's heart weighed against on the scales of Ma'at to determine worthy passage to the afterlife?",A) A gold coin | B) A lotus flower | C) A feather of truth | D) A scarab amulet,C
111,Literature,Easy,Multiple Choice,"Which Egyptian feminist author and psychiatrist wrote the powerful novella 'Woman at Point Zero', based on the life of an imprisoned woman named Firdaus?",A) Latifa al-Zayyat | B) Radwa Ashour | C) Ahdaf Soueif | D) Nawal El Saadawi,D
112,Literature,Easy,Multiple Choice,What three novels make up Naguib Mahfouz's celebrated Cairo Trilogy?,"A) Palace Walk, Palace of Desire, and Sugar Street | B) The Thief, The Beggar, and The Search | C) Autumn Quail, Miramar, and Karnak | D) Midaq Alley, Khan al-Khalili, and Cairo 30",A
113,Literature,Easy,Multiple Choice,What Middle Kingdom ancient Egyptian literary tale features a lone traveler stranded on an enchanted island ruled by a benevolent giant golden serpent?,A) The Story of Sinuhe | B) The Tale of the Shipwrecked Sailor | C) The Eloquent Peasant | D) The Doomed Prince,B
114,Literature,Easy,Multiple Choice,"In ancient Egyptian religion and literature, which deity represented truth, cosmic order, balance, morality, and justice?",A) Isis | B) Hathor | C) Ma'at | D) Sekhmet,C
115,Literature,Easy,Multiple Choice,"Which Egyptian writer is universally regarded as the master of the modern Arabic short story, authoring collections like 'The Cheapest Nights'?",A) Sonallah Ibrahim | B) Yahya Haqqi | C) Bahaa Taher | D) Yusuf Idris,D
116,Literature,Easy,Multiple Choice,"In ancient Egyptian literature, which scribe-god of wisdom, writing, and hieroglyphs recorded the judgments of the deceased in the Underworld?",A) Thoth | B) Ra | C) Osiris | D) Ptah,A
117,Literature,Easy,Multiple Choice,Which controversial allegorical novel by Naguib Mahfouz retells human spiritual history through patriarch Gebelawi and his children?,A) The Thief and the Dogs | B) Children of Gebelawi | C) The Beggar | D) The Day the Leader Was Killed,B
118,Literature,Easy,Multiple Choice,"What Egyptian author wrote the historical epic 'Granada Trilogy', narrating the fall of Moorish Granada in Spain?",A) Nawal El Saadawi | B) Salwa Bakr | C) Radwa Ashour | D) Miral al-Tahawy,C
119,Literature,Easy,Multiple Choice,"In ancient Egypt, what writing material made from reeds along the Nile River was used by scribes for literary manuscripts and administrative scrolls?",A) Vellum | B) Parchment | C) Clay Tablets | D) Papyrus,D
120,Literature,Easy,Multiple Choice,"Which pharaoh of the 18th Dynasty composed the poetic 'Great Hymn to the Aten', celebrating the sun disc as the supreme creator?",A) Akhenaten | B) Tutankhamun | C) Ramesses II | D) Thutmose III,A
121,Literature,Easy,Multiple Choice,"In Naguib Mahfouz's 'The Cairo Trilogy', who is the tyrannical patriarch who enforces strict piety at home while indulging in secret nightlife?",A) Kamal Abd al-Jawad | B) Al-Sayyid Ahmad Abd al-Jawad | C) Yasin Abd al-Jawad | D) Fahmy Abd al-Jawad,B
122,Literature,Easy,Multiple Choice,What novella by Naguib Mahfouz follows the newly released convict Said Mahran as he seeks revenge against those who betrayed him?,A) The Beggar | B) Miramar | C) The Thief and the Dogs | D) Respected Sir,C
123,Literature,Easy,Multiple Choice,"In ancient Egyptian literature, what moral narrative tells of a wronged rural farmer who delivers nine eloquent speeches to a royal magistrate seeking justice?",A) The Tale of Sinuhe | B) The Tale of Two Brothers | C) The Report of Wenamun | D) The Eloquent Peasant,D
124,Literature,Easy,Multiple Choice,"Which Egyptian writer wrote 'The Postman' and the influential novella 'The Lamp of Umm Hashim', exploring the cultural tension between Western science and Eastern faith?",A) Yahya Haqqi | B) Taha Hussein | C) Yusuf Idris | D) Tawfiq al-Hakim,A
125,Literature,Easy,Multiple Choice,"Which Egyptian author wrote 'Zaat' and 'That Smell' (Tilka al-Raiha), becoming a leading figure of the innovative 'Generation of the Sixties'?",A) Gamal al-Ghitani | B) Sonallah Ibrahim | C) Bahaa Taher | D) Edwar al-Kharrat,B
126,Literature,Easy,Multiple Choice,What historical novel by Egyptian writer Bahaa Taher won the inaugural International Prize for Arabic Fiction (Arabic Booker) in 2008?,A) Love in Exile | B) Aunt Safiyya and the Monastery | C) Sunset Oasis | D) As Night Approached,C
127,Literature,Easy,Multiple Choice,"In ancient Egyptian myth, who was the god of the afterlife and resurrection whose body was murdered and dismembered by his brother Set?",A) Horus | B) Anubis | C) Amun | D) Osiris,D
128,Literature,Easy,Multiple Choice,What ancient text inscribed on the walls of Old Kingdom royal pyramids represents the oldest known religious and funerary literature in the world?,A) The Pyramid Texts | B) The Book of the Dead | C) The Coffin Texts | D) The Amduat,A
129,Literature,Easy,Multiple Choice,"In Naguib Mahfouz's 'The Cairo Trilogy', which intellectual youngest son reflects Mahfouz's own philosophical coming-of-age and religious doubts?",A) Yasin | B) Kamal | C) Fahmy | D) Ahmad,B
130,Literature,Easy,Multiple Choice,Which ancient Egyptian instructional papyrus features a collection of wise maxims and moral aphorisms attributed to a Fifth Dynasty vizier?,A) The Eloquent Peasant | B) The Prophecy of Neferti | C) The Maxims of Ptahhotep | D) The Admonitions of Ipuwer,C
131,Literature,Easy,Multiple Choice,Which novel by Gamal al-Ghitani uses the historical guise of a 16th-century Mamluk police chief to satirize modern authoritarian state surveillance?,A) The Epistles of Travel | B) The Secret History | C) Pyramid Texts | D) Zayni Barakat,D
132,Literature,Easy,Multiple Choice,What Egyptian literary movement of the late 19th and early 20th centuries aimed to revive classical Arabic literary arts while embracing modern cultural forms?,A) The Nahda | B) Romanticism | C) Surrealism | D) Modernism,A
133,Literature,Easy,Multiple Choice,What is the English title of the influential 1926 critical study by Taha Hussein that sparked enormous controversy over the authenticity of early Arabic verse?,A) The Future of Culture | B) On Pre-Islamic Poetry | C) The Tree of Misery | D) Leaders of Thought,B
134,Literature,Easy,Multiple Choice,"In ancient Egyptian literature, what papyrus story recounts the travels of an envoy sent to Byblos in Phoenicia to buy cedar wood for the sacred barge of Amun?",A) The Shipwrecked Sailor | B) Sinuhe | C) The Report of Wenamun | D) The Doomed Prince,C
135,Literature,Easy,Multiple Choice,"Which 1967 novel by Naguib Mahfouz takes place entirely in an Alexandria boarding house, narrated from four distinct ideological viewpoints?",A) Palace Walk | B) The Thief and the Dogs | C) Adrift on the Nile | D) Miramar,D
136,Literature,Easy,Multiple Choice,Which Egyptian writer authored the feminist milestone autobiographical novel 'The Open Door' (Al-Bab al-Maftouh) in 1960?,A) Latifa al-Zayyat | B) Nawal El Saadawi | C) Radwa Ashour | D) Salwa Bakr,A
137,Literature,Easy,Multiple Choice,What ancient Egyptian mythological story recounts the divine courtroom struggles and physical contests between Horus and Set for the throne of Egypt?,A) The Story of Sinuhe | B) The Contendings of Horus and Seth | C) The Blinding of Truth | D) The Tale of the Two Brothers,B
138,Literature,Easy,Multiple Choice,Which philosophical 1966 novel by Naguib Mahfouz depicts a group of disillusioned Cairo bourgeois intellectuals smoking hashish on a Nile houseboat?,A) Miramar | B) Autumn Quail | C) Adrift on the Nile | D) The Beggar,C
139,Literature,Easy,Multiple Choice,"What ancient Egyptian didactic text, written by a New Kingdom scribe, bears striking verbal parallels to the biblical Book of Proverbs?",A) Instruction of Ptahhotep | B) Instruction of Amenemope | C) Instruction of Hardjedef | D) Maxims of Ani,D
140,Literature,Easy,Multiple Choice,"In ancient Egyptian mythology, who was the devoted goddess, mother of Horus and sister-wife of Osiris, famous for her magical protection and loyalty?",A) Isis | B) Hathor | C) Nephthys | D) Sekhmet,A
141,Literature,Easy,Multiple Choice,Which Egyptian pioneer dramatist wrote the absurdist play 'The Tree Climber' (Ya Tali' al-Shajara) in 1962?,A) Yusuf Idris | B) Tawfiq al-Hakim | C) Naguib Mahfouz | D) Ali Salem,B
142,Literature,Easy,Multiple Choice,What famous 19th-century translation of the Rosetta Stone allowed scholars to finally decipher ancient Egyptian literary papyri and hieroglyphs?,A) Richard Burton | B) Howard Carter | C) Jean-Francois Champollion | D) Flinders Petrie,C
143,Literature,Easy,Multiple Choice,"In Naguib Mahfouz's 'The Cairo Trilogy', which idealistic university-student son joins the 1919 anti-British nationalist demonstrations and is martyred?",A) Yasin | B) Kamal | C) Khalil | D) Fahmy,D
144,Literature,Easy,Typing,What 7-letter surname belongs to the Egyptian author of The Cairo Trilogy who won the 1988 Nobel Prize in Literature?,,Mahfouz
145,Literature,Easy,Typing,What 6-letter name belongs to the Middle Kingdom Egyptian protagonist who fled Pharaoh's court to Syria in a classic tale of exile?,,Sinuhe
146,Literature,Easy,Typing,What 7-letter reed plant growing along the Nile was processed by ancient Egyptians into the world's first widely used paper scrolls?,,papyrus
147,Literature,Easy,Typing,What 4-letter title completes Taha Hussein's celebrated autobiographical masterpiece: 'The ...' (Al-Ayyam)?,,Days
148,Literature,Easy,Typing,What 6-letter capital city of Egypt serves as the rich historical backdrop for the vast majority of Naguib Mahfouz's greatest novels?,,Cairo
149,Literature,Easy,Typing,What 6-letter ancient Egyptian god of the underworld and resurrection was the mythological husband of Isis and father of Horus?,,Osiris
150,Literature,Easy,Typing,"What 4-letter ancient Egyptian goddess of truth, balance, cosmic order, and justice was represented by a white ostrich feather?",,Maat
151,Literature,Medium,Multiple Choice,"What unique Middle Kingdom papyrus preserves a philosophical dialogue between an anguished, suicidal man and his own immortal soul?",A) Dispute Between a Man and His Ba | B) The Eloquent Peasant | C) The Westcar Papyrus | D) The Prophecy of Neferti,A
152,Literature,Medium,Multiple Choice,Which 1938 classic study by Taha Hussein laid out a grand vision for modern Egyptian education and argued that Egyptian culture belongs to the Mediterranean heritage?,A) On Pre-Islamic Poetry | B) The Future of Culture in Egypt | C) Leaders of Thought | D) Wednesday Talk,B
153,Literature,Medium,Multiple Choice,"What famous Middle Kingdom literary manuscript, housed in Berlin, contains five wonder tales of magicians performing miracles before King Khufu (Cheops)?",A) The Chester Beatty Papyrus | B) The Harris Papyrus | C) The Westcar Papyrus | D) The Ebers Papyrus,C
154,Literature,Medium,Multiple Choice,"In ancient Egyptian literature, what ancient narrative follows two peasant brothers, Anpu and Bata, after a false accusation of infidelity leads to magical transformations?",A) Sinuhe | B) The Shipwrecked Sailor | C) The Eloquent Peasant | D) The Tale of the Two Brothers,D
155,Literature,Medium,Multiple Choice,"Which play by Tawfiq al-Hakim, inspired by Surah Al-Kahf in the Quran, depicts the Awakening of the Seven Sleepers after centuries of slumber?",A) The People of the Cave | B) Scheherazade | C) King Oedipus | D) Pygmalion,A
156,Literature,Medium,Multiple Choice,"What New Kingdom collection of exquisite romantic lyric poetry, celebrating passionate secular love between youths called 'brother' and 'sister', is preserved on ancient papyrus?",A) The Turin Love Songs | B) The Chester Beatty Love Songs | C) The Harris Papyrus | D) The Songs of the Harper,B
157,Literature,Medium,Multiple Choice,"In Naguib Mahfouz's allegorical novel 'Children of Gebelawi', which character represents the modern era of natural science and empirical knowledge replacing old religions?",A) Rifaa | B) Qasim | C) Arafa | D) Adham,C
158,Literature,Medium,Multiple Choice,Which Egyptian literary critic and writer composed 'Al-Majmu'a al-Kamila' and was a prominent leader of the modernist Diwan School alongside Al-Aqqad?,A) Ahmad Shawqi | B) Hafez Ibrahim | C) Mostafa Lutfi al-Manfaluti | D) Ibrahim al-Mazini,D
159,Literature,Medium,Multiple Choice,"What Middle Kingdom ancient Egyptian literary work laments a period of complete social collapse, civil war, and cosmic chaos where servants become masters?",A) The Admonitions of Ipuwer | B) The Maxims of Ptahhotep | C) The Story of Sinuhe | D) The Shipwrecked Sailor,A
160,Literature,Medium,Multiple Choice,Which Egyptian novella by Yusuf Idris features the peasant woman Aziza who falls victim to tragedy while trying to secretly secure a potato for her starving children?,A) A House of Flesh | B) The Sinners | C) The Dregs of the City | D) The Chair Carrier,B
161,Literature,Medium,Multiple Choice,"In ancient Egyptian funerary tradition, what text written on the interior wooden surfaces of Middle Kingdom coffins bridged the Pyramid Texts and the Book of the Dead?",A) The Book of the Earth | B) The Litany of Re | C) The Coffin Texts | D) The Book of Caverns,C
162,Literature,Medium,Multiple Choice,"Which 1974 novel by Naguib Mahfouz presents an epic chronicle of ten generations in an old Cairo alleyway, framed around the mystical philosophy of Sufi dervishes?",A) Karnak Cafe | B) The Thief and the Dogs | C) Wedding Song | D) The Harafish,D
163,Literature,Medium,Multiple Choice,"What 19th-century Egyptian pioneer wrote 'Takhlis al-Ibriz fi Talkhis Bariz' (An Extraction of Gold in a Summary of Paris), introducing modern French culture to Egypt?",A) Rifa'a al-Tahtawi | B) Ali Mubarak | C) Jamal al-Din al-Afghani | D) Muhammad Abduh,A
164,Literature,Medium,Multiple Choice,"Which ancient Egyptian text reflects a skeptical, carpe-diem attitude toward death, urging listeners to enjoy life today because none return from the grave?",A) The Book of the Dead | B) The Song of the Harper | C) The Instruction of Ani | D) The Cannibal Hymn,B
165,Literature,Medium,Multiple Choice,Which famous neo-classical Egyptian poet was crowned by contemporary Arab writers as 'Amir al-Shu'ara' (The Prince of Poets) in 1927?,A) Hafez Ibrahim | B) Khalil Mutran | C) Ahmad Shawqi | D) Mahmud Sami al-Baroudi,C
166,Literature,Medium,Multiple Choice,What 1983 novel by Egyptian author Sonallah Ibrahim offers a documentary-style critique of Cairo consumerism and corruption through the life of a government clerk?,A) The Committee | B) That Smell | C) Stealth | D) Zaat,D
167,Literature,Medium,Multiple Choice,"What is the title of the famous satirical play by Tawfiq al-Hakim that uses a marriage dispute between a husband, his wife, and a bathroom insect to explore human liberty?",A) Fate of a Cockroach | B) The Tree Climber | C) Return of Consciousness | D) Soft Hands,A
168,Literature,Medium,Multiple Choice,"In ancient Egyptian literature, what was the 'Satire of the Trades' (The Instruction of Kheti)?","A) A comedy about pharaohs | B) A text extolling the comfortable profession of the scribe while satirizing the hard, filthy labor of every other trade | C) A merchant guild treaty | D) A theatrical script for festivals",B
169,Literature,Medium,Multiple Choice,Which Egyptian writer wrote 'The Open Door' and founded the Women and Memory Forum to highlight Arab women's role in literary history?,A) Nawal El Saadawi | B) Radwa Ashour | C) Latifa al-Zayyat | D) Alifa Rifaat,C
170,Literature,Medium,Multiple Choice,"In Naguib Mahfouz's 'The Cairo Trilogy', what is the name of the long-suffering, submissive mother who is cast out by her husband for visiting a shrine without his permission?",A) Zubayda | B) Khadija | C) Aisha | D) Amina,D
171,Literature,Medium,Multiple Choice,Which classic 1913 novella by Muhammad Husayn Haykal is widely considered the first modern realistic novel in Egyptian and Arabic literature?,A) Zaynab | B) The Days | C) Sinuhe | D) A Tear and a Smile,A
172,Literature,Medium,Multiple Choice,"What New Kingdom ancient Egyptian funerary book, literally meaning 'That Which Is in the Afterworld', describes the sun god Ra's 12-hour nightly journey through the netherworld?",A) The Book of the Dead | B) The Amduat | C) The Book of Breathings | D) The Pyramid Texts,B
173,Literature,Medium,Multiple Choice,Which prominent Egyptian literary scholar and author wrote 'The Genius of Muhammad' (Abqariyyat Muhammad) and a monumental series on early Islamic leaders?,A) Taha Hussein | B) Mustafa al-Rafi'i | C) Abbas Mahmoud al-Aqqad | D) Zaki Mubarak,C
174,Literature,Medium,Multiple Choice,"In 'The Story of Sinuhe', what wealthy Syrian chieftain takes Sinuhe in, marries him to his eldest daughter, and grants him rich lands in Yaa?",A) Abimelech | B) Kadashman | C) Zimri-Lim | D) Ammunenshi,D
175,Literature,Medium,Multiple Choice,Which satirical 1981 novel by Sonallah Ibrahim features a Kafkaesque protagonist who faces an enigmatic and invasive corporate committee investigating his fitness for employment?,A) The Committee | B) That Smell | C) Ice | D) Warda,A
176,Literature,Medium,Typing,What 4-letter concept in ancient Egyptian religion represented the vital life force or spiritual double that survived bodily death?,,ka
177,Literature,Medium,Typing,"What 2-letter ancient Egyptian term represented the soul or personality of a person, often depicted as a human-headed bird that visited the tomb?",,ba
178,Literature,Medium,Typing,What 6-letter name belongs to the long-suffering mother and wife of Al-Sayyid Ahmad Abd al-Jawad in Mahfouz's Cairo Trilogy?,,Amina
179,Literature,Medium,Typing,"What 5-letter surname belongs to the celebrated Egyptian neoclassical poet Ahmad, crowned 'Prince of Poets' in 1927 (Sh...)?",,Shawqi
180,Literature,Medium,Typing,What 6-letter Middle Kingdom narrative tells of a wronged rural farmer who delivers 9 eloquent speeches to a magistrate seeking justice (The ... Peasant)?,,Eloquent
181,Literature,Hard,Multiple Choice,"What Old Kingdom ritual hymn, inscribed inside the pyramid of Pharaoh Unas, dramatically depicts the deceased king consuming the flesh and magic of the gods to gain immortality?",A) The Litany of Re | B) The Cannibal Hymn | C) The Coffin Hymn | D) The Hymn to Osiris,B
182,Literature,Hard,Multiple Choice,"Which ancient Egyptian Middle Kingdom text, composed during the reign of Amenemhat I, frames a prophetic vision of future social upheaval delivered by a sage from Bastet?",A) The Report of Wenamun | B) The Admonitions of Ipuwer | C) The Prophecy of Neferti | D) The Instruction of Kheti,C
183,Literature,Hard,Multiple Choice,"In ancient Egyptian wisdom literature, what Fifth Dynasty vizier composed a set of 37 maxims emphasizing humility, patience, listening, and avoidance of arrogance?",A) Imhotep | B) Kagemni | C) Amenemope | D) Ptahhotep,D
184,Literature,Hard,Multiple Choice,"Which 1971 novel by Naguib Mahfouz, banned in parts of the Arab world, consists of conversations in an old cafe frequented by political dissidents following the 1967 Six-Day War?",A) Karnak Cafe | B) Miramar | C) The Beggar | D) Autumn Quail,A
185,Literature,Hard,Multiple Choice,What Middle Kingdom literary work contains a collection of dramatic lamentations and complaints delivered by Khun-Anup after his donkeys are stolen by the corrupt landlord Nemtynakht?,A) The Tale of Sinuhe | B) The Tale of the Eloquent Peasant | C) The Shipwrecked Sailor | D) The Doomed Prince,B
186,Literature,Hard,Multiple Choice,What is the title of the famous biographical novella by Yahya Haqqi in which a young Egyptian physician named Ismail studies medicine in England and returns home to confront folk superstition?,A) The Postman | B) Blood and Slag | C) The Lamp of Umm Hashim | D) The Empty Bed,C
187,Literature,Hard,Multiple Choice,"Which pioneering literary periodical, founded in Cairo in 1933 by Ahmad Hasan al-Zayyat, served as the premier cultural platform for major Arab intellectuals like Taha Hussein and Al-Aqqad?",A) Al-Hilal | B) Al-Muqtataf | C) Al-Katib al-Arabi | D) Al-Risalah,D
188,Literature,Hard,Multiple Choice,"In ancient Egyptian myth and the Papyrus Jumilhac, what canine god of the 17th Upper Egyptian nome was associated with Anubis and led the sacred jackals?",A) Wepwawet | B) Duamutef | C) Khenty-Amentiu | D) Anubis of Cynopolis,A
189,Literature,Hard,Multiple Choice,What New Kingdom literary papyrus tells the mythological folk tale of two divine brothers where the younger brother Bata places his heart in the blossom of a cedar tree?,A) The Blinding of Truth | B) The Tale of the Two Brothers | C) The Doomed Prince | D) The Tale of Woe,B
190,Literature,Hard,Multiple Choice,"Which Egyptian vanguard short-story writer and member of the 'Gallery 68' movement authored the fragmented, surrealist masterpiece 'City of Saffron' (Madinat al-Za'faran)?",A) Sonallah Ibrahim | B) Ibrahim Aslan | C) Edwar al-Kharrat | D) Bahaa Taher,C
191,Literature,Hard,Multiple Choice,"What New Kingdom didactic text, addressed by an elderly father to his wayward scribe-apprentice son, strongly advocates moderation and warns: 'Do not move the boundary stone of the fields'?",A) Instruction of Ptahhotep | B) Instruction of Hardjedef | C) The Loyalist Teaching | D) Instruction of Amenemope,D
192,Literature,Hard,Multiple Choice,"Which novel by Radwa Ashour, set in medieval Cairo, chronicles three generations of an Egyptian family during the Mamluk and early Ottoman eras?",A) Specters | B) Granada | C) Siraaj | D) The Journey,A
193,Literature,Hard,Multiple Choice,What Old Kingdom literary genre of 'Sebeayt' translates directly to what English concept in ancient Egyptian scholarship?,"A) Funeral Invocations | B) Instructions, Teachings, or Wisdom Literature | C) Love Songs | D) Royal Annals",B
194,Literature,Hard,Multiple Choice,"Which modern Egyptian poet authored the groundbreaking free-verse dramatic tragedy 'Ma'sat al-Hallaj' (The Tragedy of Al-Hallaj) in 1964, exploring the execution of the famous Sufi mystic?",A) Ahmad Abd al-Mu'ti Hijazi | B) Amal Dunqul | C) Salah Abdel Sabour | D) Mahmud Hasan Ismail,C
195,Literature,Hard,Multiple Choice,"What ancient Egyptian Middle Kingdom text, inscribed on a tomb at Beni Hasan, records the autobiography of a provincial nomarch who oversaw regional famine relief?",A) The Autobiography of Weni | B) The Inscription of Harkhuf | C) The Stela of Ikhernofret | D) The Autobiography of Amenemhat,D
196,Literature,Hard,Multiple Choice,Which Egyptian avant-garde author wrote the 1968 landmark existentialist novel 'Araminta Dormitory' and served as the editor of the influential magazine 'Gallery 68'?,A) Edwar al-Kharrat | B) Yusuf al-Sharuni | C) Bahaa Taher | D) Sonallah Ibrahim,A
197,Literature,Hard,Multiple Choice,"In ancient Egyptian royal funerary literature, what ritual ceremony involved priests using an adze to touch the mouth of the mummy or statue so the deceased could eat and speak in the afterlife?",A) The Weighing of the Heart | B) The Opening of the Mouth ceremony | C) The Transfiguration | D) The Vigil of Osiris,B
198,Literature,Hard,Typing,What 7-letter Egyptian term denotes the ancient genre of didactic wisdom literature or moral instructions (e.g. Ptahhotep) (se...yt)?,,sebayt
199,Literature,Hard,Typing,What 7-letter title of an ancient Egyptian funerary book describes the sun god's subterranean journey through the 12 hours of the night (Am...)?,,Amduat
200,Literature,Hard,Typing,What 8-letter name belongs to the 11th-century Spanish city whose tragic fall forms the centerpiece of Radwa Ashour's acclaimed historical trilogy?,,Granada
201,Literature,Easy,Multiple Choice,Which 11th-century Heian court masterpiece by Murasaki Shikibu is widely celebrated as the world's first novel?,A) The Pillow Book | B) The Tale of the Heike | C) The Tale of Genji | D) Essays in Idleness,C
202,Literature,Easy,Multiple Choice,What traditional Japanese poetic form consists of three unrhymed lines with a 5-7-5 syllable structure?,A) Tanka | B) Renga | C) Senryu | D) Haiku,D
203,Literature,Easy,Multiple Choice,"Who is the most celebrated Japanese haiku master of the Edo period, author of 'The Narrow Road to the Deep North'?",A) Matsuo Basho | B) Yosa Buson | C) Kobayashi Issa | D) Masaoka Shiki,A
204,Literature,Easy,Multiple Choice,Which Japanese author wrote the internationally acclaimed contemporary novels 'Norwegian Wood' and 'Kafka on the Shore'?,A) Kenzaburo Oe | B) Haruki Murakami | C) Yukio Mishima | D) Osamu Dazai,B
205,Literature,Easy,Multiple Choice,"In 1968, which author became the very first Japanese writer to win the Nobel Prize in Literature, famous for 'Snow Country'?",A) Kenzaburo Oe | B) Yukio Mishima | C) Yasunari Kawabata | D) Jun'ichiro Tanizaki,C
206,Literature,Easy,Multiple Choice,What tragic post-war novel by Osamu Dazai portrays the alienation of Oba Yozo and is titled 'Ningen Shikkaku' in Japanese?,"A) The Setting Sun | B) Run, Melos! | C) The Dazai Confessions | D) No Longer Human",D
207,Literature,Easy,Multiple Choice,"Which short story by Ryunosuke Akutagawa, set under a ruined Kyoto gate, inspired Akira Kurosawa's landmark 1950 film?",A) Rashomon | B) Hell Screen | C) In a Bamboo Grove | D) The Spider's Thread,A
208,Literature,Easy,Multiple Choice,"Who wrote 'The Pillow Book' (Makura no Soshi), an exquisite collection of personal essays, lists, and court observations from the Heian period?",A) Murasaki Shikibu | B) Sei Shonagon | C) Ono no Komachi | D) Izumi Shikibu,B
209,Literature,Easy,Multiple Choice,Which celebrated Meiji-era author wrote the satirical novel 'I Am a Cat' and the psychological masterpiece 'Kokoro'?,A) Mori Ogai | B) Ryunosuke Akutagawa | C) Natsume Soseki | D) Jun'ichiro Tanizaki,C
210,Literature,Easy,Multiple Choice,Which controversial Japanese author wrote 'The Temple of the Golden Pavilion' and founded the private militia known as the Shield Society?,A) Osamu Dazai | B) Kobo Abe | C) Shusaku Endo | D) Yukio Mishima,D
211,Literature,Easy,Multiple Choice,What classic military epic chronicles the devastating 12th-century Genpei War between the Taira (Heike) and Minamoto (Genji) clans?,A) The Tale of the Heike | B) The Tale of Genji | C) Taiheiki | D) Soga Monogatari,A
212,Literature,Easy,Multiple Choice,Which 1994 Nobel laureate in Literature wrote the semi-autobiographical novel 'A Personal Matter' about a father coping with a brain-damaged child?,A) Yasunari Kawabata | B) Kenzaburo Oe | C) Haruki Murakami | D) Kazuo Ishiguro,B
213,Literature,Easy,Multiple Choice,"What aesthetic concept in classical Japanese literature, central to 'The Tale of Genji', denotes a bittersweet sensitivity to the transience of all things?",A) Wabi-Sabi | B) Yugen | C) Mono no Aware | D) Shibui,C
214,Literature,Easy,Multiple Choice,"What 1988 debut novella by Banana Yoshimoto became an international bestseller, focusing on grief, food, and family love?",A) Goodbye Tsugumi | B) Asleep | C) Hardboiled & Hard Luck | D) Kitchen,D
215,Literature,Easy,Multiple Choice,Which Nagasaki-born British author won the 2017 Nobel Prize in Literature and wrote 'The Remains of the Day' and 'Never Let Me Go'?,A) Kazuo Ishiguro | B) Haruki Murakami | C) Yoko Ogawa | D) Ken Liu,A
216,Literature,Easy,Multiple Choice,"In Matsuo Basho's most famous haiku, what creature jumps into an ancient pond, creating the sound of water?",A) A carp | B) A frog | C) A duck | D) A dragonfly,B
217,Literature,Easy,Multiple Choice,"Which Japanese writer wrote 'The Woman in the Dunes', an existential novel about an entomologist trapped in a sand pit?",A) Shusaku Endo | B) Kenzaburo Oe | C) Kobo Abe | D) Jun'ichiro Tanizaki,C
218,Literature,Easy,Multiple Choice,"What acclaimed 1994 dystopic novel by Yoko Ogawa depicts an unnamed island where objects, animals, and memories are systematically disappeared?",A) The Housekeeper and the Professor | B) Revenge | C) Hotel Iris | D) The Memory Police,D
219,Literature,Easy,Multiple Choice,Which classic Edo-period playwright is celebrated as the 'Shakespeare of Japan' for masterminding Bunraku puppet plays like 'The Love Suicides at Sonezaki'?,A) Chikamatsu Monzaemon | B) Zeami Motokiyo | C) Ihara Saikaku | D) Kan'ami,A
220,Literature,Easy,Multiple Choice,"Which Japanese Catholic author wrote the historical novel 'Silence' (Chinmoku), chronicling the persecution of Portuguese Jesuit missionaries in 17th-century Japan?",A) Yukio Mishima | B) Shusaku Endo | C) Jun'ichiro Tanizaki | D) Ryunosuke Akutagawa,B
221,Literature,Easy,Multiple Choice,Who is the 'Shining Prince' protagonist of Murasaki Shikibu's 'The Tale of Genji'?,A) Prince Shotoku | B) Kaoru | C) Hikaru Genji | D) Niou,C
222,Literature,Easy,Multiple Choice,"Which novel by Jun'ichiro Tanizaki chronicles the lives, marriage prospects, and decline of four bourgeois Osaka sisters before WWII?",A) Some Prefer Nettles | B) Naomi | C) Quicksand | D) The Makioka Sisters,D
223,Literature,Easy,Multiple Choice,"What is the oldest surviving anthology of Japanese classical poetry, compiled in the 8th century containing over 4,500 poems?",A) Man'yoshu | B) Kokinshu | C) Shinkokinshu | D) Ogura Hyakunin Isshu,A
224,Literature,Easy,Multiple Choice,"In Haruki Murakami's novel '1Q84', what astronomical anomaly alerts the female protagonist Aomame that she has entered an alternate reality?",A) Two suns at noon | B) Two moons in the night sky | C) A purple sky | D) An eclipse that never ends,B
225,Literature,Easy,Multiple Choice,What seasonal word or phrase is traditionally required in a classical Japanese haiku to anchor the poem in a specific time of year?,A) Kireji | B) Tanka | C) Kigo | D) Makurakotoba,C
226,Literature,Easy,Multiple Choice,Which famous Meiji-era autobiographical novella by Mori Ogai depicts an elite Japanese student in Berlin who falls in love with a German dancer?,A) Vita Sexualis | B) The Wild Geese | C) Sanshiro | D) The Dancing Girl,D
227,Literature,Easy,Multiple Choice,"Which prestigious literary award, established in 1935 in honor of the author of 'Rashomon', is awarded biannually to emerging Japanese writers of serious fiction?",A) The Akutagawa Prize | B) The Tanizaki Prize | C) The Mishima Prize | D) The Noma Prize,A
228,Literature,Easy,Multiple Choice,What semi-autobiographical 1949 novel by Yukio Mishima explores a young man's growing awareness of his homosexuality and obsession with Saint Sebastian?,A) The Sound of Waves | B) Confessions of a Mask | C) Sun and Steel | D) Forbidden Colors,B
229,Literature,Easy,Multiple Choice,"In 'The Tale of Genji', what tragic mistress of Genji dies suddenly in a deserted mansion, possibly killed by the jealous living spirit of Lady Rokujo?",A) Lady Aoi | B) Lady Fujitsubo | C) Yugao | D) Murasaki,C
230,Literature,Easy,Multiple Choice,"Which Japanese aesthetic concept, celebrated in Tanizaki's essay 'In Praise of Shadows', values quiet simplicity, rustic patina, and subtle imperfection?",A) Mono no Aware | B) Yugen | C) Kawaii | D) Wabi-Sabi,D
231,Literature,Easy,Multiple Choice,What 1906 comic coming-of-age novel by Natsume Soseki follows an impulsive young Tokyo mathematics teacher assigned to a provincial school in Matsuyama?,A) Botchan | B) Sanshiro | C) Sorekara | D) The Gate,A
232,Literature,Easy,Multiple Choice,"Which famous medieval Japanese text, composed around 1212 by the Buddhist recluse Kamo no Chomei, opens with the famous line: 'The flow of the river is ceaseless'?",A) Essays in Idleness (Tsurezuregusa) | B) An Account of My Hut (Hojoki) | C) Sarashina Nikki | D) Tosa Nikki,B
233,Literature,Easy,Multiple Choice,"In Haruki Murakami's 'Norwegian Wood', what famous British band's song title serves as the novel's name and triggers Toru Watanabe's memories?",A) The Rolling Stones | B) Pink Floyd | C) The Beatles | D) Led Zeppelin,C
234,Literature,Easy,Multiple Choice,"Which Japanese author wrote 'The Housekeeper and the Professor', telling the tender story of a brilliant mathematician whose memory lasts only 80 minutes?",A) Banana Yoshimoto | B) Sayaka Murata | C) Mieko Kawakami | D) Yoko Ogawa,D
235,Literature,Easy,Multiple Choice,What 1947 novel by Osamu Dazai popularized the term for the decline of the impoverished Japanese aristocracy after the Second World War?,"A) The Setting Sun | B) No Longer Human | C) Run, Melos! | D) Blue Bamboo",A
236,Literature,Easy,Multiple Choice,"What famous 2016 novel by Sayaka Murata follows Keiko Furukura, a 36-year-old unmarried woman who finds purpose working in a Japanese retail shop?",A) Earthlings | B) Convenience Store Woman | C) Breasts and Eggs | D) Sweet Bean Paste,B
237,Literature,Easy,Multiple Choice,"In Japanese theatre and literature, what classical masked drama form was codified by Zeami Motokiyo in treatises like 'Fushikaden'?",A) Kabuki | B) Bunraku | C) Noh theatre | D) Kyogen,C
238,Literature,Easy,Multiple Choice,Which short story by Ryunosuke Akutagawa presents seven contradictory witness testimonies about the murder of a samurai in a grove?,A) Rashomon | B) Hell Screen | C) The Nose | D) In a Bamboo Grove,D
239,Literature,Easy,Multiple Choice,"What famous 1956 novel by Yukio Mishima fictionalizes the real-life burning of a 500-year-old Kyoto Zen temple by a young, stuttering acolyte?",A) The Temple of the Golden Pavilion | B) Confessions of a Mask | C) The Sailor Who Fell from Grace with the Sea | D) Spring Snow,A
240,Literature,Easy,Multiple Choice,"Which 10th-century Japanese travel diary, written by Ki no Tsurayuki pretending to be a woman, was the first major literary work written in Japanese kana script?",A) Murasaki Shikibu Diary | B) The Tosa Diary | C) Izumi Shikibu Diary | D) Sarashina Diary,B
241,Literature,Easy,Multiple Choice,"In classical Japanese poetry, what is a 'Tanka'?",A) A comic rhymed couplet | B) A dramatic song | C) A 31-syllable lyric poem in five units of 5-7-5-7-7 | D) A 17-syllable nature poem,C
242,Literature,Easy,Multiple Choice,Which novel by Yasunari Kawabata depicts an aging intellectual who attends an illegal tea ceremony featuring vessels associated with his late mistress?,A) Snow Country | B) The Sound of the Mountain | C) Beauty and Sadness | D) Thousand Cranes,D
243,Literature,Easy,Multiple Choice,"Which celebrated collection of 243 essays, reflections, and anecdotes on aesthetics was written by the Buddhist monk Yoshida Kenko around 1330?",A) Essays in Idleness | B) Hojoki | C) The Tosa Diary | D) Gukansho,A
244,Literature,Easy,Typing,"What 5-letter name belongs to the 17-syllable Japanese poetic form structured in three lines of 5, 7, and 5 syllables?",,haiku
245,Literature,Easy,Typing,What 5-letter surname belongs to the famous Edo-period haiku master Matsuo who wrote The Narrow Road to the Deep North?,,Basho
246,Literature,Easy,Typing,What 5-letter name belongs to the 'Shining Prince' who is the charismatic hero of Lady Murasaki's 11th-century epic novel?,,Genji
247,Literature,Easy,Typing,"What 8-letter surname belongs to the contemporary author of Norwegian Wood, 1Q84, and Kafka on the Shore?",,Murakami
248,Literature,Easy,Typing,What 6-letter surname belongs to the 1968 Nobel laureate author who wrote Snow Country and Thousand Cranes (Kawa...)?,,Kawabata
249,Literature,Easy,Typing,What 7-letter title belongs to Natsume Soseki's 1914 psychological masterpiece meaning 'Heart' or 'Spirit'?,,Kokoro
250,Literature,Easy,Typing,What 8-letter short story by Ryunosuke Akutagawa takes place at an ancient Kyoto southern city gate and inspired a famous Kurosawa movie?,,Rashomon
251,Literature,Medium,Multiple Choice,"What massive four-part novel cycle, completed on the morning of Yukio Mishima's ritual suicide in 1970, represents his philosophical testament?",A) The Temple of the Golden Pavilion | B) The Sea of Fertility | C) The Decay of the Angel | D) Runaway Horses,B
252,Literature,Medium,Multiple Choice,"In Natsume Soseki's novel 'Kokoro', what term of reverence does the narrator use throughout to address his mentor, whose dark past is revealed in a posthumous letter?",A) Senpai | B) Shisho | C) Sensei | D) Otosan,C
253,Literature,Medium,Multiple Choice,What famous 1933 aesthetic essay by Jun'ichiro Tanizaki argues that traditional Japanese architecture and lacquerware derive beauty from dim light and shadow?,"A) Some Prefer Nettles | B) The Secret History | C) A Cat, A Man, and Two Women | D) In Praise of Shadows",D
254,Literature,Medium,Multiple Choice,"In 'The Tale of Genji', what is the name of the younger female heroine whom Genji raises and grooms to become his ideal wife?",A) Murasaki | B) Lady Aoi | C) Lady Rokujo | D) Lady Fujitsubo,A
255,Literature,Medium,Multiple Choice,"What 1960 novel by Kenzaburo Oe, inspired by the real-life 1860 peasant uprising, explores brothers returning to an isolated Shikoku forest village?",A) A Personal Matter | B) The Silent Cry | C) Teach Us to Outgrow Our Madness | D) The Day He Himself Shall Wipe My Tears Away,B
256,Literature,Medium,Multiple Choice,"Which medieval Japanese theatrical theorist and actor wrote 'The Flowering Spirit' (Fushikaden), establishing the spiritual and artistic doctrine of Noh drama?",A) Chikamatsu | B) Kan'ami | C) Zeami Motokiyo | D) Okuni,C
257,Literature,Medium,Multiple Choice,"What early 20th-century Japanese literary movement, exemplified by Tayama Katai's 'Futon', emphasized unvarnished, confessional semi-autobiographical revelations?",A) Proletarian Literature | B) Neo-Sensationalism | C) Romanticism | D) The I-Novel,D
258,Literature,Medium,Multiple Choice,"In Yasunari Kawabata's 'Snow Country' (Yukiguni), what is the profession of the tragic rural mountain heroine Komako?",A) A provincial geisha | B) A silk weaver | C) An innkeeper | D) A farmer,A
259,Literature,Medium,Multiple Choice,Which 1971 fantasy novel by Shusaku Endo retells the dramatic life and execution of the famous Christian samurai daimyo Takayama Ukon?,A) Silence | B) The Samurai | C) Scandal | D) Deep River,B
260,Literature,Medium,Multiple Choice,"What 17th-century prose genre created by Ihara Saikaku, meaning 'Books of the Floating World', depicted the merchant and courtesan pleasure quarters of Edo and Osaka?",A) Monogatari | B) Zuihitsu | C) Ukiyo-zoshi | D) Otogizoshi,C
261,Literature,Medium,Multiple Choice,"In Ryunosuke Akutagawa's satirical novella 'Kappa', what mythical creature from Japanese folklore creates a topsy-turvy underground society visited by a mental patient?",A) Tengu | B) Kitsune | C) Tanuki | D) Kappa,D
262,Literature,Medium,Multiple Choice,"What prominent literary award was established in 1988 by the publisher Shinchosha to celebrate innovative, rebellious fiction in honor of Yukio Mishima?",A) The Mishima Yukio Prize | B) The Tanizaki Prize | C) The Noma Prize | D) The Kawabata Prize,A
263,Literature,Medium,Multiple Choice,"Which Japanese poet and Buddhist nun of the Heian court was celebrated as one of the Rokkasen (Six Poetic Immortals), renowned for her legendary beauty and passion?",A) Izumi Shikibu | B) Ono no Komachi | C) Daini no Sanmi | D) Akazome Emon,B
264,Literature,Medium,Multiple Choice,What 1962 allegorical novel by Kobo Abe depicts a man who loses his face in an industrial explosion and orders a lifelike prosthetic mask from a doctor?,A) The Box Man | B) Inter Ice Age 4 | C) The Face of Another | D) Kangaroo Notebook,C
265,Literature,Medium,Multiple Choice,"In Haruki Murakami's 'The Wind-Up Bird Chronicle', what unusual location does Toru Okada sit in for days in an abandoned Tokyo yard to meditate and think?",A) A hollow tree | B) An attic | C) A subterranean bomb shelter | D) The bottom of a dry well,D
266,Literature,Medium,Multiple Choice,What classical 13th-century Japanese military epic opens with the famous Buddhist bell lament: 'The sound of the Gion Shoja bells echoes the impermanence of all things'?,A) The Tale of the Heike | B) Soga Monogatari | C) Taiheiki | D) Gikeiki,A
267,Literature,Medium,Multiple Choice,"Which post-war Japanese writer, who committed suicide in 1948 by drowning in the Tamagawa Canal with his lover, was author of 'No Longer Human'?",A) Ryunosuke Akutagawa | B) Osamu Dazai | C) Yukio Mishima | D) Tamiki Hara,B
268,Literature,Medium,Multiple Choice,"What 1954 romantic novel by Yukio Mishima, inspired by the ancient Greek pastoral tale 'Daphnis and Chloe', tells the wholesome love story of a fisherman and diver on a remote island?",A) After the Banquet | B) Thirst for Love | C) The Sound of Waves | D) Spring Snow,C
269,Literature,Medium,Multiple Choice,"In Japanese classical literature, what genre of miscellaneous informal personal essays, represented by 'The Pillow Book', literally translates as 'following the brush'?",A) Haibun | B) Monogatari | C) Nikki | D) Zuihitsu,D
270,Literature,Medium,Multiple Choice,What 2019 International Booker Prize-shortlisted novel by Yoko Ogawa centers on a secret room beneath a floor where prohibited objects like roses and birds are hidden?,A) The Memory Police | B) The Diving Pool | C) Hotel Iris | D) Revenge,A
271,Literature,Medium,Multiple Choice,"Which major modern Japanese poet revolutionized both haiku and tanka in the late Meiji era, adopting his pen name from a Chinese cuckoo?",A) Takahama Kyoshi | B) Masaoka Shiki | C) Yosano Akiko | D) Ishikawa Takuboku,B
272,Literature,Medium,Multiple Choice,"What landmark 1901 collection of 399 romantic, passionate tanka poems by Yosano Akiko created a sensation for its uninhibited female sensuality?",A) Chiezoko | B) Hakubokuren | C) Midaregami | D) Kanzashi,C
273,Literature,Medium,Multiple Choice,"In 'The Tale of Genji', what is the title of the final ten chapters of the novel, set outside the capital in a rustic, melancholic mountain village?",A) The Kyoto Chronicles | B) The Heian Epilogue | C) The Autumn Songs | D) The Uji Chapters,D
274,Literature,Medium,Multiple Choice,Which classic novella by Ryunosuke Akutagawa tells of an arrogant Buddhist monk named Zenchi Naigu who goes to desperate lengths to shorten his comically oversized facial feature?,A) The Nose | B) Hell Screen | C) The Spider's Thread | D) Cogwheels,A
275,Literature,Medium,Multiple Choice,"What famous 1929 Japanese proletarian novel by Takiji Kobayashi, which led to the author's torture and death by police, depicts brutal labor on a fishing vessel?",A) Factory Ship | B) The Crab Cannery Ship | C) The Hell Ship | D) Red Dawn,B
276,Literature,Medium,Typing,"What 7-letter term in Japanese aesthetics denotes an awareness of the bittersweet transience of worldly things, central to The Tale of Genji (mono no ...)?",,aware
277,Literature,Medium,Typing,What 8-letter term describes the traditional Japanese miscellaneous personal essay genre meaning 'following the brush' (zui...)?,,zuihitsu
278,Literature,Medium,Typing,What 6-letter surname belongs to the pioneering Meiji author who wrote the humorous satirical novel 'I Am a Cat' and 'Kokoro' (So...)?,,Soseki
279,Literature,Medium,Typing,What 7-letter surname belongs to the celebrated 20th-century author who wrote Confessions of a Mask and committed ritual seppuku in 1970 (Mis...)?,,Mishima
280,Literature,Medium,Typing,What 4-letter title of Matsuo Basho's travel diary describes his journeys on foot through northern Japan (The ... Road)?,,Narrow
281,Literature,Hard,Multiple Choice,"In 'The Tale of Genji', which bitter supernatural phenomenon occurs when the jealous aristocratic Lady Rokujo's subconscious spirit detaches from her living body to torment Genji's lovers?",A) A Yurei | B) An Onryo | C) An Ikiryo | D) A Mononoke,C
282,Literature,Hard,Multiple Choice,What fundamental distinction in Heian-era gendered script culture explains why 'The Tale of Genji' was composed primarily in phonetic hiragana rather than classical Chinese?,"A) Chinese was banned by royal decree | B) Hiragana was cheaper to print | C) Lady Murasaki could not read | D) Onnade ('women's hand' / hiragana) was the vernacular script accessible to women courtiers, while men used kanbun",D
283,Literature,Hard,Multiple Choice,"Which 8th-century imperial chronicler compiled the 'Kojiki' (Records of Ancient Matters) in 712 AD, transcribing the oral mythologies memorized by the storyteller Hieda no Are?",A) O no Yasumaro | B) Kakinomoto no Hitomaro | C) Ki no Tsurayuki | D) Sugawara no Michizane,A
284,Literature,Hard,Multiple Choice,"What Japanese aesthetic concept, celebrated in the Noh treatises of Zeami, refers to a profound, mysterious, and shadowy elegance that cannot be expressed in direct words?",A) Sabi | B) Yugen | C) Wabi | D) Miyabi,B
285,Literature,Hard,Multiple Choice,"What experimental 1928 novel by Yasunari Kawabata, written in the breathless cinematic style of the 'Shinkankakuha' (New Sensationist) school, follows a woman in an asylum?",A) Snow Country | B) The Old Capital | C) The Crimson Gang of Asakusa | D) House of the Sleeping Beauties,C
286,Literature,Hard,Multiple Choice,"In Matsuo Basho's poetic theory, what paired aesthetic principles reconcile timeless universal truth (fueki) with fleeting contemporary fashion (ryuko)?",A) Wabi and Sabi | B) Yugen and Mono no Aware | C) Karumi and Shibui | D) Fueki-ryuko,D
287,Literature,Hard,Multiple Choice,"Which chilling short story by Ryunosuke Akutagawa depicts the crazed artist Yoshihide, who demands to witness a court carriage incinerated with a screaming maiden inside to finish his Buddhist screen?",A) Hell Screen | B) The Nose | C) Rashomon | D) The Spider's Thread,A
288,Literature,Hard,Multiple Choice,What was the official name of the ultra-nationalist private student paramilitary militia founded by author Yukio Mishima in 1968?,A) Black Dragon Society | B) Tatenokai | C) Cherry Blossom Society | D) Imperial Way,B
289,Literature,Hard,Multiple Choice,"Which major modern Japanese poet and translator composed 'Chieko's Sky' (Chiekosho), a devastating cycle of love poems detailing his sculptor wife's descent into schizophrenia?",A) Hagiwara Sakutaro | B) Miyazawa Kenji | C) Takamura Kotaro | D) Nakahara Chuya,C
290,Literature,Hard,Multiple Choice,"What early medieval Japanese historical and Buddhist polemic, written around 1220 by the monk Jien, interprets Japanese history through the framework of Buddhist cosmic decline (Mappo)?",A) Hojoki | B) Taiheiki | C) Azuma Kagami | D) Gukansho,D
291,Literature,Hard,Multiple Choice,"Which 1967 novel by Kenzaburo Oe, winning him the Nobel Prize acclaim, was published in English under the title 'The Silent Cry' and titled in Japanese after a rugby match metaphor?","A) Man'en Gannen no Ragubii | B) A Personal Matter | C) The Pinch Runner Memorandum | D) Nip the Buds, Shoot the Kids",A
292,Literature,Hard,Multiple Choice,"What unique collaborative linked-verse poetic game, practiced by classical poets like Sogi and Basho, involves multiple writers alternating 5-7-5 and 7-7 stanza additions across 100 links?",A) Haiku | B) Renga | C) Tanka | D) Dodoitsu,B
293,Literature,Hard,Multiple Choice,Which 1907 novella by Tayama Katai is universally credited with launching the dominant modern Japanese autobiographical confessional genre known as the 'I-Novel'?,A) The Broken Commandment | B) Vita Sexualis | C) The Quilt | D) The Drifting Cloud,C
294,Literature,Hard,Multiple Choice,"What 1923 Japanese novel by Jun'ichiro Tanizaki, titled 'Chijin no Ai' (A Fool's Love), tells of a salaryman named Joji who seeks to groom a young modern waitress into a Westernized femme fatale?",A) The Secret History of the Lord of Musashi | B) Quicksand | C) The Key | D) Naomi,D
295,Literature,Hard,Multiple Choice,"In Japanese classical poetic technique, what is a 'Kakekotoba' (pivot word)?",A) A rhetorical pun that uses phonetic homonyms to connect two distinct semantic meanings across adjacent clauses | B) A seasonal flower term | C) An opening dedication | D) The final rhyming syllable,A
296,Literature,Hard,Multiple Choice,What celebrated 1934 fairy tale poem-fantasy by beloved regional Tohoku poet Miyazawa Kenji tells of the boy Giovanni traveling across the cosmos on a celestial train?,A) The Restaurant of Many Orders | B) Night on the Galactic Railroad | C) Spring and Asura | D) The Life of Gusko Budori,B
297,Literature,Hard,Multiple Choice,Which tragic Heian court lover of Prince Atsumichi kept a renowned poetic diary in 1004 filled with passionate 5-7-5-7-7 verse dialogue exchanges?,A) Sarashina | B) Sanuki no Suke | C) Izumi Shikibu | D) Murasaki Shikibu,C
298,Literature,Hard,Typing,What 5-letter Japanese poetic term denotes the seasonal word or phrase required in every traditional classical haiku (k...)?,,kigo
299,Literature,Hard,Typing,"What 5-letter aesthetic term in classical Japanese arts denotes mysterious, subtle, and profound shadowy depth beyond direct words (y...)?",,yugen
300,Literature,Hard,Typing,What 6-letter name belongs to the 8th-century imperial Japanese scribe who recorded and compiled the Kojiki in 712 AD (O no ...)?,,Yasumaro
301,Literature,Easy,Multiple Choice,"Which playwright, often called 'The Bard of Avon', wrote 'Hamlet', 'Macbeth', and 'Romeo and Juliet'?",A) Christopher Marlowe | B) Ben Jonson | C) John Webster | D) William Shakespeare,D
302,Literature,Easy,Multiple Choice,"In Shakespeare's 'Hamlet', who is the Prince of Denmark seeking vengeance for the murder of his father?",A) Hamlet | B) Laertes | C) Horatio | D) Fortinbras,A
303,Literature,Easy,Multiple Choice,"Which 19th-century English author wrote classic Victorian novels including 'Great Expectations', 'Oliver Twist', and 'A Tale of Two Cities'?",A) Thomas Hardy | B) Charles Dickens | C) William Thackeray | D) George Eliot,B
304,Literature,Easy,Multiple Choice,Which English author wrote the celebrated romantic comedy of manners 'Pride and Prejudice' featuring Elizabeth Bennet and Mr. Darcy?,A) Charlotte Bronte | B) Mary Shelley | C) Jane Austen | D) George Eliot,C
305,Literature,Easy,Multiple Choice,"In George Orwell's dystopian masterpiece '1984', what is the omnipresent totalitarian figurehead who is 'watching you'?",A) O'Brien | B) Goldstein | C) The Controller | D) Big Brother,D
306,Literature,Easy,Multiple Choice,Which 1818 Gothic science-fiction novel by Mary Shelley tells of a scientist who brings a creature assembled from corpses to life?,A) Frankenstein | B) Dracula | C) The Strange Case of Dr Jekyll and Mr Hyde | D) The Island of Doctor Moreau,A
307,Literature,Easy,Multiple Choice,"What famous fictional Victorian consulting detective, created by Sir Arthur Conan Doyle, resided at 221B Baker Street in London?",A) Hercule Poirot | B) Sherlock Holmes | C) Father Brown | D) Lord Peter Wimsey,B
308,Literature,Easy,Multiple Choice,"Which Old English epic poem, the oldest surviving long poem in English, tells of a Geatish hero who slays the monster Grendel?",A) The Wanderer | B) The Seafarer | C) Beowulf | D) The Battle of Maldon,C
309,Literature,Easy,Multiple Choice,"Who wrote 'The Canterbury Tales', a landmark 14th-century Middle English collection of stories told by pilgrims traveling to the shrine of Thomas Becket?",A) William Langland | B) John Gower | C) Thomas Malory | D) Geoffrey Chaucer,D
310,Literature,Easy,Multiple Choice,"In Shakespeare's 'Romeo and Juliet', what are the family names of the two feuding households in Verona?",A) Capulet and Montague | B) Montague and York | C) Tudor and Lancaster | D) Medici and Borgia,A
311,Literature,Easy,Multiple Choice,Which 17th-century English epic poem by John Milton recounts the biblical Fall of Man and Satan's rebellion in magnificent blank verse?,A) The Faerie Queene | B) Paradise Lost | C) Samson Agonistes | D) The Pilgrim's Progress,B
312,Literature,Easy,Multiple Choice,"Which novel by Emily Bronte portrays the dark, passionate, and destructive romance between Heathcliff and Catherine Earnshaw on the Yorkshire moors?",A) Jane Eyre | B) Middlemarch | C) Wuthering Heights | D) Agnes Grey,C
313,Literature,Easy,Multiple Choice,"In George Orwell's satirical allegorical novella 'Animal Farm', what species of farm animal takes control of Manor Farm under the leadership of Napoleon?",A) The Horses | B) The Dogs | C) The Sheep | D) The Pigs,D
314,Literature,Easy,Multiple Choice,Which British author wrote the legendary fantasy epic trilogy 'The Lord of the Rings' and 'The Hobbit'?,A) J.R.R. Tolkien | B) C.S. Lewis | C) Philip Pullman | D) Terry Pratchett,A
315,Literature,Easy,Multiple Choice,What classic Gothic horror novel by Irish author Bram Stoker introduced the blood-drinking Transylvanian vampire Count to English literature?,A) Carmilla | B) Dracula | C) The Vampyre | D) The Castle of Otranto,B
316,Literature,Easy,Multiple Choice,"In Shakespeare's 'Macbeth', what supernatural beings prophesize that Macbeth will become Thane of Cawdor and King of Scotland?",A) Ghosts | B) Angels | C) Three Witches | D) Sirens,C
317,Literature,Easy,Multiple Choice,"Which satirical novel by Jonathan Swift recounts the fantastical sea voyages of a ship surgeon to Lilliput, Brobdingnag, and the land of the Houyhnhnms?",A) Robinson Crusoe | B) The Pilgrim's Progress | C) A Modest Proposal | D) Gulliver's Travels,D
318,Literature,Easy,Multiple Choice,"Which English novelist wrote 'Jane Eyre', telling the story of an orphaned governess who falls in love with the brooding Edward Rochester of Thornfield Hall?",A) Charlotte Bronte | B) Emily Bronte | C) Anne Bronte | D) Elizabeth Gaskell,A
319,Literature,Easy,Multiple Choice,"In Charles Dickens's 'A Christmas Carol', which miserly old businessman is visited by the Ghosts of Christmas Past, Present, and Yet to Come?",A) Bob Cratchit | B) Ebenezer Scrooge | C) Uriah Heep | D) Oliver Twist,B
320,Literature,Easy,Multiple Choice,Which witty Irish dramatist and novelist wrote 'The Picture of Dorian Gray' and the sparkling high-society comedy 'The Importance of Being Earnest'?,A) George Bernard Shaw | B) W.B. Yeats | C) Oscar Wilde | D) Samuel Beckett,C
321,Literature,Easy,Multiple Choice,"Which 1932 dystopian science-fiction novel by Aldous Huxley portrays a technologically controlled, consumerist future society conditioned by soma and test-tube cloning?",A) 1984 | B) Fahrenheit 451 | C) The Time Machine | D) Brave New World,D
322,Literature,Easy,Multiple Choice,"In Arthur Conan Doyle's Sherlock Holmes stories, who is Holmes's loyal friend, roommate, and biographer who served as an army medical officer in Afghanistan?",A) Dr. John Watson | B) Inspector Lestrade | C) Mycroft Holmes | D) Professor Moriarty,A
323,Literature,Easy,Multiple Choice,"Which British author, celebrated as the 'Queen of Crime', created iconic fictional detectives Hercule Poirot and Miss Jane Marple?",A) Dorothy Sayers | B) Agatha Christie | C) Ruth Rendell | D) P.D. James,B
324,Literature,Easy,Multiple Choice,Which 1954 allegorical novel by William Golding depicts a group of stranded British schoolboys who regress into savage tribal brutality on an uninhabited island?,A) Robinson Crusoe | B) Treasure Island | C) Lord of the Flies | D) The Coral Island,C
325,Literature,Easy,Multiple Choice,"Which modernist British author and pioneer of stream-of-consciousness wrote 'Mrs. Dalloway', 'To the Lighthouse', and the feminist essay 'A Room of One's Own'?",A) George Eliot | B) Katherine Mansfield | C) Doris Lessing | D) Virginia Woolf,D
326,Literature,Easy,Multiple Choice,"In C.S. Lewis's 'The Chronicles of Narnia', what magnificent golden-maned talking lion created Narnia and sacrifices himself on the Stone Table?",A) Aslan | B) Caspian | C) Reepicheep | D) Tumnus,A
327,Literature,Easy,Multiple Choice,"Which English poet wrote the Romantic masterpiece 'The Rime of the Ancient Mariner', in which a sailor shoots a friendly albatross?",A) William Wordsworth | B) Samuel Taylor Coleridge | C) Lord Byron | D) John Keats,B
328,Literature,Easy,Multiple Choice,"In Shakespeare's 'Othello', which villainous ensign masterminds Othello's downfall by falsely convincing him of Desdemona's infidelity?",A) Cassio | B) Roderigo | C) Iago | D) Brabantio,C
329,Literature,Easy,Multiple Choice,Which 1719 adventure novel by Daniel Defoe tells of a castaway who spends 28 years on a remote tropical desert island alongside his companion Friday?,A) Gulliver's Travels | B) Treasure Island | C) The Swiss Family Robinson | D) Robinson Crusoe,D
330,Literature,Easy,Multiple Choice,"Which Victorian author, whose real name was Mary Ann Evans, wrote the panoramic provincial masterpiece 'Middlemarch'?",A) George Eliot | B) Charlotte Bronte | C) Jane Austen | D) Elizabeth Gaskell,A
331,Literature,Easy,Multiple Choice,"In Shakespeare's 'A Midsummer Night's Dream', which mischievous woodland sprite famously declares: 'Lord, what fools these mortals be!'?",A) Oberon | B) Puck | C) Titania | D) Bottom,B
332,Literature,Easy,Multiple Choice,Which Scottish author wrote the swashbuckling pirate adventure novel 'Treasure Island' and the psychological horror 'Dr Jekyll and Mr Hyde'?,A) Sir Walter Scott | B) J.M. Barrie | C) Robert Louis Stevenson | D) Arthur Conan Doyle,C
333,Literature,Easy,Multiple Choice,"In Jane Austen's 'Pride and Prejudice', what is the name of the proud, aristocratic master of the grand estate of Pemberley?",A) Charles Bingley | B) George Wickham | C) Mr. Collins | D) Fitzwilliam Darcy,D
334,Literature,Easy,Multiple Choice,"Which famous Victorian poet served as Poet Laureate for over 40 years, authoring 'The Charge of the Light Brigade' and 'In Memoriam A.H.H.'?","A) Alfred, Lord Tennyson | B) Robert Browning | C) Matthew Arnold | D) Gerard Manley Hopkins",A
335,Literature,Easy,Multiple Choice,"In John Milton's 'Paradise Lost', which fallen archangel famously declares in Hell that it is 'Better to reign in Hell than serve in Heaven'?",A) Beelzebub | B) Satan | C) Belial | D) Mammon,B
336,Literature,Easy,Multiple Choice,"Which Irish author wrote the revolutionary modernist epic 'Ulysses', following Leopold Bloom's wandering journey through Dublin on June 16, 1904?",A) W.B. Yeats | B) Samuel Beckett | C) James Joyce | D) Oscar Wilde,C
337,Literature,Easy,Multiple Choice,"In J.R.R. Tolkien's 'The Lord of the Rings', what hobbit inherits the One Ring from his uncle Bilbo and journeys to Mount Doom to destroy it?",A) Samwise Gamgee | B) Peregrin Took | C) Meriadoc Brandybuck | D) Frodo Baggins,D
338,Literature,Easy,Multiple Choice,Which Romantic poet composed celebrated odes including 'Ode to a Nightingale' and 'Ode on a Grecian Urn' before dying of tuberculosis in Rome at age 25?,A) John Keats | B) Percy Bysshe Shelley | C) Lord Byron | D) William Blake,A
339,Literature,Easy,Multiple Choice,"In Charles Dickens's 'A Tale of Two Cities', which two European capital cities form the dual backdrop of the French Revolution narrative?",A) London and Rome | B) London and Paris | C) Madrid and Paris | D) Dublin and Paris,B
340,Literature,Easy,Multiple Choice,"Which play by Samuel Beckett, a cornerstone of the Theatre of the Absurd, features two tramps, Vladimir and Estragon, endlessly waiting for someone who never arrives?",A) Endgame | B) Krapp's Last Tape | C) Waiting for Godot | D) Happy Days,C
341,Literature,Easy,Multiple Choice,"In Shakespeare's 'The Tempest', who is the deposed Duke of Milan who uses magic on an isolated island to orchestrate his enemies' shipwreck?",A) Caliban | B) Ariel | C) Ferdinand | D) Prospero,D
342,Literature,Easy,Multiple Choice,"Which English novelist wrote the historical tragedies 'Tess of the d'Urbervilles' and 'Jude the Obscure', set in the semi-fictional region of Wessex?",A) Thomas Hardy | B) George Meredith | C) E.M. Forster | D) D.H. Lawrence,A
343,Literature,Easy,Multiple Choice,"Which poet wrote 'Songs of Innocence and of Experience', contrasting poems like 'The Lamb' and 'The Tyger' with his own visionary engravings?",A) Samuel Taylor Coleridge | B) William Blake | C) William Wordsworth | D) Robert Southey,B
344,Literature,Easy,Typing,"What 6-letter surname belongs to the playwright who wrote Hamlet, Macbeth, King Lear, and Othello?",,Shakespeare
345,Literature,Easy,Typing,"What 7-letter surname belongs to the author of Oliver Twist, Great Expectations, and David Copperfield?",,Dickens
346,Literature,Easy,Typing,What 6-letter surname belongs to the 19th-century female author of Pride and Prejudice and Emma (Au...)?,,Austen
347,Literature,Easy,Typing,What 6-letter title completes George Orwell's satirical allegorical novella: '... Farm'?,,Animal
348,Literature,Easy,Typing,What 6-letter surname belongs to the author of 1984 and Animal Farm (Or...)?,,Orwell
349,Literature,Easy,Typing,What 7-letter monster from Scandinavian folklore was slain by Beowulf with his bare hands in Heorot hall?,,Grendel
350,Literature,Easy,Typing,What 7-letter title belongs to Mary Shelley's groundbreaking 1818 novel subtitled 'The Modern Prometheus'?,,Frankenstein
351,Literature,Medium,Multiple Choice,"In Geoffrey Chaucer's 'The Canterbury Tales', which bawdy, well-traveled female pilgrim from near Bath delivers a famous prologue on female sovereignty in marriage?",A) The Prioress | B) The Second Nun | C) The Wife of Bath | D) Alison,C
352,Literature,Medium,Multiple Choice,Which 1604 tragedy by Christopher Marlowe tells of a German scholar who signs a 24-year blood pact with the devil Mephistopheles in exchange for dark magic?,A) Tamburlaine the Great | B) The Jew of Malta | C) Edward II | D) Doctor Faustus,D
353,Literature,Medium,Multiple Choice,"In Shakespeare's 'King Lear', which honest youngest daughter is disinherited by her father for refusing to flatter him with hyperbolic declarations of love?",A) Cordelia | B) Goneril | C) Regan | D) Portia,A
354,Literature,Medium,Multiple Choice,"What 1928 satirical modernist novel by Virginia Woolf follows a gender-shifting, aristocratic poet who lives through four centuries without visibly aging?",A) The Waves | B) Orlando | C) Night and Day | D) Jacob's Room,B
355,Literature,Medium,Multiple Choice,Which metaphysical poet and Dean of St. Paul's Cathedral wrote 'A Valediction: Forbidding Mourning' and coined the line 'No man is an island'?,A) George Herbert | B) Andrew Marvell | C) John Donne | D) Henry Vaughan,C
356,Literature,Medium,Multiple Choice,"In Charlotte Bronte's 'Jane Eyre', what dark secret does Edward Rochester conceal on the third floor of Thornfield Hall?","A) Stolen jewels | B) A forged will | C) An illegitimate heir | D) His insane first wife, Bertha Mason",D
357,Literature,Medium,Multiple Choice,What 1922 landmark modernist poem by T.S. Eliot opens with the famous line 'April is the cruellest month' and draws heavily on Arthurian Fisher King legends?,A) The Waste Land | B) The Hollow Men | C) Ash Wednesday | D) Four Quartets,A
358,Literature,Medium,Multiple Choice,Which satirical essay by Jonathan Swift infamously suggests that impoverished Irish families should sell their one-year-old babies as gourmet meat to wealthy landlords?,A) The Drapier's Letters | B) A Modest Proposal | C) The Battle of the Books | D) A Tale of a Tub,B
359,Literature,Medium,Multiple Choice,"In J.R.R. Tolkien's legendarium, what was the original name of the corrupted river-hobbit who was consumed by lust for the One Ring and called it 'My Precious'?",A) Deagol | B) Bandobras | C) Smeagol | D) Tobold,C
360,Literature,Medium,Multiple Choice,"Which 1924 novel by E.M. Forster explores racial tension and British colonial prejudice in India, centered on an alleged assault in the fictional Marabar Caves?",A) Howards End | B) Where Angels Fear to Tread | C) A Room with a View | D) A Passage to India,D
361,Literature,Medium,Multiple Choice,"In Shakespeare's 'Macbeth', what Scottish nobleman's family is brutally slaughtered on Macbeth's orders, and who eventually decapitates Macbeth in the final battle?",A) Macduff | B) Banquo | C) Malcolm | D) Fleance,A
362,Literature,Medium,Multiple Choice,"Which romantic poet was famously described by Lady Caroline Lamb as 'mad, bad, and dangerous to know' and authored the satirical verse epic 'Don Juan'?",A) Percy Bysshe Shelley | B) Lord Byron | C) William Wordsworth | D) John Keats,B
363,Literature,Medium,Multiple Choice,What 14th-century alliterative chivalric romance tells of an Arthurian knight who accepts an axe-beheading challenge from a mysterious emerald-colored warrior?,A) Le Morte d'Arthur | B) The Knight's Tale | C) Sir Gawain and the Green Knight | D) The Pearl,C
364,Literature,Medium,Multiple Choice,"Which novel by Charles Dickens begins with the famous opening sentence: 'It was the best of times, it was the worst of times'?",A) Bleak House | B) Hard Times | C) Little Dorrit | D) A Tale of Two Cities,D
365,Literature,Medium,Multiple Choice,"In George Orwell's '1984', what is the name of the terrifying torture and re-education room in the Ministry of Love containing each person's worst individual fear?",A) Room 101 | B) Room 40 | C) The Glass Cell | D) The Memory Chamber,A
366,Literature,Medium,Multiple Choice,"Which 19th-century epic romance by Thomas Malory, published by William Caxton in 1485, codified the definitive English cycle of King Arthur and the Round Table?",A) The Brut | B) Le Morte d'Arthur | C) King Horn | D) Confessio Amantis,B
367,Literature,Medium,Multiple Choice,What 1928 feminist essay by Virginia Woolf famously asserts that a woman must have independent income and a private space if she is to write fiction?,A) Three Guineas | B) The Common Reader | C) A Room of One's Own | D) Granite and Rainbow,C
368,Literature,Medium,Multiple Choice,"In Oscar Wilde's 'The Picture of Dorian Gray', what happens to the painted oil portrait kept locked in Dorian's upstairs schoolroom as he pursues a life of vice?",A) It stays youthful while he ages | B) It turns into a demon | C) It burns into ashes | D) The painting ages and reveals physical marks of moral corruption while Dorian remains youthful,D
369,Literature,Medium,Multiple Choice,Which 1913 play by George Bernard Shaw follows Professor Henry Higgins as he wagers he can transform the Cockney flower girl Eliza Doolittle into a refined duchess?,A) Pygmalion | B) Major Barbara | C) Man and Superman | D) Heartbreak House,A
370,Literature,Medium,Multiple Choice,"In John Bunyan's 1678 Christian allegorical masterpiece 'The Pilgrim's Progress', what is the name of the pilgrim who journeys from the City of Destruction to the Celestial City?",A) Faithful | B) Christian | C) Hopeful | D) Evangelist,B
371,Literature,Medium,Multiple Choice,"Which Romantic poet drowned at age 29 in the Gulf of Spezia after his schooner 'Don Juan' foundered in a sudden storm, authoring 'Ozymandias' and 'Prometheus Unbound'?",A) Lord Byron | B) John Keats | C) Percy Bysshe Shelley | D) Leigh Hunt,C
372,Literature,Medium,Multiple Choice,"In Arthur Conan Doyle's 'The Hound of the Baskervilles', what supernatural beast is rumored to stalk the aristocratic Baskerville family across Dartmoor?","A) A giant direwolf | B) A vampiric creature | C) A horned demon | D) A spectral, glowing hound",D
373,Literature,Medium,Multiple Choice,"What 1853 novel by Charles Dickens centers on the endless, soul-destroying legal case of 'Jarndyce and Jarndyce' in the Court of Chancery?",A) Bleak House | B) Nicholas Nickleby | C) David Copperfield | D) Dombey and Son,A
374,Literature,Medium,Multiple Choice,"In Shakespeare's 'The Merchant of Venice', what notorious bond does the Jewish moneylender Shylock demand from Antonio in default of a loan?",A) His flagship vessel | B) A pound of his flesh | C) Three thousand gold ducats | D) His castle estate,B
375,Literature,Medium,Multiple Choice,Which 1938 gothic mystery novel by Daphne du Maurier opens with the famous line: 'Last night I dreamt I went to Manderley again'?,A) Jamaica Inn | B) My Cousin Rachel | C) Rebecca | D) Frenchmen's Creek,C
376,Literature,Medium,Typing,"What 5-letter surname belongs to the sisters Charlotte, Emily, and Anne who wrote Jane Eyre and Wuthering Heights under male pen names?",,Bronte
377,Literature,Medium,Typing,What 7-letter kingdom mead-hall in Beowulf is plagued and terrorized by the monster Grendel for twelve winters?,,Heorot
378,Literature,Medium,Typing,What 6-letter name belongs to the faithful Geatish warrior who stands by King Beowulf in his final mortal fight against the dragon (Wi...)?,,Wiglaf
379,Literature,Medium,Typing,What 6-letter name belongs to the brooding master of Thornfield Hall who falls in love with Jane Eyre in Charlotte Bronte's novel?,,Edward
380,Literature,Medium,Typing,"What 10-letter title of an 1818 Percy Bysshe Shelley sonnet describes a shattered desert statue of an Egyptian pharaoh: 'Look on my Works, ye Mighty, and despair!'?",,Ozymandias
381,Literature,Hard,Multiple Choice,"In Edmund Spenser's Renaissance allegorical epic 'The Faerie Queene', which knight represents the virtue of Holiness and bears the blood-red cross on his breastplate?",A) Sir Guyon | B) Britomart | C) Sir Calidore | D) The Redcrosse Knight,D
382,Literature,Hard,Multiple Choice,"What 1759 experimental, highly digressive nine-volume comic novel by Laurence Sterne features blank pages, marbled leaves, and an eccentric narrator who takes four volumes to be born?","A) The Life and Opinions of Tristram Shandy, Gentleman | B) The Expedition of Humphry Clinker | C) Tom Jones | D) Clarissa",A
383,Literature,Hard,Multiple Choice,"In John Donne's metaphysical holy sonnet 'Batter my heart, three-person'd God', what striking extended paradox is used to describe divine spiritual redemption?",A) A sea tempest | B) An embattled town being ravished to be made chaste and free | C) An alchemical crucible | D) A mirror reflecting sunlight,B
384,Literature,Hard,Multiple Choice,Which English Renaissance tragedy by John Webster features the tragic widowed Duchess who secretly marries her steward Antonio and is tortured to death by her corrupt brothers?,A) The White Devil | B) The Changeling | C) The Duchess of Malfi | D) The Revenger's Tragedy,C
385,Literature,Hard,Multiple Choice,"In Old English poetic convention, what figurative circumlocution or metaphorical compound phrase is exemplified by calling the sea the 'whale-road' or the sun 'sky-candle'?",A) Caesura | B) Litotes | C) Flyting | D) Kenning,D
386,Literature,Hard,Multiple Choice,"Which 18th-century epistolary novel in eight volumes by Samuel Richardson, one of the longest in English literature, depicts the psychological torment of a young heiress by the libertine Lovelace?","A) Clarissa, or, the History of a Young Lady | B) Pamela | C) Sir Charles Grandison | D) Roxana",A
387,Literature,Hard,Multiple Choice,"In Shakespeare's 'King Lear', who is the legitimate son of the Earl of Gloucester who disguises himself as the mad beggar 'Poor Tom' on the storm-swept heath?",A) Edmund | B) Edgar | C) Oswald | D) Kent,B
388,Literature,Hard,Multiple Choice,"Which landmark Victorian critical study by Matthew Arnold divides English society into three classes: the Barbarians (aristocracy), the Philistines (middle class), and the Populace (working class)?",A) Essays in Criticism | B) The Function of Criticism | C) Culture and Anarchy | D) Literature and Dogma,C
389,Literature,Hard,Multiple Choice,"In John Milton's 'Paradise Lost', what is the name of the high capital of Satan and his peers, built in the abyss of Hell by the architect Mulciber?",A) Dis | B) Gehenna | C) Tartarus | D) Pandemonium,D
390,Literature,Hard,Multiple Choice,Which radical 1790 visionary illustrated book by William Blake attacks Emanuel Swedenborg's orthodox theology and proclaims: 'The road of excess leads to the palace of wisdom'?,A) The Marriage of Heaven and Hell | B) Songs of Experience | C) Jerusalem | D) The Book of Urizen,A
391,Literature,Hard,Multiple Choice,"In Geoffrey Chaucer's 'The Canterbury Tales', what is the moral conclusion delivered by the corrupt, money-obsessed Pardoner whose personal motto is 'Radix malorum est cupiditas'?",A) The Miller's Tale | B) The Pardoner's Tale | C) The Reeve's Tale | D) The Franklin's Tale,B
392,Literature,Hard,Multiple Choice,"Which 1939 final avant-garde novel by James Joyce, written in a complex multilingual dream-language of multilingual puns, begins and ends with an interrupted, circular sentence?",A) A Portrait of the Artist as a Young Man | B) Ulysses | C) Finnegans Wake | D) Dubliners,C
393,Literature,Hard,Multiple Choice,"In George Eliot's 'Middlemarch', what is the name of the dry, pompous pedant scholar whom the idealistic Dorothea Brooke marries, hoping to assist with his unfinished 'Key to all Mythologies'?",A) Will Ladislaw | B) Tertius Lydgate | C) Arthur Brooke | D) Edward Casaubon,D
394,Literature,Hard,Multiple Choice,"What 1898 poem by Oscar Wilde, composed after his release from two years of hard labor in prison, contains the immortal line: 'Yet each man kills the thing he loves'?",A) The Ballad of Reading Gaol | B) De Profundis | C) The Sphinx | D) Ravenna,A
395,Literature,Hard,Multiple Choice,"In Christopher Marlowe's 'Doctor Faustus', what is the famous rhetorical question Faustus utters when Mephistopheles conjures the spirit of Helen of Troy?","A) 'Is this the face of eternal damnation?' | B) 'Was this the face that launch'd a thousand ships, and burnt the topless towers of Ilium?' | C) 'What beauty lies in shades of night?' | D) 'Shall mortality grasp celestial grace?'",B
396,Literature,Hard,Multiple Choice,"Which Romantic essayist wrote the autobiographical 'Confessions of an English Opium-Eater' in 1821, detailing his psychological visions and addiction in London?",A) William Hazlitt | B) Charles Lamb | C) Thomas De Quincey | D) Leigh Hunt,C
397,Literature,Hard,Multiple Choice,"In Virginia Woolf's novel 'To the Lighthouse', which dedicated modernist painter character struggles through ten years of personal grief to complete her abstract canvas painting of Mrs. Ramsay?",A) Prue Ramsay | B) Rose Bush | C) Minta Doyle | D) Lily Briscoe,D
398,Literature,Hard,Typing,What 7-letter Old English literary term denotes a metaphorical compound phrase such as 'whale-road' for sea or 'battle-sweat' for blood (k...)?,,kenning
399,Literature,Hard,Typing,What 11-letter grand capital city of Hell was constructed by the fallen angels in Book I of Milton's Paradise Lost (Pan...)?,,Pandemonium
400,Literature,Hard,Typing,"What 8-letter name belongs to the dry, pedantic aging cleric whom Dorothea Brooke unhappily marries in George Eliot's Middlemarch (Cas...)?",,Casaubon
401,Literature,Easy,Multiple Choice,"Which American author, whose real name was Samuel Langhorne Clemens, wrote 'The Adventures of Huckleberry Finn'?",A) Mark Twain | B) Herman Melville | C) Nathaniel Hawthorne | D) Edgar Allan Poe,A
402,Literature,Easy,Multiple Choice,"In F. Scott Fitzgerald's 'The Great Gatsby', what mysterious green beacon does Jay Gatsby gaze at across the water from his mansion dock?",A) The Brooklyn Bridge | B) The green light at the end of Daisy's dock | C) The Statue of Liberty | D) A distant lighthouse,B
403,Literature,Easy,Multiple Choice,Which 1851 novel by Herman Melville begins with the famous three-word opening sentence: 'Call me Ishmael'?,A) Billy Budd | B) Typee | C) Moby-Dick | D) White-Jacket,C
404,Literature,Easy,Multiple Choice,Which American master of gothic horror and detective fiction wrote the famous narrative poem 'The Raven'?,A) Washington Irving | B) H.P. Lovecraft | C) Ambrose Bierce | D) Edgar Allan Poe,D
405,Literature,Easy,Multiple Choice,"Which 1960 Pulitzer Prize-winning novel by Harper Lee features the righteous lawyer Atticus Finch defending Tom Robinson in Maycomb, Alabama?",A) To Kill a Mockingbird | B) Go Set a Watchman | C) The Heart Is a Lonely Hunter | D) Native Son,A
406,Literature,Easy,Multiple Choice,"In Ernest Hemingway's 'The Old Man and the Sea', what is the name of the aging Cuban fisherman who battles a giant marlin for three days?",A) Manolin | B) Santiago | C) Pedro | D) Diego,B
407,Literature,Easy,Multiple Choice,"Which 1850 novel by Nathaniel Hawthorne centers on Hester Prynne, who is condemned by her Puritan community to wear a scarlet letter 'A'?",A) The House of the Seven Gables | B) Fanshawe | C) The Scarlet Letter | D) The Blithedale Romance,C
408,Literature,Easy,Multiple Choice,"Which American author wrote 'The Grapes of Wrath' and 'Of Mice and Men', chronicling the struggles of Great Depression migrant laborers?",A) William Faulkner | B) F. Scott Fitzgerald | C) Sinclair Lewis | D) John Steinbeck,D
409,Literature,Easy,Multiple Choice,"In J.D. Salinger's 'The Catcher in the Rye', who is the cynical, teenage narrator expelled from Pencey Prep who hates 'phonies'?",A) Holden Caulfield | B) Jay Gatsby | C) Huckleberry Finn | D) Nick Carraway,A
410,Literature,Easy,Multiple Choice,"Which American poet wrote the revolutionary, free-verse collection 'Leaves of Grass', including the epic poem 'Song of Myself'?",A) Henry Wadsworth Longfellow | B) Walt Whitman | C) Robert Frost | D) Wallace Stevens,B
411,Literature,Easy,Multiple Choice,"Which reclusive Amherst poet wrote nearly 1,800 brief, deeply introspective poems with unique capitalization and dashes, such as 'Because I could not stop for Death'?",A) Sylvia Plath | B) Elizabeth Bishop | C) Emily Dickinson | D) Anne Sexton,C
412,Literature,Easy,Multiple Choice,"In Herman Melville's 'Moby-Dick', what is the name of the monomaniacal peg-legged captain of the whaling ship Pequod?",A) Captain Starbuck | B) Captain Queequeg | C) Captain Bildad | D) Captain Ahab,D
413,Literature,Easy,Multiple Choice,Which 1953 play by Arthur Miller uses the historical 1692 Salem witch trials as an allegory for contemporary anti-communist McCarthyism?,A) The Crucible | B) Death of a Salesman | C) All My Sons | D) A View from the Bridge,A
414,Literature,Easy,Multiple Choice,"Which 1987 Pulitzer Prize-winning novel by Toni Morrison tells of Sethe, an escaped enslaved mother haunted by the ghost of her deceased daughter?",A) Sula | B) Beloved | C) Song of Solomon | D) The Bluest Eye,B
415,Literature,Easy,Multiple Choice,"In Ray Bradbury's dystopian novel 'Fahrenheit 451', what is the job of the protagonist Guy Montag as a 'fireman'?",A) Putting out chimney fires | B) Driving racing engines | C) Burning banned books | D) Inspecting chemical plants,C
416,Literature,Easy,Multiple Choice,"In 'The Great Gatsby', who serves as the moral, observant narrator who moves to West Egg next door to Jay Gatsby?",A) Tom Buchanan | B) George Wilson | C) Meyer Wolfsheim | D) Nick Carraway,D
417,Literature,Easy,Multiple Choice,"Which American transcendentalist philosopher wrote the 1854 memoir 'Walden', chronicling two years of simple living in a cabin near Concord, Massachusetts?",A) Henry David Thoreau | B) Ralph Waldo Emerson | C) Amos Bronson Alcott | D) Margaret Fuller,A
418,Literature,Easy,Multiple Choice,"In John Steinbeck's 'Of Mice and Men', what are the names of the two contrasting migrant workers who dream of owning their own small farm?",A) Tom and Jim | B) George and Lennie | C) Candy and Crooks | D) Bill and Mike,B
419,Literature,Easy,Multiple Choice,Which Southern gothic master won the Nobel Prize in Literature and set legendary novels like 'The Sound and the Fury' in fictional Yoknapatawpha County?,A) Flannery O'Connor | B) Carson McCullers | C) William Faulkner | D) Eudora Welty,C
420,Literature,Easy,Multiple Choice,"In Edgar Allan Poe's short story 'The Tell-Tale Heart', what sound drives the guilt-ridden murderer to confess his crime to the investigating police officers?",A) A ticking wall clock | B) Footsteps on the stairs | C) Whistling wind | D) The beating of the old man's dead heart under the floorboards,D
421,Literature,Easy,Multiple Choice,"Which 1969 satirical anti-war novel by Kurt Vonnegut features Billy Pilgrim, who becomes 'unstuck in time' after surviving the firebombing of Dresden?",A) Slaughterhouse-Five | B) Cat's Cradle | C) Breakfast of Champions | D) Mother Night,A
422,Literature,Easy,Multiple Choice,What famous play by Tennessee Williams features the tragic former Southern belle Blanche DuBois visiting her sister Stella in New Orleans?,A) Cat on a Hot Tin Roof | B) A Streetcar Named Desire | C) The Glass Menagerie | D) The Night of the Iguana,B
423,Literature,Easy,Multiple Choice,"In Mark Twain's 'The Adventures of Huckleberry Finn', who is the runaway enslaved man who accompanies Huck on their raft journey down the Mississippi River?",A) Tom | B) Injun Joe | C) Jim | D) Silas,C
424,Literature,Easy,Multiple Choice,Which 1952 semi-autobiographical novel by Ralph Ellison examines African American identity and racial invisibility through an unnamed Black narrator?,A) Native Son | B) Go Tell It on the Mountain | C) The Fire Next Time | D) Invisible Man,D
425,Literature,Easy,Multiple Choice,Which American poet recited his poem 'The Gift Outright' at the 1961 presidential inauguration of John F. Kennedy and wrote 'The Road Not Taken'?,A) Robert Frost | B) Carl Sandburg | C) Wallace Stevens | D) Langston Hughes,A
426,Literature,Easy,Multiple Choice,"In Ernest Hemingway's novel 'A Farewell to Arms', what American ambulance driver falls in love with the English nurse Catherine Barkley during WWI?",A) Robert Jordan | B) Frederic Henry | C) Jake Barnes | D) Nick Adams,B
427,Literature,Easy,Multiple Choice,What 1939 novel by John Steinbeck follows the impoverished Joad family as they are forced from their Oklahoma dust bowl farm to California?,A) East of Eden | B) Cannery Row | C) The Grapes of Wrath | D) Tortilla Flat,C
428,Literature,Easy,Multiple Choice,"In Edgar Allan Poe's poem 'The Raven', what single, ominous word does the black bird repeat to the grief-stricken narrator?",A) Evermore | B) Despair | C) Lenore | D) Nevermore,D
429,Literature,Easy,Multiple Choice,Which towering American essayist and philosopher wrote the seminal 1841 transcendentalist essay 'Self-Reliance'?,A) Ralph Waldo Emerson | B) Henry David Thoreau | C) William James | D) Thomas Paine,A
430,Literature,Easy,Multiple Choice,"What 2006 post-apocalyptic Pulitzer Prize-winning novel by Cormac McCarthy follows an unnamed father and his young son walking through a burned, ash-covered America?",A) Blood Meridian | B) The Road | C) No Country for Old Men | D) All the Pretty Horses,B
431,Literature,Easy,Multiple Choice,"In Arthur Miller's 'Death of a Salesman', who is the tragic, disillusioned traveling salesman protagonist who ends his own life for insurance money?",A) Biff Loman | B) Happy Loman | C) Willy Loman | D) Charley,C
432,Literature,Easy,Multiple Choice,"Which poet was the prominent leader of the Harlem Renaissance, authoring celebrated poems like 'The Negro Speaks of Rivers' and 'Harlem' (A Dream Deferred)?",A) Claude McKay | B) Countee Cullen | C) James Weldon Johnson | D) Langston Hughes,D
433,Literature,Easy,Multiple Choice,"In Nathaniel Hawthorne's 'The Scarlet Letter', which respected young Puritan minister is revealed to be the secret father of Hester Prynne's child Pearl?",A) Arthur Dimmesdale | B) Roger Chillingworth | C) John Wilson | D) Governor Bellingham,A
434,Literature,Easy,Multiple Choice,"Which 1929 novel by William Faulkner presents the psychological decline of the aristocratic Compson family through four voices, including the cognitively disabled Benjy?","A) As I Lay Dying | B) The Sound and the Fury | C) Light in August | D) Absalom, Absalom!",B
435,Literature,Easy,Multiple Choice,What 1952 allegorical novella by Ernest Hemingway won the Pulitzer Prize and was cited in his 1954 Nobel Prize citation for narrative mastery?,A) The Sun Also Rises | B) For Whom the Bell Tolls | C) The Old Man and the Sea | D) To Have and Have Not,C
436,Literature,Easy,Multiple Choice,Which 1969 landmark autobiography by Maya Angelou recounts her childhood experiences of racism and resilience in Arkansas?,A) All God's Children Need Traveling Shoes | B) The Heart of a Woman | C) Gather Together in My Name | D) I Know Why the Caged Bird Sings,D
437,Literature,Easy,Multiple Choice,"In Herman Melville's short story 'Bartleby, the Scrivener', what passive, polite phrase does the Wall Street copyist repeatedly utter when asked to do work?",A) 'I would prefer not to' | B) 'I cannot comply' | C) 'It is not my station' | D) 'Ask another',A
438,Literature,Easy,Multiple Choice,Which 1953 autobiographical novel by James Baldwin depicts fourteen-year-old John Grimes growing up in 1930s Harlem under a strict Pentecostal stepfather?,A) Giovanni's Room | B) Go Tell It on the Mountain | C) Another Country | D) If Beale Street Could Talk,B
439,Literature,Easy,Multiple Choice,"In F. Scott Fitzgerald's 'The Great Gatsby', what is the occupation of the dishonest professional golfer Jordan Baker, friend of Daisy?",A) Tennis player | B) Fashion designer | C) Golfer | D) Opera singer,C
440,Literature,Easy,Multiple Choice,"Which American Beat Generation poet wrote the counter-culture masterpiece 'Howl' in 1955, opening with 'I saw the best minds of my generation destroyed by madness'?",A) Jack Kerouac | B) William S. Burroughs | C) Lawrence Ferlinghetti | D) Allen Ginsberg,D
441,Literature,Easy,Multiple Choice,"In Washington Irving's 1819 short story, which henpecked colonial villager falls asleep in the Catskill Mountains after drinking Dutch liquor and wakes up twenty years later?",A) Rip Van Winkle | B) Ichabod Crane | C) Brom Bones | D) Diedrich Knickerbocker,A
442,Literature,Easy,Multiple Choice,Which 1957 Beat Generation travel novel by Jack Kerouac follows Sal Paradise and Dean Moriarty crisscrossing the United States in pursuit of spontaneous freedom?,A) The Dharma Bums | B) On the Road | C) Big Sur | D) Desolation Angels,B
443,Literature,Easy,Multiple Choice,"What American literary device or theory, championed by Ernest Hemingway, posits that the deeper meaning of a story should be implied rather than explicitly stated?",A) Stream of Consciousness | B) Defamiliarization | C) The Iceberg Theory | D) Objective Correlative,C
444,Literature,Easy,Typing,What 6-letter surname belongs to the author of The Great Gatsby and Tender Is the Night (Fitz...)?,,Fitzgerald
445,Literature,Easy,Typing,What 9-letter surname belongs to the Nobel laureate author of The Old Man and the Sea and A Farewell to Arms (Hem...)?,,Hemingway
446,Literature,Easy,Typing,What 4-letter title completes Herman Melville's epic whaling masterpiece: 'Moby-...'?,,Dick
447,Literature,Easy,Typing,What 3-letter surname belongs to the gothic master who wrote The Raven and The Tell-Tale Heart?,,Poe
448,Literature,Easy,Typing,What 5-letter surname belongs to the author of The Adventures of Tom Sawyer and Huckleberry Finn (Tw...)?,,Twain
449,Literature,Easy,Typing,What 6-letter title of Ray Bradbury's classic novel represents the temperature at which book paper catches fire (Fahrenheit ...)?,,451
450,Literature,Easy,Typing,What 7-letter title belongs to Toni Morrison's Pulitzer-winning 1987 novel about an escaped enslaved mother named Sethe?,,Beloved
451,Literature,Medium,Multiple Choice,"In Nathaniel Hawthorne's 'The Scarlet Letter', what symbol appears carved or burned into the flesh of the tormented minister Arthur Dimmesdale's chest?",A) A cross | B) A viper | C) A weeping eye | D) The letter 'A',D
452,Literature,Medium,Multiple Choice,Which 1930 novel by William Faulkner tells the tragicomic story of the impoverished Bundren family traveling across rural Mississippi to bury their matriarch Addie?,A) As I Lay Dying | B) Sanctuary | C) Light in August | D) The Unvanquished,A
453,Literature,Medium,Multiple Choice,"In F. Scott Fitzgerald's 'The Great Gatsby', who is the wealthy, violent husband of Daisy who has an extramarital affair with Myrtle Wilson?",A) Dan Cody | B) Tom Buchanan | C) George Wilson | D) Ewing Klipspringer,B
454,Literature,Medium,Multiple Choice,"What is the name of Captain Ahab's multi-ethnic whaling vessel in Herman Melville's 'Moby-Dick', named after an extinct Native American tribe of Massachusetts?",A) The Rachel | B) The Jeroboam | C) The Pequod | D) The Delight,C
455,Literature,Medium,Multiple Choice,Which groundbreaking 1845 autobiography by an escaped American slave and abolitionist statesman documented the horrors of plantation life and the struggle for literacy?,A) Up from Slavery | B) 12 Years a Slave | C) The Souls of Black Folk | D) Narrative of the Life of Frederick Douglass,D
456,Literature,Medium,Multiple Choice,"In John Steinbeck's 'The Grapes of Wrath', who is the paroled eldest son who becomes a labor activist committed to organizing migrant farm workers?",A) Tom Joad | B) Al Joad | C) Noah Joad | D) Jim Casy,A
457,Literature,Medium,Multiple Choice,What 1985 epic historical novel by Cormac McCarthy depicts the apocalyptic violence of the Glanton gang of scalp hunters along the 1840s Texas-Mexico border?,A) The Orchard Keeper | B) Blood Meridian | C) Outer Dark | D) Child of God,B
458,Literature,Medium,Multiple Choice,"Which American playwright won three Pulitzer Prizes for Drama, writing 'The Iceman Cometh' and the deeply autobiographical 'Long Day's Journey into Night'?",A) Arthur Miller | B) Tennessee Williams | C) Eugene O'Neill | D) Edward Albee,C
459,Literature,Medium,Multiple Choice,"In Ernest Hemingway's 'For Whom the Bell Tolls', what is the name of the American college professor who joins an anti-fascist guerrilla unit in the Spanish Civil War?",A) Jake Barnes | B) Frederic Henry | C) Harry Morgan | D) Robert Jordan,D
460,Literature,Medium,Multiple Choice,Which 1903 non-fiction masterpiece by W.E.B. Du Bois introduced the sociological concepts of 'the color line' and 'double consciousness' for African Americans?,A) The Souls of Black Folk | B) Dusk of Dawn | C) Black Reconstruction | D) The Philadelphia Negro,A
461,Literature,Medium,Multiple Choice,"In Edgar Allan Poe's 'The Murders in the Rue Morgue', widely considered the very first modern detective story, who is the brilliant eccentric Parisian detective?",A) Inspector Bucket | B) C. Auguste Dupin | C) Sherlock Holmes | D) Hercule Poirot,B
462,Literature,Medium,Multiple Choice,What 1952 epic novel by John Steinbeck retells the biblical story of Cain and Abel through two generations of the Trask and Hamilton families in California's Salinas Valley?,A) The Pastures of Heaven | B) In Dubious Battle | C) East of Eden | D) Cannery Row,C
463,Literature,Medium,Multiple Choice,Which 1895 American naturalistic Civil War novel by Stephen Crane depicts the psychological terror and cowardice of youthful Union private Henry Fleming?,A) An Occurrence at Owl Creek Bridge | B) The Blue Hotel | C) Maggie: A Girl of the Streets | D) The Red Badge of Courage,D
464,Literature,Medium,Multiple Choice,"In Harper Lee's 'To Kill a Mockingbird', who is the reclusive neighbor who secretly leaves gifts in a tree knot-hole and ultimately rescues Scout and Jem from an attack?",A) Boo Radley | B) Bob Ewell | C) Walter Cunningham | D) Dill Harris,A
465,Literature,Medium,Multiple Choice,"Which 1906 muckraking novel by Upton Sinclair exposed the horrific, unsanitary labor conditions of the Chicago meatpacking industry, leading to the Pure Food and Drug Act?",A) The Octopus | B) The Jungle | C) The Pit | D) Oil!,B
466,Literature,Medium,Multiple Choice,"In F. Scott Fitzgerald's 'The Great Gatsby', what billboard image of an optometrist's faded glasses broods like the eyes of God over the Valley of Ashes?",A) Dr. Eckleburg | B) Dr. Meyer | C) Dr. T.J. Eckleburg | D) Dr. Carraway,C
467,Literature,Medium,Multiple Choice,Which 1936 Southern historical novel by Margaret Mitchell follows the stubborn Scarlett O'Hara navigating plantation society and the American Civil War?,"A) The Little Foxes | B) Look Homeward, Angel | C) Absalom, Absalom! | D) Gone with the Wind",D
468,Literature,Medium,Multiple Choice,"In Herman Melville's 'Moby-Dick', who is the heavily tattooed, cannibal harpooner from the South Sea island of Rokovoko who becomes Ishmael's devoted friend?",A) Queequeg | B) Tashtego | C) Daggoo | D) Fedallah,A
469,Literature,Medium,Multiple Choice,Which major American poet wrote the landmark modern collection 'The Auroras of Autumn' and the philosophical poem 'The Emperor of Ice-Cream'?,A) T.S. Eliot | B) Wallace Stevens | C) Ezra Pound | D) William Carlos Williams,B
470,Literature,Medium,Multiple Choice,"What 1962 play by Edward Albee depicts the bitter, alcohol-fueled psychological warfare between a middle-aged academic couple named George and Martha?",A) The Zoo Story | B) A Delicate Balance | C) Who's Afraid of Virginia Woolf? | D) Seascape,C
471,Literature,Medium,Multiple Choice,"Which 1899 novella by Kate Chopin was condemned upon publication for its frank depiction of a New Orleans wife, Edna Pontellier, rebelling against domestic confinement?",A) The Story of an Hour | B) Bayou Folk | C) A Night in Acadie | D) The Awakening,D
472,Literature,Medium,Multiple Choice,"In Ernest Hemingway's 'The Sun Also Rises', what term coined by Gertrude Stein is used to describe the disillusioned post-WWI generation of expatriates living in Paris?",A) The Lost Generation | B) The Gilded Age | C) The Silent Generation | D) The Beat Generation,A
473,Literature,Medium,Multiple Choice,"Which 1993 historical novel by Jeffrey Eugenides tells the tragic story of the five beautiful, doomed teenage Lisbon sisters in 1970s suburban Michigan?",A) Middlesex | B) The Virgin Suicides | C) The Marriage Plot | D) Freedom,B
474,Literature,Medium,Multiple Choice,"In Mark Twain's 'The Adventures of Tom Sawyer', which notorious villain murders Dr. Robinson in the graveyard and frames Muff Potter?",A) Sid Sawyer | B) Huck Finn | C) Injun Joe | D) Alfred Temple,C
475,Literature,Medium,Multiple Choice,"Which 1970 novel by Toni Morrison follows Pecola Breedlove, an abused young Black girl in Lorain, Ohio, who desperately prays for blue eyes?",A) Sula | B) Tar Baby | C) Jazz | D) The Bluest Eye,D
476,Literature,Medium,Typing,What 6-letter name belongs to the Pequod's whaling vessel in Herman Melville's classic novel Moby-Dick?,,Pequod
477,Literature,Medium,Typing,What 7-letter surname belongs to the Southern author of The Sound and the Fury and As I Lay Dying (Faul...)?,,Faulkner
478,Literature,Medium,Typing,What 6-letter surname belongs to the Nobel laureate author of The Grapes of Wrath and East of Eden (Ste...)?,,Steinbeck
479,Literature,Medium,Typing,What 6-letter first name belongs to the dignified defense lawyer and father of Scout in To Kill a Mockingbird?,,Atticus
480,Literature,Medium,Typing,"What 5-letter name belongs to the pond in Concord, Massachusetts where Henry David Thoreau lived for over two years?",,Walden
481,Literature,Hard,Multiple Choice,"In Herman Melville's 'Moby-Dick', what is the name of the lone survivor of the sinking of the Pequod, who is kept afloat by Queequeg's carved wooden coffin?",A) Ishmael | B) Pip | C) Dough-Boy | D) Starbuck,A
482,Literature,Hard,Multiple Choice,Which 1936 novel by William Faulkner uses multiple narrators to reconstruct the enigmatic life of Thomas Sutpen and his doomed ambition to build a Southern dynasty?,"A) The Hamlet | B) Absalom, Absalom! | C) Sanctuary | D) The Reivers",B
483,Literature,Hard,Multiple Choice,"In Thomas Pynchon's 1973 postmodern masterpiece 'Gravity's Rainbow', what ballistic weapon system's secret serial component 00000 is pursued across post-WWII Europe?",A) The Atom Bomb | B) The Enigma Cipher | C) The V-2 Rocket | D) The Schwerer Gustav,C
484,Literature,Hard,Multiple Choice,"Which 1892 short story by Charlotte Perkins Gilman uses an eerie, decaying room's pattern to represent a young wife's descent into madness caused by the medical 'rest cure'?",A) The Giant Wistaria | B) Herland | C) Three Thanksgivings | D) The Yellow Wallpaper,D
485,Literature,Hard,Multiple Choice,"In Cormac McCarthy's 'Blood Meridian', what terrifying, hairless, polymath scalp-hunting villain embodies war as an eternal, primordial metaphysical force?",A) Judge Holden | B) John Joel Glanton | C) Toadvine | D) The Kid,A
486,Literature,Hard,Multiple Choice,"What 1955 novel by Vladimir Nabokov, written in English, features the unreliable and pedophilic narrator Humbert Humbert recounting his obsession with Dolores Haze?","A) Pale Fire | B) Lolita | C) Ada, or Ardor | D) Pnin",B
487,Literature,Hard,Multiple Choice,Which 1899 naturalistic novel by Frank Norris portrays the gradual moral and psychological degradation of an unlicensed San Francisco dentist named McTeague?,A) The Pit | B) The Octopus | C) McTeague: A Story of San Francisco | D) Vandover and the Brute,C
488,Literature,Hard,Multiple Choice,"In Emily Dickinson's poem 479 ('Because I could not stop for Death'), who is the third passenger accompanying Death and the speaker inside the slow carriage?",A) Time | B) Eternity | C) Memory | D) Immortality,D
489,Literature,Hard,Multiple Choice,"Which 1996 massive, footnotes-heavy encyclopedic novel by David Foster Wallace takes place in an alternate North America, set largely in an elite tennis academy and halfway house?",A) Infinite Jest | B) The Pale King | C) Broom of the System | D) Oblivion,A
490,Literature,Hard,Multiple Choice,"What 1845 philosophical concept, coined by newspaper editor John L. O'Sullivan, was critiqued across 19th-century literature as justification for American continental expansion?",A) Transcendentalism | B) Manifest Destiny | C) Pragmatism | D) Exceptionalism,B
491,Literature,Hard,Multiple Choice,"In William Faulkner's 'The Sound and the Fury', which Harvard-educated son commits suicide by drowning himself in the Charles River on June 2, 1910?",A) Jason Compson | B) Benjy Compson | C) Quentin Compson | D) Shreve McCannon,C
492,Literature,Hard,Multiple Choice,"Which 1925 modernist novel by John Dos Passos utilizes innovative montage techniques, newsreels, and camera-eye segments to depict the collective pulse of New York City?",A) The 42nd Parallel | B) 1919 | C) The Big Money | D) Manhattan Transfer,D
493,Literature,Hard,Multiple Choice,"In Herman Melville's novella 'Benito Cereno', what horrifying truth is gradually revealed about the Spanish slave ship San Dominick?",A) The enslaved Africans had staged a mutiny and were forcing the captive captain Benito Cereno to play the role of master before the visiting American captain | B) The crew was dead of cholera | C) It carried stolen gold | D) It was a pirate trap,A
494,Literature,Hard,Multiple Choice,"Which American modernist poet composed the monumental 24-book epic 'The Cantos', incorporating Chinese ideograms, Provençal troubadour lyrics, and Renaissance history?",A) T.S. Eliot | B) Ezra Pound | C) Hart Crane | D) e.e. cummings,B
495,Literature,Hard,Multiple Choice,"In Nathaniel Hawthorne's 'The House of the Seven Gables', what family curse uttered by the condemned wizard Matthew Maule hangs over the aristocratic Pyncheon lineage?",A) 'They shall never know love' | B) 'Their castle shall burn' | C) 'God will give him blood to drink' | D) 'Their seed shall wither',C
496,Literature,Hard,Multiple Choice,"Which 1930 southern manifesto, written by twelve Southern writers known as the 'Vanderbilt Agrarians', defended traditional southern agrarian culture against industrialism?",A) Look Homeward | B) The Fugitive | C) Modern Chivalry | D) I'll Take My Stand,D
497,Literature,Hard,Multiple Choice,What 1952 National Book Award-winning novel by Ralph Ellison features the surreal Brotherhood political movement and culminates in the chaotic Harlem race riot?,A) Invisible Man | B) Native Son | C) Juneteenth | D) Shadow and Act,A
498,Literature,Hard,Typing,"What 7-letter surname belongs to the terrifying, hairless demonic villain Judge in Cormac McCarthy's Blood Meridian (Hol...)?",,Holden
499,Literature,Hard,Typing,What 7-letter first name belongs to the Harvard student Compson brother who drowns himself in Faulkner's The Sound and the Fury (Qu...)?,,Quentin
500,Literature,Hard,Typing,What 5-letter name belongs to the ship captain whose mutinied slave vessel is visited by Amasa Delano in Melville's Benito Cereno (Cer...)?,,Cereno
