number,subject,difficulty,question_type,question,multiple_choices,answer
1,Makeup,Easy,Multiple Choice,"Which cosmetic product is applied all over the face to create an even, uniform skin tone?",A) Mascara | B) Foundation | C) Blush | D) Eyeliner,B
2,Makeup,Easy,Multiple Choice,What color corrector is commonly used to neutralize redness from acne or rosacea?,A) Green | B) Purple | C) Blue | D) Yellow,A
3,Makeup,Easy,Multiple Choice,What is the primary purpose of applying a makeup primer before foundation?,A) To tint the eyebrows | B) To help makeup adhere better and last longer | C) To remove dead skin cells | D) To curl eyelashes,B
4,Makeup,Easy,Multiple Choice,"Which type of powder is translucent and contains no pigment, designed to set foundation without altering its color?",A) Contour powder | B) Bronzing powder | C) Setting powder | D) Blush powder,C
5,Makeup,Easy,Multiple Choice,What cosmetic tool is famously shaped like an egg and used damp to blend liquid base products?,A) Kabuki brush | B) Fan brush | C) Beauty sponge | D) Spoolie,C
6,Makeup,Easy,Multiple Choice,Which product is specifically formulated with higher pigment concentration to hide blemishes and dark under-eye circles?,A) Highlighter | B) Toner | C) Bronzer | D) Concealer,D
7,Makeup,Easy,Multiple Choice,What does 'BB' in BB cream traditionally stand for?,A) Beauty Balm or Blemish Balm | B) Bronze Booster | C) Brightening Blend | D) Basic Base,A
8,Makeup,Easy,Multiple Choice,What skin undertone typically looks best in silver jewelry and has veins that appear blue or purple on the wrist?,A) Cool undertone | B) Golden undertone | C) Warm undertone | D) Olive undertone,A
9,Makeup,Easy,Multiple Choice,"Which type of foundation finish reflects minimal light and provides a shine-free, velvet appearance?",A) Glossy | B) Dewy | C) Matte | D) Radiant,C
10,Makeup,Easy,Multiple Choice,What popular yellow-toned setting powder was made famous for brightening the under-eye area on warm and olive skin tones?,A) Banana powder | B) Talc powder | C) Rice powder | D) Pearl powder,A
11,Makeup,Easy,Multiple Choice,What liquid spray is misted over the face as the final step to lock makeup in place and prevent melting?,A) Witch hazel | B) Micellar water | C) Cleansing oil | D) Setting spray,D
12,Makeup,Easy,Multiple Choice,Which foundation formula is generally recommended for people with very dry skin seeking a luminous glow?,A) Powder foundation | B) Clay-based foundation | C) Matte stick foundation | D) Liquid hydrating foundation,D
13,Makeup,Easy,Multiple Choice,What color corrector shade is most effective for neutralizing bluish or purple dark circles under the eyes on fair-to-medium skin?,A) Peach or orange | B) Lavender | C) Bright green | D) White,A
14,Makeup,Easy,Multiple Choice,What technique involves applying a thick layer of translucent powder to the face and letting it sit before dusting it off?,A) Draping | B) Buffing | C) Baking | D) Strobing,C
15,Makeup,Easy,Multiple Choice,What does a 'CC cream' primarily focus on compared to standard foundation?,A) Collagen Creation | B) Color Correcting | C) Creamy Contour | D) Complete Coverage,B
16,Makeup,Easy,Multiple Choice,"Which area of the face is known as the 'T-zone', often prone to excess oiliness?","A) Temples and ears | B) Neck and collarbones | C) Forehead, nose, and chin | D) Cheeks and jawline",C
17,Makeup,Easy,Multiple Choice,What is the common term for foundation separating or rolling into tiny balls on the skin due to incompatible bases?,A) Pilling | B) Creasing | C) Oxidation | D) Blooming,A
18,Makeup,Easy,Multiple Choice,What type of foundation coverage allows natural freckles to clearly show through while evening out minor discoloration?,A) Sheer coverage | B) Stage coverage | C) Full coverage | D) Camouflage coverage,A
19,Makeup,Easy,Multiple Choice,"What skin undertone has an equal balance of warm and cool tones, allowing the wearer to suit both gold and silver jewelry?",A) Terracotta | B) Neutral | C) Sallow | D) Ruddy,B
20,Makeup,Easy,Multiple Choice,Which ingredient in liquid foundation provides light-diffusing optical blurring to soften the look of fine lines?,A) Acetone | B) Silica | C) Rubbing alcohol | D) Hydrogen peroxide,B
21,Makeup,Easy,Multiple Choice,What phenomenon causes foundation to turn visibly darker or orange-toned after reacting with air and skin oils?,A) Carbonation | B) Emulsification | C) Saponification | D) Oxidation,D
22,Makeup,Easy,Multiple Choice,"What cosmetic product is applied to the apples of the cheeks to add a healthy, flush of color?",A) Mascara | B) Contour | C) Blush | D) Concealer,C
23,Makeup,Easy,Typing,What lightweight cosmetic liquid is used to remove face makeup gently using tiny oil molecules suspended in soft water?,,micellar water
24,Makeup,Easy,Typing,"What single-word term describes a makeup base finish that looks moist, glowing, and radiant like morning moisture?",,dewy
25,Makeup,Easy,Typing,What small cosmetic pad or cloth tool is traditionally used to press loose powder firmly into the skin?,,powder puff
26,Makeup,Easy,Typing,What product category is applied directly before foundation to fill in enlarged pores and smooth skin texture?,,primer
27,Makeup,Medium,Multiple Choice,Why does combining a silicone-based primer with a water-based liquid foundation frequently result in makeup pilling?,"A) The skin absorbs both simultaneously | B) Water dissolves the silicone completely | C) Silicone evaporates instantly | D) Silicone and water do not mix, causing the layers to slip and separate",D
28,Makeup,Medium,Multiple Choice,"What specific color correcting concealer shade is used to neutralize dull, sallow, yellowish skin tones?",A) Lavender | B) Green | C) Yellow | D) Red,A
29,Makeup,Medium,Multiple Choice,What causes white 'flashback' in photographs when using certain setting powders containing high amounts of silica or titanium dioxide?,A) The powder melts on contact with light | B) The skin turns cold under flash | C) Mineral particles reflect direct camera flash directly back into the lens | D) The powder absorbs flash light completely,C
30,Makeup,Medium,Multiple Choice,Which formulation of concealer is thickest and offers the highest opacity for covering tattoos and severe hyperpigmentation?,A) Pen illuminator | B) Serum concealer | C) Liquid wand concealer | D) Pot or cream camouflage concealer,D
31,Makeup,Medium,Multiple Choice,What skin tone characteristic describes 'olive' undertones in professional color theory?,A) Bright pink and cool blue undertones | B) Golden yellow with a distinct subtle greenish cast | C) Deep reddish-orange undertones | D) Pure chalky white undertones,B
32,Makeup,Medium,Multiple Choice,What is the key functional difference between a setting spray and a fixing spray?,"A) Fixing spray removes makeup instantly | B) Fixing spray is for hair only | C) Setting spray melds powder layers together for a seamless finish, while fixing spray contains polymers that seal makeup against sweat and friction | D) Setting spray is always oil-free",C
33,Makeup,Medium,Multiple Choice,"When color correcting on very deep or rich dark skin tones, what shade is most effective for dark spots and hyperpigmentation?",A) Light pastel pink | B) Pale lavender | C) Mint green | D) Deep rich orange or red,D
34,Makeup,Medium,Multiple Choice,What term describes the cosmetic technique of applying micro-droplets of foundation through an air-pressurized gun?,A) Stippling | B) Airbrush makeup | C) Buffing | D) Sponge pressing,B
35,Makeup,Medium,Multiple Choice,"Which ingredient is commonly found in mattifying primers to absorb sebum and impart a velvety, slippery feel?",A) Dimethicone | B) Hyaluronic acid | C) Olive oil | D) Glycolic acid,A
36,Makeup,Medium,Multiple Choice,What does it mean if a foundation is labeled 'non-comedogenic'?,A) It is completely waterproof under swimming conditions | B) It is fragrance-free | C) It is formulated specifically not to clog pores or cause acne breakouts | D) It contains zero water,C
37,Makeup,Medium,Multiple Choice,How should a beauty sponge be prepared before applying liquid foundation to prevent it from soaking up excess product?,A) Frozen in ice | B) Saturated with water and thoroughly squeezed out so it is damp | C) Completely dry | D) Saturated with warm oil,B
38,Makeup,Medium,Multiple Choice,What is the primary benefit of a mineral powder foundation formulated with zinc oxide and titanium dioxide?,"A) It creates a glossy wet finish | B) It stains the skin for 48 hours | C) It provides physical sun protection and calms sensitive, irritated skin | D) It eliminates the need for cleansing",C
39,Makeup,Medium,Multiple Choice,Which test area on the body is considered most accurate for finding a matching foundation shade?,A) The inner wrist | B) The jawline down towards the neck | C) The forehead center | D) The back of the hand,B
40,Makeup,Medium,Typing,What is the French skincare term for an all-in-one water cleanser made of microscopic cleansing oil spheres?,,micellar water
41,Makeup,Medium,Typing,"What cosmetic skin-matching term refers to the subtle hue beneath the skin's surface: warm, cool, or neutral?",,undertone
42,Makeup,Medium,Typing,"What is the specialized makeup technique called where contour, blush, and highlight are applied under foundation rather than over it?",,underpainting
43,Makeup,Hard,Multiple Choice,"In cosmetic chemistry, what type of emulsion consists of water droplets dispersed throughout an external continuous oil phase?",A) Oil-in-water (O/W) emulsion | B) Water-in-oil (W/O) emulsion | C) Micro-gel matrix | D) Hydrosol suspension,B
44,Makeup,Hard,Multiple Choice,"Which pigment group is universally used by cosmetic chemists to create the yellow, red, and black undertones in liquid foundations?",A) Carmine extracts | B) Iron oxides | C) Ultramarine blues | D) Phthalocyanine dyes,B
45,Makeup,Hard,Multiple Choice,What is the primary function of Polymethyl Methacrylate (PMMA) microspheres in high-definition blurring powders?,A) Waterproof glue binding | B) Permanent skin bleaching | C) Chemical sun absorption | D) Ballistic light scattering that softens the optical appearance of skin imperfections,D
46,Makeup,Hard,Multiple Choice,"In film and high-definition television makeup, why is silicone-based foundation preferred over traditional heavy greasepaint?",A) It mimics the natural refractive index of skin cells and moves flexibly with facial expressions without creasing under 4K lenses | B) It prevents sweating entirely | C) It washes off with plain water | D) It is completely transparent,A
47,Makeup,Hard,Multiple Choice,"What specific optical property causes bismuth oxychloride to produce a distinct pearlescent sheen in mineral makeup, though it may cause itching in sensitive skin?",A) Rapid evaporation | B) Platelet crystal structure that reflects light directionally | C) High sulfur content | D) Radioactivity,B
48,Makeup,Hard,Multiple Choice,Which film-forming polymer is commonly added to long-wear transfer-resistant foundations to lock pigments against sebum and moisture?,A) Glycerin | B) Lanolin | C) Stearic acid | D) Trimethylsiloxysilicate,D
49,Makeup,Hard,Multiple Choice,What is the primary purpose of adding Kaolin clay to powder foundations and mattifying primers?,A) Coloring the skin dark brown | B) Preserving fragrance oils | C) Adding glitter | D) Absorbing excess sebum without swelling or disrupting cosmetic emulsions,D
50,Makeup,Hard,Multiple Choice,What cosmetic formulation challenge occurs when high concentrations of uncoated zinc oxide are incorporated into liquid foundation?,A) Extreme product transparency | B) Turning bright green | C) Melting at room temperature | D) Agglomeration and an intense chalky white opacity known as whitening,D
51,Makeup,Hard,Multiple Choice,"In cosmetic chemistry, what surface treatment is applied to synthetic mica (Synthetic Fluorphlogopite) to enhance its skin adhesion and pearl luster?",A) Carbonization | B) Lauroyl lysine or dimethicone coating | C) Bleach washing | D) Acid etching,B
52,Makeup,Hard,Typing,What specific chemical compound (chemical formula TiO2) is the primary white pigment and physical sunscreen in cosmetics?,,titanium dioxide
53,Makeup,Hard,Typing,"What term describes the cosmetic testing technique of checking foundation shade under daylight, fluorescent, and incandescent light?",,metamerism
54,Makeup,Easy,Multiple Choice,What is the main purpose of applying a contour powder or cream to the face?,A) To create shadows and define facial structure | B) To add bright shimmer | C) To moisturize dry skin | D) To set eye makeup,A
55,Makeup,Easy,Multiple Choice,"Which product is used on the high points of the face, like cheekbones and the bridge of the nose, to reflect light?",A) Highlighter | B) Setting powder | C) Bronzer | D) Brow pomade,A
56,Makeup,Easy,Multiple Choice,What is the key color difference between a traditional bronzer and a true contour product?,"A) Bronzer is warm and golden/terracotta, while contour is cool-toned and taupe/grey | B) Bronzer is always white | C) Contour is always bright pink | D) There is no difference",A
57,Makeup,Easy,Multiple Choice,"Where is contour typically applied to create the illusion of higher, more sculpted cheekbones?",A) Right on the apple of the cheek | B) Directly under the lower lip only | C) Across the entire forehead | D) In the hollows beneath the cheekbones,D
58,Makeup,Easy,Multiple Choice,"Which blush formulation blends most seamlessly on bare skin or over liquid foundation for a youthful, dewy look?",A) Pressed powder | B) Cream or liquid blush | C) Loose matte powder | D) Cake powder,B
59,Makeup,Easy,Multiple Choice,"What makeup tool features widely spaced, soft bristles in a flat fan shape, ideal for sweeping highlighter softly onto cheekbones?",A) Angled liner brush | B) Lip brush | C) Fan brush | D) Kabuki brush,C
60,Makeup,Easy,Multiple Choice,What is the technique of using only highlighters without any dark contour to sculpt the face called?,A) Baking | B) Overlining | C) Strobing | D) Cut crease,C
61,Makeup,Easy,Multiple Choice,What vintage makeup technique from the 1970s and 80s uses blush alone to contour and sculpt the cheekbones and temples?,A) Foiling | B) Draping | C) Stippling | D) Buffing,B
62,Makeup,Easy,Multiple Choice,"Which blush shade is universally recognized for providing a natural, flattering warmth on fair to medium skin tones?",A) Peachy pink | B) Jet black | C) Pure silver | D) Deep navy,A
63,Makeup,Easy,Multiple Choice,Where should a liquid highlighter be applied on the nose to create a subtle lifted tip effect?,A) Across the nostrils | B) A tiny dot on the tip and along the upper bridge | C) Under the septum | D) On the sides of the nose,B
64,Makeup,Easy,Multiple Choice,What type of bronzer finish contains fine micro-shimmer to simulate a radiant sun-kissed glow?,A) Translucent bronzer | B) Matte bronzer | C) Luminous or shimmery bronzer | D) Chalky bronzer,C
65,Makeup,Easy,Multiple Choice,"To create the optical illusion of a sharper, more defined jawline, where should contour be blended?",A) Above the cheekbones | B) Along and slightly beneath the edge of the jawbone down toward the neck | C) Across the center of the chin | D) On the temples only,B
66,Makeup,Easy,Multiple Choice,"Which of these is a classic blush placement that creates a youthful, sun-kissed look across the center of the face?",A) Across the bridge of the nose connecting both cheeks | B) Around the hairline | C) Only under the chin | D) Across the eyelids only,A
67,Makeup,Easy,Multiple Choice,"What cosmetic ingredient provides the shimmering, reflective pearl effect in powder highlighters?",A) Mica | B) Cornstarch | C) Activated charcoal | D) Beeswax,A
68,Makeup,Easy,Multiple Choice,What happens if a cool-toned contour product is applied across the entire perimeter of the face like a bronzer?,"A) The skin becomes oily | B) The skin looks muddy, ashy, and hollow rather than sun-kissed | C) The makeup turns completely transparent | D) The face turns bright red",B
69,Makeup,Easy,Multiple Choice,What shape of makeup brush has slanted bristles designed to hug the curve under the cheekbones for precise contour application?,A) Angled contour brush | B) Flat foundation brush | C) Spoolie brush | D) Fan brush,A
70,Makeup,Easy,Multiple Choice,Which liquid cheek product dries down to a long-lasting flush of color that does not wipe off easily throughout the day?,A) Face primer | B) Cheek stain or tint | C) Cold cream | D) Setting spray,B
71,Makeup,Easy,Multiple Choice,Where should highlighter be placed on the eye area to make the eyes appear more awake and open?,A) Outer edge of the iris | B) Inner tear duct corner and brow bone | C) Directly on the waterline | D) Under the lower lash line,B
72,Makeup,Easy,Multiple Choice,"What is the common term for a multi-use stick cosmetic designed for eyes, lips, and cheeks in one tube?",A) All-over color stick | B) Concealer wand | C) Mascara stick | D) Setting stick,A
73,Makeup,Easy,Multiple Choice,What is the primary effect of applying cream blush with warm fingers rather than a dry sponge?,"A) It creates harsh lines | B) It strips the foundation | C) It turns the blush matte | D) The body heat warms the emollients for a more melted, skin-like blend",D
74,Makeup,Easy,Multiple Choice,"Which cosmetic product is applied directly to the eyelashes to darken, lengthen, and thicken them?",A) Eyeshadow | B) Eyeliner | C) Mascara | D) Brow gel,C
75,Makeup,Easy,Multiple Choice,What eye makeup style features dark eyeshadow blended seamlessly outward from the lash line into a dramatic gradient?,A) Smokey eye | B) Cut crease | C) Graphic liner | D) Halo eye,A
76,Makeup,Easy,Typing,What cosmetic product is applied to simulate a tan and warm up the complexion?,,bronzer
77,Makeup,Easy,Typing,What light-reflecting makeup product is placed on the highest points of the face to create a glowing sheen?,,highlighter
78,Makeup,Easy,Typing,What cosmetic powder or cream gives a rosy or peachy tint to the cheeks?,,blush
79,Makeup,Easy,Typing,"What makeup technique uses dark, cool-toned shades to create realistic hollows and illusions of depth on the face?",,contouring
80,Makeup,Medium,Multiple Choice,"In facial contouring, why must contour products mimic natural shadows rather than warmth?",A) Shadows are always yellow | B) Contour is meant to look like sunburn | C) Warm tones reflect more light | D) Natural shadows on the face are grey-toned and desaturated due to the absence of direct light,D
81,Makeup,Medium,Multiple Choice,What is the 'Rule of 3' or 'E' technique in applying bronzer?,"A) Sweeping bronzer starting at the temple, curving under the cheekbone, and along the jawline in a '3' shape | B) Applying three drops of liquid bronzer on each eyelid | C) Blending bronzer for exactly three minutes | D) Layering three different powder formulas",A
82,Makeup,Medium,Multiple Choice,"What happens when you apply a powder blush directly on top of unset, tacky liquid foundation without setting powder?","A) The powder can cling unevenly to wet spots, creating patchy, difficult-to-blend streaks | B) The blush turns green | C) The skin instantly dries out | D) The foundation evaporates",A
83,Makeup,Medium,Multiple Choice,"Which highlighter undertone is most complementary and flattering on rich, deep dark skin tones without looking ashy?","A) Pale frosty pink | B) Chalky white | C) Icy cool silver | D) Rich gold, bronze, or copper",D
84,Makeup,Medium,Multiple Choice,What is 'duochrome' highlighter in modern cosmetic formulations?,A) A matte cream and powder duo | B) A highlighter for oily skin only | C) A highlighter with two separate pans | D) A highlighter pigment that shifts between two distinct colors depending on the angle of light reflection,D
85,Makeup,Medium,Multiple Choice,Where should blush be placed on an elongated or oval face shape to visually create the illusion of width and balance?,A) Horizontally across the center of the apples of the cheeks blending outward toward the ears | B) In a vertical line beside the nose | C) Up into the hairline exclusively | D) Down onto the neck,A
86,Makeup,Medium,Multiple Choice,What type of makeup brush is best for applying intensely pigmented cream blush smoothly without lifting base foundation?,A) A stiff flat concealer brush | B) A duo-fiber stippling brush | C) An eyebrow spoolie | D) A dense pencil brush,B
87,Makeup,Medium,Multiple Choice,What optical illusion is created by applying a subtle line of contour along the bottom of the lower lip?,A) It changes the lip color to purple | B) It makes the lip look smaller | C) It creates a shadow that makes the bottom lip appear fuller and plumper | D) It prevents lipstick smudging,C
88,Makeup,Medium,Multiple Choice,What is the primary benefit of baked highlighters and bronzers compared to standard pressed powders?,"A) They start as liquids baked on terracotta tiles, producing an ultra-silky, non-powdery luminous sheen | B) They are waterproof for 72 hours | C) They have zero pigment | D) They dry out oily skin completely",A
89,Makeup,Medium,Multiple Choice,Which facial feature can be visually shortened by lightly applying matte contour powder across the very tip and underside?,A) The cheekbones | B) The eyebrows | C) The forehead width | D) The nose,D
90,Makeup,Medium,Multiple Choice,What is the primary formulation difference between liquid highlighters with mineral pearl versus chunky glitter highlighters?,"A) Pearl highlighters contain crushed shells | B) There is no formulation difference | C) Pearl highlighters use finely milled coated mica for a smooth wet sheen, while glitter highlighters contain larger visible reflective particles | D) Glitter highlighters contain real gold",C
91,Makeup,Medium,Multiple Choice,What technique involves applying cream blush first under a sheer layer of foundation for a lit-from-within flush?,A) Underpainting | B) Baking | C) Overlining | D) Foil layering,A
92,Makeup,Medium,Multiple Choice,"Which pigment imparts a natural deep pinkish-red hue in organic and traditional blushes, derived from the cochineal scale insect?",A) Titanium dioxide | B) Iron oxide red | C) Carmine | D) Red 40 lake,C
93,Makeup,Medium,Typing,What highlighting technique involves focusing solely on high-gloss skin illumination without using any dark contour shades?,,strobing
94,Makeup,Medium,Typing,What is the cosmetic technique of blending eyeshadow into a seamless gradient with no harsh edges called?,,blending
95,Makeup,Medium,Typing,"What type of eyeshadow with an ultra-reflective, molten finish is created by wetting metallic pigments with a setting medium?",,foiled eyeshadow
96,Makeup,Hard,Multiple Choice,Why do cosmetic chemists often replace natural mined mica with synthetic fluorphlogopite in high-end luxury highlighters?,"A) It smells like flowers | B) It dissolves on the skin within minutes | C) Synthetic fluorphlogopite has greater purity, exceptional transparency, smoother particle edges, and zero ethical mining concerns | D) It is much cheaper than chalk",C
97,Makeup,Hard,Multiple Choice,What optical phenomenon explains how micro-fine interference pearls in highlighters reflect specific wavelengths of light to create a golden or violet sheen without base pigment?,A) Total internal refraction | B) Thin-film constructive wave interference | C) Pigment oxidation | D) Fluorescence emission under UV,B
98,Makeup,Hard,Multiple Choice,"In theatrical and SFX prosthetic makeup, how does stage lighting color temperature (e.g., 3200K tungsten vs 5600K daylight) affect contour color choices?","A) Lighting temperature has zero effect on pigment | B) Tungsten 3200K lighting warms all shadows, requiring cooler, more grey-toned contours to avoid looking orange on camera | C) Tungsten light turns cool colors bright red | D) Daylight makes all contours invisible",B
99,Makeup,Hard,Multiple Choice,What is the specific role of magnesium stearate when formulating long-wearing pressed powder blushes and bronzers?,"A) Provides water resistance through evaporation | B) Preserves against mold growth | C) Adds deep red pigment | D) Acts as a dry binder, improving compressibility, skin adhesion, and velvety glide during brush application",D
100,Makeup,Hard,Multiple Choice,Which cosmetic binder oil provides the optimal balance of spreadability and non-greasy dry-down in high-pigment cream bronzer sticks?,A) Isododecane combined with caprylic/capric triglyceride | B) Water and alcohol mix | C) Mineral oil alone | D) Pure castor oil,A
101,Makeup,Hard,Multiple Choice,What formulation adjustment is required when creating powder highlighters suitable for mature skin with enlarged pores?,A) Reducing high-shine specular glitter and utilizing smaller particle size pearls (<20 microns) with soft-focus silica | B) Increasing particle size to 100 microns | C) Removing all binders | D) Adding talc only,A
102,Makeup,Hard,Multiple Choice,What makes a 'cream-to-powder' blush transform its texture upon contact with the skin during blending?,A) Body temperature melting the pigment | B) The rapid evaporation of volatile solvent carriers (like cyclopentasiloxane) leaving behind set spherical powders | C) Oxygen exposure hardening the oils | D) Skin sebum turning the cream into wax,B
103,Makeup,Hard,Multiple Choice,"In eyeshadow chemistry, what differentiates a 'duochrome' pigment from a 'multichrome' pigment?","A) Multichromes contain liquid crystals | B) Duochromes are made of real gold | C) Duochromes shift between two distinct color angles due to dual-layer silica coating, whereas multichromes feature multi-layered interference coatings shifting through three or more distinct hues | D) There is no scientific difference",C
104,Makeup,Hard,Multiple Choice,"Which pigment is strictly prohibited by the US FDA for use in the immediate eye area due to safety regulations, despite being allowed in the EU?","A) Ultramarine blue | B) Iron oxide black | C) Red 40 Lake, Carmine (CI 75470), and certain cosmetic color lakes labeled as 'Pressed Pigments' | D) Titanium dioxide",C
105,Makeup,Hard,Typing,What is the red natural pigment derived from dried female cochineal insects used in luxury blushes and lipsticks?,,carmine
106,Makeup,Hard,Typing,What synthetic laboratory-created mineral substrate (alternative to natural mica) provides pure glitter-free pearl illumination in modern cosmetics?,,synthetic fluorphlogopite
107,Makeup,Easy,Multiple Choice,What mechanical beauty tool is used to gently press and curl natural eyelashes upward before applying mascara?,A) Tweezers | B) Eyelash curler | C) Brow trimmer | D) Spoolie,B
108,Makeup,Easy,Multiple Choice,What technique involves applying eyeliner along the upper waterline beneath the eyelashes to make the lash base look thicker?,A) Baking | B) Tightlining | C) Stippling | D) Winging,B
109,Makeup,Easy,Multiple Choice,"Which eyeshadow finish has zero shimmer or shine, providing completely flat, velvety color payoff?",A) Matte | B) Metallic | C) Satin | D) Glitter,A
110,Makeup,Easy,Multiple Choice,"What is the specialized makeup technique where concealer is sharply carved across the eyelid to create a dramatic, crisp crease line?",A) Buffing | B) Cut crease | C) Smokey eye | D) Underpainting,B
111,Makeup,Easy,Multiple Choice,"Which type of eyeliner formula is stored in a pot and applied with a fine angled brush for precise, smudge-proof lines?",A) Powder pencil | B) Marker pen | C) Gel eyeliner | D) Kohl stick,C
112,Makeup,Easy,Multiple Choice,What makeup product is applied to the bare eyelids first to prevent eyeshadow creasing and intensify color payoff?,A) Eye primer | B) Face oil | C) Lip balm | D) Setting powder only,A
113,Makeup,Easy,Multiple Choice,What is a 'halo eye' makeup technique?,A) Placing darker eyeshadow on the inner and outer corners of the lid with a bright shimmer in the exact center | B) Wearing no mascara | C) Drawing circles around both eyes | D) Lining the eyes with white pencil only,A
114,Makeup,Easy,Multiple Choice,What kind of false eyelashes are applied as individual clusters or single hairs rather than a full horizontal band?,A) Strip lashes | B) Individual lashes | C) Pre-glued band lashes | D) Magnetic strip lashes,B
115,Makeup,Easy,Multiple Choice,Which type of mascara formula washes off in distinct polymer 'tubes' with warm water rather than smudging with oil?,A) Traditional waterproof mascara | B) Fiber mascara | C) Tubing mascara | D) Clear conditioning mascara,C
116,Makeup,Easy,Multiple Choice,"What is the term for the sharp, winged flick of eyeliner extending outward from the corner of the eye toward the temple?",A) Cut crease | B) Winged eyeliner or cat eye | C) Tightline | D) Halo wing,B
117,Makeup,Easy,Multiple Choice,What color of eyeliner pencil is often applied to the lower waterline to instantly make tired eyes look larger and brighter?,A) Nude or white | B) Dark brown | C) Deep purple | D) Pitch black,A
118,Makeup,Easy,Multiple Choice,"In false lash application, how long should you let lash adhesive sit on the band to become tacky before placing it on the eyelid?",A) Zero seconds | B) Exactly 5 minutes | C) About 20 to 30 seconds | D) 30 minutes,C
119,Makeup,Easy,Multiple Choice,"What eyeshadow shade is applied into the crease first, slightly darker than skin tone, to help blend subsequent colors seamlessly?",A) Outer V dark accent | B) Brow bone highlight | C) Transition shade | D) Waterline shade,C
120,Makeup,Easy,Multiple Choice,Which type of false eyelashes adhere to the eyelid using tiny microscopic magnets and a specialized iron oxide liner?,A) Magnetic lashes | B) Cluster extensions | C) Feather lashes | D) Glue-on strip lashes,A
121,Makeup,Easy,Multiple Choice,"What ingredient in waterproof mascara allows it to resist tears, sweat, and water?",A) Pure water and glycerin | B) Cornstarch | C) Hydrophobic waxes and volatile silicones | D) Fruit extracts,C
122,Makeup,Easy,Multiple Choice,Which small eye area is called the 'outer V' or 'outer corner' in eyeshadow mapping?,A) The inner tear duct | B) Directly on the center of the pupil | C) Directly beneath the brow arch | D) The triangular area where the upper crease meets the outer lash line,D
123,Makeup,Easy,Multiple Choice,"What cosmetic tool features a spiral, wire-bristle wand used to comb through brows and separate mascara clumps?",A) Blending sponge | B) Flat shader brush | C) Spoolie brush | D) Fan brush,C
124,Makeup,Easy,Multiple Choice,What is the primary benefit of a double-ended mascara with built-in micro-fibers?,A) It replaces false lash glue | B) The tiny fibers latch onto natural lash tips to create dramatic physical length | C) It changes eye color | D) It cleans the eyes,B
125,Makeup,Easy,Multiple Choice,What is the ancient Middle Eastern and North African black mineral eye cosmetic traditionally applied to the waterlines?,A) Kohl | B) Malachite | C) Henna | D) Indigo,A
126,Makeup,Easy,Multiple Choice,"Which cosmetic product is applied to the lips to provide rich color, texture, and hydration?",A) Lipstick | B) Mascara | C) Blush | D) Bronzer,A
127,Makeup,Easy,Multiple Choice,What makeup product is drawn along the outer perimeter of the lips to define their shape and prevent lipstick from bleeding?,A) Lip liner pencil | B) Lip scrub | C) Brow pencil | D) Concealer,A
128,Makeup,Easy,Multiple Choice,"Which lip finish provides maximum high-shine, reflective gloss with a wet-look appearance?",A) Lip gloss | B) Matte lipstick | C) Velvet stick | D) Powder lip stain,A
129,Makeup,Easy,Typing,What cosmetic product darkens and defines the lash line along the perimeter of the eyelid?,,eyeliner
130,Makeup,Easy,Typing,What cosmetic eye product adds color and dimension to the eyelids?,,eyeshadow
131,Makeup,Easy,Typing,What adhesive product is applied to false eyelash bands so they stick securely along the natural lash line?,,lash glue
132,Makeup,Easy,Typing,What mascara wand motion—moving side-to-side while combing upward—ensures even root-to-tip product distribution?,,wiggle
133,Makeup,Medium,Multiple Choice,"What is 'tightlining' and why is it preferred for subtle, natural everyday makeup?",A) Pulling the eyelid skin taut with tape | B) Applying waterproof eyeliner directly in between the roots of the upper eyelashes to add definition without a visible heavy line on the lid | C) Using only liquid liner on the brow | D) Applying three pairs of false lashes,B
134,Makeup,Medium,Multiple Choice,How does a tubing mascara formula work fundamentally differently from conventional oil-based or waterproof mascara?,A) It contains polymers that wrap around each individual lash in 360-degree flexible tubes that slide off with warm water pressure | B) It contains glue that glues lashes together | C) It permanently dyes the eyelash keratin | D) It dissolves in oil instantly,A
135,Makeup,Medium,Multiple Choice,"When applying eyeshadow on hooded eyes, where should the crease transition color be placed for maximum visibility with eyes open?",A) On the inner tear duct only | B) Slightly above the natural anatomical crease onto the brow bone so it remains visible when looking straight ahead | C) Deep inside the fold only | D) Under the lower lash line exclusively,B
136,Makeup,Medium,Multiple Choice,What is the technique of 'foiling' an eyeshadow?,A) Wrapping eyelids in aluminum foil | B) Mixing a metallic or shimmer pigment with a mixing medium or setting spray on the brush to produce an ultra-reflective liquid-metal effect | C) Buffing eyeshadow with a dry sponge | D) Baking eyeshadow with loose powder,B
137,Makeup,Medium,Multiple Choice,Why should eyelash curlers always be used BEFORE applying mascara rather than after?,"A) Curler makes lashes straight if mascara is on | B) Mascara melts the curler metal | C) Wet or dried mascara can cause lashes to stick to the curler rubber pad, pulling out hairs from the root | D) Curler destroys mascara color",C
138,Makeup,Medium,Multiple Choice,"What is the purpose of using a white or beige sticky base underneath vibrant, neon eyeshadows?","A) It makes shadow waterproof | B) It cools down the skin temperature | C) It cancels out eyelid veins and acts as a blank canvas, maximizing the true vibrance and opacity of bright pigments | D) It prevents blinking",C
139,Makeup,Medium,Multiple Choice,"Which eyeliner style involves drawing a bold, graphic wing that extends into the crease without filling in the center lid?",A) Tightline | B) Classic cat eye | C) Smokey smudge | D) Floating crease or graphic negative-space liner,D
140,Makeup,Medium,Multiple Choice,What makes pressed glitter eyeshadows distinct from standard metallic eyeshadows in cosmetic formulation?,A) They have zero binders | B) Pressed glitters use actual cosmetic-grade PET micro-particles suspended in an emollient gel base rather than finely milled mineral mica | C) Pressed glitters are made of crushed glass | D) They are strictly water-soluble,B
141,Makeup,Medium,Multiple Choice,What optical effect is achieved by placing a matte deep brown or black shadow precisely in the outer V of the eye?,"A) It sets the concealer | B) It makes the eye look round and small | C) It neutralizes eyelid redness | D) It elongates the eye shape and adds depth and dimension, creating a lifted almond appearance",D
142,Makeup,Medium,Multiple Choice,"Which mascara brush wand material is best suited for defined, clump-free separation of very fine lashes?",A) Molded silicone or elastomer bristle wands with defined comb teeth | B) A cotton swab | C) Dense natural wire-wound fiber brush | D) A flat sponge tip,A
143,Makeup,Medium,Multiple Choice,What is the primary cause of mascara flaking off in dry specks throughout the day?,"A) Over-application of excessive dry coats, formula drying out past expiration, or lack of film-forming plasticizers | B) Drinking cold water | C) Too much natural oil | D) Blinking too often",A
144,Makeup,Medium,Multiple Choice,What is a 'semi-cut crease' eyeshadow look?,"A) A totally unblended liner look | B) Eyeshadow on one eye only | C) Concealer is used to sharply define only the inner half to two-thirds of the crease, blending softly into dark outer corner shadows | D) A crease cut with scissors",C
145,Makeup,Medium,Multiple Choice,What safety concern arises from using craft glitter on eyelids instead of cosmetic-grade glitter?,"A) Craft glitter dissolves on skin | B) Craft glitter is too soft | C) Craft glitter smells bad | D) Craft glitter has sharp, angular glass or metal edges that can scratch the cornea and cause permanent eye damage",D
146,Makeup,Medium,Typing,What is the double curved peak at the top center of the upper lip named after the Roman god of love?,,cupids bow
147,Makeup,Medium,Typing,What eyebrow service uses twisted cotton threads rolled over the skin to pluck unwanted hairs precisely in clean lines?,,threading
148,Makeup,Medium,Typing,What is the professional term for applying foundation by tapping and bouncing a sponge or duo-fiber brush on skin?,,stippling
149,Makeup,Hard,Multiple Choice,Why are many vibrant neon and pastel pink/purple eyeshadow palettes labeled as 'Pressed Pigment Palettes' rather than 'Eyeshadow Palettes' in the United States?,"A) They are made only of oil | B) FDA regulations classify certain colorants as safe for facial skin but not specifically approved for the mucous membrane eye area, requiring the 'pressed pigment' warning | C) They cannot be applied with brushes | D) They have no binders",B
150,Makeup,Hard,Multiple Choice,What is the primary film-forming polymer responsible for the 360-degree lash encapsulating technology in authentic tubing mascaras?,A) Beeswax alone | B) Petrolatum | C) Mineral oil | D) Acrylates/Ethylhexyl Acrylate Copolymer or Polyvinylpyrrolidone,D
151,Makeup,Hard,Multiple Choice,"In film and high-fashion editorial makeup, what is the 'cut crease' technique historically adapted from in stage and theater traditions?",A) The classic 1920s-1960s theatrical contouring technique used to simulate deep-set eye sockets under harsh stage lights | B) Ancient Greek tragedy masks | C) Chinese opera mask painting | D) Medieval clown makeup,A
152,Makeup,Hard,Multiple Choice,What chemical adhesive base is commonly used in professional latex-free false eyelash adhesives for sensitive eyes?,A) Natural rubber latex | B) Acrylates copolymer or polybutene | C) Formaldehyde resin | D) Cyanoacrylate superglue,B
153,Makeup,Hard,Multiple Choice,What formulation component gives carbon black liquid eyeliners their extreme deep pitch-black opacity compared to iron oxide black liners?,A) Crushed charcoal briquettes | B) Vegetable soot | C) Pure elemental carbon particles (CI 77266) with ultra-small particle size and high light absorption | D) Black iron oxide,C
154,Makeup,Hard,Multiple Choice,How does the refractive index of cosmetic fluorphlogopite (synthetic mica) compare to natural sericite mica in eyeshadow formulation?,"A) Synthetic fluorphlogopite has higher optical clarity and lower iron impurities, yielding superior specular reflection and true-to-pan color purity | B) Natural mica is 100% transparent | C) Natural mica cannot hold pigment | D) Synthetic mica absorbs 90% of light",A
155,Makeup,Hard,Multiple Choice,"In lipstick manufacturing, what critical physical parameter is measured to ensure a bullet lipstick will not snap under normal application pressure?",A) Refractive index | B) Boiling point | C) Break point or bending resistance | D) Viscosity index,C
156,Makeup,Hard,Multiple Choice,What is the chemical role of polybutene and polyisobutene in modern non-sticky lip gloss formulations?,"A) High-molecular-weight polymers that provide cushion, adhesion, high refractive index gloss, and tackiness control | B) Preservative against fungal growth | C) Evaporating solvent | D) Color dyes",A
157,Makeup,Hard,Multiple Choice,What causes the cosmetic defect known as 'sweating' (syneresis) on the surface of bullet lipsticks stored in warm environments?,A) Absorption of atmospheric nitrogen | B) Bacterial contamination | C) Melting of titanium dioxide | D) The phase separation and migration of liquid oils from the crystalline wax matrix to the outer surface of the bullet,D
158,Makeup,Hard,Typing,What is the intense black pigment (CI 77266) composed of pure elemental carbon used in high-end pitch-black liquid liners?,,carbon black
159,Makeup,Hard,Typing,"What mineral pigment derived from the lapis lazuli mineral structure (CI 77007) produces vivid, rich royal blue eyeshadows?",,ultramarine
160,Makeup,Easy,Multiple Choice,"What eyebrow product comes in a pot with a rich, creamy-wax texture used with an angled brush to sculpt bold brows?",A) Clear brow soap | B) Brow pomade | C) Loose brow powder | D) Brow tint water,B
161,Makeup,Easy,Multiple Choice,"What product is used to brush through eyebrow hairs to lock them in an upward, groomed position all day?",A) Face moisturizer | B) Hair spray | C) Brow gel | D) Setting powder,C
162,Makeup,Easy,Multiple Choice,"What beauty trend involves brushing brows upward using a damp glycerin soap bar to create a fluffy, laminated brow look?",A) Feathering | B) Cut brows | C) Soap brows | D) Micro-lining,C
163,Makeup,Easy,Multiple Choice,"Which lipstick finish is completely non-shiny, offers full opaque color, and is famous for long-wearing transfer resistance?",A) Gloss | B) Matte | C) Metallic | D) Satin,B
164,Makeup,Easy,Multiple Choice,What semi-permanent lip cosmetic absorbs into the skin to provide a natural wash of color that does not wipe off when eating?,A) Lip balm | B) Lip glitter | C) Lip gloss | D) Lip stain or lip tint,D
165,Makeup,Easy,Multiple Choice,What is the small dip or double curve on the top center edge of the human upper lip called?,A) Vermilion border | B) Philtrum column | C) Cupid's bow | D) Lip apex,C
166,Makeup,Easy,Multiple Choice,What is the makeup technique of drawing lip liner slightly outside the natural lip line to make lips appear fuller?,A) Draping | B) Baking | C) Underlining | D) Overlining,D
167,Makeup,Easy,Multiple Choice,"Which brow pencil features an ultra-fine, micro-skinny tip designed to draw individual, hair-like strokes?",A) Kohl pencil | B) Triangular thick pencil | C) Micro-brow pencil | D) Brow crayon,C
168,Makeup,Easy,Multiple Choice,What nourishing hybrid lip product combines the high-shine finish of a gloss with the deep hydration of a natural oil?,A) Lip scrub | B) Matte liquid lipstick | C) Lip primer | D) Lip oil,D
169,Makeup,Easy,Multiple Choice,What irritating or warming ingredients are often formulated into lip plumpers to temporarily stimulate blood flow and swell the lips?,"A) Cornstarch and talc | B) Vitamin C powder | C) Crushed ice | D) Cinnamon, capsaicin (chili), or peppermint extract",D
170,Makeup,Easy,Multiple Choice,"What product is used before lipstick to gently buff away dry, flaky skin from the lips?",A) Setting powder | B) Concealer | C) Lip scrub | D) Brow soap,C
171,Makeup,Easy,Multiple Choice,What classic eyebrow grooming tool is used to pluck out individual stray brow hairs from the root?,A) Razor comb | B) Scissors | C) Spoolie | D) Tweezers,D
172,Makeup,Easy,Multiple Choice,What is an 'ombré lip' makeup look?,A) Wearing no lip liner | B) A lip look featuring a darker outer lip liner blended into a lighter contrasting shade in the center of the mouth | C) Applying gloss to the top lip only | D) Wearing green lipstick,B
173,Makeup,Easy,Multiple Choice,Which eyebrow shape mapping rule states that the start of the eyebrow should align with what facial feature?,A) The center of the cheek | B) The corner of the mouth | C) The edge of the nostril / inner bridge of the nose straight up | D) The outer corner of the ear,C
174,Makeup,Easy,Multiple Choice,What lipstick formula is packaged in a traditional twist-up metal or plastic tube?,A) Wand lipstick | B) Bullet lipstick | C) Squeeze tube | D) Pot stain,B
175,Makeup,Easy,Multiple Choice,What is the clear boundary line separating the pink/red lip tissue from the surrounding facial skin called?,A) Vermilion border | B) Commisure | C) Cupid's bow | D) Philtrum,A
176,Makeup,Easy,Multiple Choice,"Which brow service temporarily perms the brow hairs into an upward, brushed-out, fuller position using chemical lifting solutions?",A) Brow waxing | B) Brow lamination | C) Brow microblading | D) Brow threading,B
177,Makeup,Easy,Multiple Choice,"What happens when you apply a liquid matte lipstick over dry, un-exfoliated lips?","A) It increases lip volume | B) It emphasizes flakes, cracks, and fine lines as it dries down | C) It turns into a high-shine gloss | D) It turns completely clear",B
178,Makeup,Easy,Multiple Choice,"What dense, short-stemmed makeup brush with a rounded or flat top is traditionally used to buff powder or mineral foundation into the skin?",A) Lip brush | B) Fan brush | C) Kabuki brush | D) Eyelash comb,C
179,Makeup,Easy,Multiple Choice,"What type of brush bristle is completely cruelty-free, non-porous, and best for applying liquid and cream products like foundation?",A) Wool fibers | B) Natural animal hair | C) Cotton threads | D) Synthetic bristles,D
180,Makeup,Easy,Multiple Choice,"Which small, densely packed brush with a tapered point is ideal for smudging eyeliner and applying shadow precisely along the lash line?",A) Powder brush | B) Pencil brush | C) Duo-fiber stippler | D) Fan brush,B
181,Makeup,Easy,Multiple Choice,What is the primary hygiene reason why makeup brushes and sponges should be washed regularly with antibacterial soap?,"A) To make the bristles change color | B) To soften the plastic handles | C) To make them smell like perfume | D) To remove accumulated bacteria, old oils, and dead skin cells that can cause severe acne breakouts",D
182,Makeup,Easy,Typing,What is the classic cosmetic stick applied to the lips to impart rich pigment and finish?,,lipstick
183,Makeup,Easy,Typing,"What pencil is used to outline the lip perimeter, prevent feathering, and enhance shape?",,lip liner
184,Makeup,Easy,Typing,What cosmetic wax or pomade product provides strong hold to shape and groom eyebrow hairs?,,brow pomade
185,Makeup,Easy,Typing,What sweet granular product (often sugar-based) is rubbed onto lips to slough away dead skin?,,lip scrub
186,Makeup,Medium,Multiple Choice,Why do long-wearing liquid matte lipsticks typically feel drier on the lips than traditional satin bullet lipsticks?,"A) They contain pure alcohol | B) They remove water from the body | C) They contain chalk | D) They contain volatile isoparaffins and high resin polymers that evaporate, leaving an immovable, oil-free film of concentrated pigment",D
187,Makeup,Medium,Multiple Choice,What is 'feathering' or 'bleeding' in reference to lipstick wear?,A) When lipstick turns white | B) When lipstick fades in the center | C) When lipstick dries out | D) When lipstick pigments migrate into the fine vertical lines around the mouth perimeter,D
188,Makeup,Medium,Multiple Choice,How does eyebrow mapping determine where the highest arch of the eyebrow should ideally sit?,A) Parallel to the ear lobe | B) Along a diagonal line drawn from the tip of the nose through the center of the pupil when looking straight ahead | C) Straight up from the inner eye corner | D) At the outer tip of the brow,B
189,Makeup,Medium,Multiple Choice,What is the primary formulation function of candelilla wax and carnauba wax in traditional bullet lipsticks?,"A) Providing sweet flavor | B) Preserving against bacteria | C) Staining the lips blue | D) Providing structural rigidity, high melting point stability, and smooth glide without breaking in warm climates",D
190,Makeup,Medium,Multiple Choice,What is 'lip blushing' in semi-permanent makeup aesthetics?,"A) Applying powder blush to lips | B) A cosmetic tattooing technique that deposits subtle pigment into the lips to enhance natural color, symmetry, and shape | C) Exfoliating lips with chemical peel | D) Using red lip plumper",B
191,Makeup,Medium,Multiple Choice,What makeup trick helps prevent rich red or berry lipsticks from transferring onto teeth?,"A) Putting a clean finger into the mouth, closing lips around it, and pulling it out to remove excess inner pigment | B) Not closing the mouth | C) Applying setting spray directly on teeth | D) Dusting teeth with powder",A
192,Makeup,Medium,Multiple Choice,Why is hyaluronic acid commonly included in modern high-end lip glosses and lip oils?,"A) It makes the gloss taste sweet | B) It gives the gloss a bright red color | C) It turns the gloss into matte powder | D) It acts as a powerful humectant, drawing in moisture to temporarily plump and smooth fine surface lines",D
193,Makeup,Medium,Multiple Choice,What is the difference between brow microblading and traditional body tattooing?,A) Microblading uses a manual hand blade to deposit semi-permanent pigment into the upper epidermis/dermis in hair-like strokes that fade over 1-2 years | B) Microblading is permanent for life | C) Microblading uses green ink only | D) Tattooing uses no needles,A
194,Makeup,Medium,Multiple Choice,Which ingredient is responsible for the 'color-changing' or pH-adjusting technology in green-to-pink mood lipsticks?,"A) Crushed beet juice | B) Thermal copper crystals | C) Red 27 (CI 45410), a dye that is colorless in an anhydrous base but turns bright pink upon contacting moisture and skin pH | D) Iron oxide green",C
195,Makeup,Medium,Multiple Choice,How can you make a cream bullet lipstick last significantly longer throughout an evening event?,"A) Apply a layer, blot with a tissue, dust translucent setting powder through the tissue, and apply a second coat | B) Mix lipstick with water | C) Freeze the lipstick before use | D) Apply face oil over the lipstick",A
196,Makeup,Medium,Multiple Choice,What is 'brow powder' best suited for compared to high-pigment brow pomade?,"A) Drawing sharp geometric block brows | B) Waterproof swimming | C) Spiking brow hairs upward | D) Creating soft, natural, diffused shading and filling in sparse gaps without harsh lines",D
197,Makeup,Medium,Multiple Choice,What is the primary benefit of castor seed oil (Ricinus Communis) as the primary base oil in lipstick formulation?,A) It bleaches natural lips | B) It smells like perfume | C) It dries down to a matte powder | D) High viscosity and pigment-wetting capability that gives rich color suspension and natural glossy shine,D
198,Makeup,Medium,Multiple Choice,What technique involves applying concealer with a flat brush directly underneath and above the brow shape to sharpen its contour?,A) Carving out the brows | B) Under-baking | C) Micro-feathering | D) Lamination,A
199,Makeup,Medium,Typing,What Japanese traditional craft city in Hiroshima Prefecture is world-famous for handcrafted luxury makeup brushes (Fude)?,,kumano
200,Makeup,Medium,Typing,What is the dermatological acronym for the moisture evaporating from inside the skin into the air (TEWL)?,,transepidermal water loss
201,Makeup,Medium,Typing,What water-soluble form of Vitamin B3 regulates oil production and reduces redness before makeup?,,niacinamide
202,Makeup,Hard,Multiple Choice,Why is synthetic beeswax or ozokerite often blended with natural beeswax in professional brow pomade formulations?,"A) To lower production cost to zero | B) To make the pomade completely clear | C) To elevate the melting point, increase formulation hardness, and ensure water-resistant smudge-proof hold in high humidity | D) To add sweet scent",C
203,Makeup,Hard,Multiple Choice,"In cosmetic color chemistry, why does Red 7 Lake (CI 15850:1) require careful dispersion in castor oil during lipstick three-roll milling?",A) To de-agglomerate pigment clusters and achieve uniform sub-micron particle distribution for maximum color strength and streak-free payoff | B) To change its color from yellow to red | C) To dissolve the pigment into gas | D) To remove heavy metals,A
204,Makeup,Hard,Multiple Choice,What active cosmetic peptide is widely formulated into luxury anti-aging lip treatments to stimulate collagen synthesis and increase lip volume over time?,A) Glycolic acid | B) Salicylic acid | C) Benzoyl peroxide | D) Palmitoyl Tripeptide-1,D
205,Makeup,Hard,Multiple Choice,What makes silicone elastomer gels (such as Dimethicone Crosspolymer) essential in formulating velvety 'matte lip creams'?,"A) They make the formula water-soluble | B) They dissolve waxes | C) They permanently dye skin | D) They provide a cushiony, blurred matte optical effect and non-drying silicone slip without tightening on the lip mucosa",D
206,Makeup,Hard,Multiple Choice,How does the crystalline polymorphism of carnauba wax contribute to the thermal stability of high-end cosmetic pencils and lipsticks?,"A) It forms liquid spheres | B) It turns into gas | C) It melts at body temperature | D) Its dense beta-crystal network interlocks with oil droplets, preventing deformation at temperatures up to 85°C",D
207,Makeup,Hard,Multiple Choice,"In Japanese brush making (Fude), what traditional method is used to shape bristle tips without cutting them with scissors?",A) Laser cutting | B) Chemical acid melting | C) Hand-assembling bristles into a wooden shaping mold (Koma) so the natural delicate needle-point tips remain intact | D) Burning the ends with torches,C
208,Makeup,Hard,Multiple Choice,What is the specific structural reason why natural hair cuticles pick up and release loose powder differently than smooth synthetic filaments?,A) Natural hair possesses microscopic overlapping shingles (cuticles) that physically trap powder particles and release them gradually upon skin friction | B) Natural hair is magnetic | C) Natural hair melts powder | D) Synthetic hair has higher electrical charge,A
209,Makeup,Hard,Multiple Choice,What is the metallurgical composition of high-end cosmetic brush ferrules that prevents corrosion from daily sanitizing with alcohol and water?,A) Seamless nickel-plated or chrome-plated solid brass | B) Raw iron | C) Sheet tin | D) Untreated zinc,A
210,Makeup,Hard,Multiple Choice,"In professional hospital-grade salon disinfection protocols, what chemical disinfectant is approved for non-porous tool immersion against bloodborne pathogens (HIV, Hepatitis B)?",A) Witch hazel | B) EPA-registered Quaternary Ammonium Compounds (such as Barbicide) or Hospital-grade phenolics | C) Plain soapy water | D) Tea tree oil,B
211,Makeup,Hard,Typing,What is the chemical term for the separation and beading of liquid oils on the surface of a lipstick bullet?,,syneresis
212,Makeup,Hard,Typing,What naturally derived wax with the highest melting point of all natural waxes (from Brazilian palm Copernicia prunifera) gives lipsticks rigidity?,,carnauba wax
213,Makeup,Easy,Multiple Choice,"Which brush features two distinct lengths and colors of bristles (black and white) to provide an airbrushed, light stippling effect?",A) Duo-fiber (stippling) brush | B) Angled eyebrow brush | C) Flat concealer brush | D) Dense kabuki,A
214,Makeup,Easy,Multiple Choice,What is the best way to dry washed makeup brushes to prevent water from loosening the glue in the ferrule (metal collar)?,A) Placing in a microwave | B) Blow-drying on high heat directly into the ferrule | C) Hanging upside down or lying flat with bristles slightly angled downward | D) Standing upright in a cup with bristles pointing to the ceiling,C
215,Makeup,Easy,Multiple Choice,What is the metal cylinder that connects the bristles of a makeup brush to the wooden or plastic handle called?,A) Quill | B) Ferrule | C) Shaft | D) Crimp,B
216,Makeup,Easy,Multiple Choice,"Which brush is fluffy and dome-shaped, specifically designed to diffuse eyeshadow back and forth in the crease like a windshield wiper?",A) Detail eyeliner brush | B) Crease blending brush | C) Flat shader brush | D) Lip liner brush,B
217,Makeup,Easy,Multiple Choice,"What is the small, firm, flat brush with a curved oval edge used to pat eyeshadow onto the mobile eyelid for maximum color opacity?",A) Fluffy powder brush | B) Fan brush | C) Brow spoolie | D) Flat shader brush,D
218,Makeup,Easy,Multiple Choice,What chemical liquid (typically 70% concentration) is sprayed onto powder palettes and sanitizing metal palettes to disinfect them instantly between clients?,A) Hydrogen peroxide | B) Acetone | C) Isopropyl alcohol | D) Witch hazel,C
219,Makeup,Easy,Multiple Choice,Which makeup tool is a flat stainless-steel plate used by professional artists to mix foundations and lipsticks hygienically?,A) Silicone baking sheet | B) Ceramic plate | C) Metal mixing palette | D) Glass beaker,C
220,Makeup,Easy,Multiple Choice,What tool is used in combination with a metal mixing palette to scoop creams and lipsticks out of jars without double-dipping?,A) Butter knife | B) Plastic fork | C) Stainless steel spatula | D) Wooden toothpick,C
221,Makeup,Easy,Multiple Choice,What is the primary benefit of using a silicone makeup sponge compared to a traditional foam beauty blender?,"A) It permanently shrinks pores | B) It creates a matte powder finish | C) It is made of real gold | D) It does not absorb any liquid foundation, making it easy to wipe completely clean in seconds",D
222,Makeup,Easy,Multiple Choice,What disposable tool is used in retail stores and professional kits to apply mascara without contaminating the product tube?,A) Toothpick | B) Cotton swab | C) Paper straw | D) Disposable spoolie wand,D
223,Makeup,Easy,Multiple Choice,"Which brush has stiff, sharply angled bristles, making it ideal for filling in brows and stamping winged eyeliner with gel?",A) Angled detail brush | B) Large powder brush | C) Fan brush | D) Fluffy blush brush,A
224,Makeup,Easy,Multiple Choice,How often should beauty sponges used on a daily basis be washed to maintain optimal skin hygiene?,A) Once every six months | B) After every single use or at least every few days | C) Never | D) Once a year,B
225,Makeup,Easy,Multiple Choice,What is a brush cleaning silicone mat or glove with textured ridges used for?,A) Storing dry brushes | B) Curling eyelashes | C) Applying foundation directly to the face | D) Agitating soap through brush bristles to deep-clean trapped foundation and pigment quickly,D
226,Makeup,Easy,Multiple Choice,Which tool is specifically designed to safely trim overgrown or unruly eyebrow hairs along the upper brow line?,A) Curved brow scissors | B) Kitchen shears | C) Pinking shears | D) Craft scissors,A
227,Makeup,Easy,Multiple Choice,What is the purpose of tapping the handle of a loaded eyeshadow brush against your finger or palette before applying it to the eye?,A) To knock off excess loose powder and prevent fallout onto the cheeks | B) To make the bristles softer | C) To clean the brush | D) To warm up the pigment,A
228,Makeup,Easy,Multiple Choice,Why do professional makeup artists avoid using natural animal hair brushes with liquid and cream cosmetics?,"A) Natural hair cannot bend | B) Natural hair melts in water | C) Natural hair absorbs liquid and oils into its porous cuticles, trapping product and making it difficult to sanitize fully | D) Natural hair is illegal in all countries",C
229,Makeup,Easy,Multiple Choice,What quick-drying liquid cleanser is used on a paper towel for spot-cleaning brushes instantly between color changes during an application?,A) Dish soap | B) Instant brush cleaner | C) Olive oil | D) Pure water,B
230,Makeup,Easy,Multiple Choice,"Which skin type is characterized by an overproduction of sebum, enlarged visible pores, and an all-over shiny appearance?",A) Dehydrated skin | B) Dry skin | C) Normal skin | D) Oily skin,D
231,Makeup,Easy,Multiple Choice,"What skincare product provides essential moisture to the skin to prevent foundation from clinging to dry, flaky patches?",A) Astringent | B) Clay mask | C) Setting spray | D) Moisturizer,D
232,Makeup,Easy,Multiple Choice,"What powerful hydrating skincare ingredient is famous for holding up to 1,000 times its weight in water?",A) Alcohol denat | B) Witch hazel | C) Salicylic acid | D) Hyaluronic acid,D
233,Makeup,Easy,Multiple Choice,"What skin type typically features an oily T-zone (forehead, nose, chin) while the cheeks remain dry or normal?",A) Combination skin | B) Sensitive skin | C) Severely dry skin | D) Mature skin,A
234,Makeup,Easy,Multiple Choice,Why is it essential to apply sunscreen daily under makeup before heading outdoors?,"A) To make foundation waterproof | B) To tint eyebrows | C) To protect skin against damaging ultraviolet (UVA/UVB) rays that cause premature aging, wrinkles, and sunburn | D) To curl eyelashes",C
235,Makeup,Easy,Typing,What is the metal band or ring that binds makeup brush bristles to the handle?,,ferrule
236,Makeup,Easy,Typing,"What short-handled, plush Japanese powder brush named after classical Japanese theater buffs powder into skin?",,kabuki
237,Makeup,Easy,Typing,What sanitizing alcohol (70% concentration) is used to disinfect makeup kits and pressed powder surfaces?,,isopropyl alcohol
238,Makeup,Easy,Typing,"What soft, porous teardrop-shaped foam tool is used damp to blend liquid foundation seamlessly?",,beauty sponge
239,Makeup,Medium,Multiple Choice,Why is 70% Isopropyl Alcohol more effective at disinfecting makeup tools and surfaces than 99% Isopropyl Alcohol?,A) 70% alcohol smells better | B) 99% alcohol is not flammable | C) The 30% water content slows evaporation and allows the alcohol to penetrate the cell walls of bacteria to denature their proteins effectively | D) 99% alcohol is too cold,C
240,Makeup,Medium,Multiple Choice,What is the primary advantage of high-grade synthetic fibers (like Dermocura or synthetic micro-filaments) over goat or squirrel hair in modern powder brushes?,"A) They cannot hold any pigment | B) They are heavier | C) They are hypoallergenic, consistent in diameter, do not shed cuticles, wash easily, and perform identically with cream and powder formulas | D) They dissolve in warm water",C
241,Makeup,Medium,Multiple Choice,What happens when hot water is used to wash makeup brushes instead of lukewarm or cool water?,"A) The bristles become magnetic | B) The bristles instantly turn white | C) The hot water melts and breaks down the adhesive glue inside the ferrule, causing the brush to shed bristles permanently | D) The handle shrinks in half",C
242,Makeup,Medium,Multiple Choice,What is a 'stippling' motion when applying base makeup with a brush or sponge?,"A) Dragging in long horizontal lines | B) Rapid, gentle tapping or pressing motions into the skin rather than dragging or sweeping across the surface | C) Circular swirling motions | D) Scratching the skin",B
243,Makeup,Medium,Multiple Choice,Why must cream and liquid cosmetics never be shared directly from the original container between multiple people without sanitizing?,"A) The product volume doubles | B) The color changes shade | C) Direct cross-contamination can transfer pathogenic bacteria, viruses (like Herpes Simplex), and demodex mites causing severe eye or skin infections | D) The product loses its fragrance",C
244,Makeup,Medium,Multiple Choice,"What makes a 'lip brush' distinctly shaped with firm, flat, tapered bristles?","A) To blend eyeshadow | B) To make the lips look huge | C) To apply mascara | D) To provide maximum control for carving a sharp, clean vermilion border and filling in corners without bleeding",D
245,Makeup,Medium,Multiple Choice,What tool is an ultrasonic brush cleaner or spin cleaner designed to do for commercial studios?,A) Rapidly spin and agitate brushes in cleaning solution to wash and centrifugal-dry them in seconds | B) Add fragrance to bristles | C) Sharpen brush handles | D) Dye bristles black,A
246,Makeup,Medium,Multiple Choice,"Which natural animal hair was historically prized in luxury Japanese calligraphy and makeup brushes (Fude) for delivering the softest, most diffused powder application?",A) Camel hair | B) Horse mane hair | C) Pig bristle | D) Blue squirrel or Saikoho goat hair,D
247,Makeup,Medium,Multiple Choice,How should an eyelash curler rubber silicone pad be maintained for both safety and performance?,A) Never replaced for 10 years | B) Cleaned with boiling acid | C) Coated in superglue | D) Replaced every 3 to 6 months when a visible groove or indentation develops to prevent cutting eyelashes,D
248,Makeup,Medium,Multiple Choice,What is the primary purpose of using disposable mascara wands when working on professional clients in a salon?,A) To save product | B) Because permanent wands are illegal | C) To make mascara apply thicker | D) To strictly prevent the spread of conjunctivitis (pink eye) and ocular bacteria from one client to another,D
249,Makeup,Medium,Multiple Choice,What is the function of a specialized 'lash separating comb' with fine gold-plated metal teeth used immediately after mascara?,A) To comb through wet lashes and physically eliminate clumps and spider-lash webbing for perfect feathering | B) To apply eyeliner | C) To trim lash length | D) To curl brows,A
250,Makeup,Medium,Multiple Choice,Why do professional artists store cleaned and sanitized brushes in protective mesh brush guards (brush nets)?,A) To keep them wet permanently | B) To maintain the original tapered dome shape of the bristles while drying and prevent fraying during transit | C) To make handles waterproof | D) To change their color,B
251,Makeup,Medium,Multiple Choice,What type of brush handle finish is most resistant to peeling and water damage when washed frequently in commercial studios?,"A) Raw untreated unpainted pine wood | B) Solid anodized aluminum, acrylic, or multi-lacquered hardwood handles with nickel-plated brass ferrules | C) Hollow glass | D) Cardboard handles",B
252,Makeup,Medium,Typing,What plant extract (meaning 'beautiful lady') was dropped into eyes during the Renaissance to dilate pupils despite being poisonous?,,belladonna
253,Makeup,Medium,Typing,What was the iconic water-activated cake foundation invented by Max Factor in 1937 for color film called?,,pan-cake
254,Makeup,Medium,Typing,What class of cosmetic colorants consists of organic dyes precipitated onto an insoluble aluminum substrate?,,lake
255,Makeup,Hard,Multiple Choice,What physical property of hydrophilic polyurethane (the material in high-end beauty blenders) allows it to expand when wet without harboring deep mold when dried properly?,"A) Closed-cell silicone skin | B) Microfiber coating | C) Open-cell reticulated foam matrix that fills internal pore voids with water molecules, preventing cosmetics from absorbing into the sponge core | D) Solid rubber core",C
256,Makeup,Hard,Multiple Choice,Why is the crimping technique (double or triple crimp) at the base of the ferrule critical in cosmetic brush manufacturing?,A) It mechanically clamps the glued bristle knot (epoxy plug) firmly to the wooden handle to prevent handle detachment during rigorous washing | B) It decorates the brush | C) It makes the bristles softer | D) It changes the brush balance,A
257,Makeup,Hard,Multiple Choice,What type of chemical glue is used by master brush makers inside the ferrule to ensure bristles remain immovable during solvent exposure?,A) Hot melt craft glue | B) Rubber cement | C) Standard PVA school glue | D) Two-part chemical-resistant marine epoxy resin,D
258,Makeup,Hard,Multiple Choice,"In beauty blender manufacturing, what manufacturing process removes toxic volatile blowing agents and ensures the sponge is latex-free and hypoallergenic?",A) Chemical bleaching with chlorine | B) Post-cure thermal degassing and thorough deionized water leaching | C) Acid bathing | D) Surface plastic coating,B
259,Makeup,Hard,Multiple Choice,What chemical property of broad-spectrum organic (chemical) UV filters like Avobenzone makes them susceptible to photo-degradation unless stabilized with Octocrylene?,"A) Avobenzone undergoes keto-enol tautomerization under UV radiation, losing its absorbance capability unless photostabilized by triplet-state quenchers | B) It turns into titanium dioxide | C) It reacts with water to form acid | D) It evaporates at 20°C",A
260,Makeup,Hard,Multiple Choice,How do nanoparticles of coated zinc oxide and titanium dioxide (micronized <100nm) reduce the visible white cast in modern sunscreens while preserving SPF?,"A) They become liquid water | B) They dissolve in skin lipids | C) They absorb 100% of visible light | D) Nanoparticles are smaller than the wavelength of visible light (400-700nm), allowing visible light to pass through while still Rayleigh-scattering UV wavelengths",D
261,Makeup,Hard,Multiple Choice,"In skin barrier physiology, what is the precise equimolar lipid ratio (Ceramides : Cholesterol : Free Fatty Acids) required to restore optimal stratum corneum barrier function?",A) 10 : 0 : 0 ratio | B) 3 : 1 : 1 or 1 : 1 : 1 equimolar ratio | C) 1 : 10 : 1 ratio | D) 5 : 5 : 0 ratio,B
262,Makeup,Hard,Multiple Choice,Why does low molecular weight Hyaluronic Acid (<50 kDa) sometimes trigger pro-inflammatory responses in compromised skin compared to high molecular weight HA (>1000 kDa)?,"A) Short-chain HA turns into acid | B) High molecular weight HA enters blood vessels | C) High molecular weight HA is toxic | D) Short-chain HA fragments bind to Toll-like receptors (TLR-2 and TLR-4), signaling tissue injury and triggering cytokine cascades",D
263,Makeup,Hard,Multiple Choice,What is the chemical mechanism by which Salicylic Acid (ortho-hydroxybenzoic acid) uniquely exfoliates inside the pilosebaceous unit (sebaceous pores)?,A) It oxidizes keratin into gas | B) It freezes sebum solid | C) It is a strong alkaline base | D) Its lipophilic aromatic ring structure allows it to partition through sebum and lipid bilayers to desquamate intercellular desmosomes lining the pore,D
264,Makeup,Hard,Typing,What is the traditional Japanese word for handcrafted makeup and calligraphy brushes crafted by master artisans?,,fude
265,Makeup,Hard,Typing,What hospital-grade blue disinfectant liquid (quaternary ammonium) is standard in professional salon tool sanitization jars?,,barbicide
266,Makeup,Easy,Multiple Choice,"What is the common term for the white, ghostly cast that appears on the face in flash photography due to mineral sunscreens?",A) Blooming | B) Oxidation | C) Strobing | D) Flashback,D
267,Makeup,Easy,Multiple Choice,"Which skin prep product is applied to gently remove dead surface skin cells to create a smooth, even canvas for foundation?",A) Setting powder | B) Concealer | C) Bronzer | D) Exfoliator,D
268,Makeup,Easy,Multiple Choice,What is the difference between dry skin and dehydrated skin in aesthetic skincare?,"A) Dry skin only happens in summer | B) There is no difference | C) Dehydrated skin is permanent | D) Dry skin lacks natural oil/sebum (a skin type), while dehydrated skin lacks water",D
269,Makeup,Easy,Multiple Choice,What does 'SPF' stand for on sunscreens and foundation labels?,A) Skin Pigment Formula | B) Solar Powder Foundation | C) Sun Protection Factor | D) Surface Protection Fraction,C
270,Makeup,Easy,Multiple Choice,"Which mineral sunscreen ingredient provides broad-spectrum protection and is known for soothing irritated, redness-prone skin?",A) Glycolic acid | B) Salicylic acid | C) Zinc oxide | D) Benzoyl peroxide,C
271,Makeup,Easy,Multiple Choice,What should you do between applying your skincare moisturizer/sunscreen and applying your liquid foundation?,A) Wash face with soap | B) Wait 3 to 5 minutes to allow the skincare to fully absorb into the skin | C) Immediately apply foundation while moisturizer is dripping wet | D) Rub skin with ice for 10 minutes,B
272,Makeup,Easy,Multiple Choice,Which type of moisturizer is ideal for oily skin before makeup because it hydrates without adding heavy oils?,A) Pure coconut oil | B) Thick cold cream | C) Lightweight oil-free gel or water-cream moisturizer | D) Heavy petroleum ointment,C
273,Makeup,Easy,Multiple Choice,What skincare ingredient derived from sugar cane is an Alpha Hydroxy Acid (AHA) used to brighten skin texture before makeup?,A) Lanolin | B) Hyaluronic acid | C) Glycolic acid | D) Squalane,C
274,Makeup,Easy,Multiple Choice,What happens to liquid foundation if applied over skin that has not been cleansed of overnight oils and sweat?,"A) The foundation mixes with oils, breaking down prematurely and sliding off the face | B) The foundation becomes completely permanent | C) The skin becomes instantly dry | D) The foundation turns blue",A
275,Makeup,Easy,Multiple Choice,"Which lightweight plant-derived oil mimics the skin's natural sebum, making it an excellent fast-absorbing prep oil for dry skin?",A) Squalane oil | B) Castor wax | C) Heavy lard | D) Mineral motor oil,A
276,Makeup,Easy,Multiple Choice,What ingredient in physical (mineral) sunscreens is primarily responsible for reflecting camera flash and causing a white cast in photos?,A) Glycerin | B) Rosewater | C) Hyaluronic acid | D) Titanium dioxide and Zinc oxide,D
277,Makeup,Easy,Multiple Choice,Which chemical exfoliant is a Beta Hydroxy Acid (BHA) that penetrates inside pores to dissolve oil and prevent makeup from breaking out acne-prone skin?,A) Lactic acid | B) Salicylic acid | C) Citric acid | D) Hyaluronic acid,B
278,Makeup,Easy,Multiple Choice,What type of product is an eye cream formulated specifically to prep the delicate under-eye area for concealer?,A) Heavy acne treatment paste | B) Lightweight hydrating eye cream or gel | C) Exfoliating body scrub | D) Mattifying clay mask,B
279,Makeup,Easy,Multiple Choice,"What skin symptom indicates that the skin barrier is damaged, often causing stinging when applying base products?","A) Instant tanning | B) Perfectly smooth pores | C) Redness, burning, tightness, and flaky rough texture | D) Excess gold shimmer",C
280,Makeup,Easy,Multiple Choice,What is the primary function of facial mists containing glycerin and rosewater used before makeup application?,A) Setting powder permanently | B) Removing waterproof mascara | C) Adding an instant layer of lightweight hydration to plump the skin surface | D) Waterproofing the eyelashes,C
281,Makeup,Easy,Multiple Choice,Which vitamin antioxidant is widely applied in morning skincare serums under sunscreen to protect skin from free radicals and brighten tone?,A) Vitamin K | B) Vitamin C | C) Vitamin B12 | D) Vitamin D3,B
282,Makeup,Easy,Multiple Choice,Which ancient civilization famously used black kohl made of galena and green malachite powder to line their eyes for beauty and sun protection?,A) Ancient Maya | B) Vikings | C) Ancient Britons | D) Ancient Egypt,D
283,Makeup,Easy,Multiple Choice,What deadly toxic substance was historically used in Renaissance Europe (such as 'Venetian Ceruse') to create fashionable pale white skin?,A) Chalk only | B) Rice powder | C) Crushed pearls | D) White lead,D
284,Makeup,Easy,Multiple Choice,"In 1920s flapper culture, what distinct lip shape featuring exaggerated upper lip peaks and a smaller width was wildly popular?",A) The Cupid's bow lip | B) The ombré gradient lip | C) The overdrawn full lip | D) The matte horizontal lip,A
285,Makeup,Easy,Multiple Choice,"Which iconic 1960s British supermodel popularized dramatic white eyelids, painted lower lashes, and bold cut crease eye makeup?",A) Elizabeth Taylor | B) Twiggy | C) Marilyn Monroe | D) Audrey Hepburn,B
286,Makeup,Easy,Multiple Choice,"What decade was famous in modern fashion for neon eyeshadows, heavy drape blush up to the temples, and bold colorful makeup?",A) The 1920s | B) The 1980s | C) The 1950s | D) The 1900s,B
287,Makeup,Easy,Typing,What substance naturally produced by sebaceous glands lubricates the skin and causes makeup to shine?,,sebum
288,Makeup,Easy,Typing,What humectant molecule naturally present in skin holds up to 1000 times its molecular weight in water?,,hyaluronic acid
289,Makeup,Easy,Typing,What is the acronym for Sun Protection Factor found on sunscreen and makeup labels?,,spf
290,Makeup,Medium,Multiple Choice,Why is chemical sunscreen generally preferred over mineral (physical) sunscreen for photography and red carpet events?,"A) Mineral sunscreen washes off in 1 second | B) Chemical sunscreen filters absorb UV light into heat without reflecting flash light, avoiding the chalky white flashback ghosting effect | C) Chemical sunscreen is blue | D) Chemical sunscreen removes makeup",B
291,Makeup,Medium,Multiple Choice,What is the function of Ceramides in pre-makeup barrier-repair moisturizers?,"A) They act as intercellular lipids that seal the skin barrier, preventing transepidermal water loss and preventing foundation patchiness | B) They dissolve blackheads instantly | C) They bleach freckles | D) They act as artificial pigments",A
292,Makeup,Medium,Multiple Choice,Why should high-strength physical facial scrubs with jagged crushed walnut shells be avoided immediately prior to foundation application?,"A) They create microscopic tears and acute surface inflammation, causing foundation to sting and settle unevenly into irritated micro-abrasions | B) They remove facial hair | C) They make skin completely waterproof | D) They turn foundation green",A
293,Makeup,Medium,Multiple Choice,What is Niacinamide (Vitamin B3) renowned for when used in pre-makeup skincare serums?,"A) Freezing facial muscles | B) Acting as a mascara primer | C) Regulating sebum production, calming redness, and visibly refining the appearance of enlarged pore texture | D) Staining skin yellow",C
294,Makeup,Medium,Multiple Choice,How does Lactic Acid differ from Glycolic Acid in chemical pre-makeup exfoliation for dry and sensitive skin?,"A) Lactic acid is derived from rocks | B) Lactic acid has a larger molecular size that penetrates more slowly and gently, while functioning as a natural humectant that draws in moisture | C) Glycolic acid cannot dissolve in water | D) Lactic acid is an oil",B
295,Makeup,Medium,Multiple Choice,"What causes 'transepidermal water loss' (TEWL) that leads to makeup looking cakey, tight, and cracked after a few hours?",A) Setting spray application | B) Excessive drinking of tea | C) Evaporation of water from the dermis and epidermis through an impaired stratum corneum into dry ambient air | D) Using a damp sponge,C
296,Makeup,Medium,Multiple Choice,"Why is it critical to use a non-greasy, fast-absorbing sunscreen formula under makeup?","A) Sunscreen destroys powder brushes | B) Sunscreen stops mascara from drying | C) Heavy oil-based sunscreens can dissolve the emulsifiers in foundation, causing the makeup to separate, slide, and pool in creases | D) Sunscreen freezes foundation",C
297,Makeup,Medium,Multiple Choice,What is the primary benefit of Polyhydroxy Acids (PHAs) like Gluconolactone for pre-makeup smoothing on ultra-sensitive or rosacea-prone skin?,"A) Extremely large molecular structure that gently exfoliates the very surface without triggering deep stinging, flushing, or irritation | B) Instant deep skin tanning | C) Permanent pore removal | D) Bleaching dark spots in 1 minute",A
298,Makeup,Medium,Multiple Choice,What skincare formulation role does Glycerin play as one of the most effective and affordable cosmetic humectants?,"A) Drawing ambient water molecules into the stratum corneum to keep the skin supple, hydrated, and receptive to smooth pigment glide | B) Emulsifying wax pencils | C) Preserving against yeast | D) Adding white color",A
299,Makeup,Medium,Multiple Choice,"Why do facial oils (like rosehip or argan oil) perform best when applied over a hydrating serum rather than directly on dry, bare skin?",A) Oils dry out skin | B) Oils contain high water | C) Facial oils are occlusives/emollients that trap and seal existing hydration into the skin rather than providing water molecules themselves | D) Serums dissolve oils,C
300,Makeup,Medium,Multiple Choice,"How does mature skin differ in pre-makeup prep requirements compared to youthful, acne-prone skin?","A) Mature skin needs heavy astringent alcohol | B) Mature skin requires richer emollients, gentle non-drying hydration, and minimal heavy powdering to prevent product settling into fine lines | C) Mature skin needs 10 layers of matte powder | D) There are zero differences",B
301,Makeup,Medium,Multiple Choice,What is the primary purpose of using an ice roller or cold cryo-globes on the face before applying makeup for a major event?,"A) Freezing the foundation solid | B) Vasoconstriction that temporarily reduces facial puffiness, calms vascular redness, and tightens the skin appearance | C) Removing dead skin | D) Numbing the face for tattooing",B
302,Makeup,Medium,Typing,What is the common preservative glycol ether (used under 1% concentration) widely found in paraben-free cosmetics?,,phenoxyethanol
303,Makeup,Medium,Typing,What medical acrylic emulsion adhesive (starting with P) is the industry standard for adhering heavy prosthetics?,,pros aide
304,Makeup,Hard,Multiple Choice,What formulation issue arises when high concentrations of Ascorbic Acid (Vitamin C at pH <3.5) are applied immediately before an alkaline foundation (pH >7.5)?,"A) Permanent skin bleaching | B) Spontaneous combustion | C) Rapid neutralization shifts the local pH, causing immediate product curdling, decreased antioxidant efficacy, and transient skin flushing from vasodilation | D) Zero interaction occurs",C
305,Makeup,Hard,Multiple Choice,"In cosmetic formulation, what is the primary role of 'film-forming octylacrylamide/acrylates copolymers' in high-performance makeup grip primers?","A) Dissolving sebum permanently | B) Acting as a chemical sunscreen | C) Forming a flexible, hydrophobic 3D polymeric net across the skin surface that physically anchors pigment particles against perspiration and friction | D) Whitening the complexion",C
306,Makeup,Hard,Multiple Choice,What skin barrier phenomenon occurs when an emulsion with a high concentration of low-HLB surfactants is left on sensitive skin under heavy makeup?,"A) Skin turns purple | B) Zero effect on barrier | C) Surfactants can disrupt the lamellar bilayer phase of stratum corneum lipids, increasing permeability and causing barrier breakdown | D) Complete skin peeling",C
307,Makeup,Hard,Multiple Choice,"In classical 18th-century European court cosmetics, what hazardous mercury compound was commonly formulated into red rouge paste (Blush)?",A) Titanium oxide | B) Zinc stearate | C) Vermilion | D) Copper sulfate,C
308,Makeup,Hard,Multiple Choice,"What physiological mechanism explains the toxic neurological symptoms (tremors, hair loss, cognitive decline) suffered by noblewomen using Venetian Ceruse?","A) Chronic transdermal absorption of basic lead carbonate, binding to sulfhydryl groups on proteins and substituting for calcium across the blood-brain barrier | B) Vitamin deficiency | C) Inhalation of talcum | D) Allergic reaction to rosewater",A
309,Makeup,Hard,Multiple Choice,"In 1914, what pioneering cinematic makeup technique did Max Factor formulate specifically for early close-up cinematography, replacing theatrical stick greasepaint?",A) Colored petroleum jelly | B) Liquid latex | C) Flexible Supreme Greasepaint applied in a micro-thin layer that did not crack or cake under intense arc lights | D) Pure talc powder,C
310,Makeup,Hard,Multiple Choice,"What was the chemical composition of 'Egyptian Blue' (calcium copper silicate), considered humanity's first synthetic pigment used in ancient decorative arts and cosmetics?","A) Ground lapis lazuli | B) Cuprorivaite (CaCuSi4O10) synthesized by fusing silica, copper compound, calcium oxide, and alkali flux at 900°C | C) Cobalt aluminate | D) Prussian blue",B
311,Makeup,Hard,Multiple Choice,"In imperial Heian-period Japan (794-1185 AD), what cosmetic powder formula (Oshiroi) was applied by court nobles to whiten the face, neck, and chest?",A) Rice powder and white lead (Hikimayu style) with crushed safflower (Beni) rouge on lips | B) Bone ash | C) Chalk and crushed clamshells only | D) Bleached flour,A
312,Makeup,Hard,Typing,What is the specific scientific name for the outermost protective layer of the human epidermis composed of dead corneocytes and lipids?,,stratum corneum
313,Makeup,Easy,Multiple Choice,Which legendary Hollywood makeup artist revolutionized film cosmetics in the 1930s by inventing 'Pan-Cake' makeup for Technicolor cinema?,A) Max Factor | B) Kevyn Aucoin | C) Bobbi Brown | D) Pat McGrath,A
314,Makeup,Easy,Multiple Choice,"During the Victorian era in 19th-century England, what was the general societal attitude toward noticeable, heavy makeup?","A) It was legally mandatory | B) It was considered vulgar and improper for respectable women, who secretly pinched their cheeks and bit their lips for color | C) Men wore more makeup than women | D) Only blue eyeshadow was allowed",B
315,Makeup,Easy,Multiple Choice,What natural red mineral was used in Ancient Egypt and Rome to tint lips and cheeks with a rosy stain?,A) Sulphur | B) Charcoal | C) Red ochre | D) Crushed lapis,C
316,Makeup,Easy,Multiple Choice,Which 1950s Hollywood screen siren became universally famous for her signature winged black eyeliner and classic scarlet red lipstick?,A) Twiggy | B) Madonna | C) Cher | D) Marilyn Monroe,D
317,Makeup,Easy,Multiple Choice,"What 1990s beauty trend was characterized by ultra-thin, skinny over-tweezed eyebrows and matte brown/taupe lipstick?",A) 80s Glam rock | B) 60s Mod pop | C) 90s Grunge and Minimalist chic | D) 70s Disco shimmer,C
318,Makeup,Easy,Multiple Choice,"What natural plant dye has been used for over 5,000 years in the Middle East and South Asia for intricate body art and hair coloring?",A) Saffron | B) Henna | C) Indigo | D) Turmeric,B
319,Makeup,Easy,Multiple Choice,"In ancient Japan, what practice (known as Ohaguro) involved noblewomen and geishas dyeing their teeth black for beauty and status?",A) Ohaguro | B) Kintsugi | C) Kabuki whitening | D) Geisha painting,A
320,Makeup,Easy,Multiple Choice,What natural beetle-derived red pigment was famously used by Cleopatra to tint her lips and Queen Elizabeth I for cheek rouge?,A) Beetroot powder | B) Berry juice | C) Carmine | D) Red lead,C
321,Makeup,Easy,Multiple Choice,Who invented the first commercial non-toxic modern synthetic mascara in the 1910s by mixing Vaseline with coal dust for his sister Mabel?,A) Thomas Lyle Williams | B) Max Factor | C) Helena Rubinstein | D) Charles Revson,A
322,Makeup,Easy,Multiple Choice,"In ancient Rome, what toxic red mercury sulfide mineral was crushed to create an intense red cosmetic pigment called vermilion?",A) Malachite | B) Galena | C) Cinnabar | D) Realgar,C
323,Makeup,Easy,Multiple Choice,Which Queen of England in the 16th century made the look of a stark white lead-painted face and bright red wig iconic?,"A) Mary, Queen of Scots | B) Queen Victoria | C) Queen Elizabeth I | D) Queen Anne",C
324,Makeup,Easy,Multiple Choice,What was the primary reason 1920s film actors required specialized greasepaint makeup on early black-and-white silent movie sets?,"A) Orthochromatic film stock was insensitive to red light, making un-makeup faces look black or muddy on screen | B) To protect from rain | C) To keep actors cool | D) To make actors look like ghosts",A
325,Makeup,Easy,Multiple Choice,What popular eye makeup trend from the 1970s featured pastel blue eyeshadow paired with sun-tanned bronzed skin and clear lip gloss?,A) 20s Flapper | B) 90s Grunge | C) 50s Pinup | D) 70s Disco / Bohemian Glam,D
326,Makeup,Easy,Multiple Choice,Which French cosmetic pioneer founded the world's first modern beauty salon in Australia and built an international luxury skincare empire?,A) Helena Rubinstein | B) Mary Kay Ash | C) Coco Chanel | D) Estée Lauder,A
327,Makeup,Easy,Multiple Choice,"In Ancient Egypt, what green mineral made from copper carbonate was ground and applied to upper eyelids before kohl was introduced?",A) Emerald | B) Jade | C) Malachite | D) Turquoise,C
328,Makeup,Easy,Multiple Choice,"What 1930s beauty invention allowed women to carry lipstick cleanly in their purses in an automated, one-handed metal sliding tube?",A) Paper lipstick papers | B) Glass dropper bottles | C) Wooden makeup boxes | D) The swivel-up metal lipstick tube,D
329,Makeup,Easy,Multiple Choice,What does the open jar icon with a number (like '12M' or '6M') on cosmetic packaging indicate?,A) The manufacturing batch code | B) The price in dollars | C) The number of ingredients | D) Period After Opening (PAO) — the number of months the product remains safe and effective once opened,D
330,Makeup,Easy,Multiple Choice,"Which mineral ingredient is widely used as the primary base in traditional face powders, eyeshadows, and blushes for its soft, silky feel?",A) Salt | B) Sugar | C) Baking soda | D) Talc,D
331,Makeup,Easy,Multiple Choice,"What is the primary function of preservatives in water-based liquid cosmetics like foundation, mascara, and creams?","A) To make the makeup smell fruity | B) To change the makeup color | C) To make foundation waterproof | D) To prevent the dangerous growth of harmful bacteria, yeast, and mold over time",D
332,Makeup,Easy,Multiple Choice,What common cosmetic ingredient is added to liquid cosmetics to bind water and oil phases together so they do not separate into two layers?,A) Alcohol | B) Perfume | C) Sand | D) Emulsifier,D
333,Makeup,Easy,Multiple Choice,Which cosmetic product has the shortest shelf life after opening (typically recommended to replace every 3 to 6 months) due to eye bacteria risk?,A) Mascara | B) Lip gloss | C) Pressed powder blush | D) Pencil eyeliner,A
334,Makeup,Easy,Typing,What is the white reflective glow visible on skin in flash photography called?,,flashback
335,Makeup,Easy,Typing,What ancient mineral eye makeup made of ground galena was applied by Ancient Egyptians to ward off infections and reduce sun glare?,,kohl
336,Makeup,Easy,Typing,"What famous makeup brand was named after the founder's sister Mabel, who used Vaseline and coal dust on her lashes?",,maybelline
337,Makeup,Medium,Multiple Choice,What role do antioxidants like Ferulic Acid and Vitamin E play when paired with Vitamin C under sunscreen?,A) They stabilize L-Ascorbic acid and synergistically double photoprotection against environmental free-radical damage | B) They dye the skin dark red | C) They make makeup matte | D) They remove sunscreen,A
338,Makeup,Medium,Multiple Choice,Why did ancient Egyptian eyeliner (kohl) composed of lead-based galena actually provide medicinal benefits despite lead toxicity?,"A) It contained vitamin C | B) It killed all eye cells | C) At micro-doses, the specific lead salts (laurionite and phosgenite) stimulated immune cells to produce nitric oxide, fighting off bacterial eye infections | D) It permanently colored the iris",C
339,Makeup,Medium,Multiple Choice,What major societal shift during World War II led to red lipstick being worn as a symbol of patriotism and female resilience against fascism?,A) Red was the only color manufactured | B) The 'Rosie the Riveter' campaign and the US War Production Board deeming lipstick necessary for female morale and wartime service | C) Red lipstick was bulletproof | D) Makeup was free of charge,B
340,Makeup,Medium,Multiple Choice,"In 18th-century French court fashion under King Louis XVI and Marie Antoinette, what was the meaning of 'beauty patches' (mouches)?",A) Medicine patches for fever | B) Solid gold coins glued to cheeks | C) Small black silk or velvet shapes pasted on the face to hide smallpox scars and communicate flirtatious coded messages | D) Fake eyebrows made of wool,C
341,Makeup,Medium,Multiple Choice,What was the significant technological advancement of Max Factor's 'Pan-Cake' makeup released in 1937 for motion pictures?,"A) It was a glowing liquid | B) It was made of edible pancake batter | C) A solid water-soluble cake of pigmented talc and oils that applied matte, eliminated studio light glare, and did not melt under hot Technicolor lamps | D) It was permanent for 1 week",C
342,Makeup,Medium,Multiple Choice,"During the Renaissance, what did Italian women use 'Belladonna' (Deadly Nightshade) plant extract drops in their eyes for?","A) To clean eyelashes | B) To dilate their pupils, which was considered an alluring, seductive sign of beauty | C) To cure blindness | D) To change eye color to green",B
343,Makeup,Medium,Multiple Choice,"What historical event in 1922 triggered a worldwide Western obsession with Egyptian-inspired makeup, winged kohl, and geometric bob hairstyles?",A) The opening of the Suez Canal | B) The discovery of King Tutankhamun's intact tomb by Howard Carter | C) World War I ending | D) The invention of color photography,B
344,Makeup,Medium,Multiple Choice,How did Victorian women secretly impart a flush of color to their cheeks and lips without being caught using scandalous commercial rouge?,"A) By rubbing red ribbon dye onto skin, applying beetroot juice, or vigorously pinching cheeks and biting lips | B) Eating hot peppers constantly | C) Applying crushed rubies | D) Using red paint secretly at night",A
345,Makeup,Medium,Multiple Choice,What revolutionary cosmetic packaging innovation did Hazel Bishop introduce in 1950 that revolutionized the modern lipstick market?,"A) Powdered lipstick pots | B) Spray-on lipstick | C) Squeezable plastic tubes | D) The first commercially successful 'Long-Lasting, No-Smear Lipstick' that stayed on through eating and kissing",D
346,Makeup,Medium,Multiple Choice,"In ancient China during the Tang Dynasty, what unique brow trend was popularized by aristocratic women and concubines?","A) Wearing unibrows made of animal fur | B) Tattooing red eyebrows | C) Bleaching brows white | D) Completely shaving natural brows and painting on intricate green or blue-black shapes, such as 'moth-wing' or 'drooping pearl' brows",D
347,Makeup,Medium,Multiple Choice,What was the significance of Charles Revson launching matching Revlon lipsticks and nail enamels in the 1930s ('Matching Lips and Fingertips')?,"A) It created the fashion concept of coordinating makeup with accessories, transforming nail polish and lipstick into major fashion statements | B) It lowered prices to 1 cent | C) It made lipsticks completely clear | D) It made nail polish edible",A
348,Makeup,Medium,Multiple Choice,"In Elizabethan England, what corrosive facial wash was used to strip skin and maintain porcelain paleness despite causing premature aging and rotten teeth?","A) A concoction of mercury sublimate, lead, and vinegar | B) Pure spring water and honey | C) Crushed rose petals | D) Olive oil and salt",A
349,Makeup,Medium,Typing,"What is the specialized textured black coarse sponge used to create fake stubble, broken blood vessels, and scratches?",,stipple sponge
350,Makeup,Medium,Typing,What natural animal wax secreted by honeybees (Apis mellifera) is commonly used to structure non-vegan lipsticks?,,beeswax
351,Makeup,Hard,Multiple Choice,"During the 1920s, what chemical patent by chemist Eugène Schueller (founder of L'Oréal) made modern, safe synthetic hair and brow dye commercially viable?",A) Paraphenylenediamine (PPD) based oxidation dyes | B) Pure hydrogen peroxide | C) Lead acetate | D) Henna extract,A
352,Makeup,Hard,Multiple Choice,"Why did the US Food, Drug, and Cosmetic Act of 1938 pass into federal law, placing cosmetics under federal FDA regulatory oversight for the first time?","A) The tragic 'Lash Lure' scandal of the 1930s, where an unregulated aniline eyelash dye caused permanent corneal ulceration and blinded multiple women | B) Counterfeit face creams | C) High prices of lipsticks | D) Shortage of talc powder",A
353,Makeup,Hard,Multiple Choice,What was the significance of Kevyn Aucoin's groundbreaking 1997 beauty book 'Making Faces' in shaping modern makeup education?,"A) It eliminated foundation | B) It banned the use of brushes | C) It democratized professional contouring, transformative sculpting, and architectural makeup techniques for the global public and aspiring artists | D) It introduced permanent tattoos",C
354,Makeup,Hard,Multiple Choice,"In cosmetic chemistry, what does the Hydrophilic-Lipophilic Balance (HLB) system determine when creating a foundation emulsion?","A) The color intensity of iron oxides | B) The pH of the finished powder | C) The specific ratio of water-loving versus oil-loving groups on surfactant molecules, determining whether an Oil-in-Water or Water-in-Oil emulsion will stably form | D) The SPF level",C
355,Makeup,Hard,Multiple Choice,What is the crystalline structure of Bismuth Oxychloride (CI 77163) that produces an optical pearlescent luster in luxury cosmetics?,A) Layered tetragonal crystal platelets that act as mirror-like reflectors of incident light | B) Amorphous spherical beads | C) Hexagonal porous prisms | D) Cubic salt crystals,A
356,Makeup,Hard,Multiple Choice,Why is surface treatment (such as Triethoxycaprylylsilane or Dimethicone coating) applied to iron oxide pigments during foundation manufacturing?,"A) It makes pigments water-soluble | B) It neutralizes heavy metals | C) It changes their color from black to white | D) It renders pigment particles hydrophobic and lipophilic, allowing them to disperse homogenously in silicone/oil continuous phases without agglomerating or settling",D
357,Makeup,Hard,Multiple Choice,What chemical reaction occurs during the 'curing' of professional cyanoacrylate-based semi-permanent eyelash extension adhesives?,"A) Thermal evaporation of alcohol | B) Oxidation with oxygen | C) UV light photo-cleavage | D) Anionic polymerization triggered by atmospheric and surface moisture (H2O), instantly cross-linking ethyl cyanoacrylate monomers into a rigid polymer chain",D
358,Makeup,Hard,Multiple Choice,"In cosmetic rheology, what is 'thixotropy' and why is it essential for nail polishes and liquid foundations?",A) Permanent liquid thinning | B) The property where a fluid becomes less viscous (flows easily) under shear stress (shaking/brushing) and returns to a thicker gel state at rest to prevent dripping | C) Solidifying upon heating | D) Instant evaporation,B
359,Makeup,Hard,Typing,What lipid component of the skin barrier (alongside ceramides and free fatty acids) maintains membrane fluidity and barrier integrity?,,cholesterol
360,Makeup,Easy,Multiple Choice,What happens to liquid foundation or mascara when it has passed its expiration date and gone bad?,"A) It becomes 100% waterproof | B) It gains more pigment | C) It may separate, develop a rancid sour smell, change texture, or cause bacterial skin infections | D) It turns into gold",C
361,Makeup,Easy,Multiple Choice,What is the main reason why 'pumping' a mascara wand in and out of the tube repeatedly is bad for the product?,"A) It breaks the brush handle | B) It changes the black color to grey | C) It forces air inside, drying out the formula faster and introducing airborne bacteria | D) It makes mascara too thick to open",C
362,Makeup,Easy,Multiple Choice,What does it mean when a cosmetic product is labeled 'hypoallergenic'?,A) Guaranteed 100% reaction-free for every human on Earth | B) Made entirely of water | C) Formulated with fewer known allergens to minimize the likelihood of an allergic skin reaction | D) Free of all pigments,C
363,Makeup,Easy,Multiple Choice,"Which cosmetic ingredient category is responsible for creating a flexible, breathable barrier that keeps liquid eyeliner smudge-proof?",A) Vegetable broth | B) Film-forming polymers | C) Pure water | D) Granulated sugar,B
364,Makeup,Easy,Multiple Choice,Why should pencil eyeliners and lip pencils be sharpened regularly before use?,"A) To make them softer | B) To change their color | C) To create a fresh, sanitized application surface and remove bacterial buildup from the tip | D) To make them shorter for storage",C
365,Makeup,Easy,Multiple Choice,What natural plant butter rich in fatty acids is widely used in lipsticks and lip balms for deep conditioning?,A) Peanut butter | B) Dairy butter | C) Almond butter | D) Shea butter,D
366,Makeup,Easy,Multiple Choice,What is the primary function of Vitamin E (Tocopherol) when added to oil-based cosmetics like lipsticks and face oils?,A) Acts as a red dye | B) Acts as an antioxidant to prevent botanical oils from oxidizing and turning rancid | C) Bleaches pigments | D) Makes products smell like citrus,B
367,Makeup,Easy,Multiple Choice,"Which ingredient is often added to setting sprays to help form an invisible, flexible film that locks makeup onto the skin?",A) Olive oil | B) Salt water | C) Mineral talc | D) Polymers,D
368,Makeup,Easy,Multiple Choice,What is the term for testing whether a cosmetic formula causes allergic contact dermatitis by applying a small amount to the inner arm or behind the ear?,A) Blind test | B) Taste test | C) Scratch test | D) Patch test,D
369,Makeup,Easy,Multiple Choice,What type of packaging is most hygienic for liquid foundation to prevent introducing air and finger bacteria into the bottle?,A) Airtight pump bottle | B) Open wide-mouth jar | C) Paper envelope | D) Squeeze bowl,A
370,Makeup,Easy,Multiple Choice,What is the primary difference between a fragrance-free cosmetic and an unscented cosmetic?,"A) There is no difference | B) 'Fragrance-free' has a strong perfume | C) 'Fragrance-free' contains no added fragrance ingredients, while 'unscented' may contain neutralizing masking fragrances to hide raw chemical odors | D) 'Unscented' is always organic",C
371,Makeup,Easy,Multiple Choice,"What is the main role of dimethicone, a widely used silicone in foundation and primers?","A) Permanent hair removal | B) Providing a silky, smooth slip that fills in uneven texture and creates a velvety glide | C) Killing bacteria | D) Tinting foundation orange",B
372,Makeup,Easy,Multiple Choice,Why should powdered cosmetics like blushes and eyeshadows be stored in a dry environment rather than a steamy bathroom?,A) Powder turns to gas in steam | B) Colors disappear in heat | C) High humidity and moisture promote microbial mold growth and can cause hard-panning on powder surfaces | D) Brushes will melt,C
373,Makeup,Easy,Multiple Choice,What is 'hard-panning' on a pressed powder blush or eyeshadow?,"A) When the pan breaks | B) When the color fades | C) When natural skin oils transfer from brushes onto the powder surface, forming an impenetrable, hardened crust that prevents picking up pigment | D) When powder turns liquid",C
374,Makeup,Easy,Multiple Choice,What simple method can be used to remove the hardened oil layer from a hard-panned eyeshadow pan without ruining it?,A) Scratching with a kitchen knife | B) Washing with hot water and dish soap | C) Microwaving the palette | D) Pressing a piece of clean scotch tape over the surface and peeling off the hardened top layer,D
375,Makeup,Easy,Multiple Choice,"Which type of cosmetic pigment is completely insoluble in water and oil, requiring micro-dispersion in liquids for even color?",A) Food coloring drops | B) Sugar granules | C) Insoluble mineral pigments | D) Table salt,C
376,Makeup,Easy,Multiple Choice,"What amber-colored liquid adhesive made of resin dissolved in alcohol is classically used in theater to glue on fake beards, mustaches, and prosthetics?",A) Micellar water | B) Spirit gum | C) Setting spray | D) Super glue,B
377,Makeup,Easy,Multiple Choice,"What milky liquid rubber material dries to a flexible, skin-like layer used in Halloween and SFX makeup to create fake wounds, burns, and peeling skin?",A) Liquid latex | B) Coconut oil | C) Melted candle wax | D) Water spray,A
378,Makeup,Easy,Multiple Choice,"What malleable wax paste (also known as nose and scar wax) is sculpted onto the face to create cuts, broken noses, and bullet wounds?",A) Brow soap | B) Scar wax | C) Beeswax polish | D) Candle wax,B
379,Makeup,Easy,Multiple Choice,"In drag queen makeup artistry, what common household item is famously used to 'block' and flatten real eyebrows before painting new arches over them?",A) Peanut butter | B) A washable purple glue stick | C) Clear nail polish | D) Toothpaste,B
380,Makeup,Easy,Multiple Choice,"What dense, opaque white cream makeup is traditionally used as the base for theatrical clowns, mimes, and geisha performances?",A) Bronzing drops | B) Clown white | C) Sheer tinted moisturizer | D) Translucent setting powder,B
381,Makeup,Easy,Typing,What toxic heavy metal chemical ('ceruse') was painted on skin for centuries to create pale white faces in Europe?,,lead
382,Makeup,Easy,Typing,"What natural orange-red plant dye has been used for millennia across North Africa, the Middle East, and South Asia for skin and hair?",,henna
383,Makeup,Easy,Typing,What symbol on cosmetics (an open jar graphic with a number and 'M') indicates how many months a product lasts after opening?,,pao
384,Makeup,Medium,Multiple Choice,What cultural movement in the late 1960s and 1970s celebrated natural African hair and rejected Eurocentric beauty standards with the slogan 'Black is Beautiful'?,A) The Mod fashion movement | B) The Victorian revival | C) The Flapper movement | D) The Black is Beautiful / Black Power Cultural Movement,D
385,Makeup,Medium,Multiple Choice,"Who founded Fashion Fair Cosmetics in 1973, creating the first internationally recognized luxury cosmetic line designed specifically for women of color?",A) Madam C.J. Walker | B) Eunice W. Johnson | C) Helena Rubinstein | D) Estée Lauder,B
386,Makeup,Medium,Multiple Choice,"Why are Parabens (such as Methylparaben and Propylparaben) widely considered among the most effective, broad-spectrum preservatives in cosmetic science?","A) They are effective at exceptionally low concentrations against bacteria, yeast, and mold across a broad pH range without altering formulation texture | B) They dye products pink | C) They act as sunscreens | D) They are sweet flavorings",A
387,Makeup,Medium,Multiple Choice,"What is Phenoxyethanol, a common preservative alternative used in modern 'clean' and paraben-free makeup formulations?",A) An essential oil | B) An aromatic glycol ether preservative active against gram-negative bacteria and widely tolerated at concentrations under 1% | C) A heavy toxic metal | D) A bleaching agent,B
388,Makeup,Medium,Multiple Choice,Why is cosmetic-grade talc rigorously tested using X-ray diffraction (XRD) and transmission electron microscopy (TEM)?,A) To test for gold | B) To make it waterproof | C) To verify if it tastes sweet | D) To strictly verify and guarantee the complete absence of asbestos mineral contamination in natural mining deposits,D
389,Makeup,Medium,Multiple Choice,What is the difference between a 'Dye' and a 'Lake' pigment in cosmetic color formulation?,"A) Lakes are made from freshwater lakes | B) Lakes are only blue | C) Dyes are water-soluble synthetic chemicals that dissolve in solutions, while Lakes are organic dyes chemically precipitated onto an insoluble metal substrate | D) Dyes are always natural",C
390,Makeup,Medium,Multiple Choice,What causes an oil-in-water foundation emulsion to experience 'phase separation' (breaking or curdling) in the bottle?,"A) Pigments dissolving | B) Normal aging of pure water | C) Loss of fragrance | D) Instability in the emulsifier system, temperature extremes, or formulation incompatibility causing oil droplets to coalesce and separate from the water phase",D
391,Makeup,Medium,Multiple Choice,Why are volatile silicones like Cyclopentasiloxane (D5) used in long-wear liquid eyeshadows and foundation formulas?,"A) They add water to skin | B) They spread pigments smoothly across the skin and then evaporate completely at body temperature, leaving a transfer-resistant, lightweight film of color | C) They permanently bind to skin cells | D) They freeze pigments",B
392,Makeup,Medium,Multiple Choice,What is the role of Silica in translucent oil-control powders and mattifying cosmetics?,A) Acts as a sunscreen | B) Preserves against yeast | C) Adds deep black pigment | D) Spherical silica particles possess an exceptionally high surface area that absorbs excess sebum and diffuses light for an optical soft-focus blur,D
393,Makeup,Medium,Multiple Choice,What formulation component gives waterproof liquid eyeliners their flexible resistance to cracking when blinking?,A) Mineral talc | B) High water content | C) Plasticizing polymers that impart flexibility and tensile strength to the dried resin film | D) Heavy cooking oil,C
394,Makeup,Medium,Multiple Choice,How does Isododecane function as a primary solvent in transfer-proof liquid lipsticks and waterproof mascaras?,"A) It adds sweet taste | B) It acts as an emulsifier | C) It permanently stains the skin | D) It is a fast-spreading, volatile hydrocarbon carrier that suspends pigments and waxes smoothly before evaporating rapidly into a dry, transfer-proof finish",D
395,Makeup,Medium,Multiple Choice,What is the purpose of adding chelating agents like Disodium EDTA to water-based cosmetics?,"A) It creates foam | B) It colors the product white | C) It adds fragrance | D) It binds and sequesters trace metal ions (like calcium and magnesium) in water, preventing them from destabilizing emulsions or deactivating preservatives",D
396,Makeup,Medium,Typing,What is the fatty substance extracted from sheep's wool used as an emollient in non-vegan lip balms?,,lanolin
397,Makeup,Medium,Typing,What is the specialized makeup technique called where cream contour and blush are applied underneath foundation?,,underpainting
398,Makeup,Hard,Multiple Choice,What is the specific microbial challenge test (USP 51 / ISO 11930) required for all water-based commercial cosmetic launches?,"A) Boiling cosmetics in acid | B) Testing on human volunteers for acne | C) Inoculating formulation samples with standardized strains of bacteria (S. aureus, P. aeruginosa, E. coli) and fungi (C. albicans, A. brasiliensis) to verify logarithmic kill-rate | D) Freezing products for 1 year",C
399,Makeup,Hard,Multiple Choice,What formulation balance prevents 'sweating' (syneresis) in anhydrous makeup sticks containing high concentrations of volatile emollients?,A) Optimizing the solid-fat-index (SFI) and crystalline packing density of microcrystalline waxes to maintain capillary oil entrapment | B) Adding pure water | C) Removing all waxes | D) Lowering melting point to 0°C,A
400,Makeup,Hard,Multiple Choice,Why is Tocopheryl Acetate often chosen over pure L-alpha-Tocopherol in commercial cosmetic creams and foundations?,"A) It has zero stability | B) It is cheaper than water | C) It is blue in color | D) The acetate ester group protects the molecule from atmospheric oxidation in the container, releasing free active Vitamin E only after enzymatic cleavage in the skin",D
401,Makeup,Hard,Multiple Choice,What is the common term for an oil-and-water mixture held together by an emulsifying agent?,A) Hydrocarbon | B) Solvent | C) Emulsion | D) Precipitate,C
402,Makeup,Hard,Multiple Choice,"In advanced animatronics and film prosthetics, what specific platinum-cure silicone polymer (such as Dragon Skin or Platsil Gel-10) is favored for ultra-realistic tissue replication?",A) Two-part addition-cure (polyaddition) vinyl-terminated polydimethylsiloxane with deadener additive | B) Condensation-cure tin silicone | C) Polyurethane resin | D) High-temperature vulcanized rubber,A
403,Makeup,Hard,Multiple Choice,What is the function of adding a 'deadener' (such as Smith's Theatrical Deadener or Polytek Deadener) to platinum silicone for prosthetic appliances?,"A) It cures the silicone faster | B) It makes the appliance rigid like plastic | C) It adds black color | D) It disrupts cross-linking density, eliminating silicone's natural elastic snap and imparting a soft, squishy, realistic adipose human tissue feel",D
404,Makeup,Hard,Multiple Choice,"In film prosthetics, what is 'flocking' and how is it used inside translucent silicone appliances?","A) Dusting the mold with flour | B) Adding microscopic colored rayon, nylon, or silk fibers (red, blue, yellow) into uncured silicone to simulate internal dermal veins and sub-surface capillaries | C) Spraying the piece with hairspray | D) Painting the outer surface with white powder",B
405,Makeup,Hard,Multiple Choice,Why is Isopropyl Myristate (IPM) preferred over acetone as a prosthetic blending solvent for certain vinyl cap plastic formulations around the sensitive eye area?,"A) IPM is pure water | B) IPM is a gentle, non-polar fatty acid ester emollient that dissolves plastic edges smoothly without causing the severe chemical burning, corneal irritation, or extreme drying of acetone | C) IPM freezes the plastic | D) IPM smells like vanilla",B
406,Makeup,Hard,Typing,"What was the name of the toxic 1930s aniline eyelash dye that blinded women and led directly to the passage of the US 1938 Food, Drug, and Cosmetic Act?",,lash lure
407,Makeup,Easy,Multiple Choice,What syrup-based red concoction is widely used in theater and film to simulate fresh bleeding wounds?,A) Carmine powder | B) Stage blood | C) Red food dye in water only | D) Cherry juice,B
408,Makeup,Easy,Multiple Choice,"What tool with coarse, porous holes (like a wire sponge or stipple sponge) is used in SFX makeup to create realistic road rash, stubble, and broken capillaries?",A) Soft fan brush | B) Stipple sponge | C) Cotton ball | D) Flat foundation brush,B
409,Makeup,Easy,Multiple Choice,What is the primary difference between stage theatrical makeup and everyday street makeup?,"A) Stage makeup uses much heavier pigmentation, higher contrast, and exaggerated contouring to be visible from distant auditorium seats under harsh lighting | B) Theatrical makeup is only for men | C) Street makeup lasts 100 hours | D) Stage makeup is completely clear",A
410,Makeup,Easy,Multiple Choice,What solvent remover is specifically used to dissolve and remove stubborn spirit gum adhesive safely from the skin?,A) Acetone nail polish remover | B) Spirit gum remover | C) Cold water only | D) Rubbing alcohol on eyes,B
411,Makeup,Easy,Multiple Choice,"What transparent liquid silicone or collodion product puckers and pinches the skin as it dries to create the realistic illusion of indented, healed scars?",A) Mineral oil | B) Liquid latex | C) Setting spray | D) Rigid Collodion,D
412,Makeup,Easy,Multiple Choice,"What material is molded into custom prosthetic pieces (like elf ears, monster snouts, or realistic wounds) and glued onto actors' faces?",A) Papier-mâché | B) Plaster of Paris | C) Platinum-cure silicone or foam latex | D) Cardboard,C
413,Makeup,Easy,Multiple Choice,"In theatrical stage makeup, how are highlights and shadows drawn to make an actor look significantly older (age makeup)?","A) Applying glitter all over | B) Shaving all hair | C) Wearing red blush only | D) Accentuating natural facial expression lines (crow's feet, nasolabial folds, forehead creases) with dark brown shadows and sharp white highlights",D
414,Makeup,Easy,Multiple Choice,What is the medical-grade acrylic emulsion adhesive (commonly known as Pros-Aide) used for in professional special effects?,A) Setting eyeshadow | B) Whitening teeth | C) Cleaning brushes | D) Bonding silicone and foam latex prosthetics firmly to the skin for hours without lifting,D
415,Makeup,Easy,Multiple Choice,What is a 'bald cap' in theatrical and film transformation makeup?,"A) A thin, flexible latex or vinyl cap glued over an actor's flattened hair to create the optical illusion of a completely hairless head | B) A winter beanie | C) A shower cap | D) A hairnet",A
416,Makeup,Easy,Multiple Choice,"Which alcohol-activated makeup palettes require 99% isopropyl alcohol to activate dry, waterproof pigment for realistic painting on prosthetics?",A) Water-activated watercolor cakes | B) Cream greasepaint wheels | C) Pressed eyeshadow pans | D) Alcohol-activated palettes,D
417,Makeup,Easy,Multiple Choice,"In body painting, what water-activated cakes of paint provide smooth, streak-free coverage that washes off completely with soap and water?",A) Permanent ink | B) Oil house paint | C) Acrylic canvas paint | D) Water-activated cake makeup,D
418,Makeup,Easy,Multiple Choice,What is the technique in drag makeup where setting powder is applied heavily over cream highlights and left to bake for 10-15 minutes?,A) Stippling | B) Baking | C) Draping | D) Strobing,B
419,Makeup,Easy,Multiple Choice,What specialized SFX blood formula dries down completely on the skin with a dark crusty finish that will not transfer onto costumes?,A) Running liquid stage blood | B) Scab blood | C) Beet juice | D) Red acrylic paint,B
420,Makeup,Easy,Multiple Choice,Why must actors with natural latex allergies avoid traditional liquid latex and foam latex prosthetics?,"A) Latex turns skin green | B) Latex has a sweet taste | C) Latex makes hair grow faster | D) Latex proteins can trigger severe contact dermatitis, hives, and potentially fatal anaphylactic reactions",D
421,Makeup,Easy,Multiple Choice,What is the primary benefit of silicone prosthetics over older foam latex appliances in high-definition cinematography?,"A) Silicone possesses natural translucency, skin-like movement, and feathered edges that dissolve seamlessly with solvent for invisible blending in 4K resolution | B) Silicone is made of paper | C) Silicone is 100% rigid | D) Silicone never needs paint",A
422,Makeup,Easy,Multiple Choice,What substance is applied over eyebrow hairs before gluing them down to protect them and ensure smooth adhesion in drag artistry?,A) Hair wax or soap/glue layer with heavy translucent powder | B) Cooking oil | C) Acid peel | D) Shampoo,A
423,Makeup,Easy,Multiple Choice,What globally recognized cruelty-free certification logo features a jumping bunny leaping over stars?,A) The Leaping Bunny Certification | B) Blue Ribbon | C) Red Cross | D) Green Tree Seal,A
424,Makeup,Easy,Multiple Choice,Which iconic British makeup artist founded her eponymous luxury brand featuring best-selling products like 'Magic Cream' and 'Pillow Talk' lipstick?,A) Anastasia Soare | B) Bobbi Brown | C) Charlotte Tilbury | D) Huda Kattan,C
425,Makeup,Easy,Multiple Choice,Which master makeup artist was crowned the 'Mother of Makeup' and became the first makeup artist to receive a British Damehood from Queen Elizabeth II?,A) Jeffree Star | B) Pat McGrath | C) Mario Dedivanovic | D) Kevyn Aucoin,B
426,Makeup,Easy,Multiple Choice,What legendary MAC Cosmetics matte lipstick shade in a vivid blue-red tone is universally celebrated as an industry classic?,A) Velvet Teddy | B) Black Honey | C) Ruby Woo | D) Orgasm,C
427,Makeup,Easy,Multiple Choice,Which celebrity singer and entrepreneur revolutionized makeup inclusivity in 2017 by launching Fenty Beauty with an unprecedented 40 foundation shades?,A) Lady Gaga | B) Ariana Grande | C) Selena Gomez | D) Rihanna,D
428,Makeup,Easy,Typing,What is the softest natural silicate mineral (hydrated magnesium silicate) historically used as the base for face powders?,,talc
429,Makeup,Easy,Typing,What type of cosmetic testing involves placing a small dot of product on the inner arm to check for skin allergies?,,patch test
430,Makeup,Easy,Typing,What common silicone polymer (beginning with D) provides silky glide and pore-smoothing in makeup primers?,,dimethicone
431,Makeup,Medium,Multiple Choice,What is the primary difference between mineral makeup and conventional makeup formulas?,"A) Mineral makeup contains no color | B) Mineral makeup is formulated without synthetic fragrances, heavy liquid binders, or chemical dyes, consisting primarily of purified inorganic earth minerals | C) Mineral makeup is 100% liquid | D) Mineral makeup cannot expire",B
432,Makeup,Medium,Multiple Choice,What causes certain cream foundation sticks to feel draggy and heavy rather than smoothly gliding during application?,A) Lack of talc | B) Too much air | C) High wax-to-oil ratio with high melting point waxes (like ozokerite) and lack of volatile spreading emollients | D) Too much water,C
433,Makeup,Medium,Multiple Choice,Why are 'Alcohol-Activated Palettes' (like Skin Illustrator) universally standard on professional movie sets over traditional greasepaint?,"A) Once the alcohol carrier evaporates, the pigments become completely waterproof, sweat-resistant, transfer-proof, and can be applied in hyper-realistic translucent layers | B) They glow in the dark | C) They wash off in the rain | D) They taste like alcohol",A
434,Makeup,Medium,Multiple Choice,What is 'Pros-Aide Cream' (also known as 'Bondo') in special effects prosthetic application?,A) A type of lipstick | B) A thick paste made by mixing Pros-Aide adhesive with fumed silica (Cab-O-Sil) to fill seams and blend the edges of prosthetics invisibly into the skin | C) A hair gel | D) An eye cream,B
435,Makeup,Medium,Multiple Choice,"In high-definition film, what solvent is used to melt and dissolve the micro-thin encapsulation plastic (such as Baldiez or Super Baldiez) around silicone prosthetic edges?",A) Acetone or Isopropyl Myristate | B) Pure water | C) Olive oil | D) Apple cider vinegar,A
436,Makeup,Medium,Multiple Choice,"How does a professional makeup artist create the lifelike illusion of skin capillaries, freckles, and mottling on a prosthetic appliance?","A) Painting one solid flat color | B) Drawing solid circles with a marker | C) Flicking alcohol-activated pigments through a stiff stipple brush or toothbrush (splatter technique) in subtle layers of red, blue, and yellow | D) Spraying foundation with a hose",C
437,Makeup,Medium,Multiple Choice,What is 'crepe wool' (crepe hair) in theatrical beard and mustache construction?,"A) Fake hair made of plastic yarn | B) Real human hair wigs | C) Braided strands of treated wool fiber that are unraveled, straightened with steam, and laid in layered sections with spirit gum onto the face | D) Synthetic cotton wool",C
438,Makeup,Medium,Multiple Choice,Why must platinum-cure silicone prosthetics never come into contact with natural latex or sulfur-containing clays during molding?,"A) Sulfur and amine compounds act as catalytic poisons that permanently inhibit the platinum cure catalyst, leaving the silicone sticky, gooey, and un-cured | B) The mold turns to liquid | C) The color changes to bright blue | D) The silicone explodes",A
439,Makeup,Medium,Multiple Choice,What technique is used in drag and high-fashion makeup to create the optical illusion of massively enlarged eyes?,"A) Applying 10 coats of clear mascara | B) Drawing a white or flesh-colored line on the waterline, dropping the lower black lash line beneath the natural eye, and gluing false lashes lower onto the cheek | C) Shaving the eyelids | D) Wearing yellow contact lenses only",B
440,Makeup,Medium,Multiple Choice,"What is 'foam latex' and why was it the industry standard for creature suits and facial appliances in 20th-century cinema (e.g., Planet of the Apes)?","A) Plaster poured over faces | B) Solid styrofoam carved with knives | C) A whipped, baked mixture of liquid latex, foaming agents, and gelling curatives that creates an ultra-lightweight, flexible, breathable sponge appliance | D) Melted rubber tires",C
441,Makeup,Medium,Multiple Choice,"In theatrical stage lighting, what happens to makeup colors when exposed to strong green or blue stage gels?","A) Foundation glows bright white | B) Red and warm tones appear muddy, grey, or black due to subtractive color absorption, requiring exaggerated red and warm color compensation in the makeup | C) All makeup disappears | D) Eyeliner turns yellow",B
442,Makeup,Medium,Multiple Choice,What is 'Pax Paint' in special effects and costume fabrication?,"A) Water-based face paint | B) A 50/50 mixture of Pros-Aide prosthetic adhesive and Liquitex acrylic paint that creates an ultra-flexible, waterproof, high-adhesion paint for foam latex | C) Paint made from crushed chalk | D) Edible cake paint",B
443,Makeup,Medium,Typing,What is the eye makeup technique of wetting metallic eyeshadow pigments with setting spray to create a molten metal look?,,foiling
444,Makeup,Medium,Typing,What is the cosmetic service that temporarily perms and brushes eyebrow hairs into a fuller upward position?,,brow lamination
445,Makeup,Hard,Multiple Choice,"What is the chemical composition of 'methocel blood' widely used in cinematic gore rigs, bullet squibs, and high-volume scene splatters?","A) Methylcellulose powder hydrated in water, colored with food dyes, and thickened with corn syrup or glycerin for controlled viscous flow | B) Real cow blood | C) Red ink and oil | D) Acrylic house paint",A
446,Makeup,Hard,Multiple Choice,"In life-casting (creating an exact 3D replica of an actor's face/head), what dental-grade seaweed extract is applied as the safe primary skin impression material?",A) Quick-setting cement | B) Sodium alginate | C) Liquid hot wax | D) Pure plaster of Paris directly on bare skin,B
447,Makeup,Hard,Multiple Choice,What is the primary role of cab-o-sil (fumed silica) when mixed into silicone prosthetic casting resin?,A) Making silicone edible | B) Coloring silicone green | C) Speeding cure to 1 second | D) Thixotropic thickening agent that prevents silicone from slumping on vertical mold walls,D
448,Makeup,Hard,Multiple Choice,What is the primary chemical function of adding colloidal silica to dental-grade alginate powders during life-cast molding?,"A) Sweetens the scent | B) Dries out actor skin | C) Adds white color | D) Controls dust aerosolization, enhances tear strength, and improves dimensional reproduction fidelity",D
449,Makeup,Hard,Multiple Choice,"In global cosmetic safety regulations, how does the European Union Cosmetics Regulation (EC) No 1223/2009 compare to US FDA cosmetics regulations regarding prohibited substances?","A) The US bans 5,000 ingredients while the EU bans none | B) The EU strictly bans or restricts over 1,600 chemical substances under the Precautionary Principle, whereas the US FDA bans or restricts approximately 11 ingredients | C) The EU has no regulations | D) Both lists are identical",B
450,Makeup,Hard,Multiple Choice,"Under international INCI (International Nomenclature of Cosmetic Ingredients) standards, in what order must ingredients be listed on cosmetic packaging?","A) Random order | B) In descending order of concentration by weight (predominance) down to 1%, after which ingredients present at 1% or less may be listed in any order | C) Ascending order from least to most | D) Alphabetical order",B
451,Makeup,Hard,Multiple Choice,What is the MoCRA (Modernization of Cosmetics Regulation Act of 2022) and how did it fundamentally transform US cosmetics regulation?,"A) The first major statutory overhaul of FDA cosmetic authority since 1938, mandating facility registration, product listing, serious adverse event reporting, and safety substantiation | B) Eliminating cosmetic labels | C) Setting a maximum price on lipsticks | D) Banning all animal testing in 50 states",A
452,Makeup,Hard,Multiple Choice,"In subtractive color theory for professional makeup mixing, what three primary pigments cannot be created by mixing other colors and form the base of all skin tones?","A) Green, Orange, and Violet | B) Cyan, Magenta, and White | C) Black, White, and Brown | D) Red, Yellow, and Blue",D
453,Makeup,Hard,Typing,"What legendary master makeup artist authored 'Making Faces' and 'The Art of Makeup', revolutionizing 1990s contouring and beauty?",,kevyn aucoin
454,Makeup,Easy,Multiple Choice,What does it mean when a cosmetic product is certified 'Vegan'?,A) It is 100% green in color | B) It contains zero animal-derived ingredients or animal by-products | C) It contains no water | D) It is made of edible vegetables,B
455,Makeup,Easy,Multiple Choice,Which pioneering makeup artist founded an eponymous natural beauty brand in 1991 focused on yellow-based foundations and enhancing natural beauty?,A) Pat McGrath | B) Kevyn Aucoin | C) Charlotte Tilbury | D) Bobbi Brown,D
456,Makeup,Easy,Multiple Choice,What classic NARS Cosmetics peachy-pink blush with golden shimmer achieved worldwide cult status after its release in 1999?,A) Deep Throat | B) Torrid | C) Dolce Vita | D) Orgasm,D
457,Makeup,Easy,Multiple Choice,"In basic color theory, what are complementary colors?",A) Colors located directly opposite each other on the color wheel that neutralize or emphasize one another | B) Colors that cannot be mixed | C) Colors with no pigment | D) Colors that are identical in shade,A
458,Makeup,Easy,Multiple Choice,What is the primary difference between 'Cruelty-Free' and 'Vegan' cosmetics?,"A) Vegan means tested on humans only | B) There is no difference | C) Cruelty-free means organic | D) Cruelty-free means the product and ingredients were not tested on animals, while Vegan means it contains no animal-derived ingredients",D
459,Makeup,Easy,Multiple Choice,Which beauty mogul founded Anastasia Beverly Hills and is celebrated as the 'Eyebrow Queen' who introduced the Golden Ratio Brow shaping method?,A) Anastasia Soare | B) Natasha Denona | C) Laura Mercier | D) Huda Kattan,A
460,Makeup,Easy,Multiple Choice,"What Clinique cosmetic product launched in 1971 achieved viral cult status for its sheer, universal blackened-raisin tint that flatters all skin tones?",A) Dramatically Different Moisturizing Lotion | B) Almost Lipstick in 'Black Honey' | C) Chubby Stick | D) High Impact Mascara,B
461,Makeup,Easy,Multiple Choice,What color eyeshadow makes blue eyes pop and stand out most dramatically according to color theory wheel contrast?,"A) Green shadow | B) Silver shadow only | C) Warm copper, bronze, orange, and terracotta shades | D) Bright blue shadow",C
462,Makeup,Easy,Multiple Choice,Which celebrity makeup artist is world-renowned as Kim Kardashian's longtime artist and founder of the brand 'Makeup by Mario'?,A) Hung Vanngo | B) Ariel Tejada | C) Mario Dedivanovic | D) Patrick Ta,C
463,Makeup,Easy,Multiple Choice,What famous liquid cheek and lip stain was originally created in 1977 by Benefit Cosmetics founders for an exotic dancer in San Francisco?,A) ChaCha Tint | B) Benetint | C) Posietint | D) Gogotint,B
464,Makeup,Easy,Multiple Choice,Which world-famous French luxury department store and international beauty retailer was founded in 1969 by Dominique Mandonnaud?,A) Ulta Beauty | B) Saks Fifth Avenue | C) Sephora | D) Harrods,C
465,Makeup,Easy,Multiple Choice,What color eyeshadow makes green and hazel eyes stand out most vividly based on complementary color wheel principles?,"A) Olive green shadow | B) Pure yellow | C) Pale white | D) Purple, plum, violet, and warm burgundy shades",D
466,Makeup,Easy,Multiple Choice,Which French makeup artist and educator founded Make Up For Ever (MUFE) in 1984 to provide professional-grade products for performers and artists?,A) Laura Mercier | B) Francois Nars | C) Christian Dior | D) Dany Sanz,D
467,Makeup,Easy,Multiple Choice,"What cosmetic brand famous for its sheer, French-girl aesthetic and 'Boy Brow' was founded by Emily Weiss in 2014 out of the blog 'Into The Gloss'?",A) Rare Beauty | B) Milk Makeup | C) Tower 28 | D) Glossier,D
468,Makeup,Easy,Multiple Choice,Which makeup artist pioneered the 'Flawless Face' philosophy and popularized translucent loose setting powder worldwide?,A) Kevyn Aucoin | B) Charlotte Tilbury | C) Bobbi Brown | D) Laura Mercier,D
469,Makeup,Easy,Multiple Choice,What makeup line founded by singer and actress Selena Gomez emphasizes mental health awareness and natural self-acceptance?,A) Rare Beauty | B) REM Beauty | C) Fenty Beauty | D) Haus Labs,A
470,Makeup,Easy,Multiple Choice,What lightweight liquid cosmetic removes face makeup gently using microscopic cleansing oil spheres suspended in soft water?,A) Nail polish remover | B) Liquid latex | C) Micellar water | D) Rubbing alcohol,C
471,Makeup,Easy,Multiple Choice,"What single-word cosmetic term describes a makeup base finish that appears moist, luminous, and radiant like morning dew?",A) Dewy | B) Chalky | C) Matte | D) Ashy,A
472,Makeup,Easy,Multiple Choice,What cosmetic cheek product is applied to simulate a tan and warm up the complexion with golden or terracotta tones?,A) Mascara | B) Concealer | C) Bronzer | D) Eyeliner,C
473,Makeup,Easy,Multiple Choice,"What cosmetic eye product is applied to the eyelids to add color, depth, and dimension?",A) Brow pomade | B) Lip liner | C) Eyeshadow | D) Setting powder,C
474,Makeup,Easy,Multiple Choice,What cosmetic wax or pomade product provides strong sculpted hold to shape and groom eyebrow hairs?,A) Setting spray | B) Brow pomade | C) Face powder | D) Bronzer,B
475,Makeup,Easy,Typing,What natural rubber liquid is widely used in Halloween and SFX makeup to create fake peeling skin and blisters?,,liquid latex
476,Makeup,Easy,Typing,What is the classic resin-based theatrical adhesive used to glue crepe hair and prosthetic pieces to skin?,,spirit gum
477,Makeup,Easy,Typing,"What clear liquid (drawing solution) shrinks and tightens the skin as it dries to create deep, puckered scar illusions?",,rigid collodion
478,Makeup,Medium,Multiple Choice,How is 'gelatin prosthetic' makeup formulated for low-budget film productions as an alternative to expensive silicone?,"A) Jell-O dessert mix and sugar | B) A mixture of food-grade gelatin, glycerin, and sorbitol (or water) that melts with gentle heat and sets in molds into flexible, skin-like appliances | C) Pure flour and water paste | D) Cornstarch and glue",B
479,Makeup,Medium,Multiple Choice,Why must rigid collodion never be applied repeatedly to the exact same spot on the face day after day for weeks?,"A) The intense localized mechanical tension can cause permanent real skin scarring, deep tissue indentations, and vascular damage | B) It turns the skin blue | C) It makes skin numb forever | D) It permanently bleaches hair",A
480,Makeup,Medium,Multiple Choice,Why was the 2013 European Union total ban on animal testing for cosmetics and imported cosmetic ingredients historically monumental?,A) It prohibited both the testing of finished cosmetic products and individual cosmetic raw materials on animals anywhere within the EU territory | B) It made cosmetics illegal for men | C) It required all cosmetics to be edible | D) It banned all makeup in Europe,A
481,Makeup,Medium,Multiple Choice,How did China's 2021 cosmetic regulation reform (CSAR) mark a major turning point for international cruelty-free beauty brands?,"A) It removed mandatory post-market and pre-market animal testing for most imported 'general cosmetics' (like shampoo, lipstick, foundation) manufactured under certified GMP | B) It mandated testing on all cosmetics forever | C) It eliminated ingredient labels | D) It banned all international brands",A
482,Makeup,Medium,Multiple Choice,What color theory principle explains why applying an orange or peach corrector under foundation eliminates deep blue/purple under-eye circles?,"A) Blue absorbs orange light | B) Purple dissolves in orange | C) Orange and blue are complementary colors on the color wheel; when layered, they optically cancel each other out to create a neutral grayscale tone | D) Orange bleaches the skin",C
483,Makeup,Medium,Multiple Choice,"What makes 'Carmine' (CI 75470) controversial in modern clean beauty, preventing products containing it from being certified Vegan?",A) It is a petroleum oil | B) It causes blindness | C) It is an intense red pigment extracted by crushing the dried bodies of female cochineal insects | D) It contains toxic lead,C
484,Makeup,Medium,Multiple Choice,Which celebrity makeup artist created the viral 'glass skin' and porcelain doll makeup look for the Maison Margiela Spring 2024 Artisanal runway show?,A) Dame Pat McGrath | B) Mario Dedivanovic | C) Lisa Eldridge | D) Patrick Ta,A
485,Makeup,Medium,Multiple Choice,What is the Golden Ratio (Phi: 1.618) method used by Anastasia Soare in precision eyebrow design?,"A) Shaving brows 1.6 cm apart | B) Tinting brows 16 times | C) A mathematical architectural proportion used to map the beginning, arch, and tail of eyebrows relative to the facial bone structure | D) Drawing brows with a compass",C
486,Makeup,Medium,Multiple Choice,"What was the significance of Kevyn Aucoin's 1990s transformative makeup work with supermodels like Naomi Campbell, Cindy Crawford, and Linda Evangelista?","A) He introduced neon mascara | B) He eliminated all foundation | C) He only used airbrush guns | D) He pioneered modern sculpting, heavy contouring with creamy transitions, and hyper-customized facial architecture before digital retouching existed",D
487,Makeup,Medium,Multiple Choice,Why do yellow-based foundation undertones suit a wider global demographic compared to traditional pink-based foundations?,"A) Yellow pigments are cheaper | B) Yellow is the brightest color | C) Pink pigments are toxic | D) Most human skin tones across Asian, Mediterranean, Hispanic, Black, and Caucasian ethnicities contain melanin with dominant warm yellow/golden pheomelanin and eumelanin undertones",D
488,Makeup,Medium,Multiple Choice,"What does 'clean beauty' generally mean in modern retail standards (e.g., Clean at Sephora), despite having no strict legal FDA definition?","A) Formulating without specific controversial ingredients such as parabens, phthalates, sulfates (SLS/SLES), mineral oils, formaldehydes, and microplastics | B) Washed with pure soap | C) Free of all chemicals | D) Made of 100% spring water",A
489,Makeup,Medium,Multiple Choice,"Who is the legendary British makeup artist and author of 'Face Paint: The Story of Makeup', serving as Global Creative Director for Lancôme?",A) Pixiwoo | B) Charlotte Tilbury | C) Sam Chapman | D) Lisa Eldridge,D
490,Makeup,Medium,Typing,What temporary skin condition (distinct from dry skin type) is caused by a lack of water in the stratum corneum?,,dehydration
491,Makeup,Medium,Typing,What French cosmetic term (meaning 'to shade') describes blending two or more lipstick colors from dark edges to a lighter center?,,ombre
492,Makeup,Hard,Multiple Choice,Why does adding a microscopic drop of blue pigment to an overly orange foundation correct the shade more effectively than adding white powder?,A) Blue is the exact complementary color to orange; mixing complementary pigments neutralizes chroma (saturation) without raising lightness value or making the base look chalky | B) Blue bleaches the orange | C) Blue turns the foundation green | D) White darkens the shade,A
493,Makeup,Hard,Multiple Choice,What is the biochemical reason behind using synthetic recombinant plant squalane (derived from fermented sugarcane) instead of traditional squalene in ethical cosmetics?,"A) Shark squalene cannot dissolve in oil | B) Traditional squalene was historically harvested from the livers of deep-sea sharks; sugarcane bio-fermentation provides a sustainable, cruelty-free, and chemically stable saturated squalane | C) Sugarcane squalane is blue | D) Shark squalene is poisonous to humans",B
494,Makeup,Hard,Multiple Choice,What strict requirement must a cosmetic brand fulfill to be awarded the official PETA 'Beauty Without Bunnies' certification?,"A) Only sell products in veterinary clinics | B) Legally certify that the company, its parent company, and its ingredient suppliers do not conduct, commission, or pay for any animal testing anywhere in the world | C) Donate 50% of profits to animal shelters | D) Make all packaging out of edible grass",B
495,Makeup,Hard,Multiple Choice,"In colorimetry, what does the Munsell Color System (Hue, Value, and Chroma) quantify when formulating precision foundation shade ranges?","A) The drying speed in seconds | B) Hue (the color family/undertone), Value (the lightness/darkness from 0 to 10), and Chroma | C) The weight and volume of the bottle | D) The fragrance strength",B
496,Makeup,Hard,Multiple Choice,What specific inorganic chemical compound (chemical formula TiO2) is the primary white pigment and physical sunscreen filter in cosmetics?,A) Zinc oxide | B) Silicon dioxide | C) Bismuth oxychloride | D) Titanium dioxide,D
497,Makeup,Hard,Multiple Choice,What natural red pigment derived from dried female cochineal insects (CI 75470) is used in luxury blushes and lipsticks?,A) Carmine | B) Ultramarine | C) Iron oxide red | D) D&C Red No. 6,A
498,Makeup,Hard,Multiple Choice,What naturally derived wax with the highest melting point of all natural waxes (from Brazilian palm Copernicia prunifera) gives lipsticks structural rigidity?,A) Carnauba wax | B) Ozokerite wax | C) Candelilla wax | D) Beeswax,A
499,Makeup,Hard,Multiple Choice,What landmark US federal law enacted in December 2022 modernized FDA regulatory oversight over cosmetics for the first time since 1938?,A) OSHA | B) CSAR | C) HIPAA | D) MoCRA,D
500,Makeup,Hard,Typing,What rheological term describes a fluid (like foundation or nail lacquer) that thins when shaken or brushed and thickens at rest?,,thixotropy
