number,subject,difficulty,question_type,question,multiple_choices,answer
1,Puzzles,Easy,Multiple Choice,What 5-letter English word becomes noticeably shorter in meaning when you add two letters ('e' and 'r') to the end of it?,A) Short | B) Small | C) Brief | D) Quick,A
2,Puzzles,Easy,Multiple Choice,"I speak without a mouth and hear without ears. I have no physical body, but I come alive with the wind and bouncing sound. What am I?",A) A cloud | B) An echo | C) A whistle | D) A shadow,B
3,Puzzles,Easy,Multiple Choice,"The more you take away from me, the larger and deeper I become. What am I?",A) A bank account | B) A shadow | C) A hole | D) A cave,C
4,Puzzles,Easy,Multiple Choice,What common household item gets wetter and wetter the more it dries things off?,A) A sponge | B) A hairdryer | C) A napkin | D) A towel,D
5,Puzzles,Easy,Multiple Choice,"I have cities without houses, forests without trees, rivers without water, and mountains without stones. What am I?",A) A map | B) A globe | C) A desert | D) A painting,A
6,Puzzles,Easy,Multiple Choice,What fragile thing is so delicate that simply saying its name out loud immediately breaks it?,A) A secret | B) Silence | C) Glass | D) A promise,B
7,Puzzles,Easy,Multiple Choice,"I have a neck but no head, two arms but no hands, and I keep you warm. What am I?",A) A scarf | B) A coat | C) A shirt | D) A glove,C
8,Puzzles,Easy,Multiple Choice,What five-letter English word is pronounced exactly the same even if you remove four of its five letters (leaving only the first letter)?,A) Aisle | B) Peace | C) Quiet | D) Queue,D
9,Puzzles,Easy,Multiple Choice,"I follow you everywhere you go in the bright daylight, mimicking your every move, yet the moment darkness falls, I completely disappear. What am I?",A) A shadow | B) A mirror | C) A reflection | D) A photograph,A
10,Puzzles,Easy,Multiple Choice,"What object has many keys, sharps, and flats, but cannot open a single door or padlock in the world?",A) A typewriter | B) A piano | C) A key ring | D) A computer keyboard,B
11,Puzzles,Easy,Multiple Choice,"What belongs exclusively to you, yet is used far more often by your friends, family, and other people than by yourself?",A) Your phone | B) Your car | C) Your name | D) Your money,C
12,Puzzles,Easy,Multiple Choice,"What household item has one single eye at its end, but is completely blind and cannot see anything?",A) A potato | B) A storm | C) A button | D) A sewing needle,D
13,Puzzles,Easy,Multiple Choice,"I am tall when I am young and fresh, but I grow shorter and shorter as I get older and burn. What am I?",A) A candle | B) A tree | C) A human | D) A cigar,A
14,Puzzles,Easy,Multiple Choice,"What kind of room in a building has no doors, no windows, no walls, and cannot be lived in by humans?",A) An attic | B) A mushroom | C) A basement | D) A closet,B
15,Puzzles,Easy,Multiple Choice,"What goes up and down constantly throughout the day to move people between floors, but never actually moves itself?",A) An elevator | B) An escalator | C) A flight of stairs | D) A ladder,C
16,Puzzles,Easy,Multiple Choice,What can travel all the way around the entire world while staying permanently stuck in one single corner of an envelope?,A) A postcard | B) An email | C) A compass | D) A postage stamp,D
17,Puzzles,Easy,Multiple Choice,"I have a spine and many leaves, but I am not a plant or a human. What am I?",A) A book | B) A tree | C) A skeleton | D) A notebook,A
18,Puzzles,Easy,Multiple Choice,"What has hands that move continuously and a face that never smiles, but has no arms, legs, or eyes?",A) A robot | B) A clock | C) A doll | D) A statue,B
19,Puzzles,Easy,Multiple Choice,What has to be broken completely before you can ever cook with it or use it?,A) A glowstick | B) A coconut | C) An egg | D) A walnut,C
20,Puzzles,Easy,Multiple Choice,What common fruit has its seeds located on the outside of its skin rather than on the inside?,A) A blackberry | B) A raspberry | C) A kiwi | D) A strawberry,D
21,Puzzles,Easy,Multiple Choice,"If you drop me from the tallest skyscraper, I will float down unharmed, but if you drop me into a small puddle of water, I am ruined and die. What am I?",A) A piece of paper | B) A feather | C) An ant | D) A leaf,A
22,Puzzles,Easy,Multiple Choice,"I have a head and a tail, but I have no legs, body, or fins. What am I?",A) A snake | B) A coin | C) A comet | D) A tadpole,B
23,Puzzles,Easy,Typing,What word is always pronounced and spelled incorrectly by everyone in the English dictionary?,,incorrectly
24,Puzzles,Easy,Typing,"If you have me, you want to share me. If you share me, you no longer have me. What am I?",,secret
25,Puzzles,Easy,Typing,"What goes up into the sky and increases every single year, but never ever comes down for any human?",,age
26,Puzzles,Easy,Typing,"What full-size kitchen container begins with the letter 'T', is filled with 'T', and ends with the letter 'T'?",,teapot
27,Puzzles,Medium,Multiple Choice,"A cowboy rides into a small frontier town on Friday. He stays at the local inn for exactly three full days and nights, and then rides out of town on Friday. How is this possible?",A) He traveled across the international date line | B) He was asleep for a week | C) 'Friday' was the name of his horse | D) It was a leap year,C
28,Puzzles,Medium,Multiple Choice,"You are trapped in a dark cabin with only one single wooden match. In the room, there is a kerosene lamp, a wood-burning stove, and a wax candle. What MUST you light first?",A) The kerosene lamp | B) The wood stove | C) The wax candle | D) The match,D
29,Puzzles,Medium,Multiple Choice,A man is pushing his car down a road. He stops pushing right in front of a hotel and immediately realizes that he is completely bankrupt. Why?,A) He is playing a game of Monopoly | B) The hotel valet charges an outrageous fee | C) His car broke down outside an expensive resort | D) He lost a high-stakes poker bet inside,A
30,Puzzles,Medium,Multiple Choice,"Two fathers and two sons go out on a lake to fish. They each catch exactly one fish, and when they return home, there are exactly three fish in the basket. Nobody lost a fish. How is this possible?","A) One fish was eaten raw on the boat | B) There were only three people: a grandfather, his son, and his grandson | C) One of the sons caught a pregnant fish | D) A fish jumped back into the water",B
31,Puzzles,Medium,Multiple Choice,"A wealthy man lives on the 20th floor of a tall apartment building. Every morning, he takes the elevator all the way down to the ground floor to go to work. In the evening, if it was a sunny day, he takes the elevator up to the 10th floor and walks the remaining 10 flights of stairs to his apartment. But on rainy days, he rides the elevator all the way up to the 20th floor. Why?",A) He likes exercising when it's sunny | B) The elevator mechanism overheats in sunshine | C) He is a person of short stature and can only reach the button for the 20th floor using his umbrella | D) The upper floors are locked on sunny days,C
32,Puzzles,Medium,Multiple Choice,"A father and his young son are in a severe car accident and are rushed to the hospital in separate ambulances. The boy is wheeled into the operating room, but the surgeon looks at the boy and gasps: 'I cannot operate on this boy, he is my son!' Who is the surgeon?",A) The boy's adoptive father | B) The boy's grandfather | C) The boy's uncle | D) The boy's mother,D
33,Puzzles,Medium,Multiple Choice,"A man is found dead inside a locked, completely empty room with no furniture. He is hanging from a rope tied to the high ceiling center beam, with his feet hovering 2 feet above the bare floor. Directly beneath him is a large puddle of plain water. How did he hang himself without any chair or ladder?",A) He stood on a large block of solid ice that later melted away completely | B) He jumped from the window ledge | C) An accomplice entered through a trapdoor | D) He used hydraulic stilts,A
34,Puzzles,Medium,Multiple Choice,"A truck driver is traveling down a one-way street in the completely wrong direction. He passes three police officers on patrol, but none of them stop him or write him a traffic ticket. Why?","A) The police were on strike | B) The truck driver was walking on foot, not driving his truck | C) The street was under construction | D) It was an emergency route",B
35,Puzzles,Medium,Multiple Choice,"Before the highest mountain in the world, Mount Everest, was officially discovered and surveyed by European surveyors in 1856, what was the highest mountain on Earth?",A) K2 | B) Kangchenjunga | C) Mount Everest | D) Mount Kilimanjaro,C
36,Puzzles,Medium,Multiple Choice,"What English word containing all five vowels (A, E, I, O, U) has them appearing in exact reverse alphabetical order (U, O, I, E, A)?",A) Facetious | B) Unintentional | C) Abstemious | D) Subcontinental,D
37,Puzzles,Medium,Multiple Choice,"A woman shoots her husband with a camera, holds him under water for five minutes, and then hangs him from a wall. Later that evening, the two of them go out and enjoy a wonderful dinner together. How is this possible?",A) She is a photographer developing his portrait photograph in a darkroom | B) It was a rehearsed magic trick | C) She was dreaming during a nap | D) They were acting in a stage play,A
38,Puzzles,Medium,Multiple Choice,A basket contains 5 crisp red apples. You take away 3 apples from the basket. How many apples do YOU have now?,A) 2 apples | B) 3 apples | C) 5 apples | D) 0 apples,B
39,Puzzles,Medium,Multiple Choice,Which word becomes an entirely new word with a completely opposite meaning when you capitalize its first letter: 'polish' (to shine something) vs 'Polish' (relating to Poland)?,A) March | B) China | C) Polish | D) Turkey,C
40,Puzzles,Medium,Typing,"What is full of holes all over its body, yet can still hold a substantial amount of water?",,sponge
41,Puzzles,Medium,Multiple Choice,"You see a boat filled with married people, yet there is not a single person on board. How is that possible?",A) single | B) divorced | C) vacant | D) married,D
42,Puzzles,Medium,Multiple Choice,"What word starts with 'e', ends with 'e', but usually contains only one single letter?",A) envelope | B) eagle | C) engine | D) eye,A
43,Puzzles,Hard,Multiple Choice,"You are given two identical-looking hourglass sand timers: one measures exactly 7 minutes, and the other measures exactly 4 minutes. What is the minimum total elapsed time needed to accurately measure exactly 9 minutes using both timers?",A) 11 minutes | B) 9 minutes | C) 15 minutes | D) 13 minutes,B
44,Puzzles,Hard,Multiple Choice,"A prisoner is given a chance for freedom. The king places two pieces of paper inside a sealed jar. The king tells him: 'One paper says FREEDOM, and the other says EXECUTION. Draw one.' But the clever prisoner knows the corrupt king wrote 'EXECUTION' on BOTH slips. What does the prisoner do to guarantee his immediate freedom?","A) He refuses to draw any slip and asks for a trial | B) He reveals the trick to the guards | C) He swallows the drawn slip immediately, forcing the king to look at the remaining slip to deduce what was eaten | D) He tears both slips in half",C
45,Puzzles,Hard,Multiple Choice,"In a bizarre town, 100% of the men are married, and 100% of the women are married, all in monogamous heterosexual pairings within the town. Yet, 2/3 of the men are married to 3/4 of the women. What is the ratio of men to women in the town?",A) 8 to 9 | B) 1 to 1 | C) 3 to 4 | D) 9 to 8,D
46,Puzzles,Hard,Multiple Choice,What unique sentence in English contains every letter of the alphabet using the fewest possible repeating letters (a pangram)?,"A) 'The quick brown fox jumps over the lazy dog.' | B) 'Pack my box with five dozen liquor jugs.' | C) 'Sphinx of black quartz, judge my vow.' | D) 'How quickly daft jumping zebras vex.'",A
47,Puzzles,Medium,Multiple Choice,"Three logicians (A, B, C) walk into a café. The server asks: 'Does everyone here want coffee?' Logician A says: 'I don't know.' Logician B says: 'I don't know.' Logician C says: 'Yes!' Why was Logician C able to answer definitively for the whole group?","A) Logician C read their body language | B) If A or B did not want coffee, they would have said 'No'. Since they wanted coffee but didn't know the others' minds, they said 'I don't know'. C wants coffee too, so all three want coffee | C) Logician C was the only one paying | D) Logician C guessed based on probability",B
48,Puzzles,Medium,Multiple Choice,A blindfolded person is given a standard deck of 52 cards where exactly 10 cards are face-up and 42 cards are face-down. How can the blindfolded person separate the deck into two piles such that each pile has the exact same number of face-up cards?,"A) Cut the deck in half and flip the bottom card | B) Take any 26 cards and flip them all | C) Take any 10 cards to form Pile 1, and flip all 10 cards in that pile over | D) It is mathematically impossible without vision",C
49,Puzzles,Hard,Multiple Choice,"An ancient king wants to divide 10 horses among his 3 sons such that the eldest gets 1/2, the middle gets 1/4, and the youngest gets 1/5, without harming any horse. A wise man arrives on his own horse and solves the puzzle. How?",A) He sells the horses and splits the gold | B) He gives them money instead | C) He cuts the horses' value | D) He adds his 1 horse,D
50,Puzzles,Easy,Multiple Choice,"A grandfather, two fathers, and two sons go to a cinema. The cinema ticket costs $10 per person. How much do they pay in total for their admission?",A) $30 | B) $40 | C) $50 | D) $20,A
51,Puzzles,Hard,Multiple Choice,What 7-letter English word contains thousands of letters inside of it?,A) postman | B) mailbox | C) envelope | D) library,B
52,Puzzles,Easy,Typing,"I have no flesh, no feathers, no scales, and no bone. Yet I have four fingers and a thumb of my own. What am I?",,glove
53,Puzzles,Medium,Typing,What English word contains three consecutive double letters in a row (e.g. -aabbcc-)?,,bookkeeper
54,Puzzles,Easy,Multiple Choice,What runs all around the perimeter of a backyard without ever moving an inch from its place?,A) A garden hose | B) A sprinkler | C) A fence | D) A lawnmower,C
55,Puzzles,Easy,Multiple Choice,"What flies without wings, cries without eyes, and darkness follows wherever it goes?",A) A bat | B) An airplane | C) The wind | D) A storm cloud,D
56,Puzzles,Easy,Multiple Choice,"I am an odd number. But if you take away the very first letter of my name, I become an even number. What number am I?",A) Seven | B) One | C) Three | D) Five,A
57,Puzzles,Easy,Multiple Choice,"What has a thumb and four fingers, but is not alive and has no flesh or blood of its own?",A) A mannequin hand | B) A glove | C) A shadow | D) A robot,B
58,Puzzles,Easy,Multiple Choice,"What common item has many teeth, but cannot eat or bite anything in the world?",A) A zipper | B) A rake | C) A comb | D) A gear,C
59,Puzzles,Easy,Multiple Choice,What gets bigger and larger every time you take more and more dirt out of it?,A) A mountain | B) A tree | C) A balloon | D) A hole in the ground,D
60,Puzzles,Easy,Multiple Choice,"If an electric train is traveling south at 70 miles per hour and the wind is blowing fiercely from the west at 30 miles per hour, which direction does the train's smoke blow?",A) There is no smoke from an electric train | B) East | C) Southeast | D) Northwest,A
61,Puzzles,Easy,Multiple Choice,What kind of coat is best put on only when it is soaking wet?,A) A raincoat | B) A coat of paint | C) A fur coat | D) A winter parka,B
62,Puzzles,Easy,Multiple Choice,"What starts with the letter 'P', ends with the letter 'E', and has thousands of letters inside of it?",A) Police | B) Package | C) Post Office | D) Page,C
63,Puzzles,Easy,Multiple Choice,What can fill an entire room from wall to wall without taking up any physical space at all?,A) Furniture | B) Water | C) Air | D) Light,D
64,Puzzles,Easy,Multiple Choice,"What belongs to you, but everyone else uses it much more than you do?",A) Your name | B) Your voice | C) Your car | D) Your address,A
65,Puzzles,Easy,Multiple Choice,"If you toss a clean white stone into the deep waters of the Red Sea, what will happen to the stone?",A) It turns red | B) It becomes wet and sinks to the bottom | C) It floats on the salt water | D) It dissolves immediately,B
66,Puzzles,Easy,Multiple Choice,How many letters are there in the phrase 'the alphabet'?,A) 26 letters | B) 24 letters | C) 11 letters | D) 10 letters,C
67,Puzzles,Easy,Multiple Choice,"What has a bottom right at its top, and a top at its bottom?",A) A mountain | B) An hourglass | C) A glass | D) Your human legs,D
68,Puzzles,Easy,Multiple Choice,What has one horn and gives milk to people?,A) A milk delivery truck | B) A unicorn | C) A rhinoceros | D) A goat,A
69,Puzzles,Easy,Multiple Choice,What has four wheels and flies in the summer?,A) An airplane | B) A garbage truck | C) A racecar | D) A helicopter,B
70,Puzzles,Easy,Multiple Choice,What kind of band never plays any musical instruments or sings any songs?,A) A marching band | B) A rock band | C) A rubber band | D) A jazz band,C
71,Puzzles,Easy,Typing,"What is so extremely fragile that if you just whisper its name, you break it instantly?",,silence
72,Puzzles,Easy,Typing,"What 4-letter word can be written forward, backward, or upside down, and can still be read from left to right as the same word?",,noon
73,Puzzles,Easy,Typing,"What has a head and a tail, is round, but has no legs or body?",,coin
74,Puzzles,Medium,Multiple Choice,"A man in a heavy rainstorm walks outside without a hat, coat, or umbrella. His clothes get completely drenched, yet not a single hair on his head gets wet. How is this possible?",A) He was under an awning | B) He was running very fast | C) He had waterproof hair gel | D) He was completely bald,D
75,Puzzles,Medium,Multiple Choice,"A plane crashes exactly on the border between the United States and Canada. According to international aviation law, where do they bury the survivors?",A) You do not bury survivors | B) In the United States | C) In Canada | D) In their home towns,A
76,Puzzles,Medium,Multiple Choice,You are running in a competitive marathon race and you successfully overtake the runner who is currently in 2nd place. What position are you in now?,A) 1st place | B) 2nd place | C) 3rd place | D) 4th place,B
77,Puzzles,Medium,Multiple Choice,"Some months in our calendar have 31 days, and some have 30 days. How many months in the year have at least 28 days?",A) 1 month | B) 7 months | C) All 12 months | D) 4 months,C
78,Puzzles,Medium,Multiple Choice,A farmer has 17 sheep in his pasture. A sudden illness strikes and all but 9 of the sheep die. How many living sheep does the farmer have left?,A) 8 sheep | B) 0 sheep | C) 17 sheep | D) 9 sheep,D
79,Puzzles,Medium,Multiple Choice,"If a doctor gives you 3 pills and instructs you to take one pill every half hour starting right now, how long will the supply of pills last?",A) 1 hour | B) 1.5 hours | C) 2 hours | D) 45 minutes,A
80,Puzzles,Medium,Multiple Choice,"How many 1-foot by 1-foot square dirt cubic feet are there inside a hole in the ground that measures 3 feet deep, 3 feet wide, and 3 feet long?",A) 27 cubic feet | B) None | C) 9 cubic feet | D) 3 cubic feet,B
81,Puzzles,Medium,Multiple Choice,"A rooster perches squarely on the peak of a barn's pitched roof. If it lays an egg, which direction will the egg roll down?",A) East | B) West | C) Roosters do not lay eggs | D) It will balance on the peak,C
82,Puzzles,Medium,Multiple Choice,"If you have a 5-gallon water jug and a 3-gallon water jug with an unlimited water supply from a tap, how can you measure exactly 4 gallons of water?","A) Fill 5-gal halfway | B) Fill 3-gal twice | C) Fill both jugs to the brim | D) Fill 5-gal, pour into 3-gal (2 left in 5-gal), empty 3-gal, pour 2 into 3-gal, fill 5-gal, pour 1 into 3-gal leaving exactly 4 in 5-gal",D
83,Puzzles,Medium,Typing,What English word retains the same pronunciation even when you take away the last four of its five letters?,,queue
84,Puzzles,Medium,Typing,"If you divide 30 by half (1/2) and add 10, what is the mathematical result?",,70
85,Puzzles,Hard,Multiple Choice,"You are standing outside a closed, opaque room with no windows. Inside the room is a single incandescent light bulb. Outside the room are 3 simple on/off switches, all initially in the OFF position. Only one switch controls the bulb. You can flip the switches as much as you like, but you can only open the door and enter the room ONCE. How can you determine with 100% certainty which switch controls the bulb?","A) Turn Switch 1 ON for 10 minutes, turn it OFF, turn Switch 2 ON, and enter immediately: if bulb is on=Switch 2, if off but hot/warm=Switch 1, if off and cold=Switch 3 | B) Flip switch 1 on and enter | C) Flip all three switches | D) Turn switch 1 and 2 on, turn 1 off",A
86,Puzzles,Hard,Multiple Choice,"You arrive at a fork in the road leading to two destinations: Heaven and Hell. Standing at the fork are two identical twin guards. One guard always tells the truth, and the other guard always lies. You do not know which is which. You are allowed to ask ONE single question to ONE guard to find the path to Heaven. What question do you ask?",A) 'Are you the truth teller?' | B) 'Which path would the other guard say leads to Heaven?' | C) 'Which door do you like?' | D) 'Does 1+1=2?',B
87,Puzzles,Hard,Multiple Choice,"You have 8 visually identical gold coins. Exactly one of the coins is counterfeit and weighs slightly less than the other 7 genuine coins. Using a balance scale with two pans, what is the minimum number of weighings guaranteed to find the fake coin?",A) 3 weighings | B) 4 weighings | C) 2 weighings | D) 1 weighing,C
88,Puzzles,Hard,Multiple Choice,"In the famous Monty Hall game show problem, there are 3 doors: behind one door is a luxury sports car, and behind the other two are goats. You pick Door 1. The host, who knows what is behind all doors, opens Door 3 to reveal a goat, and asks: 'Do you want to switch to Door 2?' Mathematically, what should you do to maximize your chances of winning?",A) Stay with Door 1 (50% chance) | B) Flip a coin | C) It makes no statistical difference | D) Switch to Door 2 (switching doubles your winning probability from 1/3 to 2/3),D
89,Puzzles,Hard,Multiple Choice,"A farmer needs to cross a river in a small boat with a wolf, a goat, and a head of cabbage. The boat can only hold the farmer and ONE item at a time. If left alone together without the farmer, the wolf will eat the goat, and the goat will eat the cabbage. How does the farmer get all three across safely?","A) Take goat across, return, take wolf across, bring goat back, take cabbage across, return, take goat across | B) Take the wolf first | C) Take the cabbage first | D) Take the wolf and cabbage together",A
90,Puzzles,Hard,Multiple Choice,"You are given two ropes of uneven thickness and varying materials. Each rope takes exactly 60 minutes to burn completely from one end to the other, but they burn at non-uniform, unpredictable speeds. How can you measure exactly 45 minutes of time using only these two ropes and a lighter?","A) Cut both ropes in half | B) Light Rope 1 from both ends simultaneously and Rope 2 from one end; when Rope 1 finishes burning (at 30 min), light the other end of Rope 2 | C) Light Rope 1 at one end and Rope 2 at 15 minutes | D) Burn both ropes together from one end",B
91,Puzzles,Hard,Typing,A bat and a baseball together cost $1.10 in total. The bat costs exactly $1.00 more than the ball. How much does the ball cost in cents?,,5 cents
92,Puzzles,Hard,Typing,"What single 5-letter word can be placed in front of 'card', 'board', and 'walk' to form three common compound words?",,black
93,Puzzles,Hard,Typing,What mathematical symbol can you place between the numbers 2 and 3 to yield a result that is greater than 2 but strictly less than 3?,,decimal point
94,Puzzles,Easy,Multiple Choice,"What gets sharper the more you use it mentally, but duller if you leave it idle?",A) A pencil | B) A kitchen knife | C) The human brain | D) A sword,C
95,Puzzles,Easy,Multiple Choice,What falls on a roof during a storm but never gets hurt or bruised?,A) Hail | B) Leaves | C) Snowflakes | D) Raindrops,D
96,Puzzles,Easy,Multiple Choice,"What has four legs in the morning, two legs at noon, and three legs in the evening (the Riddle of the Sphinx)?",A) A human being | B) A dog | C) A horse | D) A cat,A
97,Puzzles,Easy,Multiple Choice,"What begins with an 'e', ends with an 'e', and contains only one single letter?",A) An eye | B) An envelope | C) An engine | D) An eagle,B
98,Puzzles,Easy,Multiple Choice,What tree can you carry conveniently right in the palm of your hand?,A) An oak tree | B) A pine tree | C) A palm tree | D) A bonsai tree,C
99,Puzzles,Easy,Multiple Choice,"What has a bark, but has no bite, no teeth, and no legs?",A) A seal | B) A dog | C) A hyena | D) A tree trunk,D
100,Puzzles,Easy,Multiple Choice,What travels up when rain comes pouring down from the sky?,A) An umbrella | B) Water vapor | C) Fog | D) Birds,A
101,Puzzles,Easy,Multiple Choice,How many animals of each species did Moses take with him onto the Ark during the Great Flood?,A) Two of each | B) None | C) Seven of each | D) One of each,B
102,Puzzles,Easy,Multiple Choice,A man builds a house with all four sides facing directly south. A large bear walks past the window. What color is the bear?,A) Brown | B) Black | C) White | D) Grizzly,C
103,Puzzles,Easy,Multiple Choice,Is it legally permissible for a living man to marry his widow's sister under standard civil law?,"A) Yes, with court approval | B) In some countries | C) Only with a prenuptial agreement | D) No",D
104,Puzzles,Easy,Multiple Choice,"If there are 6 apples on a kitchen table and you take away 4 apples, how many apples do you have?",A) 4 apples | B) 2 apples | C) 6 apples | D) 10 apples,A
105,Puzzles,Easy,Multiple Choice,"What comes once in a minute, twice in a moment, but never in a thousand years?",A) The second hand | B) The letter 'M' | C) A breath | D) An eclipse,B
106,Puzzles,Easy,Multiple Choice,Which is heavier: a pound of dry feathers or a pound of solid iron nails?,A) The iron nails | B) The feathers | C) They weigh the exact same | D) It depends on humidity,C
107,Puzzles,Easy,Multiple Choice,What 5-letter word becomes shorter when you add two letters to it?,A) Brief | B) Small | C) Little | D) Short,D
108,Puzzles,Easy,Multiple Choice,What goes up into the sky when the rain comes down to the earth?,A) An umbrella | B) Fog | C) Steam | D) Birds,A
109,Puzzles,Easy,Multiple Choice,"What common kitchen utensil has many tiny holes, is used to drain boiling pasta, but holds no liquid?",A) A ladle | B) A colander | C) A spatula | D) A whisk,B
110,Puzzles,Easy,Multiple Choice,"What can you catch easily, but cannot ever throw back to anyone?",A) A baseball | B) A fish | C) A cold | D) A frisbee,C
111,Puzzles,Easy,Multiple Choice,"What has a thumb and four fingers, but is completely lifeless and has no flesh, bone, or blood?",A) A mannequin | B) A robot | C) A statue | D) A glove,D
112,Puzzles,Easy,Multiple Choice,What gets wetter the more it dries?,A) A towel | B) A sponge | C) Paper | D) Soil,A
113,Puzzles,Easy,Multiple Choice,"If you are in a dark room with a candle, a wood stove, and a gas lamp, and you have only one match, what do you light first?",A) The candle | B) The match | C) The stove | D) The lamp,B
114,Puzzles,Easy,Multiple Choice,"What word starts with 'T', ends with 'T', and is full of 'T'?",A) Toast | B) Target | C) Teapot | D) Tent,C
115,Puzzles,Easy,Multiple Choice,"What belongs to you, but other people use it much more than you do?",A) Your car | B) Your house | C) Your shoes | D) Your name,D
116,Puzzles,Easy,Multiple Choice,"What has a face and two hands, but no arms, legs, or body?",A) A clock | B) A coin | C) A mirror | D) A statue,A
117,Puzzles,Easy,Multiple Choice,"What has many keys, but cannot open any door or lock in the world?",A) A keychain | B) A piano | C) A typewriter | D) A computer,B
118,Puzzles,Easy,Multiple Choice,"What kind of room has no walls, no doors, no windows, and no floor?",A) An attic | B) A closet | C) A mushroom | D) A dungeon,C
119,Puzzles,Easy,Multiple Choice,What flies all day long without having any wings or feathers?,A) A plane | B) An eagle | C) A cloud | D) Time,D
120,Puzzles,Easy,Multiple Choice,What building has the most stories in any city or town?,A) The public library | B) The Empire State Building | C) The Burj Khalifa | D) A hospital,A
121,Puzzles,Easy,Multiple Choice,"What has a single eye in the middle of its body, but cannot see a thing?",A) A cyclops | B) A sewing needle | C) A potato | D) A camera,B
122,Puzzles,Easy,Multiple Choice,"I have no life, but I can grow; I have no lungs, but I need air; I have no mouth, but water kills me. What am I?",A) A plant | B) A rust | C) Fire | D) Mold,C
123,Puzzles,Easy,Typing,What can travel around the world while staying in the same corner?,,stamp
124,Puzzles,Easy,Typing,What has a neck but no head?,,bottle
125,Puzzles,Easy,Typing,What has teeth but cannot bite or eat food?,,comb
126,Puzzles,Easy,Typing,What goes up and down the stairs without moving an inch?,,carpet
127,Puzzles,Medium,Multiple Choice,A red house is made of red bricks. A blue house is made of blue bricks. A yellow house is made of yellow bricks. What is a green house made of?,A) Green bricks | B) Painted wood | C) Green concrete | D) Glass,D
128,Puzzles,Medium,Multiple Choice,"Imagine you are in a sinking rowboat in the middle of the ocean surrounded by hungry, man-eating sharks. How do you survive?",A) Stop imagining | B) Swim as fast as possible | C) Fight the sharks with the oar | D) Call the coast guard,A
129,Puzzles,Medium,Multiple Choice,"A man looks at a portrait on a wall and says: 'Brothers and sisters I have none, but that man's father is my father's son.' Whose portrait is he looking at?",A) His father's portrait | B) His son's portrait | C) His own portrait | D) His nephew's portrait,B
130,Puzzles,Medium,Multiple Choice,"If a rooster lays an egg on top of a sharp, pointed barn roof, which side will the egg roll down?",A) North | B) South | C) Roosters do not lay eggs | D) It will crack on the peak,C
131,Puzzles,Medium,Multiple Choice,"Clara's mother had four daughters: April, May, June, and what was the name of the fourth daughter?",A) July | B) August | C) Jane | D) Clara,D
132,Puzzles,Medium,Multiple Choice,"How much dirt is there inside a rectangular hole in the ground measuring 6 feet long, 4 feet wide, and 3 feet deep?",A) None | B) 72 cubic feet | C) 24 cubic feet | D) 18 cubic feet,A
133,Puzzles,Medium,Multiple Choice,A clerk at a butcher shop is 5 feet 10 inches tall and wears size 11 shoes. What does he weigh every day at work?,A) 180 pounds | B) Meat | C) 195 pounds | D) Ice,B
134,Puzzles,Medium,Multiple Choice,"If you drop a yellow hat into the Red Sea, what does the hat become?",A) Red | B) Salty | C) Wet | D) Stained,C
135,Puzzles,Medium,Multiple Choice,A man was born in 1990 BC and died in 1950 BC. How old was he when he died?,A) 1950 years old | B) 1990 years old | C) 50 years old | D) 40 years old,D
136,Puzzles,Medium,Multiple Choice,"What 4-letter word can be placed in front of 'man', 'hole', and 'post' to make three new words?",A) Post / Lamp / Mail | B) Work | C) Gate | D) Lam,A
137,Puzzles,Medium,Multiple Choice,"A boy and a doctor were fishing on a pier. The boy was the doctor's son, but the doctor was not the boy's father. Who was the doctor?",A) The boy's grandfather | B) The boy's mother | C) The boy's uncle | D) The boy's godfather,B
138,Puzzles,Medium,Multiple Choice,How many times can you subtract the number 5 from the number 25?,A) 5 times | B) Infinite times | C) Only once | D) 4 times,C
139,Puzzles,Medium,Multiple Choice,"If two's company and three's a crowd, what are four and five together?",A) A party | B) A gang | C) A mob | D) Nine,D
140,Puzzles,Medium,Typing,"What is always coming toward us in time, but never actually arrives today?",,tomorrow
141,Puzzles,Medium,Multiple Choice,"What 5-letter word can be read the same forwards, backwards, and upside down (like ROTAS/SATOR or SWIMS)?",A) swims | B) level | C) radar | D) noon,A
142,Puzzles,Medium,Typing,What English word has three sets of double letters in consecutive succession (like committee or bookkeeper)?,,bookkeeper
143,Puzzles,Hard,Multiple Choice,"You are given 12 identical-looking billiard balls. Exactly 1 ball is counterfeit (either heavier OR lighter than the other 11 balls). Using a two-pan balance scale, what is the minimum number of weighings needed to guarantee identifying the counterfeit ball and determining whether it is heavier or lighter?",A) 4 weighings | B) 3 weighings | C) 2 weighings | D) 5 weighings,B
144,Puzzles,Hard,Multiple Choice,"A cylindrical water glass of height H and diameter D is partially filled with water. Without using any measuring tools or markings, how can you determine with 100% precision whether the glass is more than half full, exactly half full, or less than half full?","A) Weigh the glass | B) Dip a finger inside | C) Tilt the glass until the water reaches the lip: if the bottom edge is covered, it is > half; if touching the bottom corner, = half; if bottom is exposed, < half | D) Drink half of it",C
145,Puzzles,Hard,Multiple Choice,"On an island, there are 100 dragons with green eyes and 1 dragon with red eyes. If a dragon ever discovers it has red eyes, it must transform into a bird at midnight. There are no mirrors and they cannot communicate. One day, a visitor announces to all dragons: 'At least one of you has red eyes.' What happens?",A) Nothing happens | B) All dragons turn into birds | C) They fight | D) The 1 red-eyed dragon turns into a bird on the very first midnight,D
146,Puzzles,Hard,Multiple Choice,"Three gods (Truth, False, and Random) answer questions with 'da' and 'ya' (which mean Yes and No, but you don't know which is which). Truth always speaks truly, False always lies, and Random answers randomly. What is this famous logic problem called?",A) The Hardest Logic Puzzle Ever | B) The Smullyan Paradox | C) The Russell Dilemma | D) The Gödel Enigma,A
147,Puzzles,Medium,Multiple Choice,"A man has 10 black socks and 10 white socks mixed randomly in a dark drawer. In total darkness, what is the minimum number of socks he must pull out to guarantee he has at least ONE matching pair of the same color?",A) 11 socks | B) 3 socks | C) 2 socks | D) 4 socks,B
148,Puzzles,Hard,Multiple Choice,"In a room of 23 randomly chosen people, what is the mathematical probability that at least two people share the exact same birthday (the Birthday Paradox)?",A) About 23% | B) Exactly 10% | C) Greater than 50% | D) About 75%,C
149,Puzzles,Hard,Multiple Choice,"You have a 3-liter bucket and a 5-liter bucket, and an unlimited supply of water. How can you measure exactly 4 liters into the 5-liter bucket using the fewest steps?","A) Fill 5L halfway | B) Fill 3L twice | C) Submerge 3L in 5L | D) Fill 3L, pour into 5L; fill 3L, pour into 5L until full (leaving 1L in 3L); empty 5L, pour 1L into 5L; fill 3L and pour into 5L",D
150,Puzzles,Hard,Multiple Choice,"Two fathers and two sons leave a restaurant after having lunch. The total bill is $30, and they divide it equally with each paying an integer amount of $10 without any remainder. How did this happen?","A) There were only 3 people: a grandfather, father, and son | B) One person did not eat | C) The waiter discounted the bill | D) The restaurant made an error",A
151,Puzzles,Hard,Typing,What is the only number in the English language whose letters are in alphabetical order (O-N-E? no; F-I-V-E? no; F-O-R-T-Y)?,,forty
152,Puzzles,Hard,Multiple Choice,"What 5-letter word becomes a 6-letter word when you add 'S' to the beginning, but changes its pronunciation completely (e.g. L-A-T-E-R / S-L-A-T-E-R, or P-E-A-K / S-P-E-A-K, or L-A-U-G-H / S-L-A-U-G-H-T-E-R)?",A) slumber | B) laughter | C) whisper | D) splinter,B
153,Puzzles,Medium,Typing,A sundial is a timepiece with the fewest moving parts. What timepiece has the MOST moving parts?,,hourglass
154,Puzzles,Easy,Multiple Choice,"What gets sharper the more you think, but duller if left unused?",A) A sword | B) A knife | C) The human brain | D) An axe,C
155,Puzzles,Easy,Multiple Choice,"What falls on the ground in winter and covers everything in white, but never makes a sound?",A) Rain | B) Hail | C) Wind | D) Snow,D
156,Puzzles,Easy,Multiple Choice,"What begins with T, ends with T, and has T in it?",A) A teapot | B) A tent | C) A target | D) A ticket,A
157,Puzzles,Easy,Multiple Choice,"What has a spine, but no bones, ribs, or skeleton?",A) A fish | B) A book | C) A snake | D) A chair,B
158,Puzzles,Easy,Multiple Choice,"What is light as a feather, but even the strongest Olympian weightlifter cannot hold it for more than a few minutes?",A) A pebble | B) A balloon | C) Their own breath | D) A candle,C
159,Puzzles,Easy,Multiple Choice,"What goes through cities and over fields, but never moves an inch?",A) A river | B) The wind | C) A train | D) A road,D
160,Puzzles,Easy,Multiple Choice,"What has branches, but no fruit, trunk, leaves, or bark?",A) A bank | B) A tree | C) A bush | D) A forest,A
161,Puzzles,Easy,Multiple Choice,What loses its head in the morning and gets it back every night when you go to sleep?,A) A hat | B) A pillow | C) A bed | D) A blanket,B
162,Puzzles,Easy,Multiple Choice,"What has four legs, but cannot walk, run, or jump?",A) A horse | B) A dog | C) A table | D) A turtle,C
163,Puzzles,Easy,Multiple Choice,"What runs but never walks, has a mouth but never talks, has a head but never weeps, and has a bed but never sleeps?",A) A clock | B) The wind | C) A car | D) A river,D
164,Puzzles,Easy,Multiple Choice,"What can you break, even if you never pick it up or touch it physically?",A) A promise | B) A mirror | C) A stick | D) A cup,A
165,Puzzles,Easy,Multiple Choice,What invention allows human beings to look right through a solid brick wall?,A) A telescope | B) A window | C) A microscope | D) A periscope,B
166,Puzzles,Easy,Multiple Choice,"What has 13 hearts, but no other organs, brain, or blood?",A) A hospital | B) An octopus | C) A standard deck of playing cards | D) An alien,C
167,Puzzles,Easy,Multiple Choice,"What has an eye, but cannot see, and wears a cap, but has no head?",A) A needle | B) A storm | C) A bottle | D) A mushroom,D
168,Puzzles,Easy,Multiple Choice,What goes up when rain comes down?,A) An umbrella | B) Fog | C) Steam | D) A balloon,A
169,Puzzles,Easy,Multiple Choice,What has a bottom at the top of them?,A) Shoes | B) Your legs | C) Socks | D) Trousers,B
170,Puzzles,Easy,Multiple Choice,What kind of room has no doors or windows and grows in the forest?,A) A cave | B) A treehouse | C) A mushroom | D) A log cabin,C
171,Puzzles,Easy,Typing,"What is black when you buy it, red when you use it, and grey when you throw it away?",,charcoal
172,Puzzles,Easy,Typing,What gets sharper the more you use it mentally?,,mind
173,Puzzles,Easy,Typing,"What 4-letter word has one syllable, but when you add two letters, it becomes a 3-syllable word (e.g. A-R-E-A / A-R-E-A-S, or S-M-I-L-E / S-M-I-L-E-S)?",,area
174,Puzzles,Medium,Multiple Choice,"A man leaves home, turns left three times, and returns home to find two masked men waiting for him. Who are the masked men?",A) Burglars | B) Police officers | C) Doctors in surgery | D) The catcher and the umpire in a baseball game,D
175,Puzzles,Medium,Multiple Choice,"A boat has a ladder attached to its side with rungs spaced 1 foot apart. At low tide, 4 rungs are above the water line. If the high tide rises at a rate of 2 feet per hour, how many rungs will be above the water after 2 hours?",A) 4 rungs | B) 0 rungs | C) 2 rungs | D) 8 rungs,A
176,Puzzles,Medium,Multiple Choice,Which 8-letter English word can have a letter taken away at each step and still remain a valid English word all the way down to a single letter (e.g. S-T-A-R-T-I-N-G -> S-T-A-R-I-N-G -> S-T-R-I-N-G -> S-T-I-N-G -> S-I-N-G -> S-I-N -> I-N -> I)?,A) Creating | B) Starting | C) Floating | D) Standing,B
177,Puzzles,Medium,Multiple Choice,"If you write down all the numbers from 1 to 100 on a piece of paper, how many times will you write the digit '9'?",A) 10 times | B) 11 times | C) 20 times | D) 19 times,C
178,Puzzles,Medium,Multiple Choice,"A woman gives birth to two healthy boys at the exact same hour on the exact same day in the exact same year. Yet, the boys are NOT twins. How is this possible?",A) They were born in different time zones | B) One was adopted | C) Surrogate mothers | D) They were part of a set of triplets,D
179,Puzzles,Medium,Multiple Choice,A man pushes his car up to a hotel and immediately shouts 'I am ruined!'. Why?,A) He was playing the board game Monopoly and landed on a hotel | B) His engine blew up | C) He crashed into the lobby | D) The valet stole his luggage,A
180,Puzzles,Medium,Multiple Choice,"What English word contains all five vowels (A, E, I, O, U) in exact alphabetical order?",A) Education | B) Facetious | C) Dialogue | D) Sequence,B
181,Puzzles,Medium,Multiple Choice,"If a rooster perches on top of a sharp barn roof facing east, and the wind blows from the north, where does its egg fall?",A) North | B) East | C) Roosters do not lay eggs | D) South,C
182,Puzzles,Medium,Multiple Choice,You enter a dark dungeon with three doors. Door 1 has a raging inferno of fire. Door 2 has vicious assassins with loaded sniper rifles. Door 3 has a pride of lions that haven't eaten in 3 years. Which door is the safest to enter?,A) Door 1 | B) Door 2 | C) None of them | D) Door 3,D
183,Puzzles,Medium,Multiple Choice,A barrel of water weighs 50 pounds. What can you put into the barrel to make it weigh only 20 pounds?,A) A hole | B) Helium gas | C) Ice | D) Oil,A
184,Puzzles,Medium,Typing,"What 3-letter word can be placed in front of 'fall', 'flower', and 'shine' to form three compound nature words?",,sun
185,Puzzles,Medium,Typing,What is at the end of a rainbow?,,letter w
186,Puzzles,Hard,Multiple Choice,"You have 10 bags of gold coins. 9 bags contain genuine 10-gram coins, but 1 bag contains counterfeit 9-gram coins. You have a digital scale that displays the exact weight in grams. What is the MINIMUM number of weighings needed on the scale to identify the counterfeit bag?",A) 2 weighings | B) 1 weighing | C) 3 weighings | D) 4 weighings,B
187,Puzzles,Hard,Multiple Choice,"In the famous 'Bridge and Torch' problem, four people (A, B, C, D) need to cross a narrow bridge at night. They have one torch. The bridge holds at most 2 people at once, and anyone crossing must carry the torch. A takes 1 min, B takes 2 min, C takes 7 min, and D takes 10 min. When two cross together, they move at the slower person's pace. What is the minimum total time for all 4 to cross?",A) 19 minutes | B) 21 minutes | C) 17 minutes | D) 15 minutes,C
188,Puzzles,Medium,Multiple Choice,"In a knockout tennis tournament of 128 players, how many total matches must be played to determine the single champion?",A) 64 matches | B) 128 matches | C) 255 matches | D) 127 matches,D
189,Puzzles,Hard,Multiple Choice,You have a 7x7 chessboard with two diagonally opposite corner squares removed (leaving 47 squares). Can you tile this board completely using 23 dominoes of size 1x2?,"A) No, impossible | B) Yes, easily | C) Only if placed diagonally | D) Yes, with 1 domino left over",A
190,Puzzles,Hard,Multiple Choice,"A lily pad doubles in size every single day. If it takes 48 days for the lily pad to completely cover the entire surface of a pond, how many days does it take to cover exactly HALF the pond?",A) 24 days | B) 47 days | C) 12 days | D) 36 days,B
191,Puzzles,Hard,Multiple Choice,"Three prisoners are shown 5 hats (3 red, 2 black). They are blindfolded and each has one hat placed on their head. The remaining 2 hats are hidden. They are lined up so Prisoner 3 sees 1 and 2, Prisoner 2 sees 1, and Prisoner 1 sees no one. When asked if they know their hat color: Prisoner 3 says 'No', Prisoner 2 says 'No', but Prisoner 1 says 'Yes, I know my hat color!' What color is Prisoner 1's hat?",A) Black | B) Green | C) Red | D) Cannot be determined,C
192,Puzzles,Hard,Multiple Choice,A traveler comes to a fork in the road where one path leads to Truth Town and the other to Lie Town. A resident is standing there. What single question can the traveler ask to find the path to Truth Town regardless of whether the resident is a truth-teller or a liar?,A) 'Are you from Truth Town?' | B) 'Is this path safe?' | C) 'Do you tell the truth?' | D) 'Which path leads to your hometown?',D
193,Puzzles,Hard,Multiple Choice,"What number comes next in the famous sequence: 1, 11, 21, 1211, 111221, ...?",A) 312211 | B) 111221 | C) 122111 | D) 213211,A
194,Puzzles,Hard,Multiple Choice,"If you have a 3-gallon jug and a 5-gallon jug, what is the minimum number of water transfers needed to measure exactly 4 gallons?",A) 4 | B) 6 | C) 5 | D) 7,B
195,Puzzles,Hard,Multiple Choice,"In a room of 100 people, everyone shakes hands with everyone else exactly once. How many total handshakes occur in the room?","A) 10,000 | B) 5,000 | C) 4,950 (calculated as n*(n-1)/2 = 100*99/2) | D) 9,900",C
196,Puzzles,Hard,Multiple Choice,You have two hourglasses: a 7-minute hourglass and an 11-minute hourglass. What is the minimum time needed to measure exactly 15 minutes of boiling time?,A) 22 minutes | B) 18 minutes | C) 16 minutes | D) 15 minutes,D
197,Puzzles,Hard,Multiple Choice,"A rope ladder hanging over the side of a ship has rungs 15 cm apart. The tide rises at 30 cm per hour. After 3 hours, how many rungs are underwater if 2 rungs were submerged initially?",A) 2 rungs | B) 8 rungs | C) 6 rungs | D) 4 rungs,A
198,Puzzles,Easy,Multiple Choice,What is the only temperature where both the Celsius and Fahrenheit scales show the exact same numerical reading?,A) 0 degrees | B) -40 degrees | C) 100 degrees | D) -32 degrees,B
199,Puzzles,Hard,Multiple Choice,"If a car travels from City A to City B at 30 mph, and returns from City B to City A along the exact same route at 60 mph, what is the car's average speed for the round trip?",A) 45 mph | B) 50 mph | C) 40 mph (harmonic mean: 2*30*60 / (30+60) = 3600/90 = 40 mph) | D) 35 mph,C
200,Puzzles,Hard,Multiple Choice,"How many total squares of all sizes (1x1, 2x2, 3x3, ... 8x8) exist on a standard 8x8 chessboard?",A) 64 squares | B) 128 squares | C) 196 squares | D) 204 squares,D
201,Puzzles,Easy,Multiple Choice,"In a classic chess game, what is the MINIMUM number of moves required to achieve checkmate from the starting board position (the Fool's Mate)?",A) 2 moves | B) 4 moves | C) 3 moves | D) 1 move,A
202,Puzzles,Easy,Multiple Choice,What classic two-player strategy board game uses 64 black and white reversible discs on an 8x8 grid where players trap opponent discs between their own?,A) Checkers | B) Reversi | C) Backgammon | D) Go,B
203,Puzzles,Easy,Multiple Choice,"In the game of Tic-Tac-Toe on a 3x3 grid, what is the mathematical outcome if both players play with optimal strategy from start to finish?",A) First player always wins | B) Second player always wins | C) A guaranteed draw | D) Random outcome,C
204,Puzzles,Easy,Multiple Choice,What 3D mechanical combination puzzle invented in 1974 by a Hungarian sculptor has 6 colored faces and 43 quintillion possible configurations?,A) The Megaminx | B) The Pyraminx | C) Tangram | D) The Rubik's Cube,D
205,Puzzles,Easy,Multiple Choice,"In the ancient Chinese dissection puzzle called Tangram, how many geometric polygon flat pieces (tans) are used to form various shapes?",A) 7 pieces | B) 5 pieces | C) 9 pieces | D) 6 pieces,A
206,Puzzles,Easy,Multiple Choice,"What strategy game played on a 19x19 grid of intersections originated in ancient China over 2,500 years ago and is known as Weiqi or Baduk?",A) Xiangqi | B) Go | C) Shogi | D) Mahjong,B
207,Puzzles,Easy,Multiple Choice,"In a standard chess set, how many total pawns are on the board at the very start of a match across both players?",A) 8 pawns | B) 12 pawns | C) 16 pawns | D) 20 pawns,C
208,Puzzles,Easy,Multiple Choice,What classic logic puzzle invented by French mathematician Édouard Lucas in 1883 involves moving a stack of different-sized disks between three rods without placing a larger disk on a smaller one?,A) The Knight's Tour | B) The Bridges of Königsberg | C) The Fifteen Puzzle | D) The Tower of Hanoi,D
209,Puzzles,Easy,Multiple Choice,"What popular newspaper puzzle consists of a 9x9 grid subdivided into 3x3 regions where the numbers 1 through 9 must each appear exactly once per row, column, and box?",A) Sudoku | B) Kakuro | C) Nonogram | D) KenKen,A
210,Puzzles,Easy,Multiple Choice,"In the card game Blackjack (Twenty-One), what numerical values can an Ace represent depending on what benefits the player's hand most?",A) 1 or 10 | B) 1 or 11 | C) 10 or 11 | D) Only 1,B
211,Puzzles,Easy,Multiple Choice,How many total domino tiles are in a standard 'Double-Six' domino set ranging from 0-0 up to 6-6?,A) 21 tiles | B) 24 tiles | C) 28 tiles | D) 36 tiles,C
212,Puzzles,Easy,Multiple Choice,"In the classic sliding tile puzzle known as the '15 Puzzle', how many total square tiles are inside the 4x4 frame containing one empty space?",A) 16 tiles | B) 14 tiles | C) 12 tiles | D) 15 tiles,D
213,Puzzles,Easy,Multiple Choice,"In the board game Scrabble, what two letters in the standard English edition are worth the maximum value of 10 points each?",A) Q and Z | B) X and Z | C) J and Q | D) K and Z,A
214,Puzzles,Easy,Multiple Choice,"What is the standard name for a word, phrase, or number that reads exactly the same backward as forward, such as 'RACECAR' or '12321'?",A) Anagram | B) Palindrome | C) Pangram | D) Acronym,B
215,Puzzles,Easy,Multiple Choice,"In standard rock-paper-scissors, what hand gesture defeats Scissors by breaking or blunting them?",A) Paper | B) Lizard | C) Rock | D) Spock,C
216,Puzzles,Easy,Multiple Choice,"In a standard chess game, what special defensive move allows the King and a Rook to move simultaneously in a single turn?",A) En passant | B) Promotion | C) Fork | D) Castling,D
217,Puzzles,Easy,Multiple Choice,What word puzzle requires players to solve clues by entering letters into interlocking horizontal and vertical white grids separated by black shaded squares?,A) A Crossword Puzzle | B) Word Search | C) Cryptogram | D) Anagram,A
218,Puzzles,Easy,Multiple Choice,"In a standard deck of 52 playing cards, how many total face cards (Kings, Queens, Jacks) are there across all four suits?",A) 16 face cards | B) 12 face cards | C) 8 face cards | D) 10 face cards,B
219,Puzzles,Easy,Multiple Choice,"In the strategy game of Battleship, what is the maximum length in grid squares occupied by the largest ship (the Aircraft Carrier)?",A) 3 squares | B) 4 squares | C) 5 squares | D) 6 squares,C
220,Puzzles,Easy,Multiple Choice,"What mathematical strategy game involves two players taking turns removing objects from distinct piles, with the player taking the last object either winning or losing?",A) Mancala | B) Halma | C) Checkers | D) Nim,D
221,Puzzles,Easy,Multiple Choice,What ancient count-and-capture board game played with seeds or beads dropped into pits and store pockets is widely played across Africa and the Middle East?,A) Mancala | B) Senet | C) Ur | D) Go,A
222,Puzzles,Easy,Multiple Choice,"In chess notation, what uppercase letter represents the piece 'Knight' to avoid confusion with the King?",A) K | B) N | C) T | D) H,B
223,Puzzles,Easy,Typing,"In chess, what is the term for a pawn moving to the 8th rank and transforming into a Queen or other piece?",,promotion
224,Puzzles,Easy,Typing,What is the common term for a word formed by rearranging the letters of another word (such as 'listen' from 'silent')?,,anagram
225,Puzzles,Easy,Typing,"In chess, what special French pawn-capturing rule allows a pawn to capture an opponent's pawn that has just jumped two squares forward?",,en passant
226,Puzzles,Easy,Typing,"In the game of Rock-Paper-Scissors, what hand sign defeats Rock?",,paper
227,Puzzles,Medium,Multiple Choice,"In the classic 'Three Utilitarian Houses' puzzle, can you connect 3 houses to 3 utilities (Water, Gas, Electricity) on a flat plane without any of the 9 utility lines crossing each other?","A) Yes, easily | B) Only if lines curve | C) No, mathematically impossible | D) Yes, in 3 dimensions only",C
228,Puzzles,Medium,Multiple Choice,"In a classic coin-weighing puzzle, you have 9 coins where 1 is counterfeit (heavier). What is the minimum number of balance scale weighings needed to guarantee identifying the fake coin?",A) 3 weighings | B) 4 weighings | C) 1 weighing | D) 2 weighings,D
229,Puzzles,Medium,Multiple Choice,"In the game of Nim played with piles of sizes (1, 3, 5, 7), how does a player know if the current position is a winning state for the player whose turn it is?",A) If the bitwise XOR sum (Nim-sum) of all pile sizes is NON-ZERO | B) If all piles are odd | C) If the total sum is even | D) If the largest pile is 7,A
230,Puzzles,Medium,Multiple Choice,"In the 'Seven Bridges of Königsberg' problem solved by Leonhard Euler in 1736, why was it impossible to walk a path crossing all 7 bridges across the river exactly once?",A) The bridges were broken | B) More than two landmasses had an odd number of connecting bridges | C) The river was too wide | D) Euler used spherical geometry,B
231,Puzzles,Medium,Multiple Choice,"In the 'Tower of Hanoi' puzzle with n disks, what is the minimum number of single-disk moves required to transfer all n disks to another peg?",A) 2*n | B) n² | C) 2ⁿ - 1 moves | D) 2ⁿ + 1,C
232,Puzzles,Medium,Multiple Choice,"In a standard chess endgame, what is the MINIMUM number of Queens needed along with your King to force a checkmate against a lone enemy King on an empty board?",A) 2 Queens | B) 3 Queens | C) 4 Queens | D) 1 Queen,D
233,Puzzles,Medium,Multiple Choice,"In the classic 'Fox, Goose, and Bag of Grain' river crossing puzzle, why must the traveler transport the Goose across the river on the very first trip?","A) Because the Fox won't eat grain, but the Fox would eat the Goose, and the Goose would eat the grain if left alone together | B) The goose is the heaviest | C) The grain will get wet | D) The boat only carries animals",A
234,Puzzles,Medium,Multiple Choice,"In game theory, what famous matrix game demonstrates why two rational individuals might not cooperate, even when it appears in their best mutual interest to do so?",A) The Battle of the Sexes | B) The Prisoner's Dilemma | C) Stag Hunt | D) Chicken,B
235,Puzzles,Medium,Multiple Choice,"In the game of Mastermind with 4 peg positions and 6 available colors (allowing duplicates), how many total distinct secret codes can the codemaker create?","A) 24 codes | B) 720 codes | C) 1,296 codes | D) 4,096 codes",C
236,Puzzles,Medium,Multiple Choice,"In an 8x8 chessboard, how many total non-overlapping 2x2 squares can be found across the board?",A) 36 | B) 64 | C) 28 | D) 49 squares,D
237,Puzzles,Medium,Multiple Choice,"In a cryptarithm puzzle where distinct letters represent distinct digits (0-9): SEND + MORE = MONEY, what digit does the letter 'M' uniquely and strictly represent?",A) M = 1 | B) M = 9 | C) M = 2 | D) M = 0,A
238,Puzzles,Medium,Multiple Choice,"In the 'Jealous Husbands' river crossing problem, three married couples must cross a river in a 2-person boat. What constraint must never be violated on either riverbank or in the boat?",A) Women cannot row | B) No woman can be in the presence of other men unless her own husband is also present | C) Couples must always travel together | D) Men cannot row together,B
239,Puzzles,Medium,Multiple Choice,In how many total moves can a standard 3x3 Rubik's Cube always be solved from any valid scrambled state (known as 'God's Number' in half-turn metric)?,A) 25 moves | B) 26 moves | C) 20 moves | D) 18 moves,C
240,Puzzles,Medium,Multiple Choice,What is the minimum number of colors needed to color any planar map so no adjacent regions share a color?,A) 5 | B) 6 | C) 3 | D) 4,D
241,Puzzles,Medium,Multiple Choice,"In chess, what piece is the only piece that can jump over other pieces on the board?",A) knight | B) bishop | C) rook | D) pawn,A
242,Puzzles,Medium,Typing,What is the name of the classic game theory concept where both players choose strategies from which neither has an incentive to deviate unilaterally?,,nash equilibrium
243,Puzzles,Hard,Multiple Choice,"In the 'Missionaries and Cannibals' river crossing puzzle (3 missionaries, 3 cannibals, 2-person boat), what is the minimum number of one-way boat crossings required to get all 6 people across safely without cannibals ever outnumbering missionaries on either bank?",A) 9 crossings | B) 11 crossings | C) 13 crossings | D) 15 crossings,B
244,Puzzles,Hard,Multiple Choice,"In the 'Three Hats Puzzle' with 3 logicians in a single file (A in back sees B and C; B sees C; C sees no one) drawn from 3 red and 2 blue hats: A says 'I don't know my color', then B says 'I don't know my color'. C immediately deduces his hat color. What color is C's hat?",A) Blue | B) Cannot be determined | C) Red | D) Red or Blue,C
245,Puzzles,Hard,Multiple Choice,"In the 'Muddy Children' logic puzzle with n children, k of whom have mud on their foreheads, a father announces: 'At least one of you has a muddy forehead.' He then asks repeatedly: 'Do you know if you have mud on your forehead?' On which round of questioning do the muddy children all answer YES simultaneously?",A) Round 1 | B) Round k+1 | C) Round 2k | D) Round k,D
246,Puzzles,Hard,Multiple Choice,"In the 'Peg Solitaire' game played on an English 33-hole cross board, what is the goal of the puzzle?",A) Remove pegs by jumping until exactly ONE peg remains in the exact center hole | B) Fill all holes with pegs | C) Move all pegs to the top row | D) Connect opposite ends,A
247,Puzzles,Hard,Multiple Choice,"In the 'Conway's Game of Life' cellular automaton, what is the name for a 5-cell pattern that moves diagonally across the infinite grid every 4 generations?",A) The Blinker | B) The Glider | C) The Toad | D) The Beacon,B
248,Puzzles,Medium,Multiple Choice,"In the 'Knight's Tour' problem on an 8x8 chessboard, how many total moves does a knight make to visit every single square on the board exactly once without repeating?",A) 64 moves | B) 62 moves | C) 63 moves | D) 60 moves,C
249,Puzzles,Hard,Multiple Choice,"In the 'Twelve Coins and a Balance' puzzle, you have 12 coins where 1 is counterfeit (either heavier OR lighter). In the standard optimal strategy, what is the size of the initial two groups weighed on the first weighing?",A) Weigh 6 coins vs 6 coins | B) Weigh 3 coins vs 3 coins | C) Weigh 5 coins vs 5 coins | D) Weigh 4 coins vs 4 coins,D
250,Puzzles,Hard,Multiple Choice,"In the 'Eight Queens Puzzle', what is the total number of distinct fundamental solutions on an 8x8 chessboard (not counting rotations and reflections)?",A) 12 fundamental solutions | B) 92 solutions | C) 8 solutions | D) 64 solutions,A
251,Puzzles,Hard,Typing,"In game theory, what is the term for a game where one participant's gain is exactly balanced by the losses of the other participants?",,zero sum game
252,Puzzles,Hard,Typing,What is the minimum number of moves required to solve the Tower of Hanoi puzzle with 4 disks (2⁴ - 1)?,,15
253,Puzzles,Medium,Typing,"In chess, how many total squares are on a standard tournament chessboard?",,64
254,Puzzles,Easy,Multiple Choice,"In the game of chess, which piece is the most powerful and versatile, capable of moving any number of squares along ranks, files, or diagonals?",A) The Knight | B) The Queen | C) The Rook | D) The Bishop,B
255,Puzzles,Easy,Multiple Choice,"In chess, which piece moves in an 'L-shape' (two squares in one direction, and one square perpendicular)?",A) The Bishop | B) The Rook | C) The Knight | D) The Pawn,C
256,Puzzles,Easy,Multiple Choice,"In chess, which piece can only move diagonally across squares of a single color throughout the entire match?",A) The Rook | B) The King | C) The Knight | D) The Bishop,D
257,Puzzles,Easy,Multiple Choice,"In the game of Scrabble, how many blank wildcard tiles are included in a standard English 100-tile set?",A) 2 blank tiles | B) 1 blank tile | C) 4 blank tiles | D) 3 blank tiles,A
258,Puzzles,Easy,Multiple Choice,What is the standard name for an 8-sided polygon in geometry?,A) Hexagon | B) Octagon | C) Heptagon | D) Decagon,B
259,Puzzles,Easy,Multiple Choice,"In the game of Checkers (Draughts), what occurs when a regular piece reaches the farthest opposite row of the board?",A) It is removed | B) It gains double speed | C) It is crowned a 'King' and can move both forward and backward | D) It switches color,C
260,Puzzles,Easy,Multiple Choice,How many total pips (dots) are on a standard single six-sided die (1+2+3+4+5+6)?,A) 20 pips | B) 24 pips | C) 18 pips | D) 21 pips,D
261,Puzzles,Easy,Multiple Choice,"On a standard six-sided die, what is the sum of the numbers on any two opposite faces?",A) 7 | B) 6 | C) 8 | D) 5,A
262,Puzzles,Easy,Multiple Choice,"In the board game Clue (Cluedo), how many total murder suspect character tokens are in the game (e.g. Colonel Mustard, Miss Scarlett)?",A) 4 suspects | B) 6 suspects | C) 5 suspects | D) 8 suspects,B
263,Puzzles,Easy,Multiple Choice,"In the game of Monopoly, what is the name of the corner space located directly between Baltic Avenue and Oriental Avenue?",A) Free Parking | B) Go to Jail | C) In Jail / Just Visiting | D) Chance,C
264,Puzzles,Easy,Multiple Choice,"In chess, what is the state called when a player's King is under attack and has no legal escape moves, ending the match immediately?",A) Stalemate | B) Resignation | C) Draw | D) Checkmate,D
265,Puzzles,Easy,Multiple Choice,"In chess, what is the state called when a player whose turn it is has no legal moves, but their King is NOT in check, resulting in a draw?",A) Stalemate | B) Check | C) Checkmate | D) En passant,A
266,Puzzles,Easy,Multiple Choice,"What color moves first in every standard, official game of chess?",A) Black | B) White | C) Red | D) Player's choice,B
267,Puzzles,Easy,Multiple Choice,How many total cards are in a standard deck of French-suited playing cards (excluding Jokers)?,A) 50 cards | B) 48 cards | C) 52 cards | D) 54 cards,C
268,Puzzles,Easy,Multiple Choice,"What is the common term for a word formed by taking the initial letters of a phrase, such as NASA or LASER?",A) An anagram | B) A synonym | C) A homonym | D) An acronym,D
269,Puzzles,Easy,Multiple Choice,"In the game of Connect Four, how many checkers of your color in a straight row (horizontal, vertical, or diagonal) are needed to win?",A) 4 checkers | B) 3 checkers | C) 5 checkers | D) 6 checkers,A
270,Puzzles,Easy,Multiple Choice,"What classic visual riddle asks the viewer to find 'Waldo' (or 'Wally') in densely crowded, detailed illustration scenes?",A) I Spy | B) Where's Waldo? | C) EyeFoundIt | D) Spot the Dog,B
271,Puzzles,Easy,Multiple Choice,"In chess, what is the only piece on the board that can never be captured or taken off the board?",A) The Queen | B) The Rook | C) The King | D) The Bishop,C
272,Puzzles,Easy,Multiple Choice,"In a standard deck of 52 cards, what are the four suits?","A) Stars, Moons, Suns, and Clouds | B) Cups, Swords, Wands, and Pentacles | C) Red, Blue, Green, and Yellow | D) Hearts, Diamonds, Clubs, and Spades",D
273,Puzzles,Easy,Typing,"In chess, what piece starts the match on the d1 square for White and d8 square for Black?",,queen
274,Puzzles,Easy,Typing,How many sides does a regular hexagon have?,,6
275,Puzzles,Easy,Typing,"In the card game Poker, what is the highest-ranking standard 5-card poker hand consisting of A-K-Q-J-10 of the same suit?",,royal flush
276,Puzzles,Medium,Multiple Choice,"In chess, what is a tactic where a single piece attacks two or more enemy pieces at the exact same time called?",A) A fork | B) A pin | C) A skewer | D) A battery,A
277,Puzzles,Medium,Multiple Choice,"In chess, what is a tactical attack where a valuable piece (like a King or Queen) is attacked and forced to move, exposing a less valuable piece behind it to capture?",A) A fork | B) A skewer | C) A pin | D) A windmill,B
278,Puzzles,Medium,Multiple Choice,In how many total ways can 3 books be arranged side-by-side on a shelf (3!)?,A) 3 ways | B) 9 ways | C) 6 ways | D) 8 ways,C
279,Puzzles,Medium,Multiple Choice,"In graph theory, what is a closed path that visits every VERTEX of a graph exactly once called?",A) An Eulerian path | B) A spanning tree | C) A planar graph | D) A Hamiltonian cycle,D
280,Puzzles,Medium,Multiple Choice,"In graph theory, what is a trail in a finite graph that visits every EDGE exactly once called?",A) An Eulerian trail | B) A Hamiltonian path | C) A bipartite cycle | D) A clique,A
281,Puzzles,Medium,Multiple Choice,"In a standard game of Scrabble, how many letter tiles does each player hold on their rack at one time during normal play?",A) 5 tiles | B) 7 tiles | C) 6 tiles | D) 8 tiles,B
282,Puzzles,Medium,Multiple Choice,"In the card game Poker, how many distinct 5-card hands can be dealt from a standard 52-card deck (calculated as 52 choose 5)?","A) 1,000,000 | B) 3,250,000 | C) 2,598,960 possible hands | D) 5,100,000",C
283,Puzzles,Medium,Multiple Choice,"In Sudoku strategy, what technique eliminates candidates by finding two cells in the same row/column/box that contain only the exact same two candidates?",A) X-Wing | B) Swordfish | C) Hidden Single | D) Naked Pair,D
284,Puzzles,Medium,Multiple Choice,"In the board game Mastermind, what feedback color peg indicates that a guessed color is correct AND in the correct position?",A) Black (or Red) key peg | B) White peg | C) Green peg | D) Yellow peg,A
285,Puzzles,Medium,Multiple Choice,"In the ancient game of Nim, if you are left with two piles of equal size (e.g. 5 and 5), what is the optimal winning strategy?",A) Empty one pile completely | B) Always mirror whatever the opponent takes from one pile by taking the same amount from the other pile | C) Take 1 from both | D) Pass your turn,B
286,Puzzles,Medium,Typing,"In chess, what opening move by White pushes the king's pawn two squares forward (1. e4)?",,e4
287,Puzzles,Medium,Typing,"What 4-letter word can precede 'house', 'light', and 'fall' to form three common compound words?",,night
288,Puzzles,Hard,Multiple Choice,"In combinatorial game theory, what famous theorem states that every impartial game played under normal play convention is equivalent to a one-pile game of Nim?",A) Nash's Theorem | B) Arrow's Impossibility Theorem | C) The Sprague-Grundy Theorem | D) Minimax Theorem,C
289,Puzzles,Hard,Multiple Choice,"In the 'Stag Hunt' game theory dilemma formulated by Jean-Jacques Rousseau, what two Nash equilibria exist when two hunters decide whether to hunt a Stag together or hunt a Hare alone?","A) Neither hunts | B) One always hunts Stag, one hunts Hare | C) Both hunt randomly | D) Both hunt Stag (payoff dominant) OR both hunt Hare",D
290,Puzzles,Medium,Multiple Choice,"In a standard chess tournament, what tie-break system calculates a player's score by summing the final scores of all opponents that the player defeated plus half the score of drawn opponents?",A) The Sonneborn-Berger system | B) The Buchholz system | C) Progressive score | D) Direct encounter,A
291,Puzzles,Hard,Multiple Choice,"In the mathematical game of Hex played on a rhombus of hexagonal cells, why is a tie or draw proven to be mathematically impossible?",A) Because pieces can be captured | B) Because a path of connected hexagons of one color connecting opposite sides always blocks the opponent from connecting their sides | C) Because the board is infinite | D) Because turns are timed,B
292,Puzzles,Hard,Multiple Choice,"In the 'Stable Marriage Problem', what famous 1962 algorithm guarantees finding an optimal stable matching between two equal-sized sets of preferences?",A) Dijkstra's algorithm | B) The Hungarian algorithm | C) The Gale-Shapley algorithm | D) Kruskal's algorithm,C
293,Puzzles,Hard,Multiple Choice,"In chess endgame theory, what principle describes a position where a King steps onto the same file or rank as the opposing King with an odd number of squares between them to seize territorial control?",A) Zugzwang | B) Triangulation | C) Zwischenzug | D) Opposition,D
294,Puzzles,Hard,Multiple Choice,"In chess, what German term describes a situation where a player is put at a severe disadvantage because they are obligated to make a move, and any legal move will worsen their position?",A) Zugzwang | B) Zwischenzug | C) Zeitnot | D) Luft,A
295,Puzzles,Hard,Typing,"In chess, what German word describes an unexpected 'in-between move' played before an expected recapture or reply?",,zwischenzug
296,Puzzles,Hard,Multiple Choice,What is the name of the two-player abstract strategy game invented by Piet Hein and John Nash played on a rhombus board of hexagons?,A) nim | B) hex | C) go | D) halma,B
297,Puzzles,Hard,Typing,What is the maximum number of moves in the half-turn metric to solve any position on a 3x3 Rubik's Cube ('God's Number')?,,20
298,Puzzles,Hard,Multiple Choice,"In the 'Centipede Game' in game theory, two players take turns either passing or taking a growing pot of money. What does backward induction paradoxically predict for purely rational players on the very first move?",A) Both players pass until the end | B) Player 2 takes on move 2 | C) Player 1 takes the money on the very first move | D) Players split the money evenly at the end,C
299,Puzzles,Hard,Multiple Choice,"In chess, how many total squares does a knight control from one of the central squares (e.g. d4 or e4) on an empty board?",A) 4 squares | B) 6 squares | C) 10 squares | D) 8 squares,D
300,Puzzles,Hard,Multiple Choice,"In the 'Secretary Problem' (optimal stopping theory) with N interview candidates, what percentage (1/e) of candidates should you reject before selecting the next candidate who is better than all previous ones to maximize your odds?",A) Approximately 37% | B) 50% | C) 25% | D) 10%,A
301,Puzzles,Easy,Multiple Choice,"What is the missing number in the simple arithmetic sequence: 2, 4, 6, 8, 10, ...?",A) 14 | B) 12 | C) 11 | D) 16,B
302,Puzzles,Easy,Multiple Choice,"What comes next in the geometric doubling sequence: 1, 2, 4, 8, 16, ...?",A) 24 | B) 64 | C) 32 | D) 20,C
303,Puzzles,Easy,Multiple Choice,"What is the next number in the Fibonacci sequence: 1, 1, 2, 3, 5, 8, 13, ...?",A) 18 | B) 20 | C) 25 | D) 21,D
304,Puzzles,Easy,Multiple Choice,"If you multiply any integer number by zero (0), what is the mathematical result?",A) Zero | B) 1 | C) The number itself | D) Infinity,A
305,Puzzles,Easy,Multiple Choice,How many total sides does a standard octagon have?,A) 6 sides | B) 8 sides | C) 10 sides | D) 12 sides,B
306,Puzzles,Easy,Multiple Choice,What is the sum of all internal angles in any Euclidean flat triangle?,A) 90 degrees | B) 360 degrees | C) 180 degrees | D) 270 degrees,C
307,Puzzles,Easy,Multiple Choice,What Roman numeral represents the integer number 100?,A) L | B) D | C) M | D) C,D
308,Puzzles,Easy,Multiple Choice,What is the only even prime number in mathematics?,A) 2 | B) 0 | C) 4 | D) 6,A
309,Puzzles,Easy,Multiple Choice,What is the square root of the number 144?,A) 14 | B) 12 | C) 16 | D) 10,B
310,Puzzles,Easy,Multiple Choice,How many minutes are there in exactly three full hours?,A) 120 minutes | B) 240 minutes | C) 180 minutes | D) 150 minutes,C
311,Puzzles,Easy,Multiple Choice,"What geometric solid shape has six identical square faces, eight vertices, and twelve edges?",A) A sphere | B) A pyramid | C) A cylinder | D) A cube,D
312,Puzzles,Easy,Multiple Choice,"If you roll a standard six-sided die, what is the probability of rolling an odd number (1, 3, or 5)?",A) 1/2 | B) 1/6 | C) 1/3 | D) 2/3,A
313,Puzzles,Easy,Multiple Choice,What is 50% of the number 250?,A) 100 | B) 125 | C) 150 | D) 75,B
314,Puzzles,Easy,Multiple Choice,How many degrees are in a full circular rotation?,A) 180 degrees | B) 720 degrees | C) 360 degrees | D) 90 degrees,C
315,Puzzles,Easy,Multiple Choice,What is the value of 7 multiplied by 8?,A) 54 | B) 48 | C) 64 | D) 56,D
316,Puzzles,Easy,Multiple Choice,"What is the next number in the square numbers sequence: 1, 4, 9, 16, 25, 36, ...?",A) 49 | B) 42 | C) 45 | D) 48,A
317,Puzzles,Easy,Multiple Choice,What is the perimeter of a square whose sides each measure 5 cm in length?,A) 25 cm | B) 20 cm | C) 15 cm | D) 10 cm,B
318,Puzzles,Easy,Multiple Choice,"If you have 3 quarters, 2 dimes, and 1 nickel, how much total money do you have in US cents?",A) 90 cents | B) 85 cents | C) 100 cents | D) 105 cents,C
319,Puzzles,Easy,Multiple Choice,"What is the next number in the counting down by threes sequence: 30, 27, 24, 21, ...?",A) 17 | B) 19 | C) 15 | D) 18,D
320,Puzzles,Easy,Multiple Choice,How many edges does a standard geometric tetrahedron (triangular pyramid) have?,A) 6 edges | B) 4 edges | C) 5 edges | D) 8 edges,A
321,Puzzles,Easy,Multiple Choice,What is the mathematical term for a whole number that cannot be divided evenly by 2?,A) An even number | B) An odd number | C) A prime number | D) A composite number,B
322,Puzzles,Easy,Multiple Choice,What is the value of 10 raised to the power of 3 (10³)?,"A) 100 | B) 10,000 | C) 1,000 | D) 30",C
323,Puzzles,Easy,Typing,What is the only prime number that ends with the digit 5?,,5
324,Puzzles,Easy,Typing,What is the sum of 15 and 27?,,42
325,Puzzles,Easy,Typing,How many degrees are in a right angle?,,90
326,Puzzles,Easy,Typing,What number is neither positive nor negative in mathematics?,,zero
327,Puzzles,Medium,Multiple Choice,"What is the missing number in the sequence: 3, 6, 11, 18, 27, ...?",A) 36 | B) 37 | C) 39 | D) 38,D
328,Puzzles,Medium,Multiple Choice,"If 5 machines can make 5 widgets in 5 minutes, how many minutes does it take 100 machines to make 100 widgets?",A) 5 minutes | B) 100 minutes | C) 20 minutes | D) 1 minute,A
329,Puzzles,Medium,Multiple Choice,"What is the next number in the alternating sequence: 2, 3, 5, 8, 12, 17, ...?",A) 22 | B) 23 | C) 24 | D) 25,B
330,Puzzles,Medium,Multiple Choice,"What is the missing number in the cubic sequence: 1, 8, 27, 64, 125, ...?",A) 150 | B) 196 | C) 216 | D) 256,C
331,Puzzles,Medium,Multiple Choice,A clock shows the time 3:15. What is the exact angle between the hour hand and the minute hand?,A) 0 degrees | B) 5 degrees | C) 15 degrees | D) 7.5 degrees,D
332,Puzzles,Medium,Multiple Choice,A train 1 mile long travels through a 1-mile long mountain tunnel at a steady speed of 60 miles per hour. How many minutes does it take from the moment the front of the train enters the tunnel until the entire train completely exits the tunnel?,A) 2 minutes | B) 1 minute | C) 3 minutes | D) 1.5 minutes,A
333,Puzzles,Medium,Multiple Choice,"In a classroom of 30 students, 18 play soccer, 15 play basketball, and 8 play both sports. How many students play neither sport?",A) 7 students | B) 5 students | C) 3 students | D) 10 students,B
334,Puzzles,Medium,Multiple Choice,What is the sum of all integers from 1 to 100 inclusive (1 + 2 + 3 + ... + 100)?,"A) 5,000 | B) 5,100 | C) 5,050 (calculated as n*(n+1)/2 = 100*101/2) | D) 4,950",C
335,Puzzles,Medium,Multiple Choice,"If a shirt costs $20 after a 20% discount, what was the original retail price of the shirt before the discount?",A) $24 | B) $22 | C) $26 | D) $25,D
336,Puzzles,Medium,Multiple Choice,"What is the next number in the prime number sequence: 2, 3, 5, 7, 11, 13, 17, ...?",A) 19 | B) 21 | C) 23 | D) 27,A
337,Puzzles,Medium,Multiple Choice,"A water tank is leaking. If it empties at a rate of 2 gallons per hour while being filled at a rate of 5 gallons per hour, how many hours will it take to fill an empty 60-gallon tank?",A) 12 hours | B) 20 hours | C) 30 hours | D) 15 hours,B
338,Puzzles,Medium,Multiple Choice,"What is the next number in the pattern: 1, 2, 6, 24, 120, ...?",A) 600 | B) 840 | C) 720 | D) 500,C
339,Puzzles,Medium,Multiple Choice,"If you fold a standard sheet of paper in half 5 times consecutively, into how many equal rectangular layers or sections is the paper divided?",A) 10 layers | B) 16 layers | C) 64 layers | D) 32 layers,D
340,Puzzles,Medium,Typing,"What is the missing number in the powers of three sequence: 3, 9, 27, 81, ...?",,243
341,Puzzles,Medium,Multiple Choice,What is 15% of 200?,A) 30 | B) 20 | C) 25 | D) 35,A
342,Puzzles,Medium,Typing,How many total diagonals can be drawn inside a regular 5-sided pentagon?,,5
343,Puzzles,Hard,Multiple Choice,"In the famous 'Two Trains and a Fly' puzzle, Train A and Train B start 100 miles apart on the same track, traveling toward each other at 50 mph each. A fly starts at Train A and flies back and forth between the trains at 80 mph until the trains collide. What is the total distance traveled by the fly?",A) 100 miles | B) 80 miles (the trains collide in exactly 1 hour: 100/(50+50)=1 hr; in 1 hr the fly travels 80 miles * 1 hr = 80 miles) | C) 60 miles | D) 160 miles,B
344,Puzzles,Hard,Multiple Choice,"In the 'St. Petersburg Paradox' in probability theory, a fair coin is tossed until heads appears. If heads appears on the k-th toss, you win 2^k dollars. What is the theoretical mathematical expected value of this game?","A) $100 | B) $2 | C) Infinite dollars (since the sum of (1/2)^k * 2^k diverges to infinity) | D) $1,000",C
345,Puzzles,Hard,Multiple Choice,What is the units digit of the massive number 7 raised to the power of 2024 (7²⁰²⁴)?,A) 7 | B) 9 | C) 3 | D) 1,D
346,Puzzles,Hard,Multiple Choice,"You have 100 doors in a row, all initially closed. Person 1 toggles every door. Person 2 toggles doors 2, 4, 6... Person 3 toggles doors 3, 6, 9... up to Person 100 who toggles door 100. How many doors remain OPEN at the end of the process?",A) 10 doors | B) 50 doors | C) 25 doors | D) 1 door,A
347,Puzzles,Hard,Multiple Choice,In how many distinct ways can you tile a 2x10 grid using 1x2 dominoes (which follows the Fibonacci recurrence relation F_11)?,A) 55 ways | B) 89 ways | C) 144 ways | D) 64 ways,B
348,Puzzles,Hard,Multiple Choice,What is the minimum number of colors needed to color any planar map such that no two adjacent regions sharing a common boundary line share the same color (the Four Color Theorem)?,A) 3 colors | B) 5 colors | C) 4 colors | D) 6 colors,C
349,Puzzles,Hard,Multiple Choice,A circular pizza is cut with 4 straight knife cuts across the entire pie. What is the MAXIMUM number of non-overlapping pieces you can create?,A) 16 pieces | B) 8 pieces | C) 10 pieces | D) 11 pieces (calculated as n*(n+1)/2 + 1 = 4*5/2 + 1 = 11),D
350,Puzzles,Hard,Multiple Choice,What is the remainder when the number 2¹⁰⁰ is divided by the integer 7 (using modular arithmetic 2³ ≡ 1 mod 7)?,A) 2 (since 2¹⁰⁰ = (2³)³³ * 2¹ ≡ 1³³ * 2 ≡ 2 mod 7) | B) 1 | C) 4 | D) 3,A
351,Puzzles,Hard,Typing,What is the maximum number of pieces you can divide a circular pancake into using 3 straight knife cuts?,,7
352,Puzzles,Hard,Typing,What is the sum of the interior angles of a 6-sided hexagon in degrees?,,720
353,Puzzles,Hard,Typing,"What is the 10th Fibonacci number in the standard sequence starting with F1=1, F2=1, F3=2, ...?",,55
354,Puzzles,Easy,Multiple Choice,"What is the arithmetic mean (average) of the three numbers 10, 20, and 30?",A) 15 | B) 20 | C) 25 | D) 30,B
355,Puzzles,Easy,Multiple Choice,"If a triangle has two sides of equal length, what type of triangle is it called?",A) Scalene | B) Equilateral | C) Isosceles | D) Right-angled,C
356,Puzzles,Easy,Multiple Choice,"What is the next number in the counting sequence: 100, 90, 80, 70, ...?",A) 50 | B) 65 | C) 55 | D) 60,D
357,Puzzles,Easy,Multiple Choice,What is the Roman numeral for the number 50?,A) L | B) C | C) X | D) V,A
358,Puzzles,Easy,Multiple Choice,What is 25 multiplied by 4?,A) 75 | B) 100 | C) 125 | D) 150,B
359,Puzzles,Easy,Multiple Choice,How many sides does a standard pentagon have?,A) 4 | B) 6 | C) 5 | D) 8,C
360,Puzzles,Easy,Multiple Choice,What is the next prime number after 7?,A) 9 | B) 13 | C) 10 | D) 11,D
361,Puzzles,Easy,Multiple Choice,What is 10% of 500?,A) 50 | B) 25 | C) 100 | D) 5,A
362,Puzzles,Easy,Multiple Choice,How many seconds are in one full hour?,"A) 60 seconds | B) 3,600 seconds | C) 600 seconds | D) 1,800 seconds",B
363,Puzzles,Easy,Multiple Choice,What is the cube of the number 2 (2³)?,A) 4 | B) 6 | C) 8 | D) 12,C
364,Puzzles,Easy,Multiple Choice,What is the perimeter of an equilateral triangle whose side length is 7 cm?,A) 14 cm | B) 28 cm | C) 49 cm | D) 21 cm,D
365,Puzzles,Easy,Multiple Choice,What is the only geometric shape with zero straight sides and zero vertices?,A) A circle | B) A square | C) A triangle | D) A trapezoid,A
366,Puzzles,Easy,Multiple Choice,"What is the next number in the pattern: 5, 10, 15, 20, ...?",A) 30 | B) 25 | C) 22 | D) 35,B
367,Puzzles,Easy,Multiple Choice,"If a car travels at 60 mph for 2 hours, how many miles has it traveled?",A) 60 miles | B) 30 miles | C) 120 miles | D) 90 miles,C
368,Puzzles,Easy,Multiple Choice,What is the square root of 81?,A) 8 | B) 7 | C) 11 | D) 9,D
369,Puzzles,Easy,Multiple Choice,What is 3 squared (3²)?,A) 9 | B) 6 | C) 12 | D) 27,A
370,Puzzles,Easy,Multiple Choice,How many millimeters are in one standard centimeter?,"A) 100 mm | B) 10 mm | C) 1 mm | D) 1,000 mm",B
371,Puzzles,Easy,Multiple Choice,What is the smallest positive whole number?,A) 0 | B) 2 | C) 1 | D) -1,C
372,Puzzles,Easy,Multiple Choice,What is the sum of 50 and 50?,A) 150 | B) 200 | C) 50 | D) 100,D
373,Puzzles,Easy,Typing,How many faces does a standard solid cube have?,,6
374,Puzzles,Easy,Typing,How many days are in a standard leap year?,,366
375,Puzzles,Easy,Typing,What is 100 divided by 4?,,25
376,Puzzles,Medium,Multiple Choice,"What is the missing number in the sequence: 1, 3, 7, 15, 31, ...?",A) 63 | B) 45 | C) 62 | D) 64,A
377,Puzzles,Medium,Multiple Choice,"If a clock strikes once at 1:00, twice at 2:00, and so on, how many total strikes does it make from 1:00 through 12:00 inclusive?",A) 50 strikes | B) 78 strikes | C) 72 strikes | D) 96 strikes,B
378,Puzzles,Medium,Multiple Choice,"A box contains 5 red balls, 4 green balls, and 3 blue balls (total 12). If you draw one ball at random, what is the probability that it is green?",A) 1/4 | B) 1/2 | C) 1/3 | D) 5/12,C
379,Puzzles,Medium,Multiple Choice,What is the value of (2 + 3) * (4 + 5)?,A) 33 | B) 29 | C) 54 | D) 45,D
380,Puzzles,Medium,Multiple Choice,"If a rectangular garden has a length of 12 meters and a width of 5 meters, what is the length of its diagonal?",A) 13 meters | B) 17 meters | C) 15 meters | D) 14 meters,A
381,Puzzles,Medium,Multiple Choice,"What is the next number in the alternating sign sequence: 1, -2, 4, -8, 16, ...?",A) 24 | B) -32 | C) 32 | D) -64,B
382,Puzzles,Medium,Multiple Choice,"If 3 pencils cost 45 cents, how much will 10 pencils cost at the same rate?",A) $1.20 | B) $1.00 | C) $1.50 | D) $1.35,C
383,Puzzles,Medium,Multiple Choice,What is the area of a right-angled triangle with a base of 8 cm and a height of 6 cm?,A) 48 cm² | B) 14 cm² | C) 28 cm² | D) 24 cm²,D
384,Puzzles,Medium,Multiple Choice,"What is the missing number in the triangular numbers sequence: 1, 3, 6, 10, 15, 21, ...?",A) 28 | B) 25 | C) 27 | D) 30,A
385,Puzzles,Medium,Multiple Choice,"If a positive number x satisfies x² = 2x, what is the value of x (assuming x is not zero)?",A) 1 | B) 2 | C) 4 | D) 0,B
386,Puzzles,Medium,Typing,What is the Roman numeral representation of the number 40?,,XL
387,Puzzles,Medium,Typing,What is 100 minus 37?,,63
388,Puzzles,Hard,Multiple Choice,"In the famous 'Collatz Conjecture' (or 3n+1 problem), if you start with the number 6, how many total steps does it take to reach the number 1 (6 -> 3 -> 10 -> 5 -> 16 -> 8 -> 4 -> 2 -> 1)?",A) 6 steps | B) 7 steps | C) 8 steps | D) 9 steps,C
389,Puzzles,Hard,Multiple Choice,What is the minimum number of weighings needed using a two-pan balance scale to find 1 heavier counterfeit coin among 27 identical-looking coins?,A) 4 weighings | B) 2 weighings | C) 5 weighings | D) 3 weighings,D
390,Puzzles,Hard,Multiple Choice,What is the sum of the infinite geometric series: 1/2 + 1/4 + 1/8 + 1/16 + ...?,A) 1 (calculated as a/(1-r) = (1/2)/(1 - 1/2) = 1) | B) Infinity | C) 2 | D) 1/2,A
391,Puzzles,Hard,Multiple Choice,How many total handshakes occur if 10 people in a room each shake hands with every other person exactly once?,A) 90 | B) 45 | C) 100 | D) 50,B
392,Puzzles,Hard,Multiple Choice,"In a standard deck of 52 playing cards, what is the probability of drawing an Ace on the first draw and a King on the second draw without replacement?",A) 16/2704 | B) 4/52 | C) 16/2652 = 4/663 | D) 8/52,C
393,Puzzles,Hard,Multiple Choice,"In binary notation (base-2), what is the decimal equivalent of the binary number 1101₂?",A) 11 | B) 15 | C) 14 | D) 13,D
394,Puzzles,Hard,Multiple Choice,"If a circle has a radius of 7 units, what is its approximate circumference using π ≈ 22/7?",A) 44 units | B) 22 units | C) 154 units | D) 88 units,A
395,Puzzles,Hard,Typing,What is the area of a circle with a radius of 1 unit in terms of pi?,,pi
396,Puzzles,Hard,Typing,What is 2 raised to the power of 8 (2⁸)?,,256
397,Puzzles,Hard,Typing,"In base-16 hexadecimal notation, what letter represents the decimal number 15?",,F
398,Puzzles,Hard,Multiple Choice,"In modular arithmetic, what is 17 mod 5?",A) 3 | B) 2 | C) 1 | D) 4,B
399,Puzzles,Hard,Multiple Choice,"What is the next number in the sequence of Catalan numbers: 1, 1, 2, 5, 14, ...?",A) 28 | B) 35 | C) 42 | D) 56,C
400,Puzzles,Hard,Multiple Choice,What is the total number of permutations of 4 distinct objects (4!)?,A) 12 | B) 16 | C) 20 | D) 24,D
401,Puzzles,Easy,Multiple Choice,"A detective walks into a crime scene on a snowy morning. Footprints lead from the sidewalk to the front door, but there are NO footprints leading away. The house is empty. How did the person leave?",A) They backed out stepping in their exact same footprints | B) They flew out | C) They are still hidden in the house | D) They escaped on cross-country skis,A
402,Puzzles,Easy,Multiple Choice,"A man is found murdered in his office on a hot July afternoon. A cassette tape recorder on his desk plays a recording: 'I cannot go on living like this... [gunshot]'. The detective immediately knows it was murder, not suicide. Why?",A) The window was open | B) The cassette tape had been rewound to the beginning | C) The man was wealthy | D) The lights were off,B
403,Puzzles,Easy,Multiple Choice,A wealthy merchant is found stabbed to death in a locked study with no windows. The murder weapon was an icicle that melted completely into a puddle of water. What type of physical evidence did the killer leave behind?,A) A puddle of melted water | B) Fingerprints | C) A melted pool of pure water | D) A broken dagger hilt,C
404,Puzzles,Easy,Multiple Choice,A jeweler reports a large diamond stolen from a glass display case. The glass was shattered from the INSIDE of the store out onto the sidewalk. The detective arrests the jeweler for insurance fraud. Why?,"A) The diamond was fake | B) The alarms were off | C) The jeweler had no license | D) If a thief broke in from the street, the glass fragments would fall inside the shop, not outside on the sidewalk",D
405,Puzzles,Easy,Multiple Choice,"A man claims he was reading a paperback novel in his bedroom when a lightning flash knocked out the power at 10:00 PM, but he continued reading continuously for another hour in total darkness without any candles or flashlight. How is this possible?",A) The man was blind and reading a book printed in Braille | B) He was using night vision goggles | C) His eyes adjusted | D) He had memorized the book,A
406,Puzzles,Easy,Multiple Choice,"A suspect claims he was driving along a deserted highway at 70 mph when both his headlights suddenly blew out, yet he didn't crash because there was no traffic. The detective points out his lie because it was broad daylight at 2:00 PM. Why didn't he crash?","A) He used fog lights | B) It was daytime, so sunlight illuminated the road | C) He followed road lines | D) He was being towed",B
407,Puzzles,Easy,Multiple Choice,"A woman buys a brand-new car and drives it 10 miles. When she gets home, she notices the odometer has recorded 0 miles. How is this possible?",A) The speedometer broke | B) She pushed the car | C) She drove the car 10 miles in reverse | D) The battery was dead,C
408,Puzzles,Easy,Multiple Choice,"A man in a completely dark room is given a plate of food. Without any light or smell, how does he know his soup is hot?",A) He hears it boiling | B) He asks someone | C) He tastes it with a thermometer | D) He feels the rising heat/steam with his hand,D
409,Puzzles,Easy,Multiple Choice,A detective inspects a locked safe. The combination consists of 3 digits. How many maximum attempts would it take to guarantee cracking the safe if the digits are between 0 and 9?,"A) 1,000 attempts | B) 100 attempts | C) 500 attempts | D) 10,000 attempts",A
410,Puzzles,Easy,Multiple Choice,"A murder suspect says he was asleep at home when the crime occurred. He claims his alarm clock was set for 8:00 AM, but he slept through it. His analog wind-up clock was set to 8:00 when he went to bed at 9:00 PM. How many hours of sleep did he actually get before the alarm rang?",A) 11 hours | B) 1 hour | C) 8 hours | D) 12 hours,B
411,Puzzles,Easy,Multiple Choice,A man is found frozen to death in a car in the middle of a desert. The windows are rolled up and the doors are locked from the inside. There are hundreds of empty matchsticks around him. What happened?,A) He tried to start a campfire | B) He was signaling for help | C) He ran out of gas during a freezing desert winter night and burned matches one by one for heat | D) He was smoking,C
412,Puzzles,Easy,Multiple Choice,"A detective investigates a burglary. The victim says: 'The thief broke my window from outside, stole my gold watch from the nightstand, and ran!' The detective notices glass shards on the outside lawn and none inside. Who committed the crime?",A) An outside burglar | B) A neighbor | C) A ghost | D) The homeowner staged the break-in,D
413,Puzzles,Easy,Multiple Choice,"A ship at sea is carrying 100 passengers. A huge wave strikes and capsizes the ship. Not a single person drowns, yet every passenger disappears. How?",A) Every person was married | B) They were rescued by helicopter | C) They swam ashore | D) It was a submarine,A
414,Puzzles,Easy,Multiple Choice,"A man looks through a window of a 50-story skyscraper and decides to jump out. He lands safely on the ground without a parachute or net, with not a scratch. How?",A) He landed on a giant trampoline | B) He jumped out from the window of the ground floor | C) He was wearing a wingsuit | D) It was a virtual reality simulation,B
415,Puzzles,Easy,Multiple Choice,"A father and son are driving. They crash. Two ambulances take them to separate hospitals. When the boy is prepped for surgery, the doctor says: 'I cannot operate, he is my son!' Who is the surgeon?",A) The boy's uncle | B) The boy's grandfather | C) The boy's mother | D) His step-father,C
416,Puzzles,Easy,Multiple Choice,A runner completes a lap around an oval running track in 1 minute and 20 seconds. The next lap takes exactly 80 seconds. Why did the speed change?,A) The runner sprinted | B) The runner slowed down | C) The wind changed | D) The speed did not change,D
417,Puzzles,Easy,Multiple Choice,A man is found dead in an open field holding an unlit match. There are no tracks around him. He died of a fall from the sky. What happened?,A) He was on a failing hot air balloon; they drew matches to see who would jump to lighten the load | B) He jumped from a plane | C) A tornado carried him | D) Lightning struck him,A
418,Puzzles,Easy,Multiple Choice,"Two people were born at the same moment from the same mother in the same delivery room, but they are not twins. How?",A) They were cousins | B) They were two of a set of triplets | C) One was adopted | D) Different days,B
419,Puzzles,Easy,Multiple Choice,"A woman enters an art museum, takes a famous painting off the wall, puts it in her bag, and walks past the guards without being stopped. Why?",A) The guards were asleep | B) She was invisible | C) She is the artist taking her own painting back after an exhibition | D) She paid for it,C
420,Puzzles,Easy,Multiple Choice,A man drives a car into a town where all streetlights are broken and there is no moon in the sky. A black dog crosses the road. The driver brakes in time. How did he see the dog?,A) The car's headlights were on | B) The dog wore a reflective collar | C) The dog had glowing eyes | D) It was daytime in broad sunlight,D
421,Puzzles,Easy,Multiple Choice,A farmer has 20 sheep. All but 12 run away. How many sheep does the farmer have left?,A) 12 sheep | B) 8 sheep | C) 0 sheep | D) 20 sheep,A
422,Puzzles,Easy,Multiple Choice,"A boy falls off a 20-foot tall ladder onto hard concrete, but does not get injured at all. How?",A) He was wearing armor | B) He fell off the very bottom rung of the ladder | C) He landed on pillows | D) He was an acrobat,B
423,Puzzles,Easy,Typing,"A man was washing windows on the 25th floor when he slipped and fell off the scaffold, but survived uninjured. What did he fall onto?",,floor
424,Puzzles,Easy,Typing,"What 5-letter word can be placed after 'rain', 'snow', and 'water' to make three weather items?",,fall
425,Puzzles,Easy,Typing,What is the name of the tool used by detectives to view fingerprints and tiny details under magnification?,,magnifying glass
426,Puzzles,Easy,Typing,"If you are trapped in a room with only a mirror and a wooden table, how do you escape? You look in the mirror, see what you saw, take the saw, cut the table in half, two halves make a whole, and you climb out through the ...?",,hole
427,Puzzles,Medium,Multiple Choice,"In a murder mystery, the victim died from poison in his drink. Both the victim and the suspect drank from the exact same pitcher of iced tea. The suspect drank 4 glasses and was completely fine, while the victim drank 1 glass and died within minutes. How was the poison administered?","A) The poison was on the rim of the victim's glass | B) The poison was in the sugar | C) The poison was frozen inside the ice cubes; the suspect drank fast before the ice melted, while the victim drank slowly as the poisoned ice melted | D) The victim was allergic",C
428,Puzzles,Medium,Multiple Choice,"A king offers a prisoner a choice of three execution rooms: Room A is filled with raging fires, Room B is filled with deadly venomous cobras, and Room C contains lions that haven't eaten in 3 years. Which room should the prisoner choose to survive?",A) Room A | B) Room B | C) None | D) Room C,D
429,Puzzles,Medium,Multiple Choice,"A wealthy explorer was murdered on Sunday morning. The butler said he was getting the mail, the maid said she was making the bed, the chef was cooking breakfast, and the gardener was watering plants. The detective immediately arrested the butler. Why?",A) There is no mail delivery on Sunday mornings | B) The butler had blood on his apron | C) The maid witnessed the crime | D) The chef lied,A
430,Puzzles,Medium,Multiple Choice,"An ancient logic puzzle features three boxes labeled 'Gold', 'Silver', and 'Empty'. Exactly one label is true, and the other two are false. Box 1: 'The gold is in Box 2.' Box 2: 'The gold is not in this box.' Box 3: 'The gold is in Box 1.' Where is the gold?",A) Box 1 | B) Box 2 | C) Box 3 | D) No box,B
431,Puzzles,Medium,Multiple Choice,"A detective enters an apartment where a woman was found dead on the floor. On the table is an open envelope with a letter, an empty teacup, and an open bottle of sleeping pills. A suicide note lies beside the cup. The detective looks around and arrests the husband for murder. What did the killer forget to stage?",A) The husband's fingerprint on the cup | B) The poison in the tea | C) The pen used to write the suicide note was missing from the entire room | D) The window was open,C
432,Puzzles,Medium,Multiple Choice,"A man is discovered dead in a snow-covered mountain cabin with a bullet wound to the chest. The door is locked from the inside, the chimney is too narrow, and all windows are securely barred. The only object in the room is a heater running at high temperature and a puddle of water with a pebble. How was the victim shot?",A) Through the keyhole | B) A sniper from outside | C) A trapdoor | D) A spring-loaded gun triggered by a block of melting ice holding back the trigger string,D
433,Puzzles,Medium,Multiple Choice,"In a lineup of three suspects (A, B, C), one is the thief. Suspect A says: 'B is the thief.' Suspect B says: 'I am innocent.' Suspect C says: 'A is lying.' If only ONE suspect is telling the truth, who is the thief?",A) Suspect B | B) Suspect A | C) Suspect C | D) None,A
434,Puzzles,Medium,Multiple Choice,"A courier must deliver an emerald ring in a secure lockbox across bandit country. The courier has a lockbox, padlocks, and keys. The recipient has their own padlocks and keys. How can the courier send the ring securely without sending any keys?","A) Give key to the driver | B) Courier locks box with Lock 1, sends to Recipient; Recipient adds Lock 2, sends back; Courier removes Lock 1, sends back; Recipient opens Lock 2 with their key | C) Hide key in the box | D) Send by pigeon",B
435,Puzzles,Medium,Multiple Choice,"A security guard at an art gallery reports that thieves broke in at 3:00 AM by disabling the infrared lasers. However, the security logs show the security cameras recorded a timestamp of 3:00 AM with the digital wall clock in the background showing 4:00 AM. The guard is arrested. Why?",A) The guard changed the tape | B) The cameras were fake | C) The guard used a pre-recorded loop video from a different hour/day | D) The clock was broken,C
436,Puzzles,Medium,Multiple Choice,"In an ancient king's court, 5 pirates must divide 100 gold coins. The senior pirate proposes a division. If at least 50% of pirates vote YES, it passes; otherwise, the proposer is executed and the next pirate proposes. Assuming all pirates are purely logical, ruthless, and want maximal gold, how many coins does the senior pirate keep?",A) 20 coins | B) 50 coins | C) 99 coins | D) 98 coins,D
437,Puzzles,Medium,Multiple Choice,"A detective inspects a frozen crime scene where a body was found in a car with all doors locked from the inside. The car's heater is blowing full blast, but the engine is completely cold. How did the heater blow hot air before the engine died?",A) The engine ran out of fuel hours after heating the cabin | B) An auxiliary battery | C) Solar panels | D) An electric blanket,A
438,Puzzles,Medium,Multiple Choice,"A jeweler has 3 locked display cases. Key A opens Case 1 or 2. Key B opens Case 2 or 3. Key C opens Case 1 or 3. If you want to open ALL three cases with the fewest keys, which pair of keys do you choose?",A) Key A and Key C | B) Key A and Key B | C) Key B and Key C | D) All three keys are strictly required,B
439,Puzzles,Medium,Multiple Choice,A detective solves a case where a suspect claimed he was alone in a soundproof room listening to loud music when his neighbor was shot. The detective disproves his alibi because the suspect described hearing the sound of what?,A) The gunshot | B) The police siren | C) The victim's dropped wine glass through the wall | D) A barking dog,C
440,Puzzles,Medium,Typing,"In a classic locked room mystery, what murder weapon made of frozen water disappears without a trace by evaporating/melting?",,icicle
441,Puzzles,Medium,Multiple Choice,What is the term for a logical contradiction where a statement refers to itself in an impossible loop (like 'This statement is false')?,A) tautology | B) fallacy | C) axiom | D) paradox,D
442,Puzzles,Medium,Typing,"In game theory, what is the famous dilemma where two arrested partners must choose to cooperate or defect against each other?",,prisoners dilemma
443,Puzzles,Hard,Multiple Choice,"In Raymond Smullyan's 'Knights and Knaves' island, Knights always tell the truth and Knaves always lie. You meet two inhabitants, Alex and Ben. Alex says: 'At least one of us is a Knave.' What are Alex and Ben?","A) Alex is a Knight, Ben is a Knave | B) Both are Knaves | C) Alex is a Knave, Ben is a Knight | D) Both are Knights",A
444,Puzzles,Hard,Multiple Choice,"A detective investigates an apparent drowning in a shallow bathtub. The victim's lungs contain salt water, but the bathtub was filled with fresh tap water. What did the detective deduce?",A) The victim drank salt water | B) The victim was murdered by drowning in the ocean (or saltwater tank) and later moved to the bathtub to stage a suicide | C) The victim had a seizure | D) The tap water was chlorinated,B
445,Puzzles,Hard,Multiple Choice,"In Einstein's famous 'Five Houses' logic puzzle, five people of different nationalities live in five colored houses, keep different pets, drink different beverages, and smoke different cigars. Who keeps the Fish in the canonical solution?",A) The Brit | B) The Norwegian | C) The German | D) The Swede,C
446,Puzzles,Hard,Multiple Choice,"A sultan tests a prisoner with two jars and 100 marbles (50 black, 50 white). The prisoner can distribute all 100 marbles into the two jars in any way. The sultan will pick a jar at random and draw one marble. If it is white, the prisoner is freed. How should the prisoner distribute the marbles to maximize his survival probability to nearly 75%?","A) 50 in each jar | B) 25 white and 25 black in each jar | C) Put all white in one jar and all black in the other | D) Put exactly 1 white marble in Jar 1, and the remaining 49 white and 50 black marbles in Jar 2",D
447,Puzzles,Hard,Multiple Choice,"In the 'Cheryl's Birthday' logic puzzle (Albert and Bernard), Cheryl gives Albert the month and Bernard the day from a list of 10 dates (May 15, May 16, May 19, June 17, June 18, July 14, July 16, August 14, August 15, August 17). Albert says: 'I know Bernard doesn't know.' Bernard then says: 'Now I know.' Albert says: 'Now I know too.' What is Cheryl's birthday?",A) July 16 | B) June 17 | C) August 17 | D) May 19,A
448,Puzzles,Medium,Multiple Choice,"In the 'Two Envelopes Problem', Envelope A contains X dollars, and Envelope B contains either 2X or X/2 dollars with equal probability. Why is the naive calculation showing an expected value of 1.25X if you switch considered a fallacy?","A) The envelopes are rigged | B) The probability distribution over all positive numbers cannot be uniform, meaning you cannot assume equal prior probabilities for all X without bounds | C) Money cannot be doubled | D) Switching costs a fee",B
449,Puzzles,Hard,Multiple Choice,"A secret agent is locked in a dark cell with 4 identical-looking keys. Exactly 1 key opens the lock. If tested keys are discarded, what is the probability that the cell door opens on the 3rd attempt?",A) 1/8 | B) 1/2 | C) Exactly 1/4 (25%) | D) 1/16,C
450,Puzzles,Hard,Multiple Choice,"A detective solves a murder by examining a broken wristwatch on the victim's wrist stopped at 4:20. The battery was still fully charged, but the glass crystal was cracked by a blunt force blow. What did this establish?",A) The suspect's identity | B) The direction of the blow | C) The victim's speed | D) The exact time of the physical struggle/impact,D
451,Puzzles,Hard,Typing,"In deductive logic, what is the Latin term for a logical deduction where you conclude B because 'If A then B' and 'A is true'?",,modus ponens
452,Puzzles,Medium,Typing,"In game theory, what is the term for a state where no player can benefit by unilaterally changing their chosen strategy?",,nash equilibrium
453,Puzzles,Easy,Typing,"In classic riddle history, what beast did Oedipus defeat by correctly answering her riddle about man crawling, walking, and using a cane?",,sphinx
454,Puzzles,Easy,Multiple Choice,A detective inspects a muddy footprints track in an alleyway. The stride length suddenly doubles and the toe impressions become much deeper than the heels. What was the suspect doing?,A) Running | B) Walking backward | C) Carrying a heavy weight | D) Hopping on one foot,A
455,Puzzles,Easy,Multiple Choice,A man in a library asks the librarian for a book on deductive reasoning. The librarian hands him a book with page numbers 1 through 100. How many times does the digit '5' appear in the page numbers?,A) 10 times | B) 20 times | C) 11 times | D) 19 times,B
456,Puzzles,Easy,Multiple Choice,A room has three light switches outside. How do you find which switch turns on the light bulb inside by entering the room only once?,"A) Flip all switches | B) Look under the door | C) Turn switch 1 on for 10 min, turn off, turn switch 2 on, and enter: on=2, warm=1, cold=3 | D) Turn switch 1 and 3 on",C
457,Puzzles,Easy,Multiple Choice,A detective finds a handwritten ransom note with no fingerprints. The ink is fresh ballpoint pen ink. What forensic tool can reveal the indented impressions of the handwriting on the blank notepad sheet underneath?,A) A magnifying glass | B) Ultraviolet light | C) Infrared camera | D) Electrostatic Detection Apparatus (ESDA) or oblique light shading,D
458,Puzzles,Easy,Multiple Choice,"A suspect claims he was at a movie theater when the crime took place. He hands the detective his movie ticket stub, which has a torn edge matching the usher's collection box. The detective checks the stub timestamp and arrests him. Why?",A) The movie ticket was dated for the previous week | B) The theater was closed | C) The movie was sold out | D) The popcorn was cold,A
459,Puzzles,Easy,Multiple Choice,A man is discovered dead in his car with carbon monoxide poisoning. The ignition is turned off and the fuel tank is full. What did the detective deduce?,A) He fell asleep | B) The victim was murdered elsewhere using car exhaust and placed into the vehicle afterward | C) He was poisoned by a chemical | D) The car was struck by lightning,B
460,Puzzles,Easy,Multiple Choice,A thief steals a heavy safe and wheels it away on a trolley. The detective follows the wheel tracks in the soft gravel. How can the detective determine which direction the trolley traveled?,A) By the color of the dirt | B) By the sound of the tires | C) By the displacement of gravel in the direction of forward wheel rotation | D) By the width of the tracks,C
461,Puzzles,Easy,Multiple Choice,"In a mystery novel, a victim is poisoned by a rare snake bite while sleeping in a penthouse apartment on the 40th floor. The windows were locked and the door was bolted. How did the snake enter?",A) Through the plumbing pipes | B) Dropped from a drone | C) Hatched from the carpet | D) Placed inside a bouquet of hollow tropical flowers delivered earlier that afternoon,D
462,Puzzles,Easy,Multiple Choice,A detective finds two identical bullet casings at a shooting scene. What laboratory instrument allows the ballistics expert to view both bullets side-by-side under magnification to match striations?,A) A comparison microscope | B) An electron microscope | C) An optical telescope | D) A refractometer,A
463,Puzzles,Easy,Multiple Choice,A victim receives a letter with no return address. Forensic analysis reveals the envelope flap was sealed with water rather than saliva. Why did the sender do this?,A) To save time | B) To prevent leaving behind usable DNA evidence for forensic testing | C) The sender had dry mouth | D) The paper was thick,B
464,Puzzles,Easy,Multiple Choice,A detective enters a crime scene and notices the wall clock is running backward. What type of clock mechanism causes this illusion in a mirror reflection?,A) A grandfather clock | B) A digital clock | C) A barbershop mirror-clock | D) An hourglass,C
465,Puzzles,Easy,Multiple Choice,A suspect claiming an alibi of eating at a restaurant presents a receipt showing a meal paid at 8:15 PM. The detective notices the sales tax on the receipt is 0%. The restaurant is in a city with an 8% mandatory sales tax. What does this mean?,A) The food was free | B) The restaurant made an accounting error | C) The customer was exempt | D) The receipt was fabricated or printed from a home register,D
466,Puzzles,Easy,Multiple Choice,A diamond merchant keeps his jewels in a safe protected by a laser grid. What simple substance could an intruder spray into the air to reveal the invisible laser beams?,"A) Smoke, talcum powder, or aerosol mist | B) Water spray | C) Oxygen | D) Perfume",A
467,Puzzles,Easy,Multiple Choice,"A detective investigates a forged check. Under ultraviolet light, the paper fluoresces differently where the ink was altered. What chemical property reveals the erasure?",A) Acid concentration | B) Chemical bleaching of the security paper fibers | C) Paper thickness | D) Heat absorption,B
468,Puzzles,Easy,Multiple Choice,A man is caught trying to enter a country with two passports under different names. How does the border control biometric scanner verify he is the same person?,A) Height comparison | B) Eye color | C) Facial recognition and fingerprint comparison algorithms | D) Signature shape,C
469,Puzzles,Easy,Multiple Choice,"In an escape room puzzle, you must find a 4-digit code using the clues: 'The first digit is 3 times the last digit, the second digit is 4, and the third digit is double the last digit (which is 2)'. What is the 4-digit code?",A) 3421 | B) 9463 | C) 6422 | D) 6442,D
470,Puzzles,Easy,Multiple Choice,"A cipher message reads: 'WKH VHFUHW FRGH LV VHYHQ'. If every letter is shifted backward by 3 in the alphabet (Caesar cipher: D->A, E->B), what is the decrypted word for 'VHYHQ'?",A) SEVEN | B) THREE | C) EIGHT | D) NINE,A
471,Puzzles,Easy,Multiple Choice,"In an ancient dungeon escape, a prisoner must choose between two potions: Potion A has blue bubbles and smells of almonds; Potion B is clear and odorless. What lethal poison famously smells of bitter almonds?",A) Arsenic | B) Cyanide | C) Belladonna | D) Strychnine,B
472,Puzzles,Easy,Multiple Choice,A suspect claims he drove 120 miles in exactly 1 hour on a standard suburban street with a 30 mph speed limit. What law of physics proves he violated the speed limit?,A) Newton's second law | B) Friction limit | C) Average speed = distance / time | D) Momentum,C
473,Puzzles,Easy,Typing,What is the ancient cryptographic method of shifting each letter in the alphabet by a fixed number of positions named after a Roman emperor?,,caesar cipher
474,Puzzles,Easy,Typing,What invisible bodily fluid residue is tested with Luminol at crime scenes to produce a glowing blue chemiluminescence?,,blood
475,Puzzles,Easy,Typing,What is the science of writing and solving encoded secret messages and ciphers called?,,cryptography
476,Puzzles,Medium,Multiple Choice,A detective discovers a coded diary where the words are encrypted using a Pigpen cipher (masonic cipher). What geometric shapes form the grid for this classic substitution cipher?,A) Circles and triangles | B) Hexagonal lattices | C) Spiral curves | D) Tic-tac-toe grids (#) and X-shapes with dots,D
477,Puzzles,Medium,Multiple Choice,A suspect claims he was at an outdoor baseball game during a severe thunderstorm that occurred at 3:00 PM. The game was played 10 miles away in the same county. The weather radar shows the storm was 50 miles wide. Why does the detective reject his alibi?,A) Baseball games are suspended/delayed immediately during severe thunderstorms | B) The tickets were fake | C) The stadium had a dome | D) The radar was offline,A
478,Puzzles,Medium,Multiple Choice,"A locked box has a 3-wheel combination lock with numbers 0-9 on each wheel. If the thief knows the first digit is odd and the second digit is even, what is the MAXIMUM number of combinations the thief needs to test?","A) 1,000 | B) 250 combinations | C) 500 | D) 100",B
479,Puzzles,Medium,Multiple Choice,A detective inspects a will where a signature was traced over using carbon paper. What physical microscopic feature distinguishes a traced signature from a genuine fast-written signature?,"A) Ink color | B) Paper thickness | C) Tremors, uniform line width, and hesitations without natural pen pressure variations | D) Type of fountain pen",C
480,Puzzles,Medium,Multiple Choice,A spy receives a microdot message hidden beneath a postage stamp. What magnification optical device is needed to read a text photographically reduced to the size of a typewriter period?,A) Binoculars | B) Reading glasses | C) A prism | D) A high-power optical microscope,D
481,Puzzles,Medium,Multiple Choice,"In a murder mystery, the killer poisoned the water supply of a ski lodge. 5 guests drank water from the pitcher: Guests 1 and 2 drank immediately and died; Guests 3, 4, and 5 drank 2 hours later and felt fine. How did the poison become inactive?",A) The poison was a volatile compound that evaporated into the air over 2 hours | B) The water froze | C) The pitcher was refilled | D) The poison sank to the bottom,A
482,Puzzles,Medium,Multiple Choice,"A thief steals a bag containing 100 gold coins and 100 silver coins. If he reaches into the bag blindly, what is the MINIMUM number of coins he must pull out to guarantee having at least 3 coins of the SAME metal?",A) 3 coins | B) 5 coins | C) 6 coins | D) 101 coins,B
483,Puzzles,Medium,Multiple Choice,"In an ancient dungeon logic trap, there are three chests: Gold, Silver, Lead. One chest contains the key to freedom. Gold chest inscription: 'The key is in this chest.' Silver chest inscription: 'The key is not in this chest.' Lead chest inscription: 'The key is not in the Gold chest.' If at most ONE inscription is TRUE, where is the key?",A) In the Gold chest | B) In the Lead chest | C) In the Silver chest | D) There is no key,C
484,Puzzles,Medium,Multiple Choice,"A detective solves a murder by determining that a suspect's shoe size was a Men's US 11. In the mud outside the window, the stride depth indicated the intruder weighed approximately 150 lbs, but the suspect weighs 230 lbs. What did the detective deduce?",A) The suspect lost weight | B) The suspect wore someone else's boots | C) The mud was hard | D) The suspect walked while leaning on crutches/supports or the footprints belonged to someone else,D
485,Puzzles,Medium,Multiple Choice,"A suspect tells the detective: 'I heard the church tower clock strike 12 midnight, and 5 minutes later I heard the gunshot.' The church clock is 2 miles away. Given that sound travels at approximately 1,125 feet per second in air (about 1 mile every 5 seconds), how long did it take the sound of the bell to reach the suspect?",A) About 10 seconds | B) 5 minutes | C) 1 minute | D) 2 seconds,A
486,Puzzles,Medium,Typing,What is the name of the forensic technique that identifies individuals by the unique patterns of ridges on their fingertips?,,fingerprinting
487,Puzzles,Medium,Typing,"In forensic toxicology, what toxic heavy metal with symbol 'As' was historically nicknamed 'the king of poisons' and 'inheritance powder'?",,arsenic
488,Puzzles,Hard,Multiple Choice,"In a high-stakes logic puzzle, five people (A, B, C, D, E) are seated in a row. A says: 'B is to my left.' B says: 'C is a liar.' C says: 'D is wearing a red hat.' D says: 'E is to my right.' If only truth-tellers wear red hats and liars wear black hats, what mathematical graph/logic method is used to solve this assignment?",A) Linear programming | B) Constraint Satisfaction Problem (CSP) boolean satisfiability | C) Fast Fourier Transform | D) Matrix inversion,B
489,Puzzles,Hard,Multiple Choice,A detective investigates a poisoning using a toxic dose of digitalis (foxglove extract). The victim's blood test reveals lethal cardiac glycoside levels. What physiological effect does digitalis toxicity have on the human heart?,"A) Dilates coronary arteries | B) Paralyzes the diaphragm | C) Inhibits sodium-potassium ATPase pumps, leading to fatal cardiac arrhythmias | D) Destroys hemoglobin",C
490,Puzzles,Hard,Multiple Choice,"In a secret cryptography puzzle, an encrypted message uses the Vigenère cipher with the keyword 'CIPHER'. What mathematical attack method, published in 1863 by Friedrich Kasiski, breaks polyalphabetic ciphers by finding repeating text intervals?",A) Frequency analysis on single letters | B) Brute force dictionary attack | C) Differential cryptanalysis | D) Kasiski examination,D
491,Puzzles,Hard,Multiple Choice,"A locked-room homicide features a victim shot through a double-paned window. The outer glass pane has a clean, small entry hole, while the inner pane has a large, beveled exit crater. What ballistics principle explains this cone of fracture?",A) Hertzian cone fracture mechanics in brittle glass | B) Glass melting point | C) Thermal expansion | D) Surface tension,A
492,Puzzles,Hard,Multiple Choice,"In an ancient mathematical game, two players take turns placing non-overlapping identical round pennies on a large circular table. The player who places the last penny wins. What is the first player's guaranteed winning strategy?","A) Place the first penny on the edge | B) Place the first penny exactly on the center point of the circle, and thereafter symmetrically mirror the second player's placements across the center | C) Place pennies along the perimeter | D) Play randomly",B
493,Puzzles,Hard,Multiple Choice,A detective inspects a suicide note typed on a mechanical typewriter. How can forensic document examiners link the typed note to a specific suspect's typewriter?,"A) By the type of paper | B) By the ribbon color | C) By microscopic misalignments, worn typeface defects, serif damage, and individual key strike signatures | D) By the font size",C
494,Puzzles,Easy,Multiple Choice,"In the 'Mastermind' code-breaking game with 4 pegs and 6 colors, what is the maximum number of guesses required to crack any hidden code using Donald Knuth's five-guess minimax algorithm (1977)?",A) 6 guesses | B) 7 guesses | C) 8 guesses | D) 5 guesses,D
495,Puzzles,Easy,Multiple Choice,"In computer science and puzzle theory, what is the formal computational complexity class of solving an arbitrary generalized N x N Sudoku puzzle?",A) NP-complete | B) P | C) O(1) constant | D) Undecidable,A
496,Puzzles,Hard,Multiple Choice,"In the famous 'Knight's Tour' chess puzzle, a knight must visit every single square on an 8x8 chessboard exactly once. What heuristic rule (developed in 1823) chooses the square with the fewest available onward moves to solve the tour efficiently?",A) Dijkstra's algorithm | B) Warnsdorff's rule | C) A* search | D) Bellman-Ford heuristic,B
497,Puzzles,Hard,Multiple Choice,"A forensic pathologist determines time of death by measuring the drop in body temperature (algor mortis) using the Glaister equation. Under normal room conditions (~20°C / 68°F), at what approximate rate does a deceased human body lose temperature during the first 12 hours?",A) 5.0°C per hour | B) 2.5°C per hour | C) Approximately 0.78°C to 1.0°C (1.5°F) per hour | D) 0.1°C per hour,C
498,Puzzles,Hard,Typing,What is the ancient Greek cipher device consisting of a leather strip wrapped around a wooden cylinder of specific diameter called?,,scytale
499,Puzzles,Hard,Multiple Choice,"In an escape puzzle, a locked chamber door requires entering the 8th prime number. What integer must be entered?",A) 17 | B) 23 | C) 29 | D) 19,D
500,Puzzles,Easy,Multiple Choice,"What word is spelled identically forward and backward, describes a watercraft for one or two people, and starts and ends with 'K'?",A) Kayak | B) Keel | C) Kiosk | D) Ketch,A
