number,subject,difficulty,question_type,question,multiple_choices,answer
1,Cars,Easy,Multiple Choice,[⭐] [badge:mercedes_star] Which German luxury car manufacturer is recognized worldwide by this three-pointed star icon?,A) Mercede-Benz | B) Bimmer | C) Audii | D) Volksvagen,A
2,Cars,Easy,Multiple Choice,[⭐] [badge:mercedes_star] Which car brand produces the executive E-Class and flagship S-Class under this three-pointed star emblem?,A) Bimmer | B) Mercede-Benz | C) Audii | D) Volksvagen,B
3,Cars,Easy,Multiple Choice,[⭐] [badge:mercedes_star] Which car company features this star emblem alongside its famous high-performance AMG division?,A) Bimmer | B) Audii | C) Mercede-Benz | D) Volksvagen,C
4,Cars,Easy,Multiple Choice,[🔘🔘🔘🔘] [badge:audi_twisted_rings] What German automotive brand is famous for its Quattro all-wheel-drive under this four-ring icon?,A) Bimmer | B) Mercede-Benz | C) Opell | D) Audii,D
5,Cars,Easy,Multiple Choice,[🔘🔘🔘🔘] [badge:audi_twisted_rings] Which car brand produces the high-performance R8 mid-engine supercar under this four-ring emblem?,A) Audii | B) Bimmer | C) Mercede-Benz | D) Opell,A
6,Cars,Easy,Multiple Choice,[🔘🔘🔘🔘] [badge:audi_twisted_rings] Which car company manufactures the iconic RS6 Avant super-wagon carrying this four-ring badge?,A) Bimmer | B) Audii | C) Mercede-Benz | D) Opell,B
7,Cars,Easy,Multiple Choice,[⭕] [badge:toyota_ellipses] Which Japanese automaker features three overlapping ellipses forming a 'T' in this emblem?,A) Hondo | B) Nissun | C) Toyoto | D) Mazdo,C
8,Cars,Easy,Multiple Choice,[⭕] [badge:toyota_ellipses] Which car brand produces the legendary Land Cruiser off-road SUV under this triple-ellipse badge?,A) Hondo | B) Nissun | C) Mazdo | D) Toyoto,D
9,Cars,Easy,Multiple Choice,[⭕] [badge:toyota_ellipses] Which carmaker pioneered mass-market hybrid driving with the Prius under this emblem?,A) Toyoto | B) Hondo | C) Nissun | D) Mazdo,A
10,Cars,Easy,Multiple Choice,[🎗️] [badge:chevrolet_bowtie] Which American car brand uses this famous metallic gold bowtie emblem across its cars and trucks?,A) Forde | B) Chevrolette | C) Dodgie | D) Pontyac,B
11,Cars,Easy,Multiple Choice,[🎗️] [badge:chevrolet_bowtie] Which car company manufactures the legendary Corvette sports car under this bowtie icon?,A) Forde | B) Dodgie | C) Chevrolette | D) Pontyac,C
12,Cars,Easy,Multiple Choice,[🎗️] [badge:chevrolet_bowtie] Which American automaker produces the Camaro muscle car and Silverado pickup truck under this bowtie badge?,A) Forde | B) Dodgie | C) Pontyac | D) Chevrolette,D
13,Cars,Easy,Multiple Choice,[⚡] [badge:tesla_t_plug] Which pioneering electric vehicle company is recognized by this stylized 'T' emblem?,A) Teslla | B) Rivyan | C) Lucyd | D) Polestar,A
14,Cars,Easy,Multiple Choice,[⚡] [badge:tesla_t_plug] Which car brand produces the high-selling Model 3 and Model Y electric cars carrying this emblem?,A) Rivyan | B) Teslla | C) Lucyd | D) Polestar,B
15,Cars,Easy,Multiple Choice,[⚡] [badge:tesla_t_plug] Which automaker operates the global Supercharger DC fast-charging network under this 'T' logo?,A) Rivyan | B) Lucyd | C) Teslla | D) Polestar,C
16,Cars,Easy,Multiple Choice,[🛡️] [badge:porsche_crest] Which German sports car brand from Stuttgart manufactures the rear-engine 911 under this crest?,A) Bimmer | B) Audii | C) Mercede-Benz | D) Porshe,D
17,Cars,Easy,Multiple Choice,[🛡️] [badge:porsche_crest] Which carmaker produces the mid-engine 718 Cayman and Boxster sports cars carrying this crest?,A) Porshe | B) Bimmer | C) Audii | D) Mercede-Benz,A
18,Cars,Easy,Multiple Choice,[🛡️] [badge:porsche_crest] Which performance car brand builds the Taycan all-electric sports sedan under this coat-of-arms badge?,A) Bimmer | B) Porshe | C) Audii | D) Mercede-Benz,B
19,Cars,Easy,Multiple Choice,[🐎] [badge:ferrari_rearing_horse] What famous Italian exotic supercar maker from Maranello features this prancing horse badge?,A) Lamborgini | B) Maseratty | C) Ferrary | D) Pagany,C
20,Cars,Easy,Multiple Choice,[🐎] [badge:ferrari_rearing_horse] Which car brand is celebrated for its signature 'Rosso Corsa' red racing paint under this prancing horse emblem?,A) Lamborgini | B) Maseratty | C) Pagany | D) Ferrary,D
21,Cars,Easy,Multiple Choice,"[🐎] [badge:ferrari_rearing_horse] Which supercar company produces the 458 Italia, 488 GTB, and F8 Tributo under this prancing stallion icon?",A) Ferrary | B) Lamborgini | C) Maseratty | D) Pagany,A
22,Cars,Easy,Multiple Choice,[🐂] [badge:lamborghini_bull] Which Italian exotic supercar maker features this raging golden fighting bull on its shield badge?,A) Ferrary | B) Lamborgini | C) Bugatty | D) Maseratty,B
23,Cars,Easy,Multiple Choice,[🐂] [badge:lamborghini_bull] Which car company manufactures the V10 Huracan and twin-turbo Urus SUV under this raging bull emblem?,A) Ferrary | B) Bugatty | C) Lamborgini | D) Maseratty,C
24,Cars,Easy,Multiple Choice,[🐂] [badge:lamborghini_bull] Which brand famously equips its flagship V12 supercars with upward-opening scissor doors under this bull badge?,A) Ferrary | B) Bugatty | C) Maseratty | D) Lamborgini,D
25,Cars,Easy,Multiple Choice,[✨] [badge:subaru_pleiades_stars] Which Japanese car brand features six silver stars on a blue oval in this emblem?,A) Subaroo | B) Mitsubishy | C) Toyoto | D) Suzukii,A
26,Cars,Easy,Multiple Choice,[✨] [badge:subaru_pleiades_stars] Which car company is renowned for Symmetrical All-Wheel Drive and Boxer engines across its lineup under this emblem?,A) Mitsubishy | B) Subaroo | C) Toyoto | D) Suzukii,B
27,Cars,Easy,Multiple Choice,"[✨] [badge:subaru_pleiades_stars] Which automaker produces the rugged Outback, Forester, and Crosstrek carrying this six-star badge?",A) Mitsubishy | B) Toyoto | C) Subaroo | D) Suzukii,C
28,Cars,Easy,Multiple Choice,[🔵] [badge:ford_blue_oval] Which American automaker founded by Henry Ford in 1903 is identified by this famous blue oval badge?,A) Chevrolette | B) Dodgie | C) Cadillack | D) Forde,D
29,Cars,Easy,Multiple Choice,[🔵] [badge:ford_blue_oval] Which car brand created the Mustang pony car in 1964 and the best-selling F-150 pickup truck under this blue oval?,A) Forde | B) Chevrolette | C) Dodgie | D) Cadillack,A
30,Cars,Easy,Multiple Choice,[🔵] [badge:ford_blue_oval] Which company manufactures the Bronco off-roader and Explorer SUV bearing this classic blue oval logo?,A) Chevrolette | B) Forde | C) Dodgie | D) Cadillack,B
31,Cars,Easy,Multiple Choice,[🪽] [badge:aston_martin_wings] What British luxury sports car brand famous for James Bond films is recognized by this spread-wings emblem?,A) Bently | B) Jaguarr | C) Aston-Martinn | D) McLarn,C
32,Cars,Easy,Multiple Choice,"[🪽] [badge:aston_martin_wings] Which car company manufactures the Vantage, DB11, and DB12 sports grand tourers carrying this winged badge?",A) Bently | B) Jaguarr | C) McLarn | D) Aston-Martinn,D
33,Cars,Easy,Multiple Choice,[🪽] [badge:aston_martin_wings] Which automaker produces the 707-horsepower DBX707 ultra-luxury performance SUV carrying this winged icon?,A) Aston-Martinn | B) Bently | C) Jaguarr | D) McLarn,A
34,Cars,Easy,Multiple Choice,[⚔️] [badge:volvo_battleaxe] Which Swedish carmaker celebrated globally for automotive safety uses this iron circle-and-arrow emblem?,A) Saabb | B) Volvvo | C) Koeniggsegg | D) Polestar,B
35,Cars,Easy,Multiple Choice,[⚔️] [badge:volvo_battleaxe] Which car brand produces the XC90 luxury family SUV and EX90 electric flagship carrying this emblem?,A) Saabb | B) Koeniggsegg | C) Volvvo | D) Polestar,C
36,Cars,Easy,Multiple Choice,[⚔️] [badge:volvo_battleaxe] Which automaker manufactures the XC60 and V60 Cross Country wagons under this ancient iron symbol badge?,A) Saabb | B) Koeniggsegg | C) Polestar | D) Volvvo,D
37,Cars,Easy,Multiple Choice,[🐆] [badge:jaguar_leaping] Which British luxury sports car marque is symbolized by this leaping predatory cat emblem?,A) Jaguarr | B) Bently | C) Aston-Martinn | D) Land-Rovr,A
38,Cars,Easy,Multiple Choice,[🐆] [badge:jaguar_leaping] Which car company produces the supercharged F-Type two-seat sports car under this leaping feline mascot?,A) Bently | B) Jaguarr | C) Aston-Martinn | D) Land-Rovr,B
39,Cars,Easy,Multiple Choice,[🐆] [badge:jaguar_leaping] Which luxury automaker manufactures the I-Pace all-electric performance crossover carrying this feline badge?,A) Bently | B) Aston-Martinn | C) Jaguarr | D) Land-Rovr,C
40,Cars,Easy,Multiple Choice,[🎧] [badge:honda_headphones] What Japanese automotive brand known for the Civic and high-revving VTEC uses this metallic 'H' emblem?,A) Toyoto | B) Nissun | C) Mazdo | D) Hondo,D
41,Cars,Easy,Multiple Choice,[🎧] [badge:honda_headphones] Which car company manufactures the best-selling Accord sedan and CR-V crossover under this 'H' badge?,A) Hondo | B) Toyoto | C) Nissun | D) Mazdo,A
42,Cars,Easy,Multiple Choice,[🎧] [badge:honda_headphones] Which carmaker produces the hot-hatch benchmark Civic Type R with a red 'H' badge and turbocharged engine?,A) Toyoto | B) Hondo | C) Nissun | D) Mazdo,B
43,Cars,Easy,Multiple Choice,[🤝] [badge:hyundai_italic_h] Which South Korean automaker features this slanted italic 'H' inside an oval badge?,A) Kiia | B) Daewoo | C) Hyunday | D) Genesys,C
44,Cars,Easy,Multiple Choice,[🤝] [badge:hyundai_italic_h] Which car brand produces the Tucson and Santa Fe family SUVs carrying this slanted 'H' logo?,A) Kiia | B) Daewoo | C) Genesys | D) Hyunday,D
45,Cars,Easy,Multiple Choice,[🤝] [badge:hyundai_italic_h] Which carmaker manufactures the retro-futuristic Ioniq 5 electric crossover under this italic 'H' badge?,A) Hyunday | B) Kiia | C) Daewoo | D) Genesys,A
46,Cars,Easy,Multiple Choice,[🛑] [badge:nissan_circle_bar] Which Japanese brand that produces the legendary GT-R 'Godzilla' uses this circular nameplate bar badge?,A) Toyoto | B) Nissun | C) Hondo | D) Mazdo,B
47,Cars,Easy,Multiple Choice,"[🛑] [badge:nissan_circle_bar] Which car company manufactures the Z sports car (350Z, 370Z, and Nissan Z) carrying this circular emblem?",A) Toyoto | B) Hondo | C) Nissun | D) Mazdo,C
48,Cars,Easy,Multiple Choice,[🛑] [badge:nissan_circle_bar] Which automaker produced the pioneering mass-market all-electric Leaf hatchback under this circular bar logo?,A) Toyoto | B) Hondo | C) Mazdo | D) Nissun,D
49,Cars,Easy,Multiple Choice,[🪽] [badge:bentley_wings] Which British ultra-luxury brand produces the Continental GT grand tourer under this winged 'B' emblem?,A) Bently | B) Rolls-Royse | C) Aston-Martinn | D) Jaguarr,A
50,Cars,Easy,Multiple Choice,[🪽] [badge:bentley_wings] Which luxury automaker handcrafts the Bentayga SUV and Flying Spur limousine under this winged 'B' marque?,A) Rolls-Royse | B) Bently | C) Aston-Martinn | D) Jaguarr,B
51,Cars,Easy,Multiple Choice,[🪽] [badge:bentley_wings] Which ultra-luxury carmaker features the motorized retractable 'Flying B' hood ornament atop its flagship models?,A) Rolls-Royse | B) Aston-Martinn | C) Bently | D) Jaguarr,C
52,Cars,Easy,Multiple Choice,[🐏] [badge:ram_head] Which American truck brand uses this bold big-horn mountain ram head as its signature emblem?,A) Forde | B) Chevrolette | C) GMC-Motors | D) Ramm,D
53,Cars,Easy,Multiple Choice,"[🐏] [badge:ram_head] Which truck maker produces the popular 1500, 2500, and 3500 full-size pickup trucks bearing this ram emblem?",A) Ramm | B) Forde | C) Chevrolette | D) GMC-Motors,A
54,Cars,Easy,Multiple Choice,[🐏] [badge:ram_head] Which brand separated from Dodge in 2010 to become its own standalone commercial truck manufacturer using this ram logo?,A) Forde | B) Ramm | C) Chevrolette | D) GMC-Motors,B
55,Cars,Easy,Multiple Choice,[📐] [badge:acura_caliper] Which Japanese luxury brand uses this stylized caliper precision tool emblem resembling the letter 'A'?,A) Lexuss | B) Infinitii | C) Acuraa | D) Genesys,C
56,Cars,Easy,Multiple Choice,[📐] [badge:acura_caliper] Which brand is the dedicated luxury and performance division of Honda launched in North America in 1986 under this badge?,A) Lexuss | B) Infinitii | C) Genesys | D) Acuraa,D
57,Cars,Easy,Multiple Choice,[📐] [badge:acura_caliper] Which luxury automaker produces the MDX 3-row family SUV and RDX crossover carrying this caliper-inspired logo?,A) Acuraa | B) Lexuss | C) Infinitii | D) Genesys,A
58,Cars,Easy,Multiple Choice,[🛡️🛡️🛡️] [badge:buick_tri_shield] Which American division of General Motors features this three-shield (Tri-Shield) circular emblem?,A) Cadillack | B) Buicke | C) Chevrolette | D) Pontyac,B
59,Cars,Easy,Multiple Choice,[🛡️🛡️🛡️] [badge:buick_tri_shield] Which historic brand founded in 1899 is the oldest active automotive make in the United States under this Tri-Shield badge?,A) Cadillack | B) Chevrolette | C) Buicke | D) Pontyac,C
60,Cars,Easy,Multiple Choice,[🛡️🛡️🛡️] [badge:buick_tri_shield] Which GM luxury brand manufactures popular crossover SUVs like the Enclave and Encore GX under this three-shield emblem?,A) Cadillack | B) Chevrolette | C) Pontyac | D) Buicke,D
61,Cars,Easy,Multiple Choice,[👑] [badge:rolls_royce_intertwined_rr] What legendary British ultra-luxury coachbuilder is symbolized by these intertwined 'RR' monogram initials?,A) Rolls-Royse | B) Bently | C) Maybach | D) Aston-Martinn,A
62,Cars,Easy,Multiple Choice,[👑] [badge:rolls_royce_intertwined_rr] Which luxury automaker hand-builds the flagship Phantom and Ghost limousines adorned with this intertwined RR badge?,A) Bently | B) Rolls-Royse | C) Maybach | D) Aston-Martinn,B
63,Cars,Easy,Multiple Choice,[👑] [badge:rolls_royce_intertwined_rr] Which brand equips its luxury vehicles with full-size umbrellas stored inside the door frames beside this emblem?,A) Bently | B) Maybach | C) Rolls-Royse | D) Aston-Martinn,C
64,Cars,Easy,Multiple Choice,[🪽] [badge:genesis_wings] What South Korean luxury automotive brand is recognized by this winged crest with a dark center shield?,A) Lexuss | B) Infinitii | C) Acuraa | D) Genesys,D
65,Cars,Easy,Multiple Choice,[🪽] [badge:genesis_wings] Which brand was established in 2015 as the dedicated standalone luxury division of Hyundai Motor Group?,A) Genesys | B) Lexuss | C) Infinitii | D) Acuraa,A
66,Cars,Easy,Multiple Choice,[🪽] [badge:genesis_wings] Which luxury automaker manufactures the GV70 and GV80 SUVs and G80 executive sedan under this winged crest?,A) Lexuss | B) Genesys | C) Infinitii | D) Acuraa,B
67,Cars,Easy,Multiple Choice,[🔘] [badge:volkswagen_steampunk] Which famous German automaker is represented by this classic stacked 'V' over 'W' monogram inside a circle?,A) Bimmer | B) Opell | C) Volksvagen | D) Audii,C
68,Cars,Easy,Multiple Choice,"[🔘] [badge:volkswagen_steampunk] Which car brand produced the original air-cooled, rear-engine Beetle Type 1 under this iconic German badge?",A) Bimmer | B) Opell | C) Audii | D) Volksvagen,D
69,Cars,Easy,Multiple Choice,[🔘] [badge:volkswagen_steampunk] Which automaker manufactures the best-selling Golf hatchback and Tiguan crossover carrying this famous 'VW' monogram?,A) Volksvagen | B) Bimmer | C) Opell | D) Audii,A
70,Cars,Easy,Multiple Choice,[⚙️] [badge:volkswagen_winged] What German automotive brand group produces the modern ID.4 electric SUV under this streamlined winged emblem?,A) Bimmer-Aero | B) Volksvagen-Aero | C) Audii-Sport | D) Opell-Blitz,B
71,Cars,Easy,Multiple Choice,[⚙️] [badge:volkswagen_winged] Which car brand launched the all-electric retro-styled ID. Buzz microbus van carrying this modernized winged logo?,A) Bimmer-Aero | B) Audii-Sport | C) Volksvagen-Aero | D) Opell-Blitz,C
72,Cars,Easy,Multiple Choice,[⚙️] [badge:volkswagen_winged] Which automaker manufactures the 315-horsepower all-wheel-drive Golf R performance flagship under this emblem?,A) Bimmer-Aero | B) Audii-Sport | C) Opell-Blitz | D) Volksvagen-Aero,D
73,Cars,Easy,Multiple Choice,[🕊️] [badge:mazda_winged_hourglass] Which Japanese automaker features this stylized winged emblem resembling soaring wings inside an oval?,A) Mazdo | B) Toyoto | C) Nissun | D) Subaroo,A
74,Cars,Easy,Multiple Choice,"[🕊️] [badge:mazda_winged_hourglass] Which car brand produces the MX-5 Miata, the best-selling two-seat convertible sports car in history under this badge?",A) Toyoto | B) Mazdo | C) Nissun | D) Subaroo,B
75,Cars,Easy,Multiple Choice,"[🕊️] [badge:mazda_winged_hourglass] Which carmaker manufactures the CX-5, CX-50, and CX-90 crossover SUVs carrying this soaring wings badge?",A) Toyoto | B) Nissun | C) Mazdo | D) Subaroo,C
76,Cars,Easy,Multiple Choice,[⚡] [badge:lightning_circle_emblem] Which German automaker uses this horizontal lightning bolt ('Blitz') inside a circle as its logo?,A) Volksvagen | B) Bimmer | C) Audii | D) Opell,D
77,Cars,Easy,Multiple Choice,"[⚡] [badge:lightning_circle_emblem] Which car brand, historically sold alongside Vauxhall in the UK, produces the Astra and Corsa hatchbacks under this lightning badge?",A) Opell | B) Volksvagen | C) Bimmer | D) Audii,A
78,Cars,Easy,Multiple Choice,[⚡] [badge:lightning_circle_emblem] Which Russelsheim-based European automaker now part of Stellantis features this lightning bolt emblem?,A) Volksvagen | B) Opell | C) Bimmer | D) Audii,B
79,Cars,Easy,Multiple Choice,[🎼] [badge:treble_clef_emblem] What automotive concept brand features this musical treble clef badge representing exhaust symphony?,A) Sonata-Auto | B) Cadence-Cars | C) Melody-Motors | D) Harmony-Auto,C
80,Cars,Easy,Multiple Choice,[🎼] [badge:treble_clef_emblem] Which boutique sports car concept is symbolized by this musical G-clef emblem celebrating engine sound?,A) Sonata-Auto | B) Cadence-Cars | C) Harmony-Auto | D) Melody-Motors,D
81,Cars,Easy,Multiple Choice,[🎼] [badge:treble_clef_emblem] Which car design house features this artistic musical treble clef icon to represent acoustic engineering?,A) Melody-Motors | B) Sonata-Auto | C) Cadence-Cars | D) Harmony-Auto,A
82,Cars,Easy,Multiple Choice,[🚘] [badge:kia_oval] Which Asian country is the home nation of the automotive brand displayed on this badge?,A) Japan | B) South Korea | C) Germany | D) United States,B
83,Cars,Easy,Multiple Choice,[🚘] [badge:kia_oval] What parent automotive conglomerate owns and shares vehicle platforms with this brand?,A) Toyota Group | B) Honda Motor Co. | C) Hyundai-Motor-Group | D) Nissan Alliance,C
84,Cars,Easy,Multiple Choice,[🚘] [badge:kia_oval] What popular 3-row midsize family SUV won the World Car of the Year in 2020 under this badge?,A) Sorento | B) Sportage | C) Carnival | D) Telluride,D
85,Cars,Easy,Multiple Choice,[🛻] [badge:gmc_block_letters] Which massive American automotive group owns and manufactures this rugged truck and SUV brand?,A) General-Motors | B) Ford Motor Company | C) Stellantis | D) Tesla Motors,A
86,Cars,Easy,Multiple Choice,[🛻] [badge:gmc_block_letters] What ultra-luxury flagship trim nameplate featuring bespoke leather and chrome is exclusive to this truck brand?,A) High Country | B) Denali | C) King Ranch | D) Limited,B
87,Cars,Easy,Multiple Choice,[🛻] [badge:gmc_block_letters] What full-size luxury SUV sharing its chassis with the Chevrolet Tahoe carries this truck emblem?,A) Suburban | B) Escalade | C) Yukon | D) Expedition,C
88,Cars,Easy,Multiple Choice,[🚙] [badge:jeep_letters] What iconic front grille design is this off-road brand famous for alongside its name badge?,A) Honeycomb mesh | B) Split horizontal bar | C) Large chrome hexagon | D) Seven-slot vertical grille,D
89,Cars,Easy,Multiple Choice,[🚙] [badge:jeep_letters] What historic 1941 military reconnaissance vehicle built for WWII gave birth to this rugged off-road brand?,A) Willys MB | B) Dodge Power Wagon | C) Humvee | D) Ford GPW,A
90,Cars,Easy,Multiple Choice,[🚙] [badge:jeep_letters] What removable-door 4x4 off-roader with solid axles has been the core icon of the brand shown on this badge?,A) Cherokee | B) Wrangler | C) Compass | D) Renegade,B
91,Cars,Easy,Typing,"In [Engines & Car Tech], what 3-letter acronym represents the onboard electronic computer brain that manages engine fuel and ignition (Engine Control Unit)?",,ECU
92,Cars,Easy,Typing,"In [Engines & Car Tech], what 5-letter word describes the luggage compartment under the front hood of an electric vehicle (front trunk)?",,frunk
93,Cars,Easy,Typing,"In [Engines & Car Tech], what 4-letter acronym represents the Tire Pressure Monitoring System that alerts drivers to low tire pressure?",,TPMS
94,Cars,Easy,Typing,"In [Engines & Car Tech], what 3-letter acronym represents the Head-Up Display projected directly onto the windshield in front of the driver?",,HUD
95,Cars,Easy,Typing,"In [Engines & Car Tech], what 3-letter acronym represents the Electric Vehicle category?",,EV
96,Cars,Easy,Typing,"In [Engines & Car Tech], what 3-letter acronym represents Plug-in Hybrid Electric Vehicles that can be plugged into a wall to charge (P...)?",,PHEV
97,Cars,Easy,Typing,"In [Engines & Car Tech], what 3-letter acronym represents the Electronic Stability Control / Program system (E...)?",,ESP
98,Cars,Easy,Typing,"In [Motorsport & F1], what famous 24-hour endurance race in France takes place at the Circuit de la Sarthe (24 Hours of ...)?",,Le Mans
99,Cars,Easy,Typing,"In [Motorsport & F1], what 4-letter safety titanium cockpit bar was introduced to protect Formula 1 drivers' heads in 2018?",,Halo
100,Cars,Easy,Typing,"In [Motorsport & F1], what 4-letter word describes the starting position of the fastest qualifier at the very front of the starting grid (pole ...)?",,position
101,Cars,Easy,Typing,"In [Motorsport & F1], what 3-letter acronym represents the World Rally Championship sanctioned by the FIA?",,WRC
102,Cars,Easy,Typing,"In [Motorsport & F1], what 5-letter word describes the team mechanics' service stop where four tires are changed in 2 seconds?",,pitstop
103,Cars,Easy,Typing,"In [Motorsport & F1], what famous 500-mile Memorial Day open-wheel race is held in Indiana (Indy ...)?",,500
104,Cars,Easy,Typing,"In [Motorsport & F1], what 5-letter color flag indicates danger or an accident ahead and prohibits overtaking?",,yellow
105,Cars,Easy,Typing,"In [Motorsport & Racing], what 3-letter acronym represents the Drag Reduction System rear wing flap used in Formula 1 for overtaking?",,DRS
106,Cars,Easy,Typing,"In [Motorsport & Racing], what 4-letter safety titanium cockpit hoop bar was made mandatory in Formula 1 starting in the 2018 season?",,Halo
107,Cars,Easy,Typing,"In [Motorsport & Racing], what 4-letter safety acronym represents the Head and Neck Support device worn with racing helmets?",,HANS
108,Cars,Easy,Typing,"In [Motorsport & Racing], what famous 24-hour endurance sports car race is held annually at the Circuit de la Sarthe in France?",,Le Mans
109,Cars,Easy,Typing,"In [Motorsport & Racing], what is the famous 14,000-foot Colorado mountain hill climb race called (Pikes ... International Hill Climb)?",,Pikes Peak
110,Cars,Easy,Typing,"In [Motorsport & Racing], what famous Japanese racing driver is nicknamed the 'Drift King' (Keiichi ...)?",,Keiichi Tsuchiya
111,Cars,Easy,Typing,"In [Motorsport & Racing], what legendary American stunt driver, rally racer, and co-founder of DC Shoes starred in the thrilling internet Gymkhana video series?",,Ken Block
112,Cars,Easy,Typing,"In [Iconic Cars & Models], what 3-digit number represents the legendary rear-engine sports car flagship of Porsche since 1964?",,911
113,Cars,Easy,Typing,"In [Iconic Cars & Models], what iconic sports car model did Chevrolet launch in 1953 with a fiberglass body (Corvette ...)?",,Corvette
114,Cars,Easy,Typing,"In [Iconic Cars & Models], what famous twin-turbo Ferrari hypercar built for the company's 40th anniversary in 1987 is known as the F...?",,F40
115,Cars,Easy,Typing,"In [Iconic Cars & Models], what 3-letter acronym represents the high-performance all-wheel-drive flagship coupe of Nissan (Skyline ...)?",,GTR
116,Cars,Easy,Typing,"In [Iconic Cars & Models], what was the name of the hybrid hypercar 'Holy Trinity' model produced by McLaren (McLaren ...)?",,P1
117,Cars,Easy,Typing,"In [Iconic Cars & Models], what hybrid all-wheel-drive hypercar was produced by Porsche alongside the LaFerrari and McLaren P1 (Porsche ...)?",,918 Spyder
118,Cars,Easy,Typing,"In [Iconic Cars & Models], what iconic British high-performance hatchback pioneered the hot-hatch segment for Volkswagen in 1976 (Golf ...)?",,GTI
119,Cars,Easy,Typing,"In [Car Mechanics & Engines], what 3-letter acronym represents the Anti-lock Braking System found on modern cars?",,ABS
120,Cars,Easy,Typing,"In [Car Mechanics & Engines], what 3-letter acronym represents the tachometer engine rotation measurement (Revolutions Per Minute)?",,RPM
121,Cars,Easy,Typing,"In [Car Mechanics & Engines], what mechanical heat exchanger cools the compressed hot air coming from a turbocharger before entering the engine?",,intercooler
122,Cars,Easy,Typing,"In [Car Mechanics & Engines], what fluid is used in hydraulic vehicle braking lines to transfer pedal force to the calipers?",,brake fluid
123,Cars,Easy,Typing,"In [Car Mechanics & Engines], what German engineer invented the rotary combustion engine named after him in the 1950s (Felix ...)?",,Wankel
124,Cars,Easy,Typing,"In [Car Mechanics & Engines], what 3-letter acronym represents continuously variable transmissions that use belts and pulleys instead of fixed gears?",,CVT
125,Cars,Easy,Typing,"In [Car Mechanics & Engines], what is the cylindrical hole in the engine block inside which the piston travels called?",,cylinder
126,Cars,Easy,Multiple Choice,"In [Engines & Car Tech], what chemical element is the primary charge carrier in modern electric vehicle (EV) batteries?",A) Lead | B) Nickel | C) Lithium | D) Zinc,C
127,Cars,Easy,Multiple Choice,"In [Engines & Car Tech], what process in hybrid and electric cars converts kinetic braking energy back into electricity to recharge the battery?",A) Hydraulic Braking | B) Friction Braking | C) Engine Braking | D) Regenerative Braking,D
128,Cars,Easy,Multiple Choice,"In [Engines & Car Tech], what is the luggage storage compartment located under the front hood of an electric car commonly called?",A) Frunk | B) Glovebox | C) Trunk | D) Boot,A
129,Cars,Easy,Multiple Choice,"In [Engines & Car Tech], how many cylinders are arranged in two opposing banks of four in a standard V8 engine?",A) 4 | B) 8 | C) 6 | D) 10,B
130,Cars,Easy,Multiple Choice,"In [Engines & Car Tech], what forced induction device uses hot exhaust gases to spin a turbine and force extra air into the engine cylinders?",A) Alternator | B) Supercharger | C) Turbocharger | D) Radiator,C
131,Cars,Easy,Multiple Choice,"In [Engines & Car Tech], what device recharges the 12-volt battery and powers the car's electrical accessories while the engine is running?",A) Starter Motor | B) Carburetor | C) Catalytic Converter | D) Alternator,D
132,Cars,Easy,Multiple Choice,"In [Engines & Car Tech], what exhaust system component cleans toxic engine emissions (carbon monoxide, hydrocarbons) into less harmful gases?",A) Catalytic Converter | B) Muffler | C) Turbocharger | D) Intercooler,A
133,Cars,Easy,Multiple Choice,"In [Engines & Car Tech], what mechanical assembly allows the left and right drive wheels on an axle to turn at different speeds when cornering?",A) Flywheel | B) Differential | C) Clutch | D) Driveshaft,B
134,Cars,Easy,Multiple Choice,"In [Engines & Car Tech], what cooling system component dissipates engine heat to ambient air by circulating liquid coolant through fine metal fins?",A) Condenser | B) Alternator | C) Radiator | D) Exhaust Header,C
135,Cars,Easy,Multiple Choice,"In [Engines & Car Tech], what rotating shaft converts the linear up-and-down motion of pistons into rotational drive motion?",A) Camshaft | B) Driveshaft | C) Axle Half-Shaft | D) Crankshaft,D
136,Cars,Easy,Multiple Choice,"In [Engines & Car Tech], what does AWD stand for in automotive drivetrain terminology?",A) All-Wheel Drive | B) Automatic Wheel Drive | C) Active Weight Distribution | D) Advanced Wheel Dynamics,A
137,Cars,Easy,Multiple Choice,"In [Engines & Car Tech], what does FWD stand for in vehicle layout?",A) Fast Wheel Drive | B) Front-Wheel Drive | C) Four Wheel Differential | D) Floating Wheel Design,B
138,Cars,Easy,Multiple Choice,"In [Engines & Car Tech], what does RWD stand for in vehicle drivetrain layout?",A) Real Wheel Dynamics | B) Radial Wheel Design | C) Rear-Wheel Drive | D) Road Wheel Differential,C
139,Cars,Easy,Multiple Choice,"In [Engines & Car Tech], what type of engine does NOT have spark plugs because it ignites fuel purely through high compression heat?",A) Rotary Engine | B) Hybrid Petrol Engine | C) Turbocharged Petrol Engine | D) Diesel Engine,D
140,Cars,Easy,Multiple Choice,"In [Engines & Car Tech], what does RPM stand for on an automotive tachometer measuring engine rotational speed?",A) Revolutions Per Minute | B) Radiator Pressure Metric | C) Rate Per Mile | D) Rotor Power Meter,A
141,Cars,Easy,Multiple Choice,"In [Engines & Car Tech], what active safety system automatically maintains a set cruising speed and distance from the vehicle ahead using radar?",A) Blind Spot Monitor | B) Adaptive Cruise Control | C) Lane Keeping Assist | D) Automatic Braking,B
142,Cars,Easy,Multiple Choice,"In [Engines & Car Tech], what system projects key driving info (like speed and navigation arrows) directly onto the windshield in the driver's line of sight?",A) Digital Cluster | B) Infotainment Screen | C) Head-Up Display | D) Telematics Box,C
143,Cars,Easy,Multiple Choice,"In [Engines & Car Tech], what dashboard sensor system monitors the air pressure in all four tires and warns of underinflation?",A) ABS | B) ESC | C) ECU | D) TPMS,D
144,Cars,Easy,Multiple Choice,"In [Movie Cars & Culture], what stainless-steel gullwing sports car was transformed into a time machine in the movie 'Back to the Future'?",A) DeLorean DMC-12 | B) Bricklin SV-1 | C) Vector W8 | D) Pontiac Fiero,A
145,Cars,Easy,Multiple Choice,"In [Movie Cars & Culture], what 1969 Dodge Charger muscle car with an orange paint job and '01' on the doors was famous in 'The Dukes of Hazzard'?",A) Bandit | B) The General Lee | C) Eleanor | D) Christine,B
146,Cars,Easy,Multiple Choice,"In [Movie Cars & Culture], what was the name of the sentient, talking 1982 Pontiac Trans Am equipped with artificial intelligence in the TV series 'Knight Rider'?",A) H.A.L. | B) Jarvis | C) K.I.T.T. | D) Optimus,C
147,Cars,Easy,Multiple Choice,"In [Movie Cars & Culture], what pearl-white 1963 Volkswagen Beetle with red, white, and blue racing stripes and the number '53' starred in Disney films?",A) Chitty | B) Lightning | C) Bumblebee | D) Herbie,D
148,Cars,Easy,Multiple Choice,"In [Movie Cars & Culture], what famous yellow autobot in the 'Transformers' film franchise transforms into a modern Chevrolet Camaro?",A) Bumblebee | B) Ironhide | C) Starscream | D) Jazz,A
149,Cars,Easy,Multiple Choice,"In [Movie Cars & Culture], what British secret agent 007 is famously associated with the silver Aston Martin DB5?",A) Ethan Hunt | B) James Bond | C) Jason Bourne | D) Austin Powers,B
150,Cars,Easy,Multiple Choice,"In [Engines & Car Tech], what is 'One-Pedal Driving' in modern electric vehicles?",A) Disabling the throttle | B) Cruise control only | C) Releasing the accelerator pedal applies strong regenerative braking to slow the car to a full stop without needing to press the brake pedal | D) Driving with no steering wheel,C
151,Cars,Easy,Multiple Choice,"In [Engines & Car Tech], what structural safety engineering feature is designed to crumple predictably in a crash to absorb impact energy before it reaches passengers?",A) Roll cage | B) Subframe brace | C) Skid plate | D) Crumple Zone,D
152,Cars,Easy,Multiple Choice,"In [Engines & Car Tech], what is the psychological anxiety of an EV driver worrying that their battery will run out of charge before reaching a plug called?",A) Range Anxiety | B) Voltage Panic | C) Electric Fatigue | D) Charge Drop,A
153,Cars,Easy,Multiple Choice,"In [Engines & Car Tech], what is the primary structural platform design of modern EVs where the battery is placed flat along the floor between the wheels?",A) Backbone Frame | B) Skateboard Platform | C) Spaceframe | D) Ladder Chassis,B
154,Cars,Easy,Multiple Choice,"In [Engines & Car Tech], what key performance advantage do electric motors have over gas engines when accelerating from a dead stop?",A) They require no electricity | B) Higher exhaust sound | C) Instant 100% peak torque available immediately from zero RPM | D) They have multiple carburetors,C
155,Cars,Easy,Multiple Choice,"In [Engines & Car Tech], what unit of measurement is standard for rating the total energy storage capacity of an electric car battery pack?",A) Horsepower | B) Amperes | C) Liters | D) Kilowatt-hour,D
156,Cars,Easy,Multiple Choice,"In [Engines & Car Tech], what is Over-The-Air (OTA) update capability in modern connected cars?","A) Wirelessly updating vehicle software, features, and performance remotely via Wi-Fi or cellular networks | B) Satellite radio tuning | C) GPS weather forecasts | D) Cleaning the air filters",A
157,Cars,Easy,Multiple Choice,"In [Engines & Car Tech], what safety system automatically intervenes with individual wheel brakes and throttle reduction when it detects a car skidding out of control?",A) Cruise Control | B) Electronic Stability Control | C) Blind Spot Detection | D) Automatic High Beams,B
158,Cars,Easy,Multiple Choice,"In [Engines & Car Tech], what vehicle lighting technology uses semiconductors to provide instantaneous, bright, and energy-efficient illumination?",A) Halogen Bulbs | B) Incandescent Bulbs | C) LED Headlights | D) Kerosene Lamps,C
159,Cars,Easy,Multiple Choice,"In [Engines & Car Tech], what does Lane Keeping Assist (LKA) do when a car begins drifting over road lane markings without the turn signal on?",A) Brakes to a stop | B) Sounds the horn | C) Accelerates rapidly | D) Gently steers the vehicle back into the lane or vibrates the steering wheel to alert the driver,D
160,Cars,Easy,Multiple Choice,"In [Engines & Car Tech], what is a Blind Spot Monitor (BSM) designed to do?",A) Light up a warning icon on the side mirror when another car is traveling in your hard-to-see blind spot | B) Automatically parallel park | C) Dim high beams | D) Wash the side windows,A
161,Cars,Easy,Multiple Choice,"In [Engines & Car Tech], what is the function of an Inverter in an electric vehicle powertrain?",A) Cooling the battery | B) Converting Direct Current (DC) from the battery into Alternating Current (AC) to spin the electric motors | C) Shifting transmission gears | D) Charging the phone,B
162,Cars,Easy,Multiple Choice,"In [Movie Cars & Culture], what 1968 muscle car movie starring Steve McQueen featured a legendary 10-minute car chase through the hilly streets of San Francisco?",A) Gone in 60 Seconds | B) Vanishing Point | C) Bullitt | D) The Italian Job,C
163,Cars,Easy,Multiple Choice,"In [Movie Cars & Culture], what was the customized 1967 Shelby GT500 Mustang nicknamed in the 2000 heist film 'Gone in 60 Seconds'?",A) Christine | B) Black Beauty | C) Ghost | D) Eleanor,D
164,Cars,Easy,Multiple Choice,"In [Movie Cars & Culture], what red 1958 Plymouth Fury possessed by evil supernatural forces starred in Stephen King's horror movie?",A) Christine | B) Carrie | C) Cujo | D) Annie,A
165,Cars,Easy,Multiple Choice,"In [Movie Cars & Culture], what customized 1959 Cadillac Miller-Meteor ambulance was known as the 'Ecto-1' in the 1984 film 'Ghostbusters'?",A) Christine | B) Ecto-1 | C) The Mystery Machine | D) The Batmobile,B
166,Cars,Easy,Multiple Choice,"In [Movie Cars & Culture], what colorful psychedelic van is famously driven by the Mystery Inc. gang in 'Scooby-Doo'?",A) The Party Wagon | B) The Magic Bus | C) The Mystery Machine | D) The Ghost Van,C
167,Cars,Easy,Multiple Choice,"In [Movie Cars & Culture], what was the name of the lightning-fast red race car voiced by Owen Wilson in Pixar's animated movie 'Cars'?",A) Tow Mater | B) Doc Hudson | C) Chick Hicks | D) Lightning McQueen,D
168,Cars,Easy,Multiple Choice,"In [Engines & Car Tech], what is the function of a vehicle's 12-volt battery in an electric vehicle that already has a giant high-voltage battery?","A) Powering essential low-voltage systems like onboard computers, displays, door locks, headlights, and safety sensors | B) Turning the main wheels | C) Fast DC charging | D) Heating the engine",A
169,Cars,Easy,Multiple Choice,"In [Motorsport & F1], what flag is waved at the finish line to signal the winner has won the race?",A) Yellow Flag | B) Black and White Checkered Flag | C) Red Flag | D) Green Flag,B
170,Cars,Easy,Multiple Choice,"In [Motorsport & F1], how long does the famous endurance sports car race at the Circuit de la Sarthe in France last?",A) 12 Hours | B) 6 Hours | C) Exactly 24 Hours | D) 48 Hours,C
171,Cars,Easy,Multiple Choice,"In [Motorsport & F1], what prestigious street circuit Grand Prix winds through a glamorous Mediterranean principality past luxury yachts and a casino?",A) Italian GP | B) British GP | C) Spanish GP | D) Monaco Grand Prix,D
172,Cars,Easy,Multiple Choice,"In [Motorsport & F1], what legendary German driver won seven Formula 1 World Championships, five in a row with Ferrari (2000-2004)?",A) Michael Schumacher | B) Sebastian Vettel | C) Nico Rosberg | D) Niki Lauda,A
173,Cars,Easy,Multiple Choice,"In [Motorsport & F1], what British driver holds the all-time record for the most Formula 1 pole positions and race wins, tied with 7 World Titles?",A) Lando Norris | B) Lewis Hamilton | C) Jenson Button | D) George Russell,B
174,Cars,Easy,Multiple Choice,"In [Motorsport & F1], what legendary Brazilian racing driver won three Formula 1 World Championships with McLaren in the 1980s and 1990s?",A) Alain Prost | B) Nelson Piquet | C) Ayrton Senna | D) Emerson Fittipaldi,C
175,Cars,Easy,Multiple Choice,"In [Motorsport & F1], what does the yellow flag signal to drivers on a racetrack?",A) Full speed ahead | B) Rain is falling | C) Return to the garage | D) Hazard or crashed car ahead: slow down and no overtaking allowed,D
176,Cars,Easy,Multiple Choice,"In [Motorsport & F1], what is the dedicated pit stop area along the straight where mechanics change tires in under 3 seconds?",A) Pit Lane | B) Paddock Club | C) Starting Grid | D) Scrutineering Bay,A
177,Cars,Easy,Multiple Choice,"In [Motorsport & F1], what famous 500-mile American open-wheel race takes place at Indianapolis Motor Speedway every Memorial Day weekend?",A) Daytona 500 | B) Indianapolis 500 | C) Coca-Cola 600 | D) Southern 500,B
178,Cars,Easy,Multiple Choice,"In [Motorsport & F1], what traditional drink does the winner of the Indianapolis 500 drink and pour over their head in Victory Lane?",A) Champagne | B) Orange Juice | C) A bottle of cold Milk | D) Sparkling Cider,C
179,Cars,Easy,Multiple Choice,"In [Motorsport & F1], what famous stock car racing championship in the United States features the Daytona 500?",A) IndyCar | B) Formula 1 | C) IMSA | D) NASCAR,D
180,Cars,Easy,Multiple Choice,"In [Motorsport & F1], what does DRS stand for on a Formula 1 car's rear wing?",A) Drag Reduction System | B) Downforce Racing Stabilizer | C) Direct Rotor Suspension | D) Dual Radiator Setup,A
181,Cars,Easy,Multiple Choice,"In [Motorsport & F1], what safety device made of lightweight titanium loops over the driver's head to protect the cockpit from flying debris?",A) HANS collar | B) The Halo | C) Roll cage | D) Wind deflector,B
182,Cars,Easy,Multiple Choice,"In [Motorsport & F1], what famous 12.9-mile historic German racetrack through the Eifel mountains was nicknamed 'The Green Hell'?",A) Hockenheimring | B) Spa-Francorchamps | C) Nurburgring Nordschleife | D) Circuit Zolder,C
183,Cars,Easy,Multiple Choice,"In [Motorsport & F1], what motorsport discipline involves intentionally sliding a car sideways through turns with tire smoke and angle?",A) Rallycross | B) Time Attack | C) Drag Racing | D) Drifting,D
184,Cars,Easy,Multiple Choice,"In [Motorsport & F1], what high-speed Italian racetrack nicknamed the 'Temple of Speed' hosts the annual Italian Grand Prix?",A) Autodromo Nazionale Monza | B) Imola | C) Mugello | D) Fiorano,A
185,Cars,Easy,Multiple Choice,"In [Motorsport & F1], what is the starting position called when a driver sets the fastest lap time in qualifying and starts 1st on the grid?",A) Front Runner | B) Pole Position | C) Pace Leader | D) Apex Starter,B
186,Cars,Easy,Multiple Choice,"In [Motorsport & F1], what safety car leads the field at reduced speed when track marshals are clearing an accident on the track?",A) Ambulance | B) Recovery Truck | C) Safety Car | D) Marshal Van,C
187,Cars,Easy,Multiple Choice,"In [Motorsport & F1], what Dutch driver driving for Red Bull Racing won consecutive World Championships in 2021, 2022, and 2023?",A) Sergio Perez | B) Charles Leclerc | C) Carlos Sainz | D) Max Verstappen,D
188,Cars,Easy,Multiple Choice,"In [Motorsport & F1], what red flag signals during a Grand Prix session?",A) The race is temporarily stopped or suspended immediately due to dangerous conditions | B) Faster car approaching | C) Car has mechanical failure | D) Pit lane is open,A
189,Cars,Easy,Multiple Choice,"In [Motorsport & F1], what is the innermost apex point of a racing corner that drivers aim their front tires to touch?",A) Runoff zone | B) The Apex | C) Kerb marker | D) Braking marker,B
190,Cars,Easy,Multiple Choice,"In [Motorsport & F1], what famous 7-time NASCAR Cup Series champion was known as 'The Intimidator' in his black #3 Chevrolet?",A) Richard Petty | B) Jeff Gordon | C) Dale Earnhardt Sr. | D) Jimmie Johnson,C
191,Cars,Easy,Multiple Choice,"In [Motorsport & F1], what prestigious American stock car 500-mile race held in Florida every February is known as 'The Great American Race'?",A) Coca-Cola 600 | B) Brickyard 400 | C) Southern 500 | D) Daytona 500,D
192,Cars,Easy,Multiple Choice,"In [Motorsport & F1], what French rally driver holds the all-time record with 9 consecutive World Rally Championship (WRC) titles?",A) Sebastien Loeb | B) Sebastien Ogier | C) Carlos Sainz | D) Didier Auriol,A
193,Cars,Easy,Multiple Choice,"In [Motorsport & F1], what famous Belgian racetrack set in the Ardennes forest features the thrilling Eau Rouge and Raidillon uphill corner?",A) Zolder | B) Circuit de Spa-Francorchamps | C) Nurburgring | D) Paul Ricard,B
194,Cars,Easy,Multiple Choice,"In [Motorsport & F1], what celebratory beverage has been traditionally sprayed on podiums since Dan Gurney began the tradition at Le Mans in 1967?",A) Soda | B) Apple Cider | C) Champagne / Sparkling Wine | D) Milk,C
195,Cars,Easy,Multiple Choice,"In [Motorsport & F1], what world rally event historically took drivers across grueling desert dunes from Paris, France to Senegal?",A) Baja 1000 | B) Safari Rally | C) Silk Way Rally | D) The Dakar Rally,D
196,Cars,Easy,Multiple Choice,"In [Motorsport & F1], what is the famous 14,000-foot Colorado mountain hill climb race known as the 'Race to the Clouds'?",A) Pikes Peak International Hill Climb | B) Mount Washington Hill Climb | C) Mount Evans Sprint | D) Aspen Ridge Climb,A
197,Cars,Easy,Multiple Choice,"In [Motorsport & F1], what Australian 1,000-kilometer touring car endurance race is held annually at Mount Panorama in New South Wales?",A) Adelaide 500 | B) Bathurst 1000 | C) Gold Coast 600 | D) Sandown 500,B
198,Cars,Easy,Multiple Choice,"In [Motorsport & F1], what famous Japanese racing driver is universally revered as the 'Drift King' (Dorikin)?",A) Ken Block | B) Daigo Saito | C) Keiichi Tsuchiya | D) Nobushige Taniguchi,C
199,Cars,Easy,Multiple Choice,"In [Motorsport & F1], what legendary American stunt driver, rally champion, and Gymkhana internet star was famous for his #43 Hoonigan cars?",A) Travis Pastrana | B) Tanner Foust | C) Vaughn Gittin Jr. | D) Ken Block,D
200,Cars,Easy,Multiple Choice,"In [Motorsport & F1], what German manufacturer holds the all-time record with 19 overall victories at the 24 Hours of Le Mans?",A) Porsche | B) Audi | C) Ferrari | D) Jaguar,A
201,Cars,Easy,Multiple Choice,"In [Motorsport & F1], what Finnish Formula 1 driver famously uttered 'Leave me alone, I know what to do' over team radio in Abu Dhabi 2012?",A) Mika Hakkinen | B) Kimi Raikkonen | C) Valtteri Bottas | D) Keke Rosberg,B
202,Cars,Easy,Multiple Choice,"In [Motorsport & F1], what drag racing category features nitromethane-burning 11,000-horsepower rocket-fast rails hitting 330+ MPH in under 4 seconds?",A) Pro Stock | B) Super Gas | C) Top Fuel Dragster | D) Funny Car,C
203,Cars,Easy,Multiple Choice,"In [Motorsport & F1], what open-wheel American racing series features the iconic Dallara chassis with Honda and Chevy twin-turbo V6 engines?",A) Formula 2 | B) NASCAR Cup | C) IMSA SportsCar | D) NTT IndyCar Series,D
204,Cars,Easy,Multiple Choice,"In [Motorsport & F1], what is the slipstreaming (drafting) aerodynamic technique in circuit racing?",A) Tucking directly behind a leading car's low-pressure air pocket on a straightaway to reduce drag and gain extra speed for an overtake | B) Taking a wide turn | C) Pitting for fuel early | D) Locking the brakes into a turn,A
205,Cars,Easy,Multiple Choice,"In [Motorsport & F1], what is the Triple Crown of Motorsport comprised of in international auto racing?","A) Daytona 500, Indy 500, and Bathurst 1000 | B) The Monaco Grand Prix, the 24 Hours of Le Mans, and the Indianapolis 500 | C) F1 Title, WRC Title, and NASCAR Title | D) Sebring 12h, Spa 24h, and Nurburgring 24h",B
206,Cars,Easy,Multiple Choice,"In [Motorsport & F1], what color flag is waved to signal that the track is clear and drivers can resume full racing speed?",A) Red | B) White | C) Green | D) Blue,C
207,Cars,Easy,Multiple Choice,"In [Motorsport & Racing], what prestigious 24-hour endurance sports car race held annually in France since 1923 is considered part of the Triple Crown of Motorsport?",A) 24 Hours of Nurburgring | B) 24 Hours of Daytona | C) 24 Hours of Spa | D) 24 Hours of Le Mans,D
208,Cars,Easy,Multiple Choice,"In [Motorsport & Racing], what flag is waved at the start/finish line to signal the official end of a motorsport race to the winner?",A) Checkered Flag | B) Yellow Flag | C) Red Flag | D) Green Flag,A
209,Cars,Easy,Multiple Choice,"In [Motorsport & Racing], what famous 500-mile American open-wheel race held at the Indianapolis Motor Speedway every Memorial Day weekend is called 'The Greatest Spectacle in Racing'?",A) Daytona 500 | B) Indianapolis 500 | C) Coca-Cola 600 | D) Sebring 12h,B
210,Cars,Easy,Multiple Choice,"In [Motorsport & Racing], what legendary Brazilian Formula 1 driver won three World Championships with McLaren before his tragic death at Imola in 1994?",A) Alain Prost | B) Nelson Piquet | C) Ayrton Senna | D) Emerson Fittipaldi,C
211,Cars,Easy,Multiple Choice,"In [Motorsport & Racing], what legendary German driver won seven Formula 1 World Drivers' Championships, five consecutively with Scuderia Ferrari (2000-2004)?",A) Sebastian Vettel | B) Nico Rosberg | C) Niki Lauda | D) Michael Schumacher,D
212,Cars,Easy,Multiple Choice,"In [Motorsport & Racing], what British driver holds the all-time record for the most Formula 1 pole positions and race wins, tied with Schumacher with 7 World Championships?",A) Lewis Hamilton | B) Jenson Button | C) Nigel Mansell | D) Lando Norris,A
213,Cars,Easy,Multiple Choice,"In [Motorsport & Racing], what does the yellow flag signal to drivers on a racetrack?","A) Race is finished | B) Danger ahead, slow down, and no overtaking allowed | C) Track is clear | D) Return to pit lane immediately",B
214,Cars,Easy,Multiple Choice,"In [Motorsport & Racing], what premier stock car racing organization in the United States hosts the famous Daytona 500 and Cup Series?",A) IndyCar | B) IMSA | C) NASCAR | D) NHRA,C
215,Cars,Easy,Multiple Choice,"In [Motorsport & Racing], what is the designated pit stop area along the racetrack straightaway where teams refuel, change tires, and perform rapid mechanical adjustments?",A) Paddock | B) Apex | C) ParcFerme | D) Pit Lane,D
216,Cars,Easy,Multiple Choice,"In [Motorsport & Racing], what famous 12.9-mile (20.8 km) historic German racetrack through the Eifel mountains was nicknamed 'The Green Hell' by Sir Jackie Stewart?",A) Nurburgring Nordschleife | B) Hockenheimring | C) Spa-Francorchamps | D) Circuit de la Sarthe,A
217,Cars,Easy,Multiple Choice,"In [Motorsport & Racing], what prestigious Formula 1 street circuit race winds through the narrow glamorous streets of a Mediterranean principality past the Casino and harbor?",A) Silverstone GP | B) Monaco Grand Prix | C) Italian GP at Monza | D) Singapore GP,B
218,Cars,Easy,Multiple Choice,"In [Motorsport & Racing], what high-speed Italian racetrack known as the 'Temple of Speed' hosts the annual Formula 1 Italian Grand Prix?",A) Imola | B) Mugello | C) Autodromo Nazionale Monza | D) Fiorano,C
219,Cars,Easy,Multiple Choice,"In [Motorsport & Racing], what does DRS stand for in modern Formula 1 aerodynamic overtaking assistance?",A) Dynamic Racing Steering | B) Direct Rotor Suspension | C) Downforce Regulation Setup | D) Drag Reduction System,D
220,Cars,Easy,Multiple Choice,"In [Motorsport & Racing], what motorsport discipline involves intentionally breaking rear-wheel traction to slide sideways through turns at high speed with precision angle and smoke?",A) Drifting | B) Time Attack | C) Rallycross | D) Autocross,A
221,Cars,Easy,Multiple Choice,"In [Motorsport & Racing], what safety device introduced in Formula 1 in 2018 is a titanium curved bar protecting the driver's cockpit head area from flying debris and impacts?",A) HANS Device | B) Halo cockpit protection system | C) Roll Hoop | D) Aero Screen,B
222,Cars,Easy,Multiple Choice,"In [Motorsport & Racing], what international rally organization sanctions the World Rally Championship featuring stages on snow, gravel, asphalt, and mud?",A) SCCA | B) NASCAR | C) FIA WRC | D) DTM,C
223,Cars,Easy,Multiple Choice,"In [Motorsport & Racing], what traditional beverage is handed to the winner of the Indianapolis 500 in Victory Lane?",A) Champagne | B) Sparkling wine | C) Pure spring water | D) A cold bottle of milk,D
224,Cars,Easy,Multiple Choice,"In [Motorsport & Racing], what traditional celebratory drink is sprayed on the podium in Formula 1 and 24 Hours of Le Mans victories?",A) Champagne / Sparkling Wine | B) Beer | C) Energy Drink | D) Apple Cider,A
225,Cars,Easy,Multiple Choice,"In [Motorsport & Racing], what is the geometrical innermost point of a turn's cornering line that drivers clip to maximize exit speed?",A) Braking point | B) The Apex | C) Turn-in point | D) Run-off area,B
226,Cars,Easy,Multiple Choice,"In [Motorsport & Racing], what safety collar device worn around a driver's neck attaches to the helmet to prevent fatal basilar skull fractures during sudden frontal deceleration?",A) Cervical Collar | B) Neck Brace | C) HANS Device | D) Fire Suit,C
227,Cars,Easy,Multiple Choice,"In [Motorsport & Racing], what is the pole position in circuit motorsport qualifying?",A) The last place starting spot | B) The pit lane exit | C) The pace car position | D) The number one starting position at the very front of the starting grid awarded to the driver with the fastest qualifying lap time,D
228,Cars,Easy,Multiple Choice,"In [Motorsport & Racing], what is the famous nickname of Dale Earnhardt Sr., the 7-time NASCAR Cup Series champion known for his aggressive black #3 car?",A) The Intimidator | B) The King | C) Smoke | D) Rocket Man,A
229,Cars,Easy,Multiple Choice,"In [Motorsport & Racing], what is the Triple Crown of Motorsport comprised of in international auto racing?","A) Daytona 500, Indy 500, and Bathurst 1000 | B) The Monaco Grand Prix, the Indianapolis 500, and the 24 Hours of Le Mans | C) Monaco GP, 24h of Nurburgring, and Dakar Rally | D) F1 Championship, NASCAR Cup, and WRC Title",B
230,Cars,Easy,Multiple Choice,"In [Motorsport & Racing], who is the only racing driver in motorsport history to have completed and won the official Triple Crown of Motorsport?",A) Ayrton Senna | B) Mario Andretti | C) Graham Hill | D) Fernando Alonso,C
231,Cars,Easy,Multiple Choice,"In [Motorsport & Racing], what legendary French endurance race features the iconic 3.7-mile (6 km) high-speed straightaway known as the Mulsanne Straight (Ligne Droite des Hunaudieres)?",A) Circuit Paul Ricard 6h | B) 24 Hours of Spa | C) Bathurst 12h | D) 24 Hours of Le Mans,D
232,Cars,Easy,Multiple Choice,"In [Motorsport & Racing], what is drafting (slipstreaming) in high-speed circuit and oval racing?",A) Driving closely behind a leading car inside its low-pressure aerodynamic wake to reduce drag and gain speed for an overtake | B) Changing tires in the pits | C) Sliding sideways | D) Braking early before a turn,A
233,Cars,Easy,Multiple Choice,"In [Motorsport & Racing], what German automaker holds the all-time record for the most overall manufacturer victories at the 24 Hours of Le Mans (19 wins)?",A) Audi | B) Porsche | C) Ferrari | D) Mercedes-Benz,B
234,Cars,Easy,Multiple Choice,"In [Motorsport & Racing], what Finnish rally and circuit driver famously uttered the iconic radio quote 'Leave me alone, I know what to do' during the 2012 Abu Dhabi GP?",A) Mika Hakkinen | B) Valtteri Bottas | C) Kimi Raikkonen | D) Keke Rosberg,C
235,Cars,Easy,Multiple Choice,"In [Motorsport & Racing], what grueling off-road endurance rally raid race historically ran from Paris, France across the Sahara Desert to the capital of Senegal?",A) Baja 1000 | B) East African Safari Rally | C) Silk Way Rally | D) The Dakar Rally,D
236,Cars,Easy,Multiple Choice,"In [Motorsport & Racing], what famous 1,000-mile off-road desert point-to-point race takes place across the Mexican Baja California peninsula annually?",A) Baja 1000 | B) Mint 400 | C) King of the Hammers | D) Rally de Portugal,A
237,Cars,Easy,Multiple Choice,"In [Motorsport & Racing], what is the famous 14,115-foot mountain in Colorado that hosts the annual 'Race to the Clouds' international hill climb?",A) Mount Washington | B) Pikes Peak | C) Mount Evans | D) Mount Whitney,B
238,Cars,Easy,Multiple Choice,"In [Motorsport & Racing], what French rally driver holds the all-time record with 9 consecutive World Rally Championship (WRC) driver titles with Citroen (2004-2012)?",A) Sebastien Ogier | B) Didier Auriol | C) Sebastien Loeb | D) Jean Ragnotti,C
239,Cars,Easy,Multiple Choice,"In [Motorsport & Racing], what famous Belgian racetrack set in the Ardennes forest features the iconic Eau Rouge and Raidillon uphill corner combination?",A) Zolder | B) Nurburgring | C) Monza | D) Circuit de Spa-Francorchamps,D
240,Cars,Easy,Multiple Choice,"In [Motorsport & Racing], what Australian touring car endurance race held at Mount Panorama in New South Wales is known as 'The Great Race'?",A) Bathurst 1000 | B) Adelaide 500 | C) Gold Coast 600 | D) Sandown 500,A
241,Cars,Easy,Multiple Choice,"In [Motorsport & Racing], what Dutch driver driving for Red Bull Racing won the 2021, 2022, and 2023 Formula 1 World Championships with record-breaking dominance?",A) Sergio Perez | B) Max Verstappen | C) Charles Leclerc | D) Lando Norris,B
242,Cars,Easy,Multiple Choice,"In [Motorsport & Racing], what 1976 Formula 1 World Championship rivalry between James Hunt and Niki Lauda was depicted in the Hollywood film 'Rush'?",A) Ferrari vs Williams | B) McLaren vs Lotus | C) McLaren (James Hunt) vs Ferrari | D) Tyrrell vs Brabham,C
243,Cars,Easy,Multiple Choice,"In [Motorsport & Racing], what is the Safety Car (Pace Car) in circuit motorsport?","A) A medical evacuation car | B) The last place car | C) A car testing tire grip | D) A dedicated course car that leads the racing pack at reduced speed during hazardous track conditions, accidents, or heavy rain while track marshals clear debris",D
244,Cars,Easy,Multiple Choice,"In [Motorsport & Racing], what Japanese racing driver is widely revered as the 'Drift King' (Dorikin) and helped pioneer professional competitive drifting?",A) Keiichi Tsuchiya | B) Ken Block | C) Daigo Saito | D) Nobushige Taniguchi,A
245,Cars,Easy,Multiple Choice,"In [Motorsport & Racing], what is the red flag in motorsport racing?","A) Race is completed | B) The session is immediately suspended or stopped due to severe accidents, dangerous track blockage, or torrential weather | C) Faster car behind | D) Oil on track",B
246,Cars,Easy,Multiple Choice,"In [Motorsport & Racing], what iconic open-wheel championship racing series in North America features the Dallara IR18 spec chassis with Honda and Chevrolet twin-turbo V6 engines?",A) NASCAR Cup Series | B) IMSA SportsCar Championship | C) NTT IndyCar Series | D) Formula 2,C
247,Cars,Easy,Multiple Choice,"In [Motorsport & Racing], what American 24-hour sports car endurance race takes place on the combined road course at Daytona International Speedway in January?",A) Sebring 12 Hours | B) Petit Le Mans | C) Watkins Glen 6h | D) Rolex 24 at Daytona,D
248,Cars,Easy,Multiple Choice,"In [Motorsport & Racing], what American stock car driver nicknamed 'The King' won 200 NASCAR Cup Series races and 7 championships driving the famous Petty Blue #43?",A) Richard Petty | B) Dale Earnhardt | C) Jeff Gordon | D) Jimmie Johnson,A
249,Cars,Easy,Multiple Choice,"In [Motorsport & Racing], what drag racing class features nitromethane-fueled 11,000-horsepower dragsters rocketing to 330+ mph in under 3.7 seconds?",A) Pro Stock | B) Top Fuel Dragster | C) Super Gas | D) Pro Modified,B
250,Cars,Easy,Multiple Choice,"In [Iconic Cars & Models], what iconic German rear-engine sports car has been in continuous production by Porsche since 1964?",A) Porsche Cayman | B) Porsche Panamera | C) Porsche 911 | D) Porsche Boxster,C
251,Cars,Medium,Multiple Choice,[⭐] [badge:mercedes_star] Which carmaker built the iconic 1954 300 SL Gullwing sports car under this three-pointed star icon?,A) Bimmer | B) Audii | C) Volksvagen | D) Mercede-Benz,D
252,Cars,Medium,Multiple Choice,[⭐] [badge:mercedes_star] Which luxury car brand famous for the motto 'The Best or Nothing' uses this star emblem on its cars?,A) Mercede-Benz | B) Bimmer | C) Audii | D) Volksvagen,A
253,Cars,Medium,Multiple Choice,[🔘🔘🔘🔘] [badge:audi_twisted_rings] Which carmaker produced the curved Bauhaus TT sports coupe starting in 1998 under this four-ring icon?,A) Bimmer | B) Audii | C) Mercede-Benz | D) Opell,B
254,Cars,Medium,Multiple Choice,[🔘🔘🔘🔘] [badge:audi_twisted_rings] Which car brand that dominated World Rally in the 1980s with the Sport Quattro carries this emblem?,A) Bimmer | B) Mercede-Benz | C) Audii | D) Opell,C
255,Cars,Medium,Multiple Choice,[⭕] [badge:toyota_ellipses] Which car company manufactures the iconic Supra sports car and GR Yaris carrying this badge?,A) Hondo | B) Nissun | C) Mazdo | D) Toyoto,D
256,Cars,Medium,Multiple Choice,[⭕] [badge:toyota_ellipses] Which Japanese car brand produced the cult-favorite rear-wheel-drive AE86 Sprinter Trueno under this emblem?,A) Toyoto | B) Hondo | C) Nissun | D) Mazdo,A
257,Cars,Medium,Multiple Choice,[🎗️] [badge:chevrolet_bowtie] Which carmaker introduced the revolutionary small-block V8 in 1955 under this bowtie emblem?,A) Forde | B) Chevrolette | C) Dodgie | D) Pontyac,B
258,Cars,Medium,Multiple Choice,[🎗️] [badge:chevrolet_bowtie] Which brand built the 454-powered 1970 Chevelle SS muscle car under this bowtie badge?,A) Forde | B) Dodgie | C) Chevrolette | D) Pontyac,C
259,Cars,Medium,Multiple Choice,[⚡] [badge:tesla_t_plug] Which electric carmaker introduced the ultra-fast tri-motor Model S Plaid under this emblem?,A) Rivyan | B) Lucyd | C) Polestar | D) Teslla,D
260,Cars,Medium,Multiple Choice,[⚡] [badge:tesla_t_plug] Which automotive brand manufactures the stainless-steel angular Cybertruck carrying this badge?,A) Teslla | B) Rivyan | C) Lucyd | D) Polestar,A
261,Cars,Medium,Multiple Choice,[🛡️] [badge:porsche_crest] Which car company produced the analog V10-powered Carrera GT supercar in 2004 under this crest?,A) Bimmer | B) Porshe | C) Audii | D) Mercede-Benz,B
262,Cars,Medium,Multiple Choice,[🛡️] [badge:porsche_crest] Which sports car brand created the advanced all-wheel-drive 959 supercar in the 1980s carrying this emblem?,A) Bimmer | B) Audii | C) Porshe | D) Mercede-Benz,C
263,Cars,Medium,Multiple Choice,[🐎] [badge:ferrari_rearing_horse] Which carmaker produced the twin-turbo carbon-composite F40 in 1987 under this prancing horse badge?,A) Lamborgini | B) Maseratty | C) Pagany | D) Ferrary,D
264,Cars,Medium,Multiple Choice,[🐎] [badge:ferrari_rearing_horse] Which brand produces front-engine V12 grand tourers like the 812 Superfast and Daytona SP3 with this emblem?,A) Ferrary | B) Lamborgini | C) Maseratty | D) Pagany,A
265,Cars,Medium,Multiple Choice,[🐂] [badge:lamborghini_bull] Which carmaker created the wedge-shaped Countach supercar that became an iconic 1970s bedroom poster carrying this bull emblem?,A) Ferrary | B) Lamborgini | C) Bugatty | D) Maseratty,B
266,Cars,Medium,Multiple Choice,[🐂] [badge:lamborghini_bull] Which company produced the 1990s Diablo and 2000s Murcielago supercars bearing this raging bull shield?,A) Ferrary | B) Bugatty | C) Lamborgini | D) Maseratty,C
267,Cars,Medium,Multiple Choice,[✨] [badge:subaru_pleiades_stars] Which car brand produced the iconic blue-and-gold rally-bred Impreza WRX STI under this star emblem?,A) Mitsubishy | B) Toyoto | C) Suzukii | D) Subaroo,D
268,Cars,Medium,Multiple Choice,[✨] [badge:subaru_pleiades_stars] Which Japanese carmaker co-developed the rear-wheel-drive BRZ lightweight sports coupe carrying this badge?,A) Subaroo | B) Mitsubishy | C) Toyoto | D) Suzukii,A
269,Cars,Medium,Multiple Choice,[🔵] [badge:ford_blue_oval] Which carmaker engineered the mid-engine GT40 racing car that scored a historic 1-2-3 finish at Le Mans in 1966 under this badge?,A) Chevrolette | B) Forde | C) Dodgie | D) Cadillack,B
270,Cars,Medium,Multiple Choice,"[🔵] [badge:ford_blue_oval] Which brand built hot-hatch icons like the Sierra Cosworth, Escort RS, and Focus RS carrying this blue oval badge?",A) Chevrolette | B) Dodgie | C) Forde | D) Cadillack,C
271,Cars,Medium,Multiple Choice,[🪽] [badge:aston_martin_wings] Which British sports car brand produced the silver DB5 grand tourer equipped with gadget ejector seats in 'Goldfinger'?,A) Bently | B) Jaguarr | C) McLarn | D) Aston-Martinn,D
272,Cars,Medium,Multiple Choice,"[🪽] [badge:aston_martin_wings] Which car company manufactures its hand-assembled bespoke sports cars in Gaydon, Warwickshire under this winged emblem?",A) Aston-Martinn | B) Bently | C) Jaguarr | D) McLarn,A
273,Cars,Medium,Multiple Choice,[⚔️] [badge:volvo_battleaxe] Which carmaker invented the modern three-point safety seatbelt in 1959 and gave the patent away for free to save lives?,A) Saabb | B) Volvvo | C) Koeniggsegg | D) Polestar,B
274,Cars,Medium,Multiple Choice,[⚔️] [badge:volvo_battleaxe] Which brand produced the legendary boxy 240 series that earned a worldwide reputation for exceeding 1 million miles of durability?,A) Saabb | B) Koeniggsegg | C) Volvvo | D) Polestar,C
275,Cars,Medium,Multiple Choice,"[🐆] [badge:jaguar_leaping] Which carmaker built the 1961 E-Type (XKE), famously praised by Enzo Ferrari as 'the most beautiful car ever made'?",A) Bently | B) Aston-Martinn | C) Land-Rovr | D) Jaguarr,D
276,Cars,Medium,Multiple Choice,[🐆] [badge:jaguar_leaping] Which brand manufactured the 217-mph twin-turbo XJ220 supercar in the early 1990s carrying this feline mascot?,A) Jaguarr | B) Bently | C) Aston-Martinn | D) Land-Rovr,A
277,Cars,Medium,Multiple Choice,"[🎧] [badge:honda_headphones] Which automaker developed the high-revving 9,000 RPM S2000 roadster in 1999 to celebrate its 50th anniversary under this badge?",A) Toyoto | B) Hondo | C) Nissun | D) Mazdo,B
278,Cars,Medium,Multiple Choice,[🎧] [badge:honda_headphones] Which brand engineered the mid-engine aluminum NSX supercar in 1990 in collaboration with Formula 1 champion Ayrton Senna?,A) Toyoto | B) Nissun | C) Hondo | D) Mazdo,C
279,Cars,Medium,Multiple Choice,"[🤝] [badge:hyundai_italic_h] Which automotive brand created the high-performance 'N' division, developing cars like the Elantra N and Ioniq 5 N?",A) Kiia | B) Daewoo | C) Genesys | D) Hyunday,D
280,Cars,Medium,Multiple Choice,[🤝] [badge:hyundai_italic_h] Which car company developed the asymmetric 3-door Veloster and Veloster N sports coupe carrying this badge?,A) Hyunday | B) Kiia | C) Daewoo | D) Genesys,A
281,Cars,Medium,Multiple Choice,"[🛑] [badge:nissan_circle_bar] Which brand manufactured the championship-winning Skyline GT-R R32, R33, and R34 models powered by the RB26DETT twin-turbo engine?",A) Toyoto | B) Nissun | C) Hondo | D) Mazdo,B
282,Cars,Medium,Multiple Choice,"[🛑] [badge:nissan_circle_bar] Which Japanese manufacturer produced the Silvia drift coupe (S13, S14, S15) and the 300ZX Twin Turbo under this emblem?",A) Toyoto | B) Hondo | C) Nissun | D) Mazdo,C
283,Cars,Medium,Multiple Choice,"[🪽] [badge:bentley_wings] Which British brand's 1920s racing gentlemen, known as 'The Bentley Boys', dominated the 24 Hours of Le Mans?",A) Rolls-Royse | B) Aston-Martinn | C) Jaguarr | D) Bently,D
284,Cars,Medium,Multiple Choice,[🪽] [badge:bentley_wings] Which car company handcrafted luxury motorcars powered by a famous 6.75-liter (six and three-quarter litre) V8 engine for decades?,A) Bently | B) Rolls-Royse | C) Aston-Martinn | D) Jaguarr,A
285,Cars,Medium,Multiple Choice,[🐏] [badge:ram_head] Which truck company engineered the 702-horsepower supercharged 6.2L V8 off-road performance truck known as the TRX?,A) Forde | B) Ramm | C) Chevrolette | D) GMC-Motors,B
286,Cars,Medium,Multiple Choice,[🐏] [badge:ram_head] Which brand produces the heavy-duty Power Wagon off-road truck equipped with a factory winch and electronic disconnecting sway bars?,A) Forde | B) Chevrolette | C) Ramm | D) GMC-Motors,C
287,Cars,Medium,Multiple Choice,[📐] [badge:acura_caliper] Which car company manufactured the second-generation hybrid twin-turbo all-wheel-drive NSX supercar in Ohio carrying this badge?,A) Lexuss | B) Infinitii | C) Genesys | D) Acuraa,D
288,Cars,Medium,Multiple Choice,[📐] [badge:acura_caliper] Which brand produces performance enthusiast models like the Integra Type S and TLX Type S under this precision caliper badge?,A) Acuraa | B) Lexuss | C) Infinitii | D) Genesys,A
289,Cars,Medium,Multiple Choice,[🛡️🛡️🛡️] [badge:buick_tri_shield] Which car brand produced the menacing all-black 1987 turbocharged V6 muscle car known as the Grand National GNX?,A) Cadillack | B) Buicke | C) Chevrolette | D) Pontyac,B
290,Cars,Medium,Multiple Choice,[🛡️🛡️🛡️] [badge:buick_tri_shield] Which American marque introduced the dramatic 1963 Riviera personal luxury coupe with hidden headlights under this Tri-Shield badge?,A) Cadillack | B) Chevrolette | C) Buicke | D) Pontyac,C
291,Cars,Medium,Multiple Choice,[👑] [badge:rolls_royce_intertwined_rr] Which ultra-luxury marque adorns its stately radiator grilles with the famous retractable 'Spirit of Ecstasy' mascot?,A) Bently | B) Maybach | C) Aston-Martinn | D) Rolls-Royse,D
292,Cars,Medium,Multiple Choice,[👑] [badge:rolls_royce_intertwined_rr] Which car company manufactures the massive Cullinan luxury SUV and the all-electric Spectre grand tourer under this monogram?,A) Rolls-Royse | B) Bently | C) Maybach | D) Aston-Martinn,A
293,Cars,Medium,Multiple Choice,[🪽] [badge:genesis_wings] Which brand features a signature design language characterized by 'Two Lines' quad LED headlamps and crest grilles under this badge?,A) Lexuss | B) Genesys | C) Infinitii | D) Acuraa,B
294,Cars,Medium,Multiple Choice,[🪽] [badge:genesis_wings] Which car company produces the compact G70 rear-wheel-drive sports sedan that won North American Car of the Year under this badge?,A) Lexuss | B) Infinitii | C) Genesys | D) Acuraa,C
295,Cars,Medium,Multiple Choice,"[🔘] [badge:volkswagen_steampunk] Which car company launched the high-performance Golf GTI in 1976, creating the worldwide hot-hatch phenomenon under this badge?",A) Bimmer | B) Opell | C) Audii | D) Volksvagen,D
296,Cars,Medium,Multiple Choice,[🔘] [badge:volkswagen_steampunk] Which brand manufactured the beloved Type 2 Microbus (Kombi / Bulli) that became a counter-culture camping icon under this emblem?,A) Volksvagen | B) Bimmer | C) Opell | D) Audii,A
297,Cars,Medium,Multiple Choice,[⚙️] [badge:volkswagen_winged] Which car company developed the dedicated MEB (Modular Electric Drive) platform for millions of mass-market EVs under this badge?,A) Bimmer-Aero | B) Volksvagen-Aero | C) Audii-Sport | D) Opell-Blitz,B
298,Cars,Medium,Multiple Choice,[⚙️] [badge:volkswagen_winged] Which brand created the experimental 261-MPG carbon-fiber XL1 plug-in hybrid eco-car carrying this German emblem?,A) Bimmer-Aero | B) Audii-Sport | C) Volksvagen-Aero | D) Opell-Blitz,C
299,Cars,Medium,Multiple Choice,[🕊️] [badge:mazda_winged_hourglass] Which Japanese automaker championed the Wankel rotary combustion engine in iconic sports cars like the RX-7 and RX-8?,A) Toyoto | B) Nissun | C) Subaroo | D) Mazdo,D
300,Cars,Medium,Multiple Choice,[🕊️] [badge:mazda_winged_hourglass] Which brand designs its cars around the driving philosophy of 'Jinba Ittai' (the oneness of horse and rider) under this winged badge?,A) Mazdo | B) Toyoto | C) Nissun | D) Subaroo,A
301,Cars,Medium,Multiple Choice,[⚡] [badge:lightning_circle_emblem] Which car company produced the cult-classic Manta sports coupe from 1970 to 1988 under this lightning bolt badge?,A) Volksvagen | B) Opell | C) Bimmer | D) Audii,B
302,Cars,Medium,Multiple Choice,"[⚡] [badge:lightning_circle_emblem] Which brand built the 1989 Calibra sports coupe, which set a world record for lowest production car drag coefficient (0.26 Cd)?",A) Volksvagen | B) Bimmer | C) Opell | D) Audii,C
303,Cars,Medium,Multiple Choice,[🎼] [badge:treble_clef_emblem] Which car brand uses this musical clef badge to symbolize equal-length exhaust headers tuned like organ pipes?,A) Sonata-Auto | B) Cadence-Cars | C) Harmony-Auto | D) Melody-Motors,D
304,Cars,Medium,Multiple Choice,[🎼] [badge:treble_clef_emblem] What concept automaker utilizes this musical symbol to represent high-RPM naturally aspirated V12 acoustic harmonics?,A) Melody-Motors | B) Sonata-Auto | C) Cadence-Cars | D) Harmony-Auto,A
305,Cars,Medium,Multiple Choice,[🚘] [badge:kia_oval] What twin-turbo V6 rear-wheel-drive grand touring sports sedan was introduced in 2017 under this badge?,A) Cadenza | B) Stinger | C) K5 GT | D) Optima SX,B
306,Cars,Medium,Multiple Choice,[🚘] [badge:kia_oval] What flagship 3-row all-electric SUV featuring geometric styling and 800V fast charging carries this emblem?,A) EV6 | B) Niro EV | C) EV9 | D) Soul EV,C
307,Cars,Medium,Multiple Choice,"[🛻] [badge:gmc_block_letters] What revolutionary 1,000-horsepower electric super-truck featuring 4-wheel steer 'CrabWalk' carries this badge?",A) Cybertruck | B) Rivian R1T | C) F-150 Lightning | D) Hummer EV,D
308,Cars,Medium,Multiple Choice,[🛻] [badge:gmc_block_letters] What off-road capability package with lifted suspension and skid plates is offered on trucks bearing this badge?,A) AT4 | B) Z71 | C) Trail Boss | D) TRD Pro,A
309,Cars,Medium,Multiple Choice,[🚙] [badge:jeep_letters] What mid-size pickup truck with removable doors and roof is produced by the brand shown on this badge?,A) Scrambler | B) Gladiator | C) Comanche | D) Pioneer,B
310,Cars,Medium,Multiple Choice,[🚙] [badge:jeep_letters] What certification badge is placed on the front fenders of vehicles produced by this brand testing off-road capability?,A) Off-Road Pro | B) Rock Crawler | C) Trail Rated 4x4 | D) Desert Runner,C
311,Cars,Medium,Typing,"In [Engines & Car Tech], what 3-letter acronym represents Lithium Iron Phosphate battery chemistry (L...)?",,LFP
312,Cars,Medium,Typing,"In [Engines & Car Tech], what wheel alignment angle refers to the forward or backward tilt of the steering axis when viewed from the side?",,caster
313,Cars,Medium,Typing,"In [Engines & Car Tech], what wheel alignment term describes whether the front edges of tires point inward toward each other or outward?",,toe
314,Cars,Medium,Typing,"In [Engines & Car Tech], what 3-letter acronym represents the Controller Area Network protocol used in all modern vehicle electronic wiring?",,CAN
315,Cars,Medium,Typing,"In [Engines & Car Tech], what Scandinavian animal gives its name to the famous emergency evasive swerve safety test (the ... test)?",,moose
316,Cars,Medium,Typing,"In [Motorsport & F1], what legendary Scottish driver nicknamed the 'Flying Scot' won 3 F1 World Titles (Jackie ...)?",,Stewart
317,Cars,Medium,Typing,"In [Motorsport & F1], what is the famous high-speed chicane built on Conrod Straight at Bathurst called (The ...)?",,Chase
318,Cars,Medium,Typing,"In [Motorsport & F1], what German automaker set the all-time 5:19 lap record at the Nurburgring Nordschleife with the 919 Evo?",,Porsche
319,Cars,Medium,Typing,"In [Motorsport & F1], what famous 'Sucker Car' with two rear fans was designed by Jim Hall in 1970 (Chaparral ...)?",,2J
320,Cars,Medium,Typing,"In [Motorsport & F1], what NASCAR driver nicknamed 'The King' won a record 200 races driving the #43 (Richard ...)?",,Petty
321,Cars,Medium,Typing,"In [Motorsport & Racing], what legendary Scottish racing driver nicknamed the 'Flying Scot' won 3 Formula 1 World Championships and pioneered modern circuit safety (Jackie ...)?",,Jackie Stewart
322,Cars,Medium,Typing,"In [Motorsport & Racing], what famous British driver is the only person to win World Championships on both two wheels (motorcycles) and four wheels (Formula 1) (John ...)?",,John Surtees
323,Cars,Medium,Typing,"In [Motorsport & Racing], what Italian racing team is the oldest and most successful team in Formula 1 history, having competed in every championship season since 1950?",,Ferrari
324,Cars,Medium,Typing,"In [Motorsport & Racing], what is the famous 1989 Formula 1 championship-deciding collision between teammates Ayrton Senna and Alain Prost at the Suzuka ... chicane?",,Casio Triangle
325,Cars,Medium,Typing,"In [Motorsport & Racing], what legendary American motorsport circuit in upstate New York hosted the Formula 1 United States Grand Prix from 1961 to 1980 (Watkins ...)?",,Watkins Glen
326,Cars,Medium,Typing,"In [Iconic Cars & Models], what was the famous nickname of the Mercedes-Benz W124 AMG E-Class sedan introduced in 1986 (The ...)?",,Hammer
327,Cars,Medium,Typing,"In [Iconic Cars & Models], what was the model code of the lightweight, rear-wheel-drive Toyota Corolla AE... immortalized in the drifting anime 'Initial D'?",,AE86
328,Cars,Medium,Typing,"In [Iconic Cars & Models], what is the factory chassis code for the iconic fourth-generation 1990s Toyota Supra (A...)?",,A80
329,Cars,Medium,Typing,"In [Iconic Cars & Models], what famous British sports car designer and Lotus founder coined the immortal motto 'Simplify, then add lightness' (Colin ...)?",,Colin Chapman
330,Cars,Medium,Typing,"In [Iconic Cars & Models], what was the name of the ultra-high performance V8 package introduced on the 2015 Dodge Challenger producing 707 horsepower?",,Hellcat
331,Cars,Medium,Typing,"In [Car Mechanics & Engines], what Japanese automaker famously championed the Wankel rotary engine in iconic sports cars like the RX-7 and RX-8?",,Mazda
332,Cars,Medium,Typing,"In [Car Mechanics & Engines], what valve on a turbocharged engine controls maximum boost pressure by bypassing exhaust gas around the turbine?",,wastegate
333,Cars,Medium,Typing,"In [Car Mechanics & Engines], what is the term for the premature spontaneous ignition of fuel ahead of the spark plug causing a metallic clattering sound?",,detonation
334,Cars,Medium,Typing,"In [Car Mechanics & Engines], what wheel alignment angle refers to the forward or backward tilt of the steering axis when viewed from the side of the vehicle?",,caster
335,Cars,Medium,Typing,"In [Car Mechanics & Engines], what wheel alignment term describes whether the front edges of tires point toward each other (in) or away from each other (out)?",,toe
336,Cars,Medium,Multiple Choice,"In [Engines & Car Tech], what is 'Turbo Lag' in a turbocharged vehicle?",A) Transmission slipping | B) Overheating engine | C) Spark plug misfire | D) The brief delay between stepping on the accelerator and feeling strong boost pressure while exhaust gas volume builds up to spool the turbine,D
337,Cars,Medium,Multiple Choice,"In [Engines & Car Tech], what is a Limited-Slip Differential (LSD) and why is it essential for performance driving?","A) It prevents engine torque from dumping completely into one spinning wheel with no grip, transferring power across the axle to the wheel that has traction | B) It locks the wheels when braking | C) It replaces the brake pads | D) It disconnects the drive axle",A
338,Cars,Medium,Multiple Choice,"In [Engines & Car Tech], what is Variable Valve Timing (such as Honda VTEC, Toyota VVT-i, or BMW VANOS)?","A) Adjusting spark plug gap | B) An electronic mechanism that dynamically changes the timing, lift, or duration of the intake and exhaust valves across different RPMs for optimal efficiency and top-end power | C) A turbo boost dial | D) Automatic oil pumping",B
339,Cars,Medium,Multiple Choice,"In [Engines & Car Tech], what is Gasoline Direct Injection (GDI) compared to traditional Port Fuel Injection?","A) Injecting fuel into the exhaust | B) Mixing fuel in the fuel tank | C) Injecting high-pressure fuel directly into the combustion chamber (cylinder) rather than into the intake runner, allowing higher compression and cooler air charges | D) Spraying fuel onto the air filter",C
340,Cars,Medium,Multiple Choice,"In [Engines & Car Tech], what is the primary difference between a Twin-Scroll Turbocharger and a standard single-scroll turbocharger?","A) A twin-scroll turbo has two turbines | B) It runs on electricity | C) It requires two intercoolers | D) The turbine housing is divided into two separate exhaust gas channels to keep exhaust pulses from interfering with each other, speeding up spool response",D
341,Cars,Medium,Multiple Choice,"In [Engines & Car Tech], what is the primary advantage of Carbon-Ceramic brake rotors over traditional cast iron brake discs on sports cars?",A) Extraordinary resistance to high-temperature brake fade under intense track driving and significant reduction in unsprung rotating mass | B) Cheaper cost | C) Works without brake fluid | D) Shorter stopping distance in snow,A
342,Cars,Medium,Multiple Choice,"In [Engines & Car Tech], what is an engine's 'Bore' and 'Stroke' in cylinder dimensions?",A) Horsepower and torque | B) Bore is the cylinder's internal diameter; Stroke is the linear distance the piston travels between top dead center and bottom dead center | C) Intake valve and exhaust valve diameter | D) Crankshaft length and camshaft width,B
343,Cars,Medium,Multiple Choice,"In [Engines & Car Tech], what is 'Torque Vectoring' in modern high-performance all-wheel-drive cars?",A) Steering with four wheels | B) Changing transmission ratios | C) An active electronic system that selectively sends different amounts of torque to the left and right wheels to actively pivot the car into a corner | D) Disabling the brakes,C
344,Cars,Medium,Multiple Choice,"In [Engines & Car Tech], what is 'Unsprung Weight' (unsprung mass) in vehicle dynamics?",A) The weight of the engine block | B) The weight of the passengers and luggage | C) The fuel in the gas tank | D) The mass of vehicle components not supported by the suspension springs,D
345,Cars,Medium,Multiple Choice,"In [Engines & Car Tech], what does wheel 'Camber' angle describe in automotive alignment geometry?",A) The inward or outward tilt of the vertical axis of the wheel when viewed from the front or rear of the vehicle | B) The forward/backward tilt of the steering axis | C) The tire circumference | D) The toe-in angle,A
346,Cars,Medium,Multiple Choice,"In [Engines & Car Tech], what is 'Heel-and-Toe' downshifting in sports car driving with a manual transmission?",A) Left-foot braking | B) Braking with the ball of the right foot while simultaneously blipping the accelerator with the right heel/side to match engine revs during a downshift | C) Shifting without the clutch | D) Pulling the handbrake in a turn,B
347,Cars,Medium,Multiple Choice,"In [Engines & Car Tech], what is the famous 'Moose Test' (Elk Test) in Scandinavian vehicle dynamics safety testing?",A) Crashing into an animal decoy | B) Off-road trail climbing | C) An evasive high-speed swerve maneuver on dry pavement to test how stably a car can avoid a sudden obstacle without rolling over | D) Winter snow stopping distance,C
348,Cars,Medium,Multiple Choice,"In [Engines & Car Tech], what landmark safety recall occurred after the 1997 Mercedes-Benz A-Class tipped over during a Swedish Moose Test?",A) Brakes were redesigned | B) Engine was replaced | C) Airbags were deactivated | D) Mercedes recalled all cars and made Electronic Stability Control (ESP) standard equipment across its entire model line,D
349,Cars,Medium,Multiple Choice,"In [Engines & Car Tech], what is LFP (Lithium Iron Phosphate) battery chemistry and what is its primary benefit?","A) Exceptional thermal safety, long cycle life, no costly cobalt or nickel, and the ability to be regularly charged to 100% without rapid battery degradation | B) Operates without charging | C) 10 times lighter than water | D) Powered by solar panels only",A
350,Cars,Medium,Multiple Choice,"In [Engines & Car Tech], what is 'Heat Pump' technology in modern electric cars and why is it crucial in winter?","A) It burns gasoline to heat the seats | B) A thermodynamic device that transfers heat from ambient air and motor electronics into the cabin, using up to 60% less battery power than resistive heaters | C) An electric heater coil | D) A radiator blanket",B
351,Cars,Medium,Multiple Choice,"In [Engines & Car Tech], what is the difference between Level 2 and Level 3 (DC Fast) EV charging?","A) Level 2 is faster | B) Level 2 charges with solar panels | C) Level 2 uses 240V AC household power (taking hours), while Level 3 DC Fast Charging delivers direct high-voltage current directly into the battery in 15-30 minutes | D) Level 3 is only for buses",C
352,Cars,Medium,Multiple Choice,"In [Engines & Car Tech], what is 'Giga Casting' (Megacasting) manufacturing pioneered by Tesla for the Model Y?","A) 3D printing steel bodies | B) Hand-beating aluminum sheets | C) Carbon-fiber resin molding | D) Using massive 6,000 to 9,000-ton high-pressure aluminum die-casting machines to cast entire front and rear vehicle underbody structures in single large pieces, replacing dozens of welded parts",D
353,Cars,Medium,Multiple Choice,"In [Engines & Car Tech], what is an 'Airbrake' deployment on supercars like McLaren, Bugatti, and Pagani during heavy braking?","A) The motorized rear wing tilts steeply upright (60-70°) to create massive aerodynamic drag and rear downforce, shortening stopping distance | B) Reversing the engine | C) Squirting air onto the tires | D) Honking a loud horn",A
354,Cars,Medium,Multiple Choice,"In [Engines & Car Tech], what is the CAN Bus (Controller Area Network) invented by Bosch in 1986?",A) A passenger shuttle bus | B) A robust vehicle network standard allowing onboard microcontrollers and sensors to communicate over a single twisted pair of wires without a central host computer | C) A vehicle battery charger | D) An in-car satellite phone,B
355,Cars,Medium,Multiple Choice,"In [Engines & Car Tech], what is the function of a Blow-Off Valve (Dump Valve) on a turbocharged car when shifting gears?","A) Making engine sound quieter | B) Spraying fuel | C) Releasing trapped pressurized air from the intake piping when the throttle snaps shut, preventing compressor surge from damaging the turbo turbine | D) Lowering oil temperature",C
356,Cars,Medium,Multiple Choice,"In [Engines & Car Tech], what is the Venturi Effect used in automotive ground-effect aerodynamics?","A) Cooling radiator water | B) Windshield defroster | C) Airflow over a roof spoiler | D) Air routed through constricted underbody tunnels speeds up and creates a localized drop in air pressure (Bernoulli's principle), creating massive suction that pulls the car onto the track",D
357,Cars,Medium,Multiple Choice,"In [Engines & Car Tech], what is the function of an engine's Positive Crankcase Ventilation (PCV) valve?",A) Venting blow-by crankcase gases back into the intake manifold to reduce crankcase pressure and oil contamination while reducing emissions | B) Increasing turbo boost | C) Cooling fuel lines | D) Spraying nitrous oxide,A
358,Cars,Medium,Multiple Choice,"In [Engines & Car Tech], what is Steer-by-Wire with variable steering ratio featured on vehicles like the Lexus RZ and Cybertruck?","A) Steering with steel cables | B) A digital steering system with no physical mechanical shaft connection between the steering wheel/yoke and front wheels, dynamically altering steering lock angles electronically | C) Rear-wheel steering only | D) Self-parking system only",B
359,Cars,Medium,Multiple Choice,"In [Engines & Car Tech], what is an engine's 'Redline' on a tachometer?",A) The optimal cruising speed | B) Minimum idle speed | C) The maximum safe rotational speed (RPM) that the engine can operate at before electronic fuel cutoff or mechanical valvetrain damage occurs | D) Oil change reminder,C
360,Cars,Medium,Multiple Choice,"In [Engines & Car Tech], what is Brake Vectoring (Electronic Limited-Slip Differential) using ABS/ESP?","A) Locking all four wheels | B) Electronic handbrake | C) Anti-lock pulsing | D) Applying brief, precise braking pressure to an inside spinning wheel during cornering to transfer drive torque across an open differential to the outside gripping wheel",D
361,Cars,Medium,Multiple Choice,"In [Motorsport & F1], who is the only racing driver in history to win the Triple Crown of Motorsport (Monaco GP, Indy 500, and Le Mans 24h)?",A) Graham Hill | B) Mario Andretti | C) Fernando Alonso | D) Ayrton Senna,A
362,Cars,Medium,Multiple Choice,"In [Motorsport & F1], what was the famous 1-2-3 finish by Ford GT40 Mk IIs over Ferrari at Le Mans in 1966 dramatized in the movie 'Ford v Ferrari'?",A) Ferrari won by 1 lap | B) Bruce McLaren and Chris Amon were declared winners over Ken Miles in a staged photo finish | C) Ken Miles was disqualified | D) Ferrari withdrew before the finish,B
363,Cars,Medium,Multiple Choice,"In [Motorsport & F1], what was the 'Group B' era in World Rally Championship (1982-1986) famously known for?",A) Slow front-wheel-drive economy cars | B) Electric rally cars | C) Unrestricted 500-600+ horsepower monsters that were eventually banned due to extreme speeds and tragic crashes | D) Diesel endurance rallying only,C
364,Cars,Medium,Multiple Choice,"In [Motorsport & F1], what historic achievement did Mazda accomplish at the 1991 24 Hours of Le Mans with the 787B?",A) First hybrid car to finish | B) First car with ABS | C) First all-wheel-drive winner | D) It became the first Japanese manufacturer AND the only rotary-powered car ever to win the overall 24 Hours of Le Mans,D
365,Cars,Medium,Multiple Choice,"In [Motorsport & F1], what is the famous 'Corkscrew' corner complex at WeatherTech Raceway Laguna Seca in California?",A) A five-and-a-half-story blind crest drop through a steep downhill left-right chicane | B) A high-speed banked oval turn | C) A 360-degree flat circle | D) A long straightaway,A
366,Cars,Medium,Multiple Choice,"In [Motorsport & F1], what famous British racing team founded by Frank Williams won 9 Formula 1 Constructors' World Championships?",A) Team Lotus | B) Williams Racing | C) Tyrrell Racing | D) Brabham,B
367,Cars,Medium,Multiple Choice,"In [Motorsport & F1], what was the purpose of the revolutionary six-wheeled Tyrrell P34 Formula 1 car in 1976?",A) All-wheel drive | B) Extra spare wheels | C) Using four small 10-inch front wheels tucked behind the nose to reduce aerodynamic drag while keeping front tire grip | D) Four-wheel steering,C
368,Cars,Medium,Multiple Choice,"In [Motorsport & F1], what American driver won the 1978 Formula 1 World Championship, the 1969 Indy 500, the Daytona 500, and four IndyCar titles?",A) A.J. Foyt | B) Dan Gurney | C) Al Unser | D) Mario Andretti,D
369,Cars,Medium,Multiple Choice,"In [Motorsport & F1], what is 'The Gurney Flap' in race car aerodynamics, invented by American racer Dan Gurney?",A) A tiny right-angle tab mounted along the trailing edge of a rear wing that significantly increases downforce with only a tiny drag penalty | B) A front splitter vane | C) A diffuser tunnel | D) A side skirt vent,A
370,Cars,Medium,Multiple Choice,"In [Motorsport & F1], why were two chicanes added along the legendary 3.7-mile Mulsanne Straight at Le Mans in 1990?",A) To build grandstands | B) The FIA mandated that no straightaway could exceed 2 kilometers after prototype race cars reached an eye-watering 253 mph | C) To shorten the lap | D) To let spectators cross the track,B
371,Cars,Medium,Multiple Choice,"In [Motorsport & F1], what is the famous nickname of the Mercedes-Benz 300 SEL 6.8 AMG race car that finished 2nd at the 1971 24 Hours of Spa?",A) The Silver Arrow | B) The Black Beast | C) The Red Pig | D) The Hammer,C
372,Cars,Medium,Multiple Choice,"In [Motorsport & F1], who won 7 NASCAR Cup Series championships alongside Richard Petty and Dale Earnhardt Sr.?",A) Jeff Gordon | B) Tony Stewart | C) Cale Yarborough | D) Jimmie Johnson,D
373,Cars,Medium,Multiple Choice,"In [Motorsport & F1], what French driver won 4 Formula 1 World Championships and was nicknamed 'The Professor' for his calculating race craft?",A) Alain Prost | B) Jean Alesi | C) Rene Arnoux | D) Didier Pironi,A
374,Cars,Medium,Multiple Choice,"In [Motorsport & F1], what Austrian driver won the 1970 Formula 1 World Championship posthumously after losing his life at Monza during practice?",A) Niki Lauda | B) Jochen Rindt | C) Gerhard Berger | D) Helmut Marko,B
375,Cars,Medium,Multiple Choice,"In [Motorsport & F1], what is the famous intense 1976 Formula 1 rivalry between James Hunt and Niki Lauda depicted in the Hollywood film 'Rush'?",A) Ferrari vs Williams | B) Lotus vs Brabham | C) McLaren (James Hunt) vs Ferrari | D) Renault vs Tyrrell,C
376,Cars,Medium,Multiple Choice,"In [Motorsport & F1], what is the 'Eau Rouge' corner at Spa-Francorchamps named after?",A) Red painted curbs | B) A famous crash | C) The French flag | D) A small reddish stream containing iron oxide that flows under a bridge at the bottom of the downhill plunge,D
377,Cars,Medium,Multiple Choice,"In [Motorsport & F1], what is the 'Overcut' pit stop strategy compared to an 'Undercut' in Grand Prix racing?","A) Staying out on track longer with clear air to set fast lap times while a rival struggles on cold tires in traffic, then pitting and rejoining ahead | B) Changing only front tires | C) Taking a 5-second penalty | D) Pitting during a red flag",A
378,Cars,Medium,Multiple Choice,"In [Motorsport & F1], what 1978 Formula 1 'Fan Car' designed by Gordon Murray used a giant rear fan to vacuum air from under the chassis and won its only race?",A) Lotus 79 | B) Brabham BT46B | C) Tyrrell 008 | D) March 781,B
379,Cars,Medium,Multiple Choice,"In [Motorsport & F1], what 1,400-horsepower turbocharged 1.5-liter 4-cylinder BMW engine powered Nelson Piquet to the 1983 World Championship?",A) Cosworth DFV | B) Renault EF1 | C) BMW M12/13 Turbo | D) Honda RA168E,C
380,Cars,Medium,Multiple Choice,"In [Motorsport & F1], what Australian racetrack in New South Wales hosts the Mount Panorama Bathurst 1000 endurance race?",A) Albert Park | B) Phillip Island | C) Adelaide Parklands | D) Mount Panorama Circuit,D
381,Cars,Medium,Multiple Choice,"In [Motorsport & Racing], what is the '107% Rule' in Formula 1 qualifying?","A) Any driver whose best qualifying lap time in Q1 exceeds 107% of the fastest Q1 time may be barred from starting the Grand Prix, unless permitted by the stewards | B) Fuel capacity limit | C) Engine RPM restriction | D) Tire degradation limit",A
382,Cars,Medium,Multiple Choice,"In [Motorsport & Racing], what was the tragic consequence of the 1955 24 Hours of Le Mans disaster involving Pierre Levegh's Mercedes-Benz 300 SLR?","A) Le Mans was permanently cancelled | B) Over 80 spectators were killed when the magnesium-bodied car flew into the grandstand crowd, leading Mercedes-Benz to withdraw completely from motor racing for three decades and Switzerland banning circuit motor racing | C) Open cockpits were outlawed | D) Mercedes switched to diesel",B
383,Cars,Medium,Multiple Choice,"In [Motorsport & Racing], what was 'Group B' in World Rally Championship history (1982-1986) and why was it banned?","A) A stock showroom class | B) A front-wheel-drive diesel class | C) A legendary era of virtually unlimited horsepower, lightweight composite spaceframes, and extreme turbo boost producing 500-600+ hp cars that became dangerously fast, resulting in fatal crashes that forced its cancellation | D) An electric rally series",C
384,Cars,Medium,Multiple Choice,"In [Motorsport & Racing], how did Mazda make motorsport history at the 1991 24 Hours of Le Mans with the Mazda 787B?",A) First hybrid victory | B) First all-wheel-drive winner | C) First car without a gearbox | D) It became the first Japanese manufacturer AND the only car with a rotary (Wankel 4-rotor R26B) engine ever to win the overall 24 Hours of Le Mans,D
385,Cars,Medium,Multiple Choice,"In [Motorsport & Racing], what was the iconic 1966 24 Hours of Le Mans finish portrayed in the film 'Ford v Ferrari'?","A) Ford GT40 Mk IIs swept the podium with a staged 1-2-3 photo finish, with Bruce McLaren and Chris Amon declared winners over Ken Miles due to starting further back on the grid | B) Ferrari won by 1 lap | C) All cars broke down | D) Ken Miles was disqualified",A
386,Cars,Medium,Multiple Choice,"In [Motorsport & Racing], what is the 'Parc Ferme' (Closed Park) rule in FIA circuit racing?",A) The VIP lounge | B) A secure paddock area where competing cars are impounded and where no mechanical adjustments or setup modifications can be made by team mechanics after qualifying begins | C) The pit lane speed limit area | D) The podium holding pen,B
387,Cars,Medium,Multiple Choice,"In [Motorsport & Racing], what aerodynamic ground-effect feature on the 1970 Chaparral 2J and 1978 Brabham BT46B race cars created immense suction underbody?",A) Retractable wings | B) Nitrous exhaust blowers | C) Auxiliary fans powered by snowmobile engines that actively vacuumed air out from beneath the skirted floor to generate cornering grip independent of speed | D) Flexible side pontoons,C
388,Cars,Medium,Multiple Choice,"In [Motorsport & Racing], why are two chicanes added along the 3.7-mile Mulsanne Straight at Le Mans in 1990?",A) To improve passing | B) To shorten track length | C) For spectator grandstands | D) The FIA mandated that no straightaway on any circuit could exceed 2 km (1.2 miles) after the WM P88 Peugeot prototype reached an eye-watering 253 mph (407 km/h) in 1988,D
389,Cars,Medium,Multiple Choice,"In [Motorsport & Racing], what is the famous 'Corkscrew' corner complex at WeatherTech Raceway Laguna Seca in California?",A) A blind left-right chicane that drops five and a half stories (59 feet / 18 meters) downhill through a dramatic blind crest elevation plunge | B) A flat 360-degree loop | C) A high-banked oval turn | D) A tunnel corner,A
390,Cars,Medium,Multiple Choice,"In [Motorsport & Racing], what was the purpose of the revolutionary six-wheeled Tyrrell P34 Formula 1 car in 1976?",A) Extra spare tires | B) Using four small 10-inch front wheels tucked behind the front nose to dramatically reduce aerodynamic frontal drag while maintaining a large combined front tire contact patch | C) Four-wheel steering | D) All-wheel drive,B
391,Cars,Medium,Multiple Choice,"In [Motorsport & Racing], what legendary British racing team founded by Frank Williams won 9 Formula 1 Constructors' World Championships between 1980 and 1997?",A) Lotus | B) Tyrrell | C) Williams Grand Prix Engineering | D) Brabham,C
392,Cars,Medium,Multiple Choice,"In [Motorsport & Racing], what 1980s Formula 1 turbo car produced an estimated 1,400+ horsepower in qualifying trim from a tiny 1.5-liter 4-cylinder engine block?",A) Ferrari 126C2 | B) Renault RE40 | C) Williams-Honda FW11 | D) Brabham BT52 with the BMW M12/13 turbocharged engine,D
393,Cars,Medium,Multiple Choice,"In [Motorsport & Racing], what American driver won the 1978 Formula 1 World Championship, the 1969 Indianapolis 500, the Daytona 500, and four IndyCar titles?",A) Mario Andretti | B) Dan Gurney | C) A.J. Foyt | D) Al Unser,A
394,Cars,Medium,Multiple Choice,"In [Motorsport & Racing], who is the legendary American racer who won the 24 Hours of Le Mans in 1967 with A.J. Foyt in a Ford GT40 Mk IV, and originated the tradition of spraying champagne on the podium?",A) Carroll Shelby | B) Dan Gurney | C) Phil Hill | D) Mark Donohue,B
395,Cars,Medium,Multiple Choice,"In [Motorsport & Racing], what is 'The Gurney Flap' (Wickerbill) in racing aerodynamics?",A) A large diffuser | B) A front dive plane | C) A tiny right-angle tab mounted along the trailing edge of a rear wing that significantly increases downforce with only a minimal penalty in aerodynamic drag | D) A wheel fairing,C
396,Cars,Medium,Multiple Choice,"In [Motorsport & Racing], what is the famous 'Eau Rouge' corner at Spa-Francorchamps named after?",A) Red car crashes | B) Red sand banks | C) King Leopold's red flag | D) The small 'Red Water' stream containing iron oxide that flows beneath the track bridge at the bottom of the downhill descent,D
397,Cars,Medium,Multiple Choice,"In [Motorsport & Racing], what was the Porsche 917's significance in sports car endurance racing when it claimed Porsche's first overall win at Le Mans in 1970?","A) Powered by a ferocious 4.5 to 5.0-liter air-cooled flat-12 engine, it reached over 240 mph on the Mulsanne Straight and starred in Steve McQueen's film 'Le Mans' | B) It was powered by a diesel | C) It was front-wheel drive | D) It was an open roadster",A
398,Cars,Medium,Multiple Choice,"In [Motorsport & Racing], what is the 'Overcut' vs 'Undercut' pit stop strategy in Formula 1?",A) Overcut is changing 6 tires | B) Undercutting means pitting earlier onto fresh tires to set fast out-laps and jump a rival when they pit; Overcutting means staying out on clear track to build a gap while the opponent struggles in traffic on cold tires | C) Undercut is drive-through penalty | D) Overcut is taking more fuel,B
399,Cars,Medium,Multiple Choice,"In [Motorsport & Racing], who holds the all-time record with seven championships in the premier NASCAR Cup Series alongside Richard Petty and Dale Earnhardt?",A) Jeff Gordon | B) Tony Stewart | C) Jimmie Johnson | D) Cale Yarborough,C
400,Cars,Medium,Multiple Choice,"In [Motorsport & Racing], what was the technical reason for the ban on active computer-controlled hydraulic suspension in Formula 1 after Williams dominated the 1992 and 1993 seasons?","A) Active suspension caused engine fires | B) Cost only | C) Tires couldn't handle the load | D) The FIA banned active suspension, traction control, and ABS to return car control to driver skill and curb skyrocketing electronic engineering costs",D
401,Cars,Hard,Multiple Choice,[⭐] [badge:mercedes_star] Which historic German racing marque that campaigned the 1930s 'Silver Arrows' and 1990s CLK GTR uses this icon?,A) Mercede-Benz | B) Bimmer | C) Audii | D) Volksvagen,A
402,Cars,Hard,Multiple Choice,"[⭐] [badge:mercedes_star] Which automaker uses this emblem representing Gottlieb Daimler's vision of universal motorization on land, water, and air?",A) Bimmer | B) Mercede-Benz | C) Audii | D) Volksvagen,B
403,Cars,Hard,Multiple Choice,"[🔘🔘🔘🔘] [badge:audi_twisted_rings] Which German manufacturer formed from the 1932 merger of Audi, DKW, Horch, and Wanderer uses this four-ring badge?",A) Bimmer | B) Mercede-Benz | C) Audii | D) Opell,C
404,Cars,Hard,Multiple Choice,[🔘🔘🔘🔘] [badge:audi_twisted_rings] Which automotive brand won multiple 24 Hours of Le Mans with pioneering TDI diesel and e-tron hybrid racers under this badge?,A) Bimmer | B) Mercede-Benz | C) Opell | D) Audii,D
405,Cars,Hard,Multiple Choice,[⭕] [badge:toyota_ellipses] Which automotive brand built the handcrafted 1967 2000GT sports coupe in collaboration with Yamaha under this badge?,A) Toyoto | B) Hondo | C) Nissun | D) Mazdo,A
406,Cars,Hard,Multiple Choice,[⭕] [badge:toyota_ellipses] Which carmaker uses this emblem where the two inner perpendicular ellipses symbolize the mutual trust between customer and car company?,A) Hondo | B) Toyoto | C) Nissun | D) Mazdo,B
407,Cars,Hard,Multiple Choice,[🎗️] [badge:chevrolet_bowtie] Which American automotive division introduced the mid-engine C8 generation sports car in 2020 under this bowtie icon?,A) Forde | B) Dodgie | C) Chevrolette | D) Pontyac,C
408,Cars,Hard,Multiple Choice,[🎗️] [badge:chevrolet_bowtie] Which car company's co-founder Billy Durant reportedly derived this famous bowtie emblem from Parisian wallpaper pattern in 1913?,A) Forde | B) Dodgie | C) Pontyac | D) Chevrolette,D
409,Cars,Hard,Multiple Choice,[⚡] [badge:tesla_t_plug] Which car company launched its first production sports car in 2008 based on a Lotus Elise glider chassis under this emblem?,A) Teslla | B) Rivyan | C) Lucyd | D) Polestar,A
410,Cars,Hard,Multiple Choice,[⚡] [badge:tesla_t_plug] Which EV maker uses this emblem whose shape is engineered to symbolize a cross-section slice of an electric induction motor rotor and stator?,A) Rivyan | B) Teslla | C) Lucyd | D) Polestar,B
411,Cars,Hard,Multiple Choice,"[🛡️] [badge:porsche_crest] Which manufacturer won 19 overall victories at the 24 Hours of Le Mans, starting with the flat-12 917K in 1970 under this crest?",A) Bimmer | B) Audii | C) Porshe | D) Mercede-Benz,C
412,Cars,Hard,Multiple Choice,[🛡️] [badge:porsche_crest] Which automaker's crest combines the prancing horse of Stuttgart with the red and black stripes and stag antlers of the historic Free People's State of Wurttemberg?,A) Bimmer | B) Audii | C) Mercede-Benz | D) Porshe,D
413,Cars,Hard,Multiple Choice,[🐎] [badge:ferrari_rearing_horse] Which Italian automotive racing team has competed in every single Formula 1 World Championship season since 1950 under this horse badge?,A) Ferrary | B) Lamborgini | C) Maseratty | D) Pagany,A
414,Cars,Hard,Multiple Choice,[🐎] [badge:ferrari_rearing_horse] Which car manufacturer adopted this prancing horse emblem from the WWI fighter aircraft of Italian flying ace Count Francesco Baracca?,A) Lamborgini | B) Ferrary | C) Maseratty | D) Pagany,B
415,Cars,Hard,Multiple Choice,[🐂] [badge:lamborghini_bull] Which supercar maker was founded in Sant'Agata Bolognese in 1963 by a tractor industrialist after a dispute with Enzo Ferrari over a clutch?,A) Ferrary | B) Bugatty | C) Lamborgini | D) Maseratty,C
416,Cars,Hard,Multiple Choice,"[🐂] [badge:lamborghini_bull] Which car manufacturer produced the 1966 mid-engine transverse V12 Miura, widely recognized as the world's first true supercar under this bull badge?",A) Ferrary | B) Bugatty | C) Maseratty | D) Lamborgini,D
417,Cars,Hard,Multiple Choice,[✨] [badge:subaru_pleiades_stars] Which automotive brand won three consecutive World Rally Championship manufacturer titles (1995-1997) with driver Colin McRae under this emblem?,A) Subaroo | B) Mitsubishy | C) Toyoto | D) Suzukii,A
418,Cars,Hard,Multiple Choice,[✨] [badge:subaru_pleiades_stars] Which car company's name and emblem represent the Japanese name for the Pleiades star cluster ('Mutsuraboshi' or six stars uniting Fuji Heavy Industries)?,A) Mitsubishy | B) Subaroo | C) Toyoto | D) Suzukii,B
419,Cars,Hard,Multiple Choice,[🔵] [badge:ford_blue_oval] Which automotive giant revolutionized modern global manufacturing by introducing the moving automotive assembly line in Highland Park in 1913?,A) Chevrolette | B) Dodgie | C) Forde | D) Cadillack,C
420,Cars,Hard,Multiple Choice,[🔵] [badge:ford_blue_oval] Which American company homologated the massive semi-hemispherical Boss 429 V8 engine in 1969 specifically to qualify for NASCAR competition under this badge?,A) Chevrolette | B) Dodgie | C) Cadillack | D) Forde,D
421,Cars,Hard,Multiple Choice,"[🪽] [badge:aston_martin_wings] Which luxury manufacturer co-developed the Valkyrie hypercar with Formula 1 aerodynamicist Adrian Newey, powered by an 11,100 RPM Cosworth V12?",A) Aston-Martinn | B) Bently | C) Jaguarr | D) McLarn,A
422,Cars,Hard,Multiple Choice,[🪽] [badge:aston_martin_wings] Which British sports car manufacturer has graced its iconic models with the initials 'DB' in honor of industrialist Sir David Brown who acquired the marque in 1947?,A) Bently | B) Aston-Martinn | C) Jaguarr | D) McLarn,B
423,Cars,Hard,Multiple Choice,[⚔️] [badge:volvo_battleaxe] Which Gothenburg-based car company shocked racing spectators by campaigning an 850 Estate racing wagon in the 1994 British Touring Car Championship?,A) Saabb | B) Koeniggsegg | C) Volvvo | D) Polestar,C
424,Cars,Hard,Multiple Choice,"[⚔️] [badge:volvo_battleaxe] Which automaker's logo depicts the ancient chemical and alchemical symbol for Iron (Mars), symbolizing durability, strength, and Swedish steel craftsmanship?",A) Saabb | B) Koeniggsegg | C) Polestar | D) Volvvo,D
425,Cars,Hard,Multiple Choice,[🐆] [badge:jaguar_leaping] Which British manufacturer dominated the 24 Hours of Le Mans in the 1950s with the aerodynamic C-Type and finned D-Type racing sports cars?,A) Jaguarr | B) Bently | C) Aston-Martinn | D) Land-Rovr,A
426,Cars,Hard,Multiple Choice,[🐆] [badge:jaguar_leaping] Which automaker was originally founded in Blackpool in 1922 as the Swallow Sidecar Company (SS Cars) before renaming after WWII to this predatory wildcat?,A) Bently | B) Jaguarr | C) Aston-Martinn | D) Land-Rovr,B
427,Cars,Hard,Multiple Choice,[🎧] [badge:honda_headphones] Which Japanese company founded by Soichiro Honda in 1948 grew to become the world's largest producer of internal combustion engines under this emblem?,A) Toyoto | B) Nissun | C) Hondo | D) Mazdo,C
428,Cars,Hard,Multiple Choice,[🎧] [badge:honda_headphones] Which engine supplier powered McLaren and Ayrton Senna to multiple Formula 1 World Championships with legendary turbo and naturally aspirated V10/V12 engines?,A) Toyoto | B) Nissun | C) Mazdo | D) Hondo,D
429,Cars,Hard,Multiple Choice,[🤝] [badge:hyundai_italic_h] Which manufacturer developed the dedicated 800V E-GMP skateboard electric platform allowing ultra-fast 10-80% charging in 18 minutes under this badge?,A) Hyunday | B) Kiia | C) Daewoo | D) Genesys,A
430,Cars,Hard,Multiple Choice,[🤝] [badge:hyundai_italic_h] Which automaker designed its slanted 'H' logo specifically to symbolize two people (the company representative and a satisfied customer) shaking hands?,A) Kiia | B) Hyunday | C) Daewoo | D) Genesys,B
431,Cars,Hard,Multiple Choice,[🛑] [badge:nissan_circle_bar] Which carmaker that originally sold vehicles under the 'Datsun' brand name unified its global passenger car operations under this circular emblem?,A) Toyoto | B) Hondo | C) Nissun | D) Mazdo,C
432,Cars,Hard,Multiple Choice,[🛑] [badge:nissan_circle_bar] Which company developed the sophisticated ATTESA E-TS electronic all-wheel-drive system and VC-Turbo variable compression engine under this marque?,A) Toyoto | B) Hondo | C) Mazdo | D) Nissun,D
433,Cars,Hard,Multiple Choice,[🪽] [badge:bentley_wings] Which Crewe-based luxury coachbuilder won the 2003 24 Hours of Le Mans with the aerodynamic Speed 8 prototype race car under this winged badge?,A) Bently | B) Rolls-Royse | C) Aston-Martinn | D) Jaguarr,A
434,Cars,Hard,Multiple Choice,"[🪽] [badge:bentley_wings] Which automaker was founded in Cricklewood, London in 1919 by W.O. Bentley with the mission to build 'a fast car, a good car, the best in its class'?",A) Rolls-Royse | B) Bently | C) Aston-Martinn | D) Jaguarr,B
435,Cars,Hard,Multiple Choice,[🐏] [badge:ram_head] Which manufacturer patented the 'RamBox' lockable and drainable cargo storage system integrated directly into the pickup bed side rails?,A) Forde | B) Chevrolette | C) Ramm | D) GMC-Motors,C
436,Cars,Hard,Multiple Choice,[🐏] [badge:ram_head] Which American truck lineage produced the 500-hp SRT-10 super-truck in 2004 powered by an 8.3-liter V10 engine borrowed from the Dodge Viper?,A) Forde | B) Chevrolette | C) GMC-Motors | D) Ramm,D
437,Cars,Hard,Multiple Choice,"[📐] [badge:acura_caliper] Which luxury brand engineered Super Handling All-Wheel Drive (SH-AWD), which uses active rear overdrives to torque-vector power during cornering?",A) Acuraa | B) Lexuss | C) Infinitii | D) Genesys,A
438,Cars,Hard,Multiple Choice,[📐] [badge:acura_caliper] Which automaker derived its name from the Latin 'Acu' (meaning sharp or precise) and designed its emblem based on an engineer's mechanical caliper measuring tool?,A) Lexuss | B) Acuraa | C) Infinitii | D) Genesys,B
439,Cars,Hard,Multiple Choice,"[🛡️🛡️🛡️] [badge:buick_tri_shield] Which brand's three shields originally symbolized its three cornerstone 1960 models: the LeSabre, the Invicta, and the Electra?",A) Cadillack | B) Chevrolette | C) Buicke | D) Pontyac,C
440,Cars,Hard,Multiple Choice,"[🛡️🛡️🛡️] [badge:buick_tri_shield] Which American car company enjoys immense prestige and enormous sales volume in China, where Emperor Pu Yi and Premier Zhou Enlai famously rode in its cars?",A) Cadillack | B) Chevrolette | C) Pontyac | D) Buicke,D
441,Cars,Hard,Multiple Choice,[👑] [badge:rolls_royce_intertwined_rr] Which manufacturer engineers self-righting weighted wheel center caps that ensure this 'RR' emblem remains perfectly upright at all speeds?,A) Rolls-Royse | B) Bently | C) Maybach | D) Aston-Martinn,A
442,Cars,Hard,Multiple Choice,[👑] [badge:rolls_royce_intertwined_rr] Which historic British automaker was formed in Manchester in 1904 following a landmark partnership between engineer Henry Royce and merchant Charles Rolls?,A) Bently | B) Rolls-Royse | C) Maybach | D) Aston-Martinn,B
443,Cars,Hard,Multiple Choice,[🪽] [badge:genesis_wings] Which luxury brand created the GV60 electric crossover featuring a motorized rotating 'Crystal Sphere' gear selector in the center console?,A) Lexuss | B) Infinitii | C) Genesys | D) Acuraa,C
444,Cars,Hard,Multiple Choice,[🪽] [badge:genesis_wings] Which automaker produces the flagship G90 luxury limousine equipped with multi-chamber air suspension and 4-wheel steering under this winged crest?,A) Lexuss | B) Infinitii | C) Acuraa | D) Genesys,D
445,Cars,Hard,Multiple Choice,[🔘] [badge:volkswagen_steampunk] Which Wolfsburg-headquartered global automotive group's name literally translates to 'The People's Car' in German?,A) Volksvagen | B) Bimmer | C) Opell | D) Audii,A
446,Cars,Hard,Multiple Choice,[🔘] [badge:volkswagen_steampunk] Which automotive company produced the ultra-luxury Phaeton W12 sedan in a transparent glass factory in Dresden under this marque?,A) Bimmer | B) Volksvagen | C) Opell | D) Audii,B
447,Cars,Hard,Multiple Choice,[⚙️] [badge:volkswagen_winged] Which racing team set the all-time electric lap record at the Nurburgring Nordschleife in 2019 with the 670-hp ID.R prototype under this badge?,A) Bimmer-Aero | B) Audii-Sport | C) Volksvagen-Aero | D) Opell-Blitz,C
448,Cars,Hard,Multiple Choice,[⚙️] [badge:volkswagen_winged] Which automotive marque created the experimental 650-horsepower mid-engine W12 Nardo supercar prototype capable of 217 mph under this emblem?,A) Bimmer-Aero | B) Audii-Sport | C) Opell-Blitz | D) Volksvagen-Aero,D
449,Cars,Hard,Multiple Choice,[🕊️] [badge:mazda_winged_hourglass] Which Hiroshima-based manufacturer became the first Japanese brand to win the 24 Hours of Le Mans in 1991 with the 4-rotor 787B race car?,A) Mazdo | B) Toyoto | C) Nissun | D) Subaroo,A
450,Cars,Hard,Multiple Choice,"[🕊️] [badge:mazda_winged_hourglass] Which car company engineered Skyactiv-X technology, introducing the world's first commercial compression-ignition gasoline engine (SPCCI) under this marque?",A) Toyoto | B) Mazdo | C) Nissun | D) Subaroo,B
451,Cars,Hard,Multiple Choice,[⚡] [badge:lightning_circle_emblem] Which manufacturer collaborated with Lotus in 1990 to build the 377-hp twin-turbo Omega (Lotus Carlton) capable of 176 mph under this badge?,A) Volksvagen | B) Bimmer | C) Opell | D) Audii,C
452,Cars,Hard,Multiple Choice,"[⚡] [badge:lightning_circle_emblem] Which historic company, founded in 1862 by Adam Opel initially to build sewing machines and bicycles, adopted the 'Blitz' lightning emblem on trucks in 1930?",A) Volksvagen | B) Bimmer | C) Audii | D) Opell,D
453,Cars,Hard,Multiple Choice,[🎼] [badge:treble_clef_emblem] What automotive acoustic brand uses this badge representing Helmholtz resonators that cancel drone while amplifying pure engine octaves?,A) Melody-Motors | B) Sonata-Auto | C) Cadence-Cars | D) Harmony-Auto,A
454,Cars,Hard,Multiple Choice,[🎼] [badge:treble_clef_emblem] Which bespoke performance concept marque features this treble clef emblem inspired by classical musical composition in automotive engineering?,A) Sonata-Auto | B) Melody-Motors | C) Cadence-Cars | D) Harmony-Auto,B
455,Cars,Hard,Multiple Choice,[🚘] [badge:kia_oval] What famous German car designer created the signature 'Tiger Nose' grille styling for this brand in 2007?,A) Chris Bangle | B) Walter de Silva | C) Peter Schreyer | D) Ian Callum,C
456,Cars,Hard,Typing,[🚘] [badge:kia_oval] What 7-letter rear-wheel-drive twin-turbo sports sedan was introduced in 2017 by the maker of this badge (Stin...)?,,Stinger
457,Cars,Hard,Multiple Choice,[🛻] [badge:gmc_block_letters] What 1991 turbocharged 4.3L V6 all-wheel-drive pickup truck was famously faster to 60 mph than a Ferrari 348?,A) Typhoon | B) Silverado SS | C) Trailblazer SS | D) Syclone,D
458,Cars,Hard,Typing,[🛻] [badge:gmc_block_letters] What 6-letter luxury flagship trim level is famous on trucks and SUVs bearing this badge (Den...)?,,Denali
459,Cars,Hard,Multiple Choice,[🚙] [badge:jeep_letters] What mid-size luxury SUV introduced in 1993 with a legendary unibody chassis is manufactured by the brand on this badge?,A) Grand Cherokee | B) Cherokee | C) Wagoneer | D) Commander,A
460,Cars,Hard,Typing,[🚙] [badge:jeep_letters] What 8-letter convertible 4x4 off-road SUV is the primary flagship of this brand (Wran...)?,,Wrangler
461,Cars,Hard,Typing,"In [Engines & Car Tech], what British high-performance axial-flux electric motor company was acquired by Mercedes-Benz (4-letter acronym ...)?",,YASA
462,Cars,Hard,Typing,"In [Engines & Car Tech], what is the term for the needle-like metallic lithium growths that can cause battery internal short circuits during fast charging?",,dendrites
463,Cars,Hard,Typing,"In [Engines & Car Tech], what electric track car shattered the Goodwood Festival of Speed hill climb record in 39.08 seconds using twin ground-effect suction fans (McMurtry ...)?",,Speirling
464,Cars,Hard,Typing,"In [Motorsport & F1], what legendary British aerodynamicist and Red Bull Chief Technical Officer designed title-winning cars for Williams, McLaren, and Red Bull (Adrian ...)?",,Adrian Newey
465,Cars,Hard,Typing,"In [Motorsport & F1], what 5-letter Italian tire company is the exclusive official tire supplier to Formula 1 since 2011?",,Pirelli
466,Cars,Hard,Typing,"In [Motorsport & F1], what legendary British Formula 1 driver is the only person to win World Championships on both two wheels (motorcycles) and four wheels (Formula 1) (John ...)?",,John Surtees
467,Cars,Hard,Typing,"In [Motorsport & Racing], what legendary British Formula 1 designer and Red Bull Chief Technical Officer designed championship-winning cars for Williams, McLaren, and Red Bull (Adrian ...)?",,Adrian Newey
468,Cars,Hard,Typing,"In [Motorsport & Racing], what was the name of the revolutionary dual-axis steering system introduced by Mercedes on the 2020 W11 (abbreviated ...)?",,DAS
469,Cars,Hard,Typing,"In [Motorsport & Racing], what 5-letter Italian tire company is the exclusive tire supplier to Formula 1 since 2011?",,Pirelli
470,Cars,Hard,Typing,"In [Iconic Cars & Models], what famous South African automotive engineer and McLaren F1 designer created the revolutionary GMA T.50 supercar with a rear aerodynamic fan?",,Gordon Murray
471,Cars,Hard,Typing,"In [Iconic Cars & Models], what was the chassis code for the ultra-rare 1990s lightweight homologation special of the Honda NSX (NSX-...) developed with Ayrton Senna?",,Type R
472,Cars,Hard,Typing,"In [Iconic Cars & Models], what was the name of the limited-production road car built by Aston Martin in collaboration with Red Bull Racing and Adrian Newey (Aston Martin ...)?",,Valkyrie
473,Cars,Hard,Multiple Choice,"In [Engines & Car Tech], how does Koenigsegg's 'Freevalve' camless engine technology operate intake and exhaust valves without a camshaft?","A) Steam pistons | B) Individually electronically controlled pneumatic-hydraulic-electric actuators for each valve, allowing independent, infinite variable control of lift, timing, and cylinder deactivation | C) Permanent magnets on the flywheel | D) Rotating ceramic sleeves",B
474,Cars,Hard,Multiple Choice,"In [Engines & Car Tech], what is Desmodromic valve actuation, famously engineered by Ducati and Mercedes-Benz W196 race cars?","A) Electric solenoids | B) Hydraulic valves without oil | C) A mechanical system using two separate cam lobes and rocker arms to positively pull valves open AND push them shut mechanically without return springs, eliminating high-RPM valve float | D) Rotary disk valves",C
475,Cars,Hard,Multiple Choice,"In [Engines & Car Tech], what is the phenomenon of 'Diesel Runaway' and what is the only way to stop it?","A) Stuck throttle cable | B) Overcharged battery | C) High radiator pressure | D) When a diesel engine begins feeding on an unintended oil source (such as leaking turbo seal crankcase oil), revving uncontrollably past redline to self-destruction; stopped only by choking off its intake air supply",D
476,Cars,Hard,Multiple Choice,"In [Engines & Car Tech], what is an Anti-Lag System (ALS / 'Bang-Bang') used in turbocharged World Rally Championship cars?",A) Intentionally igniting fuel and air directly inside the hot exhaust manifold ahead of the turbocharger to keep the turbine spooling at maximum boost even when the driver lifts off the throttle | B) A supercharger bypass | C) An electric motor assist | D) A nitrous purge system,A
477,Cars,Hard,Multiple Choice,"In [Engines & Car Tech], how does Magnetorheological (MagneRide) adaptive damper suspension technology alter damping stiffness within milliseconds?","A) Air compressor valves | B) Dampers filled with synthetic fluid containing microscopic iron particles; an electromagnetic coil dynamically magnetizes the fluid, aligning particles into chains to instantly change fluid viscosity | C) Motorized springs | D) Hydraulic gate valves",B
478,Cars,Hard,Multiple Choice,"In [Engines & Car Tech], what is the difference between Porpoising and Bouncing in ground-effect aerodynamics?","A) Porpoising is a tire flat | B) Bouncing is purely aerodynamic | C) Porpoising is an aerodynamic cyclic instability where intense ground effect pulls the chassis too low, stalling floor airflow and releasing downforce so the car rises and repeats; Bouncing is mechanical suspension bottoming over track bumps | D) They are identical terms",C
479,Cars,Hard,Multiple Choice,"In [Engines & Car Tech], what is the fundamental difference between an Axial Flux electric motor (like YASA) and a conventional Radial Flux electric motor?","A) Axial flux uses liquid pistons | B) Radial flux runs on DC only | C) Axial flux has no stator | D) In an Axial Flux motor, magnetic flux flows parallel to the axis of rotation across thin disc rotors, delivering up to 4x greater torque density in an ultra-compact pancake shape",D
480,Cars,Hard,Multiple Choice,"In [Engines & Car Tech], what was the technical innovation of the Citroen DS 19 introduced at the 1955 Paris Motor Show that stunned the automotive world?","A) A central high-pressure Hydropneumatic hydraulic system powering self-leveling suspension, power steering, power brakes, and semi-automatic shifting | B) First turbocharged engine | C) First electric powertrain | D) First carbon-fiber body",A
481,Cars,Hard,Multiple Choice,"In [Engines & Car Tech], what is the purpose of a Pyro-Switch (Pyrofuse) in high-voltage electric vehicle battery packs?",A) Turning on cabin lights | B) A miniature pyrotechnic explosive charge that physically severs the main high-voltage battery circuit in under 2 milliseconds upon detecting airbag deployment to prevent electrocution | C) Heating the battery | D) Discharging battery gas,B
482,Cars,Hard,Multiple Choice,"In [Engines & Car Tech], what is the purpose of Silicon Carbide (SiC) power inverters in modern high-voltage electric cars?","A) Silicon brake pads | B) Glass windshield coating | C) Advanced power semiconductors that operate at higher temperatures and switching frequencies with up to 70% lower energy losses than conventional silicon IGBTs, extending driving range | D) Battery fire extinguisher",C
483,Cars,Hard,Multiple Choice,"In [Engines & Car Tech], what is the 'Stall Speed' of a torque converter in an automatic transmission?",A) Minimum idle speed | B) Maximum vehicle highway speed | C) Transmission oil change speed | D) The maximum engine RPM attainable with the vehicle held completely stationary with brakes locked and transmission in gear at wide-open throttle,D
484,Cars,Hard,Multiple Choice,"In [Engines & Car Tech], what is Variable Compression Ratio (VCR) engine technology pioneered by Nissan in the VC-Turbo engine?","A) A harmonic multi-link mechanism that actively raises or lowers the piston top dead center height on the fly, dynamically adjusting compression ratio between 8:1 (for turbo boost) and 14:1 | B) Using different head gaskets | C) Changing fuel octane | D) Adjusting turbo boost only",A
485,Cars,Hard,Multiple Choice,"In [Engines & Car Tech], what was the purpose of the Active Airfoil system (ALA - Aerodinamica Lamborghini Attiva) on the Huracan Performante?",A) Moving wheels | B) Motorized flaps inside the front splitter and hollow rear wing channels that open/close in 500 ms to stall downforce for top speed or direct airflow to create asymmetric aero vectoring in corners | C) Variable exhaust valves | D) Retractable headlights,B
486,Cars,Hard,Multiple Choice,"In [Engines & Car Tech], what is the function of the massive 10-piston front brake calipers fitted to hyper-SUVs like the Lamborghini Urus and Porsche Cayenne Turbo GT?",A) Handbrake assist | B) Regenerative braking | C) Squeezing massive 440mm carbon-ceramic rotors with ten individual pistons per caliper for uniform pressure distribution across huge pad surface areas | D) Tire inflation,C
487,Cars,Hard,Multiple Choice,"In [Engines & Car Tech], what is the McMurtry Speirling fan car downforce capability from a dead stop?","A) Zero downforce | B) 50 lbs | C) 500 lbs | D) Over 4,400 lbs (2,000 kg) of constant instant downforce from 0 mph generated by twin high-speed electric fans, allowing over 3G of lateral cornering grip",D
488,Cars,Hard,Multiple Choice,"In [Engines & Car Tech], how does the Rimac Nevera electric hypercar achieve 0-60 mph in 1.74 seconds without mechanical differentials?",A) Four bespoke liquid-cooled permanent magnet motors and an All-Wheel Torque Vectoring system calculating individual torque output 100 times per second per wheel | B) Jet thrusters | C) 6-speed manual dog box | D) Front-wheel drive only,A
489,Cars,Hard,Multiple Choice,"In [Engines & Car Tech], what is the technical purpose of a Dry Sump lubrication system's Scavenge Pumps?",A) Pumping fuel to cylinders | B) High-capacity pumps that suck aerated oil and crankcase blow-by gases from the shallow oil pan and pump it into the external de-aeration oil reservoir | C) Cooling water | D) Vacuum brake booster,B
490,Cars,Hard,Multiple Choice,"In [Motorsport & F1], what was the 'F-Duct' fluidic switch system introduced by McLaren on the MP4-25 in the 2010 season?",A) An engine oil cooler | B) An active front wing flap | C) A cockpit duct the driver covered with their left knee/glove on straights to stall airflow across the rear wing and dump drag for 6-8 mph higher top speed | D) A water injection boost,C
491,Cars,Hard,Multiple Choice,"In [Motorsport & F1], what was the 'Mass Damper' system developed by Renault on their championship-winning R25/R26 cars (2005-2006)?",A) A lead-weighted flywheel | B) An active sway bar | C) Hydraulic bump springs | D) A suspended metal cylinder damper inside the nose cone that canceled out front tire bounce over curbs to keep front ride height perfectly stable,D
492,Cars,Hard,Multiple Choice,"In [Motorsport & F1], what was the Dual-Axis Steering (DAS) system invented by Mercedes-AMG F1 on the W11 in 2020?","A) A system allowing the driver to push/pull the steering wheel along straights to alter front tire toe angle in real time, warming tires evenly and cutting drag | B) Four-wheel steering | C) Power steering assist | D) Electronic steering ratio",A
493,Cars,Hard,Multiple Choice,"In [Motorsport & F1], what is the 'MGU-H' (Motor Generator Unit - Heat) component of modern 1.6-liter turbocharged V6 Formula 1 hybrid power units?","A) A cabin heater | B) An electric motor/generator connected directly to the turbocharger shaft that recovers energy from exhaust gases, eliminates turbo lag, and charges the battery without limit | C) A radiator water pump | D) A brake regeneration motor",B
494,Cars,Hard,Multiple Choice,"In [Motorsport & F1], what was the technical loophole exploited by Audi Sport with the Audi R10 TDI at the 2006 24 Hours of Le Mans?","A) Favorable LMP1 regulations for turbodiesel engines, allowing a 5.5-liter twin-turbo V12 TDI to produce over 800 lb-ft of torque with superior fuel economy to crush petrol rivals | B) Pushrod suspension | C) Ground effect fans | D) Ceramic turbines",C
495,Cars,Hard,Multiple Choice,"In [Motorsport & F1], what was the technical cause of the controversial multi-car withdrawal at the 2005 US Grand Prix at Indianapolis leaving only 6 cars to race?","A) Rain on slicks | B) Fuel contamination | C) Engine electrical bugs | D) Michelin tires could not survive the intense lateral and vertical loads generated on the newly diamond-grooved 9-degree banked Turn 13, prompting a safety boycott",D
496,Cars,Hard,Multiple Choice,"In [Motorsport & F1], what was the purpose of the 'Skid Block' (Jabroc wooden plank) mounted under the floor of Formula 1 cars starting in 1994?","A) To enforce minimum ride height and prevent dangerous ground-effect bottoming, with maximum allowable plank wear of only 1 mm | B) To add ballast | C) To make sparks for TV | D) To protect against rocks",A
497,Cars,Hard,Multiple Choice,"In [Motorsport & F1], how did Brabham and Gordon Murray invent the modern Formula 1 tactical pit stop at the 1982 Austrian Grand Prix?","A) Fuel was leaking | B) Murray calculated that running soft, sticky tires with half-empty fuel tanks made the car so much faster that stopping midway for fresh fuel and rubber was faster overall | C) Engine overheated | D) Tires were too hard",B
498,Cars,Hard,Multiple Choice,"In [Motorsport & F1], what was the 'Spygate' scandal in Formula 1 during the 2007 World Championship season?","A) Renault spying on BMW | B) Spyker copying Red Bull | C) McLaren was found in unauthorized possession of a 780-page confidential Ferrari technical dossier, resulting in McLaren's disqualification and a record $100 million fine | D) Toyota stealing Ferrari CAD files",C
499,Cars,Hard,Multiple Choice,"In [Motorsport & F1], what was the technical distinction of the Audi R18 e-tron quattro's hybrid system when it won Le Mans in 2012?",A) Hydrogen fuel cells | B) Solid state batteries | C) Solar body panels | D) A carbon-fiber mechanical flywheel energy storage system developed with Williams Hybrid Power mounted in the cockpit to power an electric front axle,D
500,Cars,Hard,Multiple Choice,"In [Motorsport & F1], what is the famous 1955 Mille Miglia open-road record set by Sir Stirling Moss and Denis Jenkinson in the Mercedes 300 SLR #722?","A) 10 hours, 7 minutes, and 48 seconds over 992 miles of open Italian public roads, averaging 97.96 mph | B) 12 hours flat | C) 15 hours 30 mins | D) 11 hours 20 mins",A
