number,subject,difficulty,question_type,question,multiple_choices,answer
1,Movies and Series,Easy,Multiple Choice,What is the name of Harry Potter's loyal pet snowy owl delivered to him on his eleventh birthday?,A) Hedwig | B) Scabbers | C) Crookshanks | D) Fawkes,A
2,Movies and Series,Easy,Multiple Choice,"In Star Wars: The Empire Strikes Back, what iconic line does Darth Vader say to Luke Skywalker during their duel on Cloud City?","A) 'Luke, I am your master.' | B) 'No, I am your father.' | C) 'You cannot escape your destiny.' | D) 'Join the dark side.'",B
3,Movies and Series,Easy,Multiple Choice,"In The Lord of the Rings, which young Hobbit from the Shire is tasked with carrying the One Ring to Mount Doom to destroy it?",A) Samwise Gamgee | B) Peregrin Took | C) Frodo Baggins | D) Meriadoc Brandybuck,C
4,Movies and Series,Easy,Multiple Choice,What color pill does Morpheus offer Neo in The Matrix if he chooses to wake up in reality and see how deep the rabbit hole goes?,A) The Blue Pill | B) The Green Pill | C) The Yellow Pill | D) The Red Pill,D
5,Movies and Series,Easy,Multiple Choice,"In Back to the Future, what famous sports car modified by Doc Brown serves as the time-traveling vehicle?",A) DeLorean DMC-12 | B) Chevrolet Corvette | C) Ford Mustang | D) Pontiac Firebird,A
6,Movies and Series,Easy,Multiple Choice,"In Jurassic Park (1993), what prehistoric insects trapped in fossilized tree sap (amber) provided the dinosaur DNA?",A) Dragonflies | B) Mosquitoes | C) Beetles | D) Wasps,B
7,Movies and Series,Easy,Multiple Choice,"What is the name of the eccentric, dreadlocked pirate captain of the Black Pearl played by Johnny Depp?",A) Captain Hector Barbossa | B) Captain Davy Jones | C) Captain Jack Sparrow | D) Captain Blackbeard,C
8,Movies and Series,Easy,Multiple Choice,"In Harry Potter, which Hogwarts house is represented by a lion and values bravery, daring, and chivalry?",A) Slytherin | B) Ravenclaw | C) Hufflepuff | D) Gryffindor,D
9,Movies and Series,Easy,Multiple Choice,"What green, wise Jedi Grand Master trained Luke Skywalker in the swamp world of Dagobah?",A) Yoda | B) Obi-Wan Kenobi | C) Mace Windu | D) Qui-Gon Jinn,A
10,Movies and Series,Easy,Multiple Choice,"In The Lord of the Rings, what wretched creature continually refers to the One Ring as 'My Precious'?",A) Gríma Wormtongue | B) Gollum | C) Saruman | D) Sauron,B
11,Movies and Series,Easy,Multiple Choice,"In James Cameron's Avatar, what lush, bioluminescent alien moon is inhabited by the blue-skinned Na'vi?",A) Arrakis | B) Tatooine | C) Pandora | D) Krypton,C
12,Movies and Series,Easy,Multiple Choice,"In Back to the Future, what exact speed in miles per hour must the DeLorean reach to activate the Flux Capacitor and travel through time?",A) 99 mph | B) 77 mph | C) 100 mph | D) 88 mph,D
13,Movies and Series,Easy,Multiple Choice,What is the dark wizard Lord Voldemort's original birth name in the Harry Potter series?,A) Tom Marvolo Riddle | B) Gellert Grindelwald | C) Severus Snape | D) Lucius Malfoy,A
14,Movies and Series,Easy,Multiple Choice,"In Star Wars, what is the name of Han Solo's famous YT-1300 light freighter starship that made the Kessel Run in less than twelve parsecs?",A) Star Destroyer | B) The Millennium Falcon | C) Slave I | D) X-Wing,B
15,Movies and Series,Easy,Multiple Choice,"In The Lord of the Rings, who is the Grey wizard who guides the Fellowship and shouts 'You shall not pass!' at the Balrog in Moria?",A) Saruman the White | B) Radagast the Brown | C) Gandalf the Grey | D) Elrond,C
16,Movies and Series,Easy,Multiple Choice,"In The Matrix, what is the chosen alias of the hacker protagonist Thomas Anderson, played by Keanu Reeves?",A) Cypher | B) Morpheus | C) Tank | D) Neo,D
17,Movies and Series,Easy,Multiple Choice,"In Pirates of the Caribbean, what supernatural ship commanded by Davy Jones is crewed by cursed sea-creature sailors?",A) The Flying Dutchman | B) The Black Pearl | C) Queen Anne's Revenge | D) The Interceptor,A
18,Movies and Series,Easy,Multiple Choice,"In Harry Potter and the Sorcerer's Stone, through which magical hidden platform at King's Cross station do students board the Hogwarts Express?",A) Platform 7 1/2 | B) Platform 9 3/4 | C) Platform 8 1/4 | D) Platform 10,B
19,Movies and Series,Easy,Multiple Choice,What weapon used by Jedi and Sith in Star Wars consists of a plasma blade powered by a Kyber crystal?,A) Blaster Rifle | B) Vibroblade | C) Lightsaber | D) Thermal Detonator,C
20,Movies and Series,Easy,Multiple Choice,"In The Lord of the Rings: The Return of the King, which ranger heir of Isildur is crowned the rightful High King of Gondor?",A) Boromir | B) Faramir | C) Théoden | D) Aragorn,D
21,Movies and Series,Easy,Multiple Choice,"In Jurassic Park, what wealthy creator and CEO of InGen built the dinosaur island theme park with the phrase 'Spared no expense'?",A) John Hammond | B) Ian Malcolm | C) Alan Grant | D) Dennis Nedry,A
22,Movies and Series,Easy,Multiple Choice,"In Harry Potter, what winged golden ball must the Seeker catch to earn 150 points and end a Quidditch match?",A) Quaffle | B) Golden Snitch | C) Bludger | D) Remembrall,B
23,Movies and Series,Easy,Typing,What is the name of Harry Potter's ginger best friend who has five older brothers and one younger sister?,,Ron Weasley
24,Movies and Series,Easy,Typing,"What is the name of the furry, tall Wookiee warrior and co-pilot of Han Solo in Star Wars?",,Chewbacca
25,Movies and Series,Easy,Typing,"In The Lord of the Rings, what is the name of the golden-haired Elven archer prince from Mirkwood in the Fellowship?",,Legolas
26,Movies and Series,Easy,Typing,"In Back to the Future, what is the name of the teenage high school student protagonist played by Michael J. Fox?",,Marty McFly
27,Movies and Series,Medium,Multiple Choice,"In Harry Potter and the Chamber of Secrets, what giant serpentine monster lurks in the plumbing beneath Hogwarts and petrifies students with its gaze?",A) Hungarian Horntail | B) Aragog | C) The Basilisk | D) Fluffy,C
28,Movies and Series,Medium,Multiple Choice,"In Star Wars: Episode IV - A New Hope, what planet home to Princess Leia is obliterated by Grand Moff Tarkin using the Death Star's superlaser?",A) Naboo | B) Coruscant | C) Kashyyyk | D) Alderaan,D
29,Movies and Series,Medium,Multiple Choice,"In The Lord of the Rings, what phrase is inscribed in Elvish Black Speech script around the band of the One Ring?","A) 'One Ring to rule them all, One Ring to find them, One Ring to bring them all and in the darkness bind them' | B) 'Speak friend and enter' | C) 'Even the smallest person can change the course of the future' | D) 'All that is gold does not glitter'",A
30,Movies and Series,Medium,Multiple Choice,"In The Matrix (1999), what sentient sunglasses-wearing security agent repeatedly hunts Neo, calling him 'Mr. Anderson'?",A) Agent Jones | B) Agent Smith | C) Agent Brown | D) Agent Johnson,B
31,Movies and Series,Medium,Multiple Choice,"In Jurassic Park (1993), what chaotician mathematician played by Jeff Goldblum famously says 'Life, uh, finds a way'?",A) Dr. Alan Grant | B) Dr. Henry Wu | C) Dr. Ian Malcolm | D) Donald Gennaro,C
32,Movies and Series,Medium,Multiple Choice,"In Back to the Future Part II, to what future calendar year do Marty McFly and Doc Brown travel to prevent Marty's future son from going to prison?",A) 2005 | B) 2010 | C) 2020 | D) 2015,D
33,Movies and Series,Medium,Multiple Choice,"In Pirates of the Caribbean: The Curse of the Black Pearl, what ancient cursed Aztec gold coins turned Captain Barbossa and his crew into undead skeletons in moonlight?",A) The 882 Aztec medallions of Cortés | B) The Pieces of Eight | C) The Gold of El Dorado | D) The King's Doubloons,A
34,Movies and Series,Medium,Multiple Choice,"In Harry Potter and the Goblet of Fire, what Portkey graveyard ritual creature returns Lord Voldemort to a physical body, drinking whose blood?",A) Albus Dumbledore's blood | B) Harry Potter's blood | C) Cedric Diggory's blood | D) Peter Pettigrew's blood,B
35,Movies and Series,Medium,Multiple Choice,"In Star Wars: Episode III - Revenge of the Sith, on what volcanic planet do Obi-Wan Kenobi and Anakin Skywalker fight their climactic lightsaber duel?",A) Geonosis | B) Utapau | C) Mustafar | D) Dagobah,C
36,Movies and Series,Medium,Multiple Choice,"In The Lord of the Rings: The Fellowship of the Ring, what underground Dwarven realm and mine in the Misty Mountains had been overrun by Orcs, Goblins, and a Balrog?",A) Erebor (The Lonely Mountain) | B) Gundabad | C) Iron Hills | D) Moria (Khazad-dûm),D
37,Movies and Series,Medium,Multiple Choice,"In James Cameron's Avatar, what rare, highly valuable magnetic mineral were humans mining on Pandora?",A) Unobtanium | B) Vibranium | C) Adamantium | D) Kyber Crystals,A
38,Movies and Series,Medium,Multiple Choice,"In Harry Potter and the Prisoner of Azkaban, what magical map created by Moony, Wormtail, Padfoot, and Prongs reveals every person's location in Hogwarts?",A) The Quibbler Map | B) The Marauder's Map | C) The Ravenclaw Blueprint | D) The Triwizard Parchment,B
39,Movies and Series,Medium,Multiple Choice,"In Star Wars, what bounty hunter wearing green Mandalorian armor captured Han Solo in carbonite for Jabba the Hutt?",A) Jango Fett | B) Din Djarin | C) Boba Fett | D) Cad Bane,C
40,Movies and Series,Medium,Multiple Choice,What is the name of the giant three-headed dog that guards the trapdoor to the Sorcerer's Stone at Hogwarts?,A) Aragog | B) Norbert | C) Fang | D) Fluffy,D
41,Movies and Series,Medium,Typing,"In The Lord of the Rings, what is the name of the fiery mountain in Mordor where the One Ring was forged and must be destroyed?",,Mount Doom
42,Movies and Series,Medium,Multiple Choice,"In Back to the Future, what is the name of the fictional California town where Marty McFly lives?",A) Hill Valley | B) Sunnydale | C) Hawkins | D) Riverdale,A
43,Movies and Series,Medium,Multiple Choice,"In Harry Potter lore, what are the three magical Deathly Hallows objects bestowed by Death upon the Peverell brothers?","A) The Mirror of Erised, the Goblet of Fire, and the Sorcerer's Stone | B) The Invisibility Cloak, the Resurrection Stone, and the Elder Wand | C) The Sword of Gryffindor, the Diadem of Ravenclaw, and the Locket of Slytherin | D) The Time-Turner, the Marauder's Map, and the Deluminator",B
44,Movies and Series,Hard,Multiple Choice,"In Star Wars: Episode V - The Empire Strikes Back, what bounty hunter protocol droid with a rifle was standing on the bridge alongside Boba Fett?",A) K-2SO | B) 4-LOM | C) IG-88 | D) HK-47,C
45,Movies and Series,Hard,Multiple Choice,"In The Lord of the Rings, what is the Elvish name of the shining Elven jewel pendant given by Arwen to Aragorn in Rivendell?",A) Silmaril | B) Nauglamír | C) Phial of Galadriel | D) The Evenstar,D
46,Movies and Series,Hard,Multiple Choice,"In The Matrix, what hovercraft ship commanded by Morpheus carries Neo, Trinity, and the rebel crew through the underground sewer tunnels?",A) The Nebuchadnezzar | B) The Logos | C) The Osiris | D) The Vigilant,A
47,Movies and Series,Hard,Multiple Choice,"In Jurassic Park (1993), what brand of shaving cream can is secretly modified to smuggle 15 dinosaur embryos off Isla Nublar?",A) Gillette | B) Barbasol | C) Nivea | D) Edge,B
48,Movies and Series,Hard,Multiple Choice,"In Back to the Future Part III, to what historic year in the Old American West does Marty McFly travel to save Doc Brown from Mad Dog Tannen?",A) 1849 | B) 1876 | C) 1885 | D) 1899,C
49,Movies and Series,Hard,Multiple Choice,"In Harry Potter and the Half-Blood Prince, what memories inside the Pensieve reveal that young Voldemort asked Horace Slughorn about what maximum number of Horcruxes?",A) 3 Horcruxes | B) 5 Horcruxes | C) 9 Horcruxes | D) 7 Horcruxes,D
50,Movies and Series,Easy,Multiple Choice,"In Star Wars lore, what ancient Sith rule established by Darth Bane decrees that there can only ever be two Sith at any time: a master and an apprentice?",A) The Rule of Two | B) The Doctrine of Fear | C) The Sith Code | D) The Dark Mandate,A
51,Movies and Series,Hard,Multiple Choice,"In The Lord of the Rings, what is the name of the ancient giant spider that attacks Frodo in the pass of Cirith Ungol?",A) Aragog | B) Shelob | C) Ungoliant | D) Scatha,B
52,Movies and Series,Easy,Typing,"In Harry Potter, what is the name of the house-elf who tries to save Harry Potter by warning him not to return to Hogwarts in his second year?",,Dobby
53,Movies and Series,Medium,Typing,"In Star Wars, what is the name of the golden protocol droid fluent in over six million forms of communication?",,C-3PO
54,Movies and Series,Easy,Multiple Choice,"In Harry Potter, who is the revered Headmaster of Hogwarts School of Witchcraft and Wizardry through most of the series?",A) Severus Snape | B) Filius Flitwick | C) Albus Dumbledore | D) Remus Lupin,C
55,Movies and Series,Easy,Multiple Choice,"In Star Wars, what dark battle station built by the Galactic Empire possesses enough firepower to destroy an entire planet?",A) Star Destroyer | B) Dreadnought | C) Supremacy | D) The Death Star,D
56,Movies and Series,Easy,Multiple Choice,"In The Lord of the Rings, what golden treasure did Bilbo Baggins find inside Gollum's dark cave beneath the Misty Mountains in The Hobbit?",A) The One Ring | B) The Arkenstone | C) Mithril shirt | D) Sting sword,A
57,Movies and Series,Easy,Multiple Choice,"In The Matrix, what black-leather-clad female resistance warrior falls in love with Neo and delivers the iconic crane kick?",A) Niobe | B) Trinity | C) Persephone | D) Switch,B
58,Movies and Series,Easy,Multiple Choice,"In Jurassic Park, what iconic apex predator dinosaur roars triumphantly in the visitor center rotunda at the film's climax?",A) Velociraptor | B) Dilophosaurus | C) Tyrannosaurus Rex | D) Brachiosaurus,C
59,Movies and Series,Easy,Multiple Choice,"In Pirates of the Caribbean, what is the name of the governor's daughter who is kidnapped by Barbossa and loves Will Turner?",A) Calypso | B) Angelica | C) Carina Smyth | D) Elizabeth Swann,D
60,Movies and Series,Easy,Multiple Choice,"In Harry Potter, what brilliant, book-smart Muggle-born witch is Harry and Ron's inseparable best friend?",A) Hermione Granger | B) Ginny Weasley | C) Luna Lovegood | D) Cho Chang,A
61,Movies and Series,Easy,Multiple Choice,"In Star Wars: Episode I - The Phantom Menace, what double-bladed red lightsaber-wielding Sith apprentice battles Qui-Gon Jinn and Obi-Wan?",A) Count Dooku | B) Darth Maul | C) General Grievous | D) Kylo Ren,B
62,Movies and Series,Easy,Multiple Choice,"In The Lord of the Rings, what courageous Dwarf warrior wields battle axes and competes with Legolas over enemy kill counts?",A) Thorin Oakenshield | B) Balin | C) Gimli | D) Dwalin,C
63,Movies and Series,Easy,Multiple Choice,"In Back to the Future, what eccentric wild-haired scientist invents time travel after hitting his head on a sink and conceiving the Flux Capacitor?",A) Albert Einstein | B) George McFly | C) Biff Tannen | D) Dr. Emmett 'Doc' Brown,D
64,Movies and Series,Easy,Multiple Choice,"In Harry Potter, what magical Sorting Hat song ceremony assigns first-year students to their respective houses in what grand room?",A) The Great Hall | B) The Room of Requirement | C) The Library | D) The Dungeons,A
65,Movies and Series,Easy,Multiple Choice,"In Star Wars: Episode IV, what desert planet with twin suns is Luke Skywalker's childhood home where he lived with Uncle Owen and Aunt Beru?",A) Jakku | B) Tatooine | C) Hoth | D) Endor,B
66,Movies and Series,Easy,Multiple Choice,"In The Lord of the Rings, what ancient kingdom of men is famous for its horse-riders, the Rohirrim, and is ruled by King Théoden?",A) Gondor | B) Arnor | C) Rohan | D) Dale,C
67,Movies and Series,Easy,Multiple Choice,"In Pirates of the Caribbean, what young blacksmith apprentice played by Orlando Bloom embarks on a quest to rescue Elizabeth Swann?",A) James Norrington | B) Joshamee Gibbs | C) Cutler Beckett | D) Will Turner,D
68,Movies and Series,Easy,Multiple Choice,"In Harry Potter and the Prisoner of Azkaban, what spectral, soul-sucking cloaked prison guards drain all happiness from humans?",A) Dementors | B) Boggarts | C) Thestrals | D) Inferi,A
69,Movies and Series,Easy,Multiple Choice,"In Star Wars: Return of the Jedi, what small, furry, bear-like native creatures on the forest moon of Endor help the Rebels defeat the Empire?",A) Jawas | B) Ewoks | C) Tusken Raiders | D) Porgs,B
70,Movies and Series,Easy,Multiple Choice,"In The Lord of the Rings: The Fellowship of the Ring, what glowing Elven short sword glows bright blue whenever Orcs or Goblins are near?",A) Andúril | B) Glamdring | C) Sting | D) Narsil,C
71,Movies and Series,Easy,Typing,"In Harry Potter, what is the name of the Potions Master and Head of Slytherin House who was secretly in love with Lily Potter?",,Severus Snape
72,Movies and Series,Easy,Typing,"In Star Wars, what is the name of the spunky astromech droid who carries Princess Leia's hologram message to Obi-Wan Kenobi?",,R2-D2
73,Movies and Series,Easy,Typing,"In The Matrix, what visual term describes the revolutionary slow-motion action effect where the camera pans around a freezing/bullet-dodging character?",,bullet time
74,Movies and Series,Medium,Multiple Choice,"In Harry Potter and the Order of the Phoenix, what cruel, pink-cardigan-wearing Ministry of Magic inquisitor punishes Harry with a Blood Quill?",A) Bellatrix Lestrange | B) Narcissa Malfoy | C) Rita Skeeter | D) Dolores Umbridge,D
75,Movies and Series,Medium,Multiple Choice,"In Star Wars: The Force Awakens, who is the conflicted dark side warrior and son of Han Solo and Princess Leia who wears a black mask?",A) Kylo Ren | B) Finn | C) Poe Dameron | D) General Hux,A
76,Movies and Series,Medium,Multiple Choice,"In The Lord of the Rings: The Two Towers, what fortress in the valley of Rohan witnesses a desperate, rainy nighttime siege by 10,000 Uruk-hai?",A) Minas Tirith | B) Helm's Deep | C) Osgiliath | D) Isengard,B
77,Movies and Series,Medium,Multiple Choice,"In The Matrix Revolutions, what blind Oracle prediction guides Neo to negotiate peace with the Machine Leader (Deus Ex Machina) in exchange for stopping whom?",A) The Merovingian | B) The Architect | C) Agent Smith | D) The Twins,C
78,Movies and Series,Medium,Multiple Choice,"In Jurassic Park (1993), what venom-spitting dinosaur with an expandable neck frill kills Dennis Nedry inside his Jeep?",A) Velociraptor | B) Gallimimus | C) Compsognathus | D) Dilophosaurus,D
79,Movies and Series,Medium,Multiple Choice,"In Pirates of the Caribbean: Dead Man's Chest, what legendary giant tentacled sea monster is commanded by Davy Jones to drag ships beneath the ocean?",A) The Kraken | B) The Leviathan | C) Scylla | D) Jörmungandr,A
80,Movies and Series,Medium,Multiple Choice,"In Harry Potter, what silver animal Patronus does Harry conjure to fend off a hundred Dementors across the lake?",A) An Otter | B) A Stag | C) A Doe | D) A Phoenix,B
81,Movies and Series,Medium,Multiple Choice,"In Star Wars: Episode VI - Return of the Jedi, what lightning-shooting Sith Lord is the evil Emperor of the Galactic Empire?",A) Count Dooku | B) Supreme Leader Snoke | C) Emperor Palpatine | D) Darth Plagueis,C
82,Movies and Series,Medium,Multiple Choice,"In The Lord of the Rings: The Return of the King, what white walled capital city of Gondor with seven concentric levels is besieged by Sauron's armies?",A) Minas Morgul | B) Dol Amroth | C) Pelargir | D) Minas Tirith,D
83,Movies and Series,Medium,Typing,"In Harry Potter, what is the name of Harry's godfather who escapes from the wizarding prison Azkaban?",,Sirius Black
84,Movies and Series,Medium,Typing,"In Star Wars, what is the real name of the clone bounty hunter raised as Jango Fett's unaugmented son?",,Boba Fett
85,Movies and Series,Hard,Multiple Choice,"In Harry Potter, which of the following is NOT one of Voldemort's seven Horcruxes?",A) Godric Gryffindor's Sword | B) Helga Hufflepuff's Cup | C) Rowena Ravenclaw's Diadem | D) Salazar Slytherin's Locket,A
86,Movies and Series,Hard,Multiple Choice,"In Star Wars lore, what is the name of the ancient Sith homeworld planet shrouded in darkness and home to the Valley of the Dark Lords (Moraband)?",A) Exegol | B) Korriban | C) Malachor | D) Dathomir,B
87,Movies and Series,Hard,Multiple Choice,"In The Lord of the Rings: The Return of the King, what noble woman of Rohan disguised herself as the warrior 'Dernhelm' to slay the Witch-king of Angmar?",A) Arwen Undómiel | B) Galadriel | C) Éowyn | D) Celebrian,C
88,Movies and Series,Hard,Multiple Choice,"In The Matrix Reloaded, what white-suited creator of the Matrix reveals to Neo that he is actually the sixth incarnation of 'The One'?",A) The Merovingian | B) The Keymaker | C) The Trainman | D) The Architect,D
89,Movies and Series,Hard,Multiple Choice,"In Jurassic Park (1993), on what fictional Costa Rican island was the original dinosaur theme park constructed?",A) Isla Nublar | B) Isla Sorna | C) Isla Matanceros | D) Isla Muerta,A
90,Movies and Series,Hard,Multiple Choice,"In Harry Potter and the Half-Blood Prince, what is Severus Snape's maternal family surname that inspired his secret identity as the 'Half-Blood Prince'?",A) Gaunt | B) Prince | C) Black | D) Rosier,B
91,Movies and Series,Hard,Multiple Choice,"In Star Wars: Episode II - Attack of the Clones, what master cloner aliens on an ocean planet produced the Grand Army of the Republic for the Jedi?",A) Geonosians | B) Chiss | C) Kaminoans | D) Twi'leks,C
92,Movies and Series,Hard,Multiple Choice,"In The Lord of the Rings, what was the original Hobbit name of Gollum before he was corrupted by the One Ring?",A) Déagol | B) Bandobras | C) Tobold | D) Sméagol,D
93,Movies and Series,Hard,Typing,"In Harry Potter, what is the core substance inside Harry Potter's 11-inch holly wand, taken from Dumbledore's phoenix Fawkes?",,phoenix feather
94,Movies and Series,Hard,Typing,"In The Lord of the Rings, what is the name of the white wizard Saruman's fortress tower in the valley of Isengard?",,Orthanc
95,Movies and Series,Easy,Multiple Choice,"In Harry Potter, what magical candy turns into different random flavors ranging from chocolate and peppermint to booger and earwax?",A) Bertie Bott's Every Flavour Beans | B) Chocolate Frogs | C) Drooble's Best Blowing Gum | D) Fizzing Whizbees,A
96,Movies and Series,Easy,Multiple Choice,"In Star Wars, what green swamp planet does Luke travel to in order to find Jedi Master Yoda in The Empire Strikes Back?",A) Hoth | B) Dagobah | C) Bespin | D) Coruscant,B
97,Movies and Series,Easy,Multiple Choice,"In The Lord of the Rings, what light, nearly impenetrable silver metal mined by Dwarves in Moria was given to Frodo as a chainmail shirt?",A) Adamant | B) Valyrian steel | C) Mithril | D) Vibranium,C
98,Movies and Series,Easy,Multiple Choice,"In Pirates of the Caribbean, what magical compass does Captain Jack Sparrow carry that doesn't point north, but points to what?",A) Buried gold | B) The nearest rum | C) The Black Pearl | D) Whatever the holder wants most in the world,D
99,Movies and Series,Easy,Multiple Choice,"In Back to the Future, what is the name of the school bully who torments George McFly in 1955 and 1985?",A) Biff Tannen | B) Griff Tannen | C) Needles | D) Strickland,A
100,Movies and Series,Easy,Multiple Choice,"In Jurassic Park (1993), which pack-hunting, hyper-intelligent raptor dinosaurs open kitchen door handles to stalk the children?",A) Dilophosaurus | B) Velociraptors | C) Gallimimus | D) Pteranodons,B
101,Movies and Series,Easy,Multiple Choice,"In Marvel's Iron Man (2008), what is the real name of the billionaire tech genius and weapons manufacturer who builds the Iron Man suit?",A) Bruce Banner | B) Steve Rogers | C) Tony Stark | D) Stephen Strange,C
102,Movies and Series,Easy,Multiple Choice,"In The Dark Knight (2008), what anarchic, face-painted supervillain played by Heath Ledger asks the iconic question 'Why so serious?'?",A) The Riddler | B) Bane | C) Two-Face | D) The Joker,D
103,Movies and Series,Easy,Multiple Choice,"In James Cameron's Titanic (1997), what luxury passenger ocean liner struck an iceberg on its maiden voyage in 1912?",A) RMS Titanic | B) RMS Lusitania | C) SS Britannic | D) RMS Queen Mary,A
104,Movies and Series,Easy,Multiple Choice,"In The Avengers (2012), what six cosmic colored artifacts possess control over space, mind, reality, power, time, and soul?",A) The Mother Boxes | B) The Infinity Stones | C) The Dragon Balls | D) The Chaos Emeralds,B
105,Movies and Series,Easy,Multiple Choice,"In The Godfather (1972), what iconic actor plays Don Vito Corleone, the patriarch of the Corleone mafia family?",A) Robert De Niro | B) Al Pacino | C) Marlon Brando | D) James Caan,C
106,Movies and Series,Easy,Multiple Choice,"In Christopher Nolan's Inception (2010), what spinning metallic object serves as Dom Cobb's totem to know if he is dreaming or awake?",A) A loaded die | B) A chess pawn | C) A brass coin | D) A spinning top,D
107,Movies and Series,Easy,Multiple Choice,"In Forrest Gump (1994), what sweet confection does Forrest compare life to: 'Life was like a box of ...'?",A) Chocolates | B) Doughnuts | C) Cookies | D) Candy canes,A
108,Movies and Series,Easy,Multiple Choice,"In Marvel's Black Panther (2018), what technologically advanced, secretive African nation is ruled by King T'Challa?",A) Zamunda | B) Wakanda | C) Genosha | D) Latveria,B
109,Movies and Series,Easy,Multiple Choice,"In Pulp Fiction (1994), what are the names of the two hitmen dressed in black suits played by John Travolta and Samuel L. Jackson?",A) Butch and Marsellus | B) Pumpkin and Honey Bunny | C) Vincent Vega and Jules Winnfield | D) Brett and Marvin,C
110,Movies and Series,Easy,Multiple Choice,"In The Shawshank Redemption (1994), what tool hidden inside a hollowed-out Bible does Andy Dufresne use to tunnel through his cell wall over 19 years?",A) A chisel | B) A screwdriver | C) A silver spoon | D) A small rock hammer,D
111,Movies and Series,Easy,Multiple Choice,"In Marvel's Thor, what enchanted Norse war hammer can only be lifted by those who are deemed 'worthy'?",A) Mjolnir | B) Stormbreaker | C) Gungnir | D) Hofund,A
112,Movies and Series,Easy,Multiple Choice,"In Titanic (1997), what rare blue diamond necklace is worn by Rose DeWitt Bukater aboard the ship?",A) The Hope Diamond | B) The Heart of the Ocean | C) The Eye of the Sea | D) The Star of Africa,B
113,Movies and Series,Easy,Multiple Choice,"In Gladiator (2000), what Roman general betrayed into slavery and played by Russell Crowe becomes a gladiator to seek vengeance against Emperor Commodus?",A) Marcus Aurelius | B) Proximo | C) Maximus Decimus Meridius | D) Gracchus,C
114,Movies and Series,Easy,Multiple Choice,"In Marvel's Captain America, what rare, indestructible vibration-absorbing Wakandan metal makes up Steve Rogers' round shield?",A) Adamantium | B) Carbonadium | C) Uru | D) Vibranium,D
115,Movies and Series,Easy,Multiple Choice,"In Christopher Nolan's Interstellar (2014), what massive celestial gravitational body with an event horizon is named Gargantua?",A) A supermassive black hole | B) A neutron star | C) A wormhole | D) A rogue planet,A
116,Movies and Series,Easy,Multiple Choice,"In The Dark Knight trilogy, what loyal English butler and father figure raises Bruce Wayne at Wayne Manor?",A) Lucius Fox | B) Alfred Pennyworth | C) Jim Gordon | D) Harvey Dent,B
117,Movies and Series,Easy,Multiple Choice,"In Marvel's Guardians of the Galaxy, what sentient, tree-like alien warrior repeatedly speaks the phrase 'I am Groot'?",A) Rocket Raccoon | B) Drax the Destroyer | C) Groot | D) Star-Lord,C
118,Movies and Series,Easy,Multiple Choice,"In The Godfather, what severed animal part is placed in movie producer Jack Woltz's bed as a terrifying mob warning?",A) A goat's head | B) A bull's horns | C) A snake's head | D) A prized racehorse's head,D
119,Movies and Series,Easy,Multiple Choice,"In Marvel's Avengers: Endgame (2019), what final iconic four-word phrase does Tony Stark utter before snapping his fingers with the Infinity Stones?","A) 'I am Iron Man.' | B) 'Avengers assemble!' | C) 'You lose, Thanos.' | D) 'For Peter.'",A
120,Movies and Series,Easy,Multiple Choice,"In Fight Club (1999), what is the absolute first rule of Fight Club stated by Tyler Durden?","A) 'Only two guys to a fight.' | B) 'You do not talk about Fight Club.' | C) 'One fight at a time.' | D) 'No shirts, no shoes.'",B
121,Movies and Series,Easy,Multiple Choice,"In Marvel's Spider-Man movies, what is the civilian name of the high school teenager bitten by a radioactive spider in Queens, New York?",A) Miles Morales | B) Ned Leeds | C) Peter Parker | D) Harry Osborn,C
122,Movies and Series,Easy,Multiple Choice,"In The Dark Knight Rises (2012), what masked revolutionary brute breaks Batman's back and traps Bruce Wayne in the underground Pit prison?",A) The Scarecrow | B) Ra's al Ghul | C) Deadshot | D) Bane,D
123,Movies and Series,Easy,Typing,"In Titanic, what is the first name of the free-spirited third-class artist played by Leonardo DiCaprio who wins a ticket in a poker game?",,Jack
124,Movies and Series,Easy,Typing,"In Marvel's Avengers: Infinity War, what purple Titan supervillain wipes out half of all life in the universe with a finger snap?",,Thanos
125,Movies and Series,Easy,Typing,"In Forrest Gump, what country's table tennis (ping-pong) diplomacy tournament does Forrest compete in during the 1970s?",,China
126,Movies and Series,Easy,Typing,"In The Dark Knight, what is the fictional crime-ridden American city protected by Batman?",,Gotham
127,Movies and Series,Medium,Multiple Choice,"In Pulp Fiction, what biblical passage does Jules Winnfield passionately recite before executing targets, starting with 'The path of the righteous man...'?",A) Ezekiel 25:17 | B) Psalm 23:4 | C) John 3:16 | D) Leviticus 19:18,A
128,Movies and Series,Medium,Multiple Choice,"In Inception, what multi-level dream heist concept involves implanting an original idea into target Robert Fischer's subconscious mind, rather than extracting one?",A) Extraction | B) Inception | C) Lucid Recall | D) Subconscious Projection,B
129,Movies and Series,Medium,Multiple Choice,"In The Godfather Part II, what treacherous Corleone family brother betrays Michael Corleone to Hyman Roth in Havana, leading Michael to say 'You broke my heart'?",A) Sonny Corleone | B) Tom Hagen | C) Fredo Corleone | D) Connie Corleone,C
130,Movies and Series,Medium,Multiple Choice,"In Marvel's Captain America: The Winter Soldier (2014), what brainwashed assassin with a cybernetic metal arm is revealed to be Steve Rogers' childhood best friend?",A) Sam Wilson | B) Brock Rumlow | C) Clint Barton | D) Bucky Barnes,D
131,Movies and Series,Medium,Multiple Choice,"In Interstellar, what is the name of Cooper's brilliant daughter who decodes gravitational equations sent via a ticking wristwatch second hand from the tesseract?",A) Murphy | B) Brand | C) Romilly | D) Lois,A
132,Movies and Series,Medium,Multiple Choice,"In The Shawshank Redemption, behind what famous 1960s Hollywood actress poster does Andy Dufresne conceal his tunnel in his cell before his escape?",A) Marilyn Monroe | B) Raquel Welch | C) Rita Hayworth | D) Jayne Mansfield,B
133,Movies and Series,Medium,Multiple Choice,"In The Dark Knight (2008), what two-headed coin does Gotham City District Attorney Harvey Dent flip to make decisions, which becomes scorched on one side?",A) A Gold Sovereign | B) A Kennedy Half Dollar | C) A 1922 Silver Peace Dollar | D) A Washington Quarter,C
134,Movies and Series,Medium,Multiple Choice,"In Gladiator, what decadent, narcissistic Roman Emperor played by Joaquin Phoenix murders his father Marcus Aurelius to take the throne?",A) Nero | B) Caligula | C) Tiberius | D) Commodus,D
135,Movies and Series,Medium,Multiple Choice,"In Marvel's Doctor Strange (2016), what mystical green time-manipulating relic hanging around Strange's neck contains the Time Stone?",A) The Eye of Agamotto | B) The Wand of Watoomb | C) The Cloak of Levitation | D) The Orb of Cagliostro,A
136,Movies and Series,Medium,Multiple Choice,"In Fight Club (1999), what major plot twist is revealed regarding the true relationship between the unnamed Narrator (Edward Norton) and Tyler Durden (Brad Pitt)?",A) Tyler is his long-lost brother | B) Tyler Durden is a dissociated alter-ego of the Narrator himself | C) Tyler is a ghost from his childhood | D) Tyler is an undercover FBI agent,B
137,Movies and Series,Medium,Multiple Choice,"In Forrest Gump, what shrimp-fishing boat company does Forrest start in Alabama to fulfill his late war buddy Bubba's dream?",A) Bayou Catch Shrimping | B) Greenbow Shrimping Co. | C) Bubba Gump Shrimp Company | D) Jenny's Pride Seafood,C
138,Movies and Series,Medium,Multiple Choice,"In Marvel's Thor: Ragnarok (2017), what giant fire demon does Thor unleash onto Asgard to destroy the goddess of death Hela and cause Ragnarok?",A) Fenris | B) Ymir | C) Malekith | D) Surtur,D
139,Movies and Series,Medium,Multiple Choice,"In Titanic (1997), who performs the iconic Academy Award-winning theme song 'My Heart Will Go On'?",A) Celine Dion | B) Whitney Houston | C) Mariah Carey | D) Barbra Streisand,A
140,Movies and Series,Medium,Typing,"In Marvel's Captain America, what evil Nazi science division led by the Red Skull uses the motto 'Cut off one head, two more shall take its place'?",,Hydra
141,Movies and Series,Medium,Multiple Choice,"In The Godfather, what is the famous mob advice given by Don Corleone: 'Keep your friends close, but your enemies ...'?",A) dead | B) closer | C) silent | D) poor,B
142,Movies and Series,Medium,Typing,"In Interstellar, what is the name of the boxy, military-surplus AI robot companion with a 90% honesty setting who accompanies the crew?",,TARS
143,Movies and Series,Hard,Multiple Choice,"In Pulp Fiction, what is the combination code to open Marsellus Wallace's mysterious glowing gold briefcase?",A) 007 | B) 777 | C) 666 | D) 123,C
144,Movies and Series,Hard,Multiple Choice,"In The Godfather (1972), what fruit is repeatedly shown on screen right before a character's death or assassination attempt throughout the trilogy?",A) Apples | B) Grapes | C) Pomegranates | D) Oranges,D
145,Movies and Series,Hard,Multiple Choice,"In Christopher Nolan's Memento (2000), what condition prevents protagonist Leonard Shelby from making new memories as he tracks his wife's killer?",A) Anterograde Amnesia | B) Retrograde Amnesia | C) Dissociative Fugue | D) Prosopagnosia,A
146,Movies and Series,Hard,Multiple Choice,"In Marvel's Guardians of the Galaxy Vol. 2, what Celestial entity who is Peter Quill's biological father attempts to expand across the universe?",A) Galactus | B) Ego the Living Planet | C) The Collector | D) The Grandmaster,B
147,Movies and Series,Hard,Multiple Choice,"In The Shawshank Redemption, in what coastal Mexican town on the Pacific Ocean do Andy and Red reunite at the end of the film?",A) Cancun | B) Cabo San Lucas | C) Zihuatanejo | D) Puerto Vallarta,C
148,Movies and Series,Medium,Multiple Choice,"In Inception, what classic Édith Piaf French chanson is played through headphones as the countdown 'kick' to wake dreamers up from a dream layer?","A) 'La Vie en rose' | B) 'Milord' | C) 'Padam, padam...' | D) 'Non, je ne regrette rien'",D
149,Movies and Series,Hard,Multiple Choice,"In The Dark Knight (2008), what is the name of the mob accountant who flees Gotham to Hong Kong with the crime families' laundered money?",A) Lau | B) Salvatore Maroni | C) Carmine Falcone | D) Gambol,A
150,Movies and Series,Hard,Multiple Choice,"In Gladiator (2000), what is the Latin phrase inscribed on Maximus' soldiers' armaments and spoken at the start of battle: 'Strength and ...'?",A) 'Glory' | B) 'Honor' | C) 'Courage' | D) 'Power',B
151,Movies and Series,Medium,Typing,"In Marvel's Iron Man, what artificial intelligence assistant voiced by Paul Bettany runs Tony Stark's mansion and suit before becoming Vision?",,JARVIS
152,Movies and Series,Hard,Multiple Choice,"In The Godfather, what is the Italian term used for the trusted legal adviser and counselor to the mafia Don?",A) Caporegime | B) Underboss | C) Consigliere | D) Soldier,C
153,Movies and Series,Hard,Typing,"In Interstellar, on the water planet orbiting near Gargantua (Miller's Planet), one hour on the surface equals how many years on Earth?",,7 years
154,Movies and Series,Easy,Multiple Choice,"In Marvel's The Incredible Hulk, what gamma-irradiated scientist transforms into a giant, green, rage-fueled powerhouse?",A) Tony Stark | B) Clint Barton | C) Hank Pym | D) Dr. Bruce Banner,D
155,Movies and Series,Easy,Multiple Choice,"In Titanic (1997), what is the name of Rose's wealthy, arrogant fiancé who tries to frame Jack for stealing the necklace?",A) Caledon 'Cal' Hockley | B) Thomas Andrews | C) Bruce Ismay | D) Fabrizio,A
156,Movies and Series,Easy,Multiple Choice,"In Marvel's Avengers: Infinity War, on what secluded cliff planet does Thanos sacrifice his daughter Gamora to acquire the Soul Stone?",A) Titan | B) Vormir | C) Xandar | D) Knowhere,B
157,Movies and Series,Easy,Multiple Choice,"In The Dark Knight (2008), what half of Harvey Dent's face becomes terribly burned after the warehouse explosion, giving him what villain moniker?",A) The Scarecrow | B) The Riddler | C) Two-Face | D) Black Mask,C
158,Movies and Series,Easy,Multiple Choice,"In Forrest Gump, what sweet childhood friend and love of Forrest's life struggles through counter-culture America and marries him before dying?",A) Peggy | B) Dorothy | C) Mary | D) Jenny Curran,D
159,Movies and Series,Easy,Multiple Choice,"In Marvel's Captain Marvel (2019), what former Air Force pilot played by Brie Larson absorbs Tesseract cosmic energy to gain superpowers?",A) Carol Danvers | B) Wanda Maximoff | C) Natasha Romanoff | D) Peggy Carter,A
160,Movies and Series,Easy,Multiple Choice,"In The Godfather (1972), what iconic line does Don Vito Corleone famously say regarding persuading a movie director to cast Johnny Fontane?",A) 'It's strictly business.' | B) 'I'm gonna make him an offer he can't refuse.' | C) 'Never tell anyone outside the family what you're thinking.' | D) 'A man who doesn't spend time with his family can never be a real man.',B
161,Movies and Series,Easy,Multiple Choice,"In Marvel's Black Widow, what former KGB assassin and master martial artist played by Scarlett Johansson is an original founding Avenger?",A) Maria Hill | B) Yelena Belova | C) Natasha Romanoff | D) Sharon Carter,C
162,Movies and Series,Easy,Multiple Choice,"In Pulp Fiction (1994), what gold dance trophy do Vincent Vega and Mia Wallace win after doing the twist at Jack Rabbit Slim's diner?",A) The Charleston Cup | B) The Batusi Award | C) The Jitterbug Prize | D) The World Twist Dance Championship,D
163,Movies and Series,Easy,Multiple Choice,"In Inception (2010), how many dream levels deep (dreams within dreams) does Cobb's team construct to complete the inception heist?",A) 3 layers | B) 1 layer | C) 2 layers | D) 5 layers,A
164,Movies and Series,Easy,Multiple Choice,"In Marvel's Spider-Man (2002), what iconic wisdom does Uncle Ben impart to young Peter Parker before his death?",A) 'Always look on the bright side.' | B) 'With great power comes great responsibility.' | C) 'Never give up on family.' | D) 'Courage is being scared to death and saddling up anyway.',B
165,Movies and Series,Easy,Multiple Choice,"In The Shawshank Redemption, what is the nickname of the prison's contraband smuggler played by Morgan Freeman who serves as the narrator?",A) Heywood | B) Brooks | C) Red | D) Tommy,C
166,Movies and Series,Easy,Multiple Choice,"In Marvel's Doctor Strange in the Multiverse of Madness, what corrupted dark book of spells does the Scarlet Witch use to hunt America Chavez?",A) The Book of Cagliostro | B) The Necronomicon | C) The Book of Vishanti | D) The Darkhold,D
167,Movies and Series,Easy,Multiple Choice,"In The Dark Knight Rises, what Gotham billionaire businesswoman is revealed to be Talia al Ghul, the daughter of Ra's al Ghul?",A) Miranda Tate | B) Selina Kyle | C) Vicki Vale | D) Rachel Dawes,A
168,Movies and Series,Easy,Multiple Choice,"In Christopher Nolan's Oppenheimer (2023), what theoretical physicist played by Cillian Murphy is known as the 'father of the atomic bomb'?",A) Albert Einstein | B) J. Robert Oppenheimer | C) Enrico Fermi | D) Richard Feynman,B
169,Movies and Series,Easy,Multiple Choice,"In Marvel's Ant-Man (2015), what ex-convict burglar played by Paul Rudd wears a suit that allows him to shrink in size while increasing in strength?",A) Hank Pym | B) Darren Cross | C) Scott Lang | D) Luis,C
170,Movies and Series,Easy,Multiple Choice,"In Gladiator (2000), what is the famous phrase Maximus shouts at the crowd after brutally slaughtering opponents in the arena?",A) 'Hail Caesar!' | B) 'Is this your king?' | C) 'For Rome!' | D) 'Are you not entertained?',D
171,Movies and Series,Easy,Multiple Choice,"In Marvel's Guardians of the Galaxy, what is the name of Peter Quill's cassette mixtape containing 1970s pop-rock hits given to him by his mother?",A) Awesome Mix Vol. 1 | B) Space Jam Hits | C) Golden Oldies | D) Cosmic Jams,A
172,Movies and Series,Easy,Multiple Choice,"In The Godfather Part II, which cold, calculating younger son completes his transformation into the ruthless, isolated head of the Corleone empire?",A) Sonny Corleone | B) Michael Corleone | C) Fredo Corleone | D) Tom Hagen,B
173,Movies and Series,Easy,Typing,"In Marvel's Black Panther, what is the name of T'Challa's genius younger sister who designs all the high-tech suits and weapons?",,Shuri
174,Movies and Series,Easy,Typing,"In Titanic, what is the famous line shouted by Jack Dawson from the ship's bow: 'I'm the king of the ...'?",,world
175,Movies and Series,Easy,Typing,"In Marvel's Avengers, what is the name of Thor's mischievous adoptive brother and God of Mischief played by Tom Hiddleston?",,Loki
176,Movies and Series,Medium,Multiple Choice,"In Marvel's Captain America: Civil War (2016), what UN international legislative document splits the Avengers over government oversight of superheroes?",A) The Geneva Accords | B) The Wakandan Treaty | C) The Sokovia Accords | D) The S.H.I.E.L.D. Protocol,C
177,Movies and Series,Medium,Multiple Choice,"In The Dark Knight (2008), what two ferry boats in Gotham harbor does the Joker rig with explosives, putting detonators on opposite boats?",A) Police officers and Firefighters | B) City officials and Tourists | C) Doctors and Teachers | D) Civilian commuters and Convicts/Prisoners,D
178,Movies and Series,Medium,Multiple Choice,"In Inception (2010), what is the architectural term for the impossible infinite staircase loop created by Arthur in the dream world?",A) Penrose Steps | B) Escher Staircase | C) Möbius Strip | D) Hilbert Curve,A
179,Movies and Series,Medium,Multiple Choice,"In The Godfather (1972), at what sacred Catholic ceremony does Michael Corleone act as godfather while his assassins simultaneously eliminate all rival Five Families heads?",A) His sister Connie's wedding | B) The Baptism of his nephew | C) His father Vito's funeral | D) Midnight Mass,B
180,Movies and Series,Medium,Multiple Choice,"In Interstellar, what wormhole located near which planet in our solar system allows the Endurance spaceship to travel to another galaxy?",A) Mars | B) Jupiter | C) Saturn | D) Neptune,C
181,Movies and Series,Medium,Multiple Choice,"In The Shawshank Redemption, what elderly, paroled prison librarian tragically hangs himself after struggling to adapt to life outside prison walls?",A) Red | B) Tommy Williams | C) Bogs Diamond | D) Brooks Hatlen,D
182,Movies and Series,Medium,Multiple Choice,"In Marvel's Avengers: Age of Ultron (2015), what artificial intelligence created by Tony Stark and Bruce Banner decides humanity must be wiped out to bring peace?",A) Ultron | B) Vision | C) JARVIS | D) Zola,A
183,Movies and Series,Medium,Multiple Choice,"In Pulp Fiction, what fast food burger does Jules Winnfield sample from Brett in the apartment, calling it a 'tasty burger'?",A) Royale with Cheese | B) Big Kahuna Burger | C) Big Mac | D) Krusty Burger,B
184,Movies and Series,Medium,Multiple Choice,"In Gladiator (2000), what former gladiator and gladiator school owner (played by Oliver Reed) purchases Maximus in Zucchabar?",A) Cassius | B) Falco | C) Antonius Proximo | D) Cicero,C
185,Movies and Series,Medium,Multiple Choice,"In Fight Club (1999), what consumer goods company does Tyler Durden finance by selling high-end bars of handmade soap made from human liposuction fat?",A) Paper Street Candle Co. | B) Project Soap | C) Tyler's Organic Soaps | D) The Paper Street Soap Company,D
186,Movies and Series,Medium,Typing,"In Marvel's Iron Man, what glowing power source embedded in Tony Stark's chest keeps shrapnel away from his heart?",,Arc Reactor
187,Movies and Series,Medium,Typing,"In Christopher Nolan's The Prestige (2006), what is the stage name of the illusionist played by Christian Bale who performs 'The Transported Man'?",,The Professor
188,Movies and Series,Hard,Multiple Choice,"In The Godfather (1972), what small town in Sicily was Vito Andolini born in, which became his adopted American surname?",A) Corleone | B) Palermo | C) Taormina | D) Syracuse,A
189,Movies and Series,Hard,Multiple Choice,"In Christopher Nolan's Inception, what architect student played by Elliot Page is recruited by Cobb to design complex dream mazes?",A) Mal | B) Ariadne | C) Eames | D) Yusuf,B
190,Movies and Series,Easy,Multiple Choice,"In Marvel Cinematic Universe lore, what is the real name of the comic book creator who made memorable cameo appearances in 22 MCU films before his death in 2018?",A) Jack Kirby | B) Steve Ditko | C) Stan Lee | D) Jim Lee,C
191,Movies and Series,Hard,Multiple Choice,"In The Shawshank Redemption, what corrupt, hypocritical warden of Shawshank Prison quotes scripture while running money-laundering schemes?",A) Captain Byron Hadley | B) Officer Mert | C) Warden Stammas | D) Warden Samuel Norton,D
192,Movies and Series,Hard,Multiple Choice,"In Interstellar, what is the name of the ice-covered cloud planet where astronaut Dr. Mann fakes positive survey data to be rescued?",A) Mann's Planet | B) Miller's Planet | C) Edmunds' Planet | D) Cooper's Station,A
193,Movies and Series,Hard,Multiple Choice,"In Pulp Fiction, what French name does Vincent Vega tell Jules they call a Quarter Pounder with Cheese in Paris because of the metric system?",A) Le Big Mac | B) Royale with Cheese | C) Burger au Fromage | D) Quarter de Boeuf,B
194,Movies and Series,Hard,Multiple Choice,"In The Dark Knight trilogy, what ancient mountain league of shadows assassin order led by Ra's al Ghul aims to purge corrupt civilizations like Gotham?",A) The Court of Owls | B) The Black Glove | C) The League of Shadows | D) Order of St. Dumas,C
195,Movies and Series,Hard,Multiple Choice,"In Marvel's Captain America: The First Avenger (2011), what German scientist defected to America and developed the Super Soldier Serum that transformed Steve Rogers?",A) Dr. Arnim Zola | B) Dr. Emil Blonsky | C) Dr. Bruce Banner | D) Dr. Abraham Erskine,D
196,Movies and Series,Hard,Typing,"In The Godfather, what is the nickname of the hot-headed eldest Corleone son played by James Caan who is ambushed and shot at the highway tollbooth?",,Sonny
197,Movies and Series,Hard,Typing,"In Christopher Nolan's The Dark Knight (2008), what is the first name of Bruce Wayne's childhood sweetheart and assistant district attorney played by Maggie Gyllenhaal?",,Rachel
198,Movies and Series,Hard,Multiple Choice,"In Marvel's Thor: Love and Thunder (2022), what villain played by Christian Bale wields the Necrosword to slaughter deities across the cosmos?",A) Gorr the God Butcher | B) Malekith | C) Hela | D) Kang,A
199,Movies and Series,Hard,Multiple Choice,"In Gladiator (2000), what two small carved wooden figurines does Maximus keep in a pouch and place on the soil to honor his murdered wife and son?",A) A lion and an eagle | B) His wife and his son | C) A gladiator and a horse | D) Jupiter and Mars,B
200,Movies and Series,Hard,Multiple Choice,"In Christopher Nolan's Inception (2010), what is the name of Dom Cobb's late wife whose projection haunts his subconscious inside dreams?",A) Ariadne | B) Phillipa | C) Mal | D) Elena,C
201,Movies and Series,Easy,Multiple Choice,"In AMC's Breaking Bad, what is the criminal alias adopted by chemistry teacher Walter White as he builds his meth empire?",A) Scarface | B) El Padrino | C) Blue Sky | D) Heisenberg,D
202,Movies and Series,Easy,Multiple Choice,"In HBO's Game of Thrones, which great noble house in the North has a direwolf on its sigil and the motto 'Winter Is Coming'?",A) House Stark | B) House Lannister | C) House Targaryen | D) House Baratheon,A
203,Movies and Series,Easy,Multiple Choice,"In BBC's Peaky Blinders, who is the calculating, ambitious war veteran leader of the Shelby crime family in Birmingham?",A) Arthur Shelby | B) Thomas 'Tommy' Shelby | C) John Shelby | D) Michael Gray,B
204,Movies and Series,Easy,Multiple Choice,"In Netflix's Money Heist (La Casa de Papel), what eccentric criminal mastermind plans the heist of the Royal Mint of Spain from a secluded warehouse?",A) Berlin | B) Tokyo | C) The Professor | D) Moscow,C
205,Movies and Series,Easy,Multiple Choice,"In HBO's The Sopranos, what New Jersey mob boss played by James Gandolfini attends secret therapy sessions with Dr. Jennifer Melfi?",A) Paulie Walnuts | B) Christopher Moltisanti | C) Silvio Dante | D) Tony Soprano,D
206,Movies and Series,Easy,Multiple Choice,"In Game of Thrones, what is the title given to Daenerys Targaryen referring to her three hatched dragons (Drogon, Rhaegal, and Viserion)?",A) Mother of Dragons | B) Queen of the Ashes | C) The Unburnt | D) Breaker of Chains,A
207,Movies and Series,Easy,Multiple Choice,"In Breaking Bad, what fast food fried chicken chain operated by Gus Fring serves as a secret front for his Southwest drug distribution?",A) Pollo Tropical | B) Los Pollos Hermanos | C) El Pollo Loco | D) Los Pollos del Sol,B
208,Movies and Series,Easy,Multiple Choice,"In BBC's Sherlock, what acclaimed British actor plays the high-functioning sociopath consulting detective Sherlock Holmes?",A) Martin Freeman | B) Andrew Scott | C) Benedict Cumberbatch | D) Mark Gatiss,C
209,Movies and Series,Easy,Multiple Choice,"In HBO's Succession, what foul-mouthed media patriarch played by Brian Cox is the founder and CEO of global conglomerate Waystar RoyCo?",A) Kendall Roy | B) Roman Roy | C) Tom Wambsgans | D) Logan Roy,D
210,Movies and Series,Easy,Multiple Choice,"In Better Call Saul and Breaking Bad, what is the flamboyant strip-mall lawyer Saul Goodman's real birth name?",A) Jimmy McGill | B) Charles McGill | C) Howard Hamlin | D) Kim Wexler,A
211,Movies and Series,Easy,Multiple Choice,"In Game of Thrones, what bastard son of Ned Stark joins the Night's Watch at Castle Black and is told 'You know nothing'?",A) Robb Stark | B) Jon Snow | C) Theon Greyjoy | D) Gendry,B
212,Movies and Series,Easy,Multiple Choice,"In Money Heist, what surrealist Spanish artist's face is depicted on the plastic masks worn by the robbers during the heists?",A) Pablo Picasso | B) Joan Miró | C) Salvador Dalí | D) Francisco Goya,C
213,Movies and Series,Easy,Multiple Choice,"In Breaking Bad, who is Walter White's former slacker student and loyal cooking partner who frequently exclaims 'Yeah, science!'?",A) Badger | B) Skinny Pete | C) Combo | D) Jesse Pinkman,D
214,Movies and Series,Easy,Multiple Choice,"In Peaky Blinders, what concealed weapon do members of the gang sew into the peaks of their signature tweed flat caps?",A) Razor blades | B) Switchblades | C) Lead weights | D) Steel spikes,A
215,Movies and Series,Easy,Multiple Choice,"In Game of Thrones, what is the colossal 700-foot-tall ice fortification defending the realms of men from the threats in the far North?",A) Winterfell | B) The Wall | C) The Eyrie | D) Storm's End,B
216,Movies and Series,Easy,Multiple Choice,"In Netflix's Narcos (Seasons 1-2), what Colombian kingpin leader of the Medellín Cartel is portrayed by Wagner Moura?",A) Gilberto Rodríguez Orejuela | B) Pacho Herrera | C) Pablo Escobar | D) Miguel Ángel Félix Gallardo,C
217,Movies and Series,Easy,Multiple Choice,"In HBO's House of the Dragon, what massive, ancient female dragon with golden scales and bronze wings was ridden by King Viserys and previously Queen Alysanne?",A) Caraxes | B) Syrax | C) Meleys | D) Vhagar,D
218,Movies and Series,Easy,Multiple Choice,"In Breaking Bad, what color tint makes Walter White's 99.1% chemically pure crystal methamphetamine world-famous on the street?",A) Sky Blue | B) Red | C) Green | D) White,A
219,Movies and Series,Easy,Multiple Choice,"In Game of Thrones, what golden-haired twin brother and sister from House Lannister maintain a forbidden romantic relationship?",A) Tyrion and Cersei | B) Jaime and Cersei Lannister | C) Lancel and Cersei | D) Tywin and Joanna,B
220,Movies and Series,Easy,Multiple Choice,"In HBO's The Wire, in what East Coast American city is the critically acclaimed urban drama about police, drug trades, schools, and politics set?","A) Philadelphia, Pennsylvania | B) Boston, Massachusetts | C) Baltimore, Maryland | D) Detroit, Michigan",C
221,Movies and Series,Easy,Multiple Choice,"In BBC's Sherlock, what is the London address and apartment where Sherlock Holmes and Dr. John Watson reside?",A) 10 Downing Street | B) 4 Privet Drive | C) Fleet Street | D) 221B Baker Street,D
222,Movies and Series,Easy,Multiple Choice,"In Money Heist, after what famous world cities do the heist gang members name themselves (e.g. Tokyo, Berlin, Nairobi, Denver, Rio, Helsinki, Oslo)?",A) Capital and Major World Cities | B) Famous Rivers | C) Famous Mountains | D) Greek Gods,A
223,Movies and Series,Easy,Typing,"In Breaking Bad, what is the first name of Walter White's DEA agent brother-in-law whose last name is Schrader?",,Hank
224,Movies and Series,Easy,Typing,"In Game of Thrones, what is the name of the ancestral Valyrian steel greatsword of House Stark held by Ned Stark?",,Ice
225,Movies and Series,Easy,Typing,"In Better Call Saul, what is the legal catchphrase and commercial slogan of Jimmy McGill: 'Better Call ...'?",,Saul
226,Movies and Series,Easy,Multiple Choice,"In Peaky Blinders, what is the nickname and street name of the Birmingham neighborhood where the Shelby family began?",A) Digbeth | B) Small Heath | C) Aston | D) Edgbaston,B
227,Movies and Series,Medium,Multiple Choice,"In Game of Thrones (Season 3), what horrific slaughter of Robb Stark, Catelyn Stark, and northern soldiers takes place at the Twins during Edmure Tully's wedding?",A) The Battle of the Bastards | B) The Purple Wedding | C) The Red Wedding | D) The Massacre at Hardhome,C
228,Movies and Series,Medium,Multiple Choice,"In Breaking Bad, what is the name of the elderly, wheelchair-bound former cartel boss who communicates only by dinging a brass bell?",A) Tuco Salamanca | B) Lalo Salamanca | C) Don Eladio | D) Hector Salamanca,D
229,Movies and Series,Medium,Multiple Choice,"In HBO's Succession, which neurotic, ambitious son-in-law married to Shiv Roy ultimately gets named CEO of American operations under GoJo?",A) Tom Wambsgans | B) Greg Hirsch | C) Roman Roy | D) Connor Roy,A
230,Movies and Series,Medium,Multiple Choice,"In Money Heist, what historic Italian anti-fascist resistance anthem song is sung passionately by the Professor and Berlin before the heist?","A) O Sole Mio | B) Bella Ciao | C) Funiculì, Funiculà | D) Volare",B
231,Movies and Series,Medium,Multiple Choice,"In Game of Thrones, what dwarf youngest son of Tywin Lannister is framed for the murder of King Joffrey Baratheon and demands a trial by combat?",A) Lancel Lannister | B) Kevan Lannister | C) Tyrion Lannister | D) Jaime Lannister,C
232,Movies and Series,Medium,Multiple Choice,"In Breaking Bad (Season 4 finale), what flower from Walter White's backyard garden is used to poison young Brock Cantillo to manipulate Jesse?",A) Oleander | B) Nightshade | C) Castor bean | D) Lily of the Valley,D
233,Movies and Series,Medium,Multiple Choice,"In Peaky Blinders, what matriarchal aunt and treasurer of the Shelby company, played by the late Helen McCrory, is Tommy's most trusted advisor?",A) Aunt Polly Gray | B) Ada Thorne | C) Lizzie Stark | D) May Carleton,A
234,Movies and Series,Medium,Multiple Choice,"In Better Call Saul, who is Jimmy McGill's brilliant, brilliant older brother with an psychosomatic electromagnetic hypersensitivity who resents Jimmy?",A) Howard Hamlin | B) Chuck McGill | C) Cliff Main | D) Rich Schweikart,B
235,Movies and Series,Medium,Multiple Choice,"In Game of Thrones, what ancient, nightmarish leader of the White Walkers turns human infants into crag-eyed wights with a single touch?",A) The Lord of Bones | B) The Night's King | C) Craster | D) The Drowned God,C
236,Movies and Series,Medium,Multiple Choice,"In The Sopranos, what Bada Bing strip club manager and consigliere is Tony Soprano's most level-headed confidant?",A) Paulie Gualtieri | B) Bobby Baccalieri | C) Ralph Cifaretto | D) Silvio Dante,D
237,Movies and Series,Medium,Multiple Choice,"In BBC's Sherlock, who is Sherlock Holmes' brilliant, chaotic arch-nemesis who asks 'Did you miss me?' and orchestrates the Reichenbach fall?",A) Jim Moriarty | B) Charles Augustus Magnussen | C) Irene Adler | D) Culverton Smith,A
238,Movies and Series,Medium,Multiple Choice,"In House of the Dragon, what civil war of succession erupts between Princess Rhaenyra Targaryen (Blacks) and Prince Aegon II (Greens)?",A) The Blackfyre Rebellion | B) The Dance of the Dragons | C) The War of the Five Kings | D) Robert's Rebellion,B
239,Movies and Series,Medium,Multiple Choice,"In Breaking Bad, what is the title of the acclaimed Season 5 episode directed by Rian Johnson where Hank is killed in the desert and Walter's family shatters?",A) Face Off | B) Fly | C) Ozymandias | D) Felina,C
240,Movies and Series,Medium,Typing,"In Game of Thrones, what is the name of Arya Stark's thin, needle-like Braavosi water-dancer sword gifted to her by Jon Snow?",,Needle
241,Movies and Series,Medium,Typing,"In Breaking Bad, what lethal biological toxin derived from castor beans does Walter White extract inside the lab to use on enemies?",,Ricin
242,Movies and Series,Medium,Typing,"In Succession, what is the name of the massive annual business media conference in Idaho where the Roy family meets tech mogul Lukas Matsson?",,Arnprior
243,Movies and Series,Hard,Multiple Choice,"In The Wire, what charismatic, shotgun-wielding stick-up artist robs drug dealers with a strict moral code and whistles 'The Farmer in the Dell'?",A) Avon Barksdale | B) Stringer Bell | C) Marlo Stanfield | D) Omar Little,D
244,Movies and Series,Hard,Multiple Choice,"In Better Call Saul, what charming, calculating cartel boss and nephew of Hector Salamanca infiltrates Gus Fring's laundry superlab before being shot?",A) Lalo Salamanca | B) Tuco Salamanca | C) Marco Salamanca | D) Leonel Salamanca,A
245,Movies and Series,Medium,Multiple Choice,"In Game of Thrones, what is the Valyrian phrase meaning 'All men must die', commonly answered with 'Valar Dohaeris' ('All men must serve')?",A) Dracarys | B) Valar Morghulis | C) Morghon Vala | D) Valyrio Sōnar,B
246,Movies and Series,Hard,Multiple Choice,"In The Sopranos, what animal dream in Tony's swimming pool in the pilot episode triggers his first severe panic attack?",A) Black crows | B) Stray dogs | C) A family of wild ducks | D) White swans,C
247,Movies and Series,Hard,Multiple Choice,"In Breaking Bad, what is the secret laser-tag/car-wash money-laundering storage facility where Skyler stacks $80 million in cash?",A) A bank safety deposit box | B) Under the crawl space | C) Behind the bedroom drywall | D) A rented public storage unit,D
248,Movies and Series,Medium,Multiple Choice,"In Peaky Blinders, what ruthless Jewish gang leader from Camden Town, London, played by Tom Hardy, forms a volatile partnership with Tommy Shelby?",A) Alfie Solomons | B) Luca Changretta | C) Darby Sabini | D) Oswald Mosley,A
249,Movies and Series,Hard,Multiple Choice,"In House of the Dragon, what two-headed gold dragon sigil banner is chosen by King Aegon II Targaryen during the Dance of the Dragons?",A) A green dragon on black | B) A golden dragon on black | C) A three-headed red dragon on gold | D) A black dragon on white,B
250,Movies and Series,Hard,Multiple Choice,"In HBO's Chernobyl (2019), what Soviet inorganic chemist played by Jared Harris records his audio tapes exposing the flawed RBMK nuclear reactor design?",A) Boris Shcherbina | B) Anatoly Dyatlov | C) Valery Legasov | D) Nikolai Fomin,C
251,Movies and Series,Medium,Typing,"In Game of Thrones, what is the name of Jon Snow's albino direwolf with red eyes?",,Ghost
252,Movies and Series,Hard,Typing,"In Breaking Bad, what is the title of the final series finale episode, which is an anagram of 'FINALE' and references iron, lithium, and sodium?",,Felina
253,Movies and Series,Hard,Multiple Choice,"In Succession, what is the first name of Kendall Roy's tech startup company and podcast network attempt in Season 1?",A) Waystar | B) GoJo | C) Pierce | D) Vaulter,D
254,Movies and Series,Easy,Multiple Choice,"In Game of Thrones, what is the legendary seat of kings in King's Landing forged from a thousand swords by dragon fire?",A) The Iron Throne | B) The Dragon Throne | C) The Valyrian Seat | D) The High Tower,A
255,Movies and Series,Easy,Multiple Choice,"In Breaking Bad, what motorhome vehicle model does Walter and Jesse use as their mobile cook lab in the New Mexico desert in Season 1?",A) Winnebago Chieftain | B) 1986 Fleetwood Bounder RV | C) Airstream Classic | D) Coachmen Leprechaun,B
256,Movies and Series,Easy,Multiple Choice,"In BBC's Sherlock, what military doctor veteran of the war in Afghanistan is Sherlock's faithful flatmate, blogger, and partner in solving crimes?",A) Dr. Greg Lestrade | B) Mycroft Holmes | C) Dr. John Watson | D) Jim Moriarty,C
257,Movies and Series,Easy,Multiple Choice,"In Game of Thrones, what High Valyrian command word does Daenerys Targaryen utter to command her dragons to breathe fire?",A) Kelitis | B) Valahd | C) Rytsas | D) Dracarys,D
258,Movies and Series,Easy,Multiple Choice,"In Better Call Saul, what tenacious, brilliant corporate attorney from Mesa Verde is Jimmy McGill's romantic partner and wife?",A) Kim Wexler | B) Francesca Liddy | C) Paige Novick | D) Suzanne Ericsen,A
259,Movies and Series,Easy,Multiple Choice,"In Peaky Blinders, what is the family name of the brothers (Tommy, Arthur, John, Finn) who control the Birmingham underworld?",A) The Changrettas | B) The Shelbys | C) The Sabinis | D) The Grays,B
260,Movies and Series,Easy,Multiple Choice,"In Money Heist, what is the signature red garment worn by all heist members and hostages during the bank takeovers?",A) Red Capes | B) Red Trench Coats | C) Red Jumpsuits | D) Red Silk Robes,C
261,Movies and Series,Easy,Multiple Choice,"In Breaking Bad, what is the occupation of Walter White's wife, Skyler, when she is asked to help launder Walter's illegal drug profits?",A) Real estate agent | B) School teacher | C) Bank teller | D) Bookkeeper / Accountant,D
262,Movies and Series,Easy,Multiple Choice,"In Game of Thrones, which house motto is 'Hear Me Roar!', though they are far more famous for the saying 'A Lannister always pays his debts'?",A) House Lannister | B) House Baratheon | C) House Tyrell | D) House Martell,A
263,Movies and Series,Easy,Multiple Choice,"In HBO's The Sopranos, what is the name of Tony Soprano's strong-willed, Catholic mob wife who manages their home in North Caldwell?",A) Meadow Soprano | B) Carmela Soprano | C) Janice Soprano | D) Adriana La Cerva,B
264,Movies and Series,Easy,Multiple Choice,"In Netflix's Narcos, what United States federal agency do special agents Steve Murphy and Javier Peña work for in Colombia?",A) The FBI | B) The CIA | C) The Drug Enforcement Administration | D) Homeland Security,C
265,Movies and Series,Easy,Multiple Choice,"In Game of Thrones, what young Stark girl trains with the Faceless Men in the House of Black and White in Braavos to become 'no one'?",A) Sansa Stark | B) Lyanna Stark | C) Brienne of Tarth | D) Arya Stark,D
266,Movies and Series,Easy,Multiple Choice,"In Breaking Bad, what is the name of Walter White's fast-talking, combative defense attorney who operates from a strip mall office with an inflatable Statue of Liberty?",A) Saul Goodman | B) Howard Hamlin | C) Clifford Main | D) Bill Oakley,A
267,Movies and Series,Easy,Multiple Choice,"In Peaky Blinders, what is the name of the oldest Shelby brother, known for his volatile temper and inner trauma from World War I?",A) John Shelby | B) Arthur Shelby Jr. | C) Michael Gray | D) Finn Shelby,B
268,Movies and Series,Easy,Multiple Choice,"In Game of Thrones, what three dragons are hatched from stone eggs by Daenerys Targaryen on Khal Drogo's funeral pyre?","A) Balerion, Meraxes, and Vhagar | B) Sunfyre, Caraxes, and Syrax | C) Drogon, Rhaegal, and Viserion | D) Vermithor, Silverwing, and Seasmoke",C
269,Movies and Series,Easy,Multiple Choice,"In Succession, who is the self-proclaimed 'eldest boy' and second son of Logan Roy who repeatedly tries and fails to launch a hostile takeover against his father?",A) Roman Roy | B) Connor Roy | C) Greg Hirsch | D) Kendall Roy,D
270,Movies and Series,Easy,Multiple Choice,"In Better Call Saul and Breaking Bad, who is the quiet, former Philadelphia police officer turned ruthless fixer and parking booth attendant?",A) Mike Ehrmantraut | B) Lalo Salamanca | C) Tyrus Kitt | D) Victor,A
271,Movies and Series,Easy,Multiple Choice,"In Money Heist (Season 3-5), what major national institution does the Professor's crew target in their second massive heist to steal 90 tons of gold?",A) The Prado Museum | B) The Bank of Spain | C) The Royal Palace of Madrid | D) The National Treasury,B
272,Movies and Series,Easy,Multiple Choice,"In Game of Thrones, what castle in the North is the ancestral home and fortress of House Stark?",A) Riverrun | B) Dragonstone | C) Winterfell | D) Highgarden,C
273,Movies and Series,Easy,Typing,"In Breaking Bad, what high school science subject did Walter White teach in Albuquerque before diagnosing his lung cancer?",,chemistry
274,Movies and Series,Easy,Typing,"In Game of Thrones, what is the nickname given to the Kingsguard knight Jaime Lannister after he slayed the Mad King Aerys II Targaryen?",,Kingslayer
275,Movies and Series,Easy,Typing,"In Peaky Blinders, what is the name of Tommy Shelby's first wife, an Irish former undercover operative who worked at The Garrison pub?",,Grace
276,Movies and Series,Medium,Multiple Choice,"In Game of Thrones, who pushes young Bran Stark out of the broken tower window in Winterfell to keep their secret relationship hidden?",A) Tyrion Lannister | B) Sandor Clegane | C) Petyr Baelish | D) Jaime Lannister,D
277,Movies and Series,Medium,Multiple Choice,"In Breaking Bad, what is the name of the German industrial parent conglomerate that secretly funds Gus Fring's superlab and fast food ventures?",A) Madrigal Electromotive GmbH | B) Gray Matter Technologies | C) Golden Moth Chemical | D) Beneke Fabricators,A
278,Movies and Series,Medium,Multiple Choice,"In House of the Dragon, what rogue Targaryen prince wielding the Valyrian steel sword Dark Sister is the brother of King Viserys and husband to Rhaenyra?",A) Corlys Velaryon | B) Daemon Targaryen | C) Otto Hightower | D) Aegon Targaryen,B
279,Movies and Series,Medium,Multiple Choice,"In BBC's Sherlock, what female dominatrix and blackmailer outsmarts Sherlock Holmes and is known as 'The Woman'?",A) Mary Morstan | B) Eurus Holmes | C) Irene Adler | D) Janine Hawkins,C
280,Movies and Series,Medium,Multiple Choice,"In Peaky Blinders, what historical fascist British politician and leader of the British Union of Fascists becomes Tommy Shelby's dangerous rival in Season 5?",A) Winston Churchill | B) Arthur Wellesley | C) Neville Chamberlain | D) Sir Oswald Mosley,D
281,Movies and Series,Medium,Multiple Choice,"In Game of Thrones, what is the rare volcanic glass substance mined on Dragonstone capable of killing White Walkers and their wights?",A) Dragonglass | B) Valyrian Glass | C) Mithril | D) Fire Quartz,A
282,Movies and Series,Medium,Multiple Choice,"In Succession, what is the name of the Swedish tech giant company led by eccentric billionaire Lukas Matsson that buys Waystar RoyCo?",A) Waystar | B) GoJo | C) Pierce Global Media | D) Furness Holdings,B
283,Movies and Series,Medium,Multiple Choice,"In Better Call Saul, what prestigious Albuquerque law firm was co-founded by Chuck McGill and Howard Hamlin?","A) Davis & Main | B) Schweikart & Cokely | C) Hamlin, Hamlin & McGill | D) Wexler McGill Legal",C
284,Movies and Series,Medium,Multiple Choice,"In Money Heist, what tragic mother and master forger is known for the line 'Empieza el matriarcado' ('Let the matriarchy begin') before her death in Season 4?",A) Tokyo | B) Lisbon | C) Stockholm | D) Nairobi,D
285,Movies and Series,Medium,Multiple Choice,"In The Sopranos, what young mob protégé and nephew of Tony Soprano struggles with heroin addiction before being suffocated by Tony in a car accident?",A) Christopher Moltisanti | B) Jackie Aprile Jr. | C) AJ Soprano | D) Matthew Bevilaqua,A
286,Movies and Series,Medium,Typing,"In Game of Thrones, what is the giant, terrifying undead warrior name of Gregor Clegane, the older brother of Sandor Clegane (The Hound)?",,The Mountain
287,Movies and Series,Medium,Typing,"In Breaking Bad, what is the name of Walter White's former business partner who co-founded Gray Matter Technologies with Gretchen?",,Elliott Schwartz
288,Movies and Series,Hard,Multiple Choice,"In Game of Thrones, what is the name of the secret, ancient subterranean vault beneath the Sept of Baelor where Cersei Lannister stockpiles Wildfire to obliterate the High Sparrow?",A) The Red Keep Dungeons | B) The Guild of Alchemists vaults under the Great Sept of Baelor | C) The Dragonpit | D) The Maegor Vaults,B
289,Movies and Series,Hard,Multiple Choice,"In Breaking Bad, what is the name of the vacuum cleaner repair shop owner (played by Robert Forster) who provides complete identity disappearance services?",A) Caldera | B) Ira | C) Ed Galbraith | D) Declan,C
290,Movies and Series,Hard,Multiple Choice,"In The Wire, what is the nickname of the detective who famously uncovers wiretap phone patterns and creates the unit alongside Lester Freamon?",A) Bunk Moreland | B) Cedric Daniels | C) Kima Greggs | D) Jimmy McNulty,D
291,Movies and Series,Hard,Multiple Choice,"In Peaky Blinders, what is the name of the gypsy horse curse and fortune that Tommy Shelby's mother used to ward off bad luck?",A) The Sapphire of Krasna / Baro Shero curse | B) Romani Hex | C) Gypsy Blood Mark | D) Black Hand,A
292,Movies and Series,Hard,Multiple Choice,"In Game of Thrones lore, what massive black dragon ridden by Aegon the Conqueror was known as 'The Black Dread'?",A) Vhagar | B) Balerion the Black Dread | C) Meraxes | D) Caraxes,B
293,Movies and Series,Hard,Multiple Choice,"In The Sopranos (Series Finale 'Made in America'), what classic rock song by Journey plays in Holsten's diner before the famous sudden cut to black?",A) 'Wheel in the Sky' | B) 'Open Arms' | C) 'Don't Stop Believin'' | D) 'Faithfully',C
294,Movies and Series,Hard,Multiple Choice,"In Succession, what is the satirical name given by Roman Roy to the awkward, co-dependent corporate duo of Tom Wambsgans and Cousin Greg?",A) The Corporate Clowns | B) The Tall Boys | C) The Sycophants | D) The Disgusting Brothers,D
295,Movies and Series,Hard,Typing,"In Game of Thrones, who is the Master of Whisperers known as 'The Spider' who serves on the Small Council?",,Varys
296,Movies and Series,Hard,Typing,"In Breaking Bad, what is the name of the neo-Nazi gang leader and uncle of Todd Alquist who steals Walter's barrels of cash in the desert?",,Uncle Jack
297,Movies and Series,Hard,Multiple Choice,"In Better Call Saul, what is the name of the German head engineer hired by Gus Fring to construct the secret underground superlab?",A) Werner Ziegler | B) Lalo Salamanca | C) Gale Boetticher | D) Declan,A
298,Movies and Series,Hard,Multiple Choice,"In House of the Dragon, what ancient dragon horn or dragon-binding artifact is associated with Old Valyria's bloodmages?",A) Valyrian Bell | B) The Dragonbinder | C) Arakh of Pyre | D) Bloodstone,B
299,Movies and Series,Hard,Multiple Choice,"In BBC's Sherlock, what is the high-security island fortress prison where Sherlock's secret, hyper-intelligent sister Eurus Holmes was locked away?",A) Azkaban | B) Blackgate | C) Sherrinford | D) Dartmoor,C
300,Movies and Series,Hard,Multiple Choice,"In Game of Thrones, what is the ancestral seat and fortress of House Martell, located in the desert peninsula kingdom of Dorne?",A) Oldtown | B) Starfall | C) Yronwood | D) Sunspear,D
301,Movies and Series,Easy,Multiple Choice,"In NBC's The Office, what is the name of the regional paper and office supply company located in Scranton, Pennsylvania?",A) Dunder Mifflin Paper Company | B) Sabre Corporation | C) Wernham Hogg | D) Vance Refrigeration,A
302,Movies and Series,Easy,Multiple Choice,"In NBC's Friends, what Greenwich Village coffee house serves as the gang's favorite daily hangout spot in New York City?",A) Monk's Diner | B) Central Perk | C) Café Nervosa | D) Luke's Diner,B
303,Movies and Series,Easy,Multiple Choice,"In Netflix's Stranger Things, what is the name of the psychokinetic young girl with a shaved head who loves Eggo waffles and is designated '011'?",A) Max Mayfield | B) Nancy Wheeler | C) Eleven | D) Robin Buckley,C
304,Movies and Series,Easy,Multiple Choice,"In Netflix's Wednesday (2022), what outcasts' boarding school in Jericho, Vermont is attended by Wednesday Addams?",A) Salvatore Boarding School | B) Hogwarts Academy | C) Xavier's School for Gifted Youngsters | D) Nevermore Academy,D
305,Movies and Series,Easy,Multiple Choice,"In Netflix's Squid Game (2021), what is the first deadly childhood playground game played in Round 1 supervised by the giant robotic doll Young-hee?","A) Red Light, Green Light | B) Tug of War | C) The Glass Bridge | D) Dalgona Candy",A
306,Movies and Series,Easy,Multiple Choice,"In The Office, who is the eccentric Assistant to the Regional Manager who operates a beet farm and is a volunteer sheriff's deputy?",A) Jim Halpert | B) Dwight Schrute | C) Andy Bernard | D) Stanley Hudson,B
307,Movies and Series,Easy,Multiple Choice,"In Friends, what is the signature pickup catchphrase repeatedly used by Joey Tribbiani with a charming smirk?",A) 'Could this BE any more obvious?' | B) 'Pivot!' | C) 'How you doin'?' | D) 'We were on a break!',C
308,Movies and Series,Easy,Multiple Choice,"In Disney+'s The Mandalorian, what is the actual canonical name of the Force-sensitive green infant creature popularly known as 'Baby Yoda'?",A) Yoda Jr. | B) Yaddle | C) Dengar | D) Grogu,D
309,Movies and Series,Easy,Multiple Choice,"In Amazon's The Boys, what psychopathic, flag-caped superhero leader of The Seven possesses laser eyes and super strength?",A) Homelander | B) Soldier Boy | C) Black Noir | D) A-Train,A
310,Movies and Series,Easy,Multiple Choice,"In Fox's Brooklyn Nine-Nine, what serious, deadpan, opera-loving Captain commands the NYPD's 99th precinct and loves his corgi Cheddar?",A) Terry Jeffords | B) Captain Raymond Holt | C) Charles Boyle | D) Adrian Pimento,B
311,Movies and Series,Easy,Multiple Choice,"In Stranger Things, what dark, shadowy parallel dimension mirroring the real world is infested with vines and the Mind Flayer?",A) The Shadow Realm | B) The Nether | C) The Upside Down | D) The Dark Dimension,C
312,Movies and Series,Easy,Multiple Choice,"In Modern Family, what Colombian beauty married to Jay Pritchett is famous for her loud, proud passion and son Manny?",A) Claire Dunphy | B) Haley Dunphy | C) Alex Dunphy | D) Gloria Delgado-Pritchett,D
313,Movies and Series,Easy,Multiple Choice,"In The Office, what prank item does Jim Halpert repeatedly encase Dwight Schrute's office desk supplies (like his stapler) inside?",A) Yellow Jell-O | B) Expanding foam | C) Ice blocks | D) Plaster,A
314,Movies and Series,Easy,Multiple Choice,"In How I Met Your Mother, what suit-wearing, laser-tag-loving playboy played by Neil Patrick Harris frequently says 'Suit up!' and 'Legen-wait for it-dary'?",A) Marshall Eriksen | B) Barney Stinson | C) Ted Mosby | D) Robin Scherbatsky,B
315,Movies and Series,Easy,Multiple Choice,"In Wednesday (2022), what severed, stitch-marked sentient hand acts as Wednesday's loyal scout, protector, and friend at Nevermore?",A) Claw | B) Hand | C) Thing | D) Palm,C
316,Movies and Series,Easy,Multiple Choice,"In Squid Game, what contest player number is worn by the debt-ridden, compassionate main protagonist Seong Gi-hun?",A) Player 001 | B) Player 218 | C) Player 067 | D) Player 456,D
317,Movies and Series,Easy,Multiple Choice,"In Friends, what quirky folk-rock song does Phoebe Buffay perform on her acoustic guitar at Central Perk about an unpopular feline?",A) 'Smelly Cat' | B) 'Two of Them Kissed Last Night' | C) 'Sticky Shoes' | D) 'Crazy Underwear',A
318,Movies and Series,Easy,Multiple Choice,"In Stranger Things, what is the fictional Indiana town where the Hawkins National Laboratory opens the gate to the Upside Down?",A) Riverdale | B) Hawkins | C) Sunnydale | D) Castle Rock,B
319,Movies and Series,Easy,Multiple Choice,"In The Office, what is printed on the white ceramic coffee mug that Regional Manager Michael Scott bought for himself?",A) 'Employee of the Month' | B) 'Scranton Strangler' | C) 'World's Best Boss' | D) 'That's What She Said',C
320,Movies and Series,Easy,Multiple Choice,"In Brooklyn Nine-Nine, what childish but brilliant detective played by Andy Samberg is obsessed with Die Hard and bets against Amy Santiago?",A) Terry Jeffords | B) Charles Boyle | C) Scully | D) Jake Peralta,D
321,Movies and Series,Easy,Multiple Choice,"In The Mandalorian, what sacred creed phrase is spoken by devout Mandalorians of the Children of the Watch when affirming their code?",A) 'This is the Way.' | B) 'May the Force be with you.' | C) 'Honor over life.' | D) 'We are the Clan.',A
322,Movies and Series,Easy,Multiple Choice,"In The Boys, what British vigilante leader played by Karl Urban seeks personal revenge against Homelander and calls superheroes 'supes'?",A) Hughie Campbell | B) Billy Butcher | C) Frenchie | D) Mother's Milk,B
323,Movies and Series,Easy,Typing,"In The Office, what is the first name of the Dunder Mifflin receptionist who falls in love with and marries Jim Halpert?",,Pam
324,Movies and Series,Easy,Typing,"In Friends, what argument excuse does Ross Geller repeatedly shout to justify sleeping with Chloe the copy girl: 'We were on a ...'?",,break
325,Movies and Series,Easy,Typing,"In Stranger Things, what is the name of the petal-faced predatory monster from the Upside Down named after a D&D creature?",,Demogorgon
326,Movies and Series,Easy,Typing,"In Wednesday, what is the name of Wednesday's bubbly, colorful werewolf roommate who runs a gossip blog at Nevermore?",,Enid
327,Movies and Series,Medium,Multiple Choice,"In The Office (US), what is the name of the annual comedic Dundalk-style awards ceremony hosted by Michael Scott at Chili's restaurant?",A) The Scrantonies | B) The Scotties | C) The Dundies | D) The Mifflin Awards,C
328,Movies and Series,Medium,Multiple Choice,"In Friends, what profession does Ross Geller practice as a PhD doctor working at the New York Museum of Prehistoric History?",A) Archeologist | B) Evolutionary Biologist | C) Astronomer | D) Paleontologist,D
329,Movies and Series,Medium,Multiple Choice,"In Stranger Things (Season 4), what terrifying Upside Down entity curses traumatized teens with grandfather clock visions and telekinetic snapping bones?",A) Vecna | B) The Mind Flayer | C) The Demodog | D) The Spider Monster,A
330,Movies and Series,Medium,Multiple Choice,"In Squid Game, what candy carving game in Round 2 requires players to carefully carve out shapes (circle, triangle, star, umbrella) without breaking the honeycomb?",A) Bungeo-ppang | B) Dalgona Candy | C) Songpyeon | D) Yugwa,B
331,Movies and Series,Medium,Multiple Choice,"In The Boys, what chemical blue pharmaceutical serum developed by Vought International gives humans superhuman abilities?",A) Mirakuru | B) Super-Soldier Serum | C) Compound V | D) Extremis,C
332,Movies and Series,Medium,Multiple Choice,"In Brooklyn Nine-Nine, what annual Halloween tradition involves all detectives competing in a complex precinct-wide heist to steal an object and be crowned what?",A) 'The Great Detective' | B) 'King of the Nine-Nine' | C) 'The Ultimate Sleuth' | D) 'The Ultimate Human / Genius',D
333,Movies and Series,Medium,Multiple Choice,"In Modern Family, what enthusiastic real estate agent and self-proclaimed 'cool dad' loves cheerleading, trampolines, and magic tricks?",A) Phil Dunphy | B) Mitchell Pritchett | C) Cameron Tucker | D) Jay Pritchett,A
334,Movies and Series,Medium,Multiple Choice,"In How I Met Your Mother, what item of clothing did Ted Mosby proudly wear around New York despite everyone making fun of it?",A) A blue Fedora | B) Red cowboy boots | C) A green bow tie | D) A purple cape,B
335,Movies and Series,Medium,Multiple Choice,"In Netflix's Black Mirror (Episode 'Nosedive'), what societal metric governs social status, flights, and housing in a pastel dystopia?",A) Cryptocurrency balance | B) Fitness steps tracker | C) 5-star peer-to-peer social credit ratings | D) IQ test scores,C
336,Movies and Series,Medium,Multiple Choice,"In The Office, what homemade dish does accountant Kevin Malone famously spill all over the carpet in the cold open of Season 5?",A) Lasagna | B) Beef Stew | C) Clam Chowder | D) His Famous Chili,D
337,Movies and Series,Medium,Multiple Choice,"In Stranger Things, what song by Kate Bush from 1985 saves Max Mayfield from Vecna's curse when played through her Walkman headphones?",A) 'Running Up That Hill (A Deal with God)' | B) 'Wuthering Heights' | C) 'Bounds of Love' | D) 'Cloudbusting',A
338,Movies and Series,Medium,Multiple Choice,"In Wednesday, what 1981 song by The Cramps accompanies Wednesday Addams' viral, self-choreographed gothic dance at the Rave'N dance?",A) 'Monster Mash' | B) 'Goo Goo Muck' | C) 'Bloody Mary' | D) 'Tainted Love',B
339,Movies and Series,Medium,Multiple Choice,"In Friends, what is the name of Chandler Bing's loud, nasal-voiced on-and-off girlfriend famous for screaming 'OH... MY... GOD!'?",A) Emily Waltham | B) Kathy | C) Janice Litman-Goralnik | D) Mona,C
340,Movies and Series,Medium,Typing,"In The Office, what three words make up Dwight Schrute's favorite mock wildlife debate with Jim: 'Bears, beets, ...'?",,Battlestar Galactica
341,Movies and Series,Medium,Multiple Choice,"In How I Met Your Mother, what small musical instrument does Ted Mosby steal from the French restaurant for Robin Scherbatsky?",A) Red Cowboy Boot | B) Yellow Umbrella | C) Green Tie | D) Blue French Horn,D
342,Movies and Series,Medium,Typing,"In Squid Game, what total prize jackpot in Korean Won does the last remaining survivor win from the transparent golden piggy bank?",,45.6 billion won
343,Movies and Series,Hard,Multiple Choice,"In The Office, what is the title of Michael Scott's self-written, self-directed amateur spy movie starring himself as Agent Michael Scarn?",A) Threat Level Midnight | B) Goldenface Revenge | C) The Scrantonian Threat | D) License to Sell Paper,A
344,Movies and Series,Hard,Multiple Choice,"In Friends, what is Chandler Bing's exact middle name, which he kept secret because it sounded embarrassing?",A) Eustace | B) Muriel | C) Francis | D) Montgomery,B
345,Movies and Series,Hard,Multiple Choice,"In Netflix's Dark (2017-2020), what small German town with a nuclear power plant and cave system is caught in a 33-year time-travel loop?",A) Heidelberg | B) Freiburg | C) Winden | D) Rothenburg,C
346,Movies and Series,Hard,Multiple Choice,"In Brooklyn Nine-Nine, what is the name of Captain Holt's husband, a calm Columbia University classics professor who adores Cheddar?",A) Frederick | B) Marcus | C) Brian | D) Kevin Cozner,D
347,Movies and Series,Medium,Multiple Choice,"In The Boys, what former World War II superhero and leader of Payback is played by Jensen Ackles and uses a heavy shield?",A) Soldier Boy | B) Gunpowder | C) Tek Knight | D) Lamplighter,A
348,Movies and Series,Hard,Multiple Choice,"In Stranger Things, what is the secret Russian underground base facility beneath Starcourt Mall disguised as in Season 3?",A) Hawkins Power Plant | B) Scoops Ahoy Ice Cream Parlor | C) Starcourt Cinema | D) The Fun Fair,B
349,Movies and Series,Hard,Multiple Choice,"In Wednesday (2022), what monster type is revealed to be dormant inside Tyler Galpin, controlled by Marilyn Thornhill (Laurel Gates)?",A) A Gorgon | B) A Werewolf | C) A Hyde | D) A Siren,C
350,Movies and Series,Hard,Multiple Choice,"In How I Met Your Mother, what is the real name of 'The Mother' carrying the yellow umbrella, played by Cristin Milioti?",A) Victoria | B) Stella Zinman | C) Nora | D) Tracy McConnell,D
351,Movies and Series,Hard,Typing,"In The Office, what is the real name of the convicted local criminal who strangled people in Lackawanna County, known as the 'Scranton ...'?",,Strangler
352,Movies and Series,Hard,Typing,"In Friends, what animal is Joey Tribbiani's beloved bedtime stuffed penguin companion?",,Hugsy
353,Movies and Series,Hard,Typing,"In Stranger Things, what is the name of Dustin Henderson's pet creature from the Upside Down that turned out to be a Demodog?",,Dart
354,Movies and Series,Easy,Multiple Choice,"In The Office, what is the signature two-word catchphrase Michael Scott yells whenever someone makes an inadvertent double entendre?",A) 'That's what she said!' | B) 'Bazinga!' | C) 'No way!' | D) 'You're fired!',A
355,Movies and Series,Easy,Multiple Choice,"In Friends, what is the name of Ross and Monica's parents' family surname who live on Long Island?",A) Tribbiani | B) Geller | C) Buffay | D) Bing,B
356,Movies and Series,Easy,Multiple Choice,"In Stranger Things, what game do Mike, Dustin, Lucas, and Will play in the basement in the very first episode of Season 1?",A) Magic: The Gathering | B) Risk | C) Dungeons & Dragons | D) Monopoly,C
357,Movies and Series,Easy,Multiple Choice,"In Wednesday, what cello instrument does Wednesday Addams play on her balcony overlooking the Nevermore quad?",A) The Violin | B) The Harp | C) The Piano | D) The Cello,D
358,Movies and Series,Easy,Multiple Choice,"In Modern Family, what two gay partners adopt their baby daughter Lily from Vietnam in the pilot episode?",A) Mitchell Pritchett and Cameron Tucker | B) Jay and Manny | C) Phil and Luke | D) Alex and Haley,A
359,Movies and Series,Easy,Multiple Choice,"In The Big Bang Theory, what brilliant, eccentric theoretical physicist with obsessive habits lives with Leonard and says 'Bazinga!'?",A) Howard Wolowitz | B) Sheldon Cooper | C) Rajesh Koothrappali | D) Stuart Bloom,B
360,Movies and Series,Easy,Multiple Choice,"In Squid Game, what shapes are painted on the black masks of the pink-suited guards to indicate their rank (Circles = Workers, Triangles = Soldiers, Squares = Managers)?","A) Star, Moon, and Sun | B) Heart, Diamond, and Spade | C) Circle, Triangle, and Square | D) Plus, Minus, and Equal",C
361,Movies and Series,Easy,Multiple Choice,"In The Mandalorian, what rare, highly durable metal Mandalorian armor plates are forged by the Armorer from reclaimed Imperial ingots?",A) Adamantium | B) Vibranium | C) Cortosis | D) Beskar,D
362,Movies and Series,Easy,Multiple Choice,"In Friends, what fashion brand company does Rachel Green work for in her executive buying career in later seasons?",A) Ralph Lauren | B) Gucci | C) Chanel | D) Prada,A
363,Movies and Series,Easy,Multiple Choice,"In The Office, who is the quiet, weird Quality Assurance representative who eats mung beans and runs a fake identity business?",A) Toby Flenderson | B) Creed Bratton | C) Stanley Hudson | D) Kevin Malone,B
364,Movies and Series,Easy,Multiple Choice,"In Stranger Things, what communication device with colored Christmas lights strung on the living room wall does Joyce Byers use to talk to Will in the Upside Down?",A) A shortwave ham radio | B) An old rotary phone | C) Christmas fairy lights with letters painted on the wall | D) A typewriter,C
365,Movies and Series,Easy,Multiple Choice,"In Brooklyn Nine-Nine, what tough, leather-jacket-wearing detective is famous for her fierce temper and terrifying everyone in the precinct?",A) Amy Santiago | B) Gina Linetti | C) Captain Holt | D) Rosa Diaz,D
366,Movies and Series,Easy,Multiple Choice,"In The Boys, what aquatic-themed superhero of The Seven talks to marine life and was exiled to Sandusky, Ohio?",A) The Deep | B) A-Train | C) Translucent | D) Black Noir,A
367,Movies and Series,Easy,Multiple Choice,"In Wednesday, what prestigious gothic family parents are Gomez and Morticia Addams?",A) The Munsters | B) The Addams Family | C) The Bates | D) The Crain family,B
368,Movies and Series,Easy,Multiple Choice,"In Friends, which character is an obsessive neat freak and talented professional chef whose apartment acts as the hub?",A) Rachel Green | B) Phoebe Buffay | C) Monica Geller | D) Emily,C
369,Movies and Series,Easy,Multiple Choice,"In The Office, what HR representative from corporate is despised by Michael Scott because he 'ruins all the fun'?",A) Gabe Lewis | B) David Wallace | C) Charles Miner | D) Toby Flenderson,D
370,Movies and Series,Easy,Multiple Choice,"In How I Met Your Mother, what color is the iconic umbrella that Ted Mosby finds outside the Saint Patrick's Day club and later connects him to the Mother?",A) Yellow | B) Red | C) Blue | D) Green,A
371,Movies and Series,Easy,Multiple Choice,"In Modern Family, what is the name of Jay Pritchett's lucrative, long-running home manufacturing business?",A) Pritchett Electronics | B) Pritchett's Closets & Blinds | C) Jay's Furniture Emporium | D) Modern Home Designs,B
372,Movies and Series,Easy,Multiple Choice,"In Stranger Things, what town police chief with a heart of gold takes in Eleven and adopts her as his daughter?",A) Bob Newby | B) Murray Bauman | C) Jim Hopper | D) Ted Wheeler,C
373,Movies and Series,Easy,Typing,"In The Office, what is the name of the paper company employee with a pretzel obsession who loves doing crossword puzzles at meetings?",,Stanley
374,Movies and Series,Easy,Typing,"In Friends, what is the name of Joey's pet chick and pet duck kept in his apartment?",,Chick and Duck
375,Movies and Series,Easy,Typing,"In Squid Game, what was the occupation of Cho Sang-woo (Player 218) before his massive financial debts?",,investment banker
376,Movies and Series,Medium,Multiple Choice,"In The Office, what is the name of the high school and college fund scam Michael Scott promised to third-graders, promising to pay their college tuition?",A) Michael's Millionaires | B) The Scranton Scholars | C) Dunder Mifflin Dreamers | D) Scott's Tots,D
377,Movies and Series,Medium,Multiple Choice,"In Friends, what is the name of the giant, ugly, naked neighbor whom the gang constantly spies on through Monica's window?",A) The Ugly Naked Guy | B) Mr. Heckles | C) Mr. Treeger | D) Gunther,A
378,Movies and Series,Medium,Multiple Choice,"In Stranger Things (Season 3), what ice cream shop inside Starcourt Mall employs Steve Harrington and Robin Buckley in sailor uniforms?",A) Baskin-Robbins | B) Scoops Ahoy | C) Dairy Queen | D) The Big Chill,B
379,Movies and Series,Medium,Multiple Choice,"In The Boys, what speedster superhero accidentally runs through and obliterates Hughie's girlfriend Robin in the pilot episode?",A) Shockwave | B) Silver Kincaid | C) A-Train | D) Supersonic,C
380,Movies and Series,Medium,Multiple Choice,"In Brooklyn Nine-Nine, what civilian administrator and eccentric narcissistic dancer is childhood best friends with Jake Peralta?",A) Amy Santiago | B) Rosa Diaz | C) Sharon Jeffords | D) Gina Linetti,D
381,Movies and Series,Medium,Multiple Choice,"In The Big Bang Theory, what spot on the apartment leather couch does Sheldon Cooper strictly reserve exclusively for himself?",A) The right-hand cushion | B) The left corner | C) The center cushion | D) The armchair,A
382,Movies and Series,Medium,Multiple Choice,"In How I Met Your Mother, what 5-slap countdown bet do Marshall Eriksen and Barney Stinson enter over Robin's past secret in Canada?",A) The Laser Bet | B) The Slap Bet | C) The Canadian Challenge | D) The Suit Bet,B
383,Movies and Series,Medium,Multiple Choice,"In Wednesday (2022), what type of outcasts at Nevermore Academy possess the ability to manipulate water and mesmerize through their voices (like Bianca Barclay)?",A) Gorgons | B) Hydes | C) Sirens | D) Shapeshifters,C
384,Movies and Series,Medium,Multiple Choice,"In The Office, what corporate VP woman dates Michael Scott and becomes unstable during the disastrous dinner party episode at her condo?",A) Holly Flax | B) Karen Filippelli | C) Donna | D) Jan Levinson,D
385,Movies and Series,Medium,Multiple Choice,"In Friends, in what European capital city does Ross accidentally say Rachel's name at the altar during his wedding to Emily?",A) London | B) Paris | C) Rome | D) Dublin,A
386,Movies and Series,Medium,Typing,"In The Office, what is the name of the temp worker who starts as a temp, rises to VP of corporate, gets fired, and returns to Dunder Mifflin?",,Ryan Howard
387,Movies and Series,Medium,Typing,"In Friends, what is the first name of the Central Perk barista with bleached blonde hair who harbored an unrequited crush on Rachel for 10 years?",,Gunther
388,Movies and Series,Hard,Multiple Choice,"In The Office, what are the names of the three fictional sales staff who make up the 'Finer Things Club' in the break room?","A) Jim, Pam, and Dwight | B) Pam Beesly, Toby Flenderson, and Oscar Martinez | C) Michael, Holly, and Kelly | D) Stanley, Phyllis, and Kevin",B
389,Movies and Series,Hard,Multiple Choice,"In Friends, what is the name of the soap opera character Dr. Drake Ramoray's identical twin brother whom Joey plays on Days of Our Lives?",A) Hans Ramoray | B) Viktor Ramoray | C) Striker Ramoray | D) Antonio Ramoray,C
390,Movies and Series,Hard,Multiple Choice,"In Stranger Things, what is the real classified government project in the 1960s/70s testing sensory deprivation and LSD that gave Eleven her powers?",A) Project Blue Book | B) Operation Paperclip | C) Project Stargate | D) Project MKUltra,D
391,Movies and Series,Hard,Multiple Choice,"In Brooklyn Nine-Nine, what is the name of the French-Canadian car thief and charismatic arch-rival who becomes Jake Peralta's best friend (The Pontiac Bandit)?",A) Doug Judy | B) Geoffrey Hoytsman | C) Seamus Murphy | D) Caleb,A
392,Movies and Series,Hard,Multiple Choice,"In The Boys, what former Nazi scientist founded Vought International and injected his wife Stormfront with the first successful Compound V serum?",A) Dr. Edgar Vought | B) Frederick Vought | C) Dr. Vogelbaum | D) Dr. Stan Edgar,B
393,Movies and Series,Hard,Multiple Choice,"In Black Mirror (Episode 'San Junipero'), what is the simulated reality beach resort town where deceased humans can upload their consciousness to live forever?",A) New Babylon | B) Arcadia | C) San Junipero | D) El Dorado,C
394,Movies and Series,Hard,Multiple Choice,"In The Big Bang Theory, what teen pop singer secret identity did Robin Scherbatsky have in Canada in How I Met Your Mother with the mall hit song?",A) Canadian Pop Star | B) Robin Daggers | C) Sparkle Girl | D) Robin Sparkles,D
395,Movies and Series,Hard,Typing,"In The Office, what is the name of Dwight Schrute's bizarre, radish-eating cousin who lives with him at Schrute Farms?",,Mose
396,Movies and Series,Hard,Typing,"In Friends, what state in the US does Chandler Bing pretend he is being transferred to in order to break up with Janice?",,Yemen
397,Movies and Series,Hard,Typing,"In Stranger Things, what is the name of the heavy metal guitarist and Hellfire Club leader in Season 4 who plays 'Master of Puppets' on a trailer roof?",,Eddie Munson
398,Movies and Series,Hard,Multiple Choice,"In Squid Game, what was the true identity of the elderly Player 001 (Oh Il-nam) who created and funded the games out of boredom?",A) The Host / Mastermind of the Games | B) An undercover detective | C) A retired politician | D) A former winner,A
399,Movies and Series,Hard,Multiple Choice,"In Modern Family, what physical clown alter-ego does Cameron Tucker transform into for children's parties, which terrified Phil Dunphy?",A) Bobo the Clown | B) Fizbo the Clown | C) Binky | D) Chuckles,B
400,Movies and Series,Hard,Multiple Choice,"In How I Met Your Mother, what is the title of Barney Stinson's comprehensive rulebook containing every manipulation scheme to pick up women (e.g. 'The Scuba Diver')?",A) The Bro Code | B) The Rulebook | C) The Playbook | D) The Bachelor's Guide,C
401,Movies and Series,Easy,Multiple Choice,"In Pixar's Finding Nemo (2003), what colorful species of reef fish is Nemo and his father Marlin?",A) Goldfish | B) Blue Tang | C) Angelfish | D) Ocellaris Clownfish,D
402,Movies and Series,Easy,Multiple Choice,"In Disney's The Lion King (1994), what villainous, dark-maned lion causes Mufasa's death in the wildebeest stampede to take the Pride Lands throne?",A) Scar | B) Timon | C) Zazu | D) Rafiki,A
403,Movies and Series,Easy,Multiple Choice,"In Pixar's Toy Story (1995), what space ranger action figure believes he is an actual intergalactic hero with laser capabilities?",A) Woody | B) Buzz Lightyear | C) Slinky Dog | D) Rex,B
404,Movies and Series,Easy,Multiple Choice,"In Disney's Frozen (2013), what powerful magical ability does Queen Elsa possess that accidentally plunges Arendelle into eternal winter?",A) Pyrokinesis (Fire Magic) | B) Telekinesis | C) Cryokinesis (Ice and Snow Magic) | D) Invisibility,C
405,Movies and Series,Easy,Multiple Choice,"In DreamWorks' Shrek (2001), what green, onion-loving ogre is accompanied by a talkative, waffle-loving Donkey on his quest?",A) Lord Farquaad | B) Puss in Boots | C) Prince Charming | D) Shrek,D
406,Movies and Series,Easy,Multiple Choice,"In Pixar's Coco (2017), what Mexican holiday serves as the vibrant backdrop where young musician Miguel enters the Land of the Dead?",A) Día de los Muertos | B) Cinco de Mayo | C) Las Posadas | D) Grito de Dolores,A
407,Movies and Series,Easy,Multiple Choice,"In Stanley Kubrick's The Shining (1980), what isolated, snowbound Colorado hotel drives Jack Torrance (Jack Nicholson) into murderous insanity?",A) The Bates Motel | B) The Overlook Hotel | C) The Grand Budapest Hotel | D) The Continental,B
408,Movies and Series,Easy,Multiple Choice,"In the classic slasher franchise Halloween (1978), what silent, boiler-suited killer wearing a white mask stalks babysitters in Haddonfield?",A) Jason Voorhees | B) Freddy Krueger | C) Michael Myers | D) Leatherface,C
409,Movies and Series,Easy,Multiple Choice,"In Wes Craven's Scream (1996), what ghost-masked serial killer calls victims on the telephone asking 'What's your favorite scary movie?'?",A) Pinhead | B) Chucky | C) Pennywise | D) Ghostface,D
410,Movies and Series,Easy,Multiple Choice,"In Pixar's Monsters, Inc. (2001), what two monster best friends (a giant blue furry beast and a one-eyed green sphere) work at the laugh/scream factory?",A) James P. 'Sulley' Sullivan and Mike Wazowski | B) Mike and Randall | C) Sulley and Waternoose | D) George and Fungus,A
411,Movies and Series,Easy,Multiple Choice,"In Disney's Aladdin (1992), who famously provided the manic, shape-shifting voice for the magical blue Genie inside the magic lamp?",A) Eddie Murphy | B) Robin Williams | C) Jim Carrey | D) Dan Castellaneta,B
412,Movies and Series,Easy,Multiple Choice,"In Pixar's Up (2009), what vehicle method does 78-year-old widower Carl Fredricksen use to lift his entire house into the sky?",A) A hot air balloon | B) A giant rocket engine | C) Thousands of helium balloons | D) Propeller engines,C
413,Movies and Series,Easy,Multiple Choice,"In DreamWorks' Kung Fu Panda (2008), what clumsy, noodle-slurping giant panda voiced by Jack Black is chosen as the Dragon Warrior?",A) Master Shifu | B) Tai Lung | C) Master Oogway | D) Po,D
414,Movies and Series,Easy,Multiple Choice,"In Home Alone (1990), what eight-year-old boy played by Macaulay Culkin is accidentally left behind in Chicago when his family flies to Paris?",A) Kevin McCallister | B) Buzz McCallister | C) Fuller McCallister | D) Jeff McCallister,A
415,Movies and Series,Easy,Multiple Choice,"In The Wizard of Oz (1939), what magical footwear does Dorothy Gale wear that allows her to click her heels three times and return home to Kansas?",A) Golden Boots | B) Ruby Slippers | C) Silver Heels | D) Glass Slippers,B
416,Movies and Series,Easy,Multiple Choice,"In Disney's Beauty and the Beast (1991), what enchanted object under a glass dome loses petals as the Prince's 21st year approaches?",A) A magic mirror | B) A singing candlestick | C) An enchanted red rose | D) A royal crest,C
417,Movies and Series,Easy,Multiple Choice,"In Pixar's Ratatouille (2007), what gourmet-loving Parisian rat teams up with garbage boy Alfredo Linguini to cook at Gusteau's restaurant?",A) Emile | B) Django | C) Skinner | D) Remy,D
418,Movies and Series,Easy,Multiple Choice,"In DreamWorks' How to Train Your Dragon (2010), what rare, pitch-black strike-class dragon is befriended by young Viking Hiccup?",A) Toothless | B) Monstrous Nightmare | C) Deadly Nadder | D) Gronckle,A
419,Movies and Series,Easy,Multiple Choice,"In Stephen King's IT (2017), what demonic, shapeshifting entity takes the form of a dancing clown carrying red balloons in Derry, Maine?",A) Art the Clown | B) Pennywise the Dancing Clown | C) Captain Spaulding | D) Twisty,B
420,Movies and Series,Easy,Multiple Choice,"In Pixar's The Incredibles (2004), what superhero family father possessing superhuman strength is forced to work as an insurance claims adjuster?",A) Lucius Best (Frozone) | B) Dash Parr | C) Bob Parr (Mr. Incredible) | D) Syndrome,C
421,Movies and Series,Easy,Multiple Choice,"In Disney's Moana (2016), what shape-shifting Polynesian demigod of the wind and sea is voiced by Dwayne 'The Rock' Johnson?",A) Tamatoa | B) Chief Tui | C) Te Fiti | D) Maui,D
422,Movies and Series,Easy,Multiple Choice,"In Pixar's Cars (2006), what red rookie race car number 95 gets stranded in the sleepy Route 66 desert town of Radiator Springs?",A) Lightning McQueen | B) Chick Hicks | C) Strip 'The King' Weathers | D) Doc Hudson,A
423,Movies and Series,Easy,Typing,"In Toy Story, what is the name of the vintage pull-string cowboy doll voiced by Tom Hanks who is Andy's favorite toy?",,Woody
424,Movies and Series,Easy,Typing,"In The Lion King, what young lion cub is the son of Mufasa and Sarabi who grows up to reclaim Pride Rock?",,Simba
425,Movies and Series,Easy,Typing,"In Finding Nemo, what blue tang fish voiced by Ellen DeGeneres suffers from short-term memory loss and says 'Just keep swimming'?",,Dory
426,Movies and Series,Easy,Typing,"In Frozen, what cheerful, magical snowman brought to life by Elsa loves warm hugs and dreams of experiencing summer?",,Olaf
427,Movies and Series,Medium,Multiple Choice,"In The Lion King, what Swahili philosophical phrase taught to Simba by Timon and Pumbaa means 'No worries for the rest of your days'?",A) Asante Sana | B) Hakuna Matata | C) Jambo Bwana | D) Kwaheri,B
428,Movies and Series,Medium,Multiple Choice,"In The Shining, what disturbing phrase does Jack Torrance obsessively type hundreds of times on his typewriter in the hotel lounge?","A) 'Redrum Redrum Redrum' | B) 'Come play with us Danny' | C) 'All work and no play makes Jack a dull boy' | D) 'Midnight, the stars and you'",C
429,Movies and Series,Medium,Multiple Choice,"In Pixar's Toy Story 2 (1999), what yodeling cowgirl doll with red yarn hair was abandoned under a bed by her previous owner Emily?",A) Bo Peep | B) Gabby Gabby | C) Barbie | D) Jessie the Yodeling Cowgirl,D
430,Movies and Series,Medium,Multiple Choice,"In Home Alone, what comedic nickname do the two clumsy burglars Harry and Marv give themselves due to their habit of leaving water taps running?",A) The Wet Bandits | B) The Sticky Bandits | C) The Crowbar Gang | D) The Night Prowlers,A
431,Movies and Series,Medium,Multiple Choice,"In DreamWorks' Shrek 2 (2004), what fairytale kingdom ruled by King Harold and Queen Lillian is modeled after glamorous Beverly Hills and Hollywood?",A) Duloc | B) Far Far Away | C) Arendelle | D) Corona,B
432,Movies and Series,Medium,Multiple Choice,"In Wes Craven's A Nightmare on Elm Street (1984), what burned serial killer with a razor-glove stalked teenagers in their dreams?",A) Michael Myers | B) Leatherface | C) Freddy Krueger | D) Jason Voorhees,C
433,Movies and Series,Medium,Multiple Choice,"In Pixar's WALL-E (2008), what sleek, white, egg-shaped probe robot with blue LED eyes does the waste-collector robot WALL-E fall in love with?",A) M-O | B) AUTO | C) PR-T | D) EVE,D
434,Movies and Series,Medium,Multiple Choice,"In Disney's Mulan (1998), what tiny, disgraced red Chinese dragon voiced by Eddie Murphy acts as Mulan's guardian on her military quest?",A) Mushu | B) Cri-Kee | C) Shenron | D) Haku,A
435,Movies and Series,Medium,Multiple Choice,"In The Silence of the Lambs (1991), what brilliant, cannibalistic psychiatrist imprisoned in Baltimore is interviewed by FBI trainee Clarice Starling?",A) Norman Bates | B) Dr. Hannibal Lecter | C) Buffalo Bill | D) Patrick Bateman,B
436,Movies and Series,Medium,Multiple Choice,"In Pixar's Inside Out (2015), which of the five core emotional personifications in 11-year-old Riley's headquarters is blue and cries when overwhelmed?",A) Joy | B) Fear | C) Sadness | D) Anger,C
437,Movies and Series,Medium,Multiple Choice,"In Guillermo del Toro's Pan's Labyrinth (2006), what terrifying pale monster has eyeballs embedded in the palms of its hands and sits before a banquet?",A) The Faun | B) The Toad | C) The Mandrake | D) The Pale Man,D
438,Movies and Series,Medium,Multiple Choice,"In Disney's Hercules (1997), what blue-flamed Lord of the Underworld voiced by James Woods plots to overthrow Mount Olympus with the Titans?",A) Hades | B) Ares | C) Zeus | D) Poseidon,A
439,Movies and Series,Medium,Multiple Choice,"In Shrek, what miniature, lordly ruler of Duloc attempts to marry Princess Fiona to become a legitimate king?",A) Prince Charming | B) Lord Farquaad | C) Rumpelstiltskin | D) The Pied Piper,B
440,Movies and Series,Medium,Multiple Choice,"In Toy Story, what is the first name of the mischievous boy next door who tortures and blows up toys in his backyard?",A) Andy | B) Buster | C) Sid | D) Al,C
441,Movies and Series,Medium,Typing,"In Finding Nemo, what exact street address in Sydney, Australia is written on the scuba diver's dropped mask: 'P. Sherman, 42 Wallaby Way, ...'?",,Sydney
442,Movies and Series,Medium,Multiple Choice,"In The Shining, what backward word does psychic Danny Torrance repeatedly croak and write in red lipstick on the bathroom door?",A) MURDER | B) OVERLOOK | C) SHINING | D) REDRUM,D
443,Movies and Series,Medium,Multiple Choice,"In Pixar's Toy Story, what exact four-word catchphrase is laser-printed on Buzz Lightyear's spaceship box packaging and repeated by him?",A) 'To infinity and beyond!' | B) 'Space Ranger to headquarters' | C) 'I come in peace' | D) 'Blast off to danger',A
444,Movies and Series,Hard,Multiple Choice,"In The Exorcist (1973), what ancient Mesopotamian demon of the southwest wind possesses twelve-year-old Regan MacNeil in Georgetown?",A) Baphomet | B) Pazuzu | C) Asmodeus | D) Beelzebub,B
445,Movies and Series,Easy,Multiple Choice,"In Disney animation history, what 1937 masterpiece was the world's very first full-length cel-animated feature film in color?",A) Pinocchio | B) Fantasia | C) Snow White and the Seven Dwarfs | D) Dumbo,C
446,Movies and Series,Hard,Multiple Choice,"In Pixar's Ratatouille (2007), what severe, skeletal food critic is transported back to his idyllic childhood after tasting Remy's peasant ratatouille dish?",A) Auguste Gusteau | B) Chef Skinner | C) Horst | D) Anton Ego,D
447,Movies and Series,Hard,Multiple Choice,"In Wes Craven's Scream (1996), what two high school classmates are revealed to be the duo working together under the Ghostface costume in Woodsboro?",A) Billy Loomis and Stu Macher | B) Randy Meeks and Stu Macher | C) Dewey Riley and Billy Loomis | D) Cotton Weary and Neil Prescott,A
448,Movies and Series,Hard,Multiple Choice,"In Pixar's Up (2009), what fictional, majestic South American mountain plateau and waterfall was Charles Muntz obsessed with exploring?",A) Angel Falls | B) Paradise Falls | C) Mount Roraima | D) Iguazu Falls,B
449,Movies and Series,Hard,Multiple Choice,"In Academy Awards history, what are the ONLY three films to ever sweep the 'Big Five' Oscars (Best Picture, Director, Actor, Actress, Screenplay)?","A) Titanic, Ben-Hur, and The Lord of the Rings: The Return of the King | B) The Godfather, Casablanca, and Gone with the Wind | C) It Happened One Night (1934), One Flew Over the Cuckoo's Nest (1975), and The Silence of the Lambs | D) Schindler's List, Forrest Gump, and Gladiator",C
450,Movies and Series,Medium,Multiple Choice,"In Stanley Kubrick's 2001: A Space Odyssey (1968), what sentient spaceship computer with a glowing red camera eye turns murderous on the Discovery One?",A) GERTIE | B) MOTHER | C) WOPR | D) HAL 9000,D
451,Movies and Series,Hard,Typing,"In the classic Egyptian drama film 'Bab El-Hadid' (Cairo Station, 1958), what was the name of the lame newspaper vendor played by director Youssef Chahine?",,Qinawi
452,Movies and Series,Medium,Typing,"In the iconic Egyptian TV drama 'Lan A'eesh Fee Jilbab Abi' (1996), what famous scrap-metal market in Cairo was the hub of Abdel Ghafour El-Boraey's business empire?",,Wekalet El-Balah
453,Movies and Series,Easy,Typing,"What legendary Egyptian comedy star and actor, nicknamed 'Al-Zaeem' (The Leader), starred in 'El-Erhab Wel Kabab', 'Al-Wad Sayed El-Shaghal', and 'Morgan Ahmed Morgan'?",,Adel Emam
454,Movies and Series,Easy,Multiple Choice,"In the Egyptian hit comedy 'Sa'eedi Fel Gamaa El-Amrekeya' (1998), what Upper Egyptian student portrayed by Mohamed Henedi arrives in Cairo wearing a bright yellow suit?",A) Khalaf El-Dahshouri Khalaf | B) Mohey El-Sharkawi | C) Basiony Kamel | D) Hazaloum,A
455,Movies and Series,Easy,Multiple Choice,"In the famous Egyptian espionage TV masterpiece 'Raafat El-Haggan', what alias identity was adopted by Egyptian agent Refaat El-Gammal inside Israel?",A) Jack Bitton | B) David Charles Samhon | C) Ezra Weizmann | D) Robert Dayan,B
456,Movies and Series,Easy,Multiple Choice,"In the acclaimed psychological thriller 'The Blue Elephant' (El-Feel El-Azraq, 2014), what is the psychiatric hospital where Dr. Yehia Rashed evaluates insane criminals?",A) Maadi Military Hospital | B) Kasr Al-Ainy Hospital | C) The Abbasiya Psychiatric Hospital | D) Helwan Sanatorium,C
457,Movies and Series,Easy,Multiple Choice,"In the classic comedy film 'El-Lemby' (2002), what Egyptian comedy actor created and famously portrayed the slur-talking, loose-dancing title character?",A) Ahmed Adam | B) Alaa Waley El-Din | C) Hany Ramzy | D) Mohamed Saad,D
458,Movies and Series,Easy,Multiple Choice,"In the comedy film 'El-Erhab Wel Kabab' (Terrorism and Kebab, 1992), what massive government administrative building in Cairo is accidentally taken hostage by Adel Emam?",A) The Mugamma El-Tahrir building | B) The Ministry of Interior | C) Cairo Opera House | D) The Central Bank of Egypt,A
459,Movies and Series,Easy,Multiple Choice,"In the hit Egyptian comedy series 'El-Kabeer Awi', what fictional Upper Egyptian village is governed by the mayor El-Kabeer, played by Ahmed Mekky?",A) El-Hassana | B) Al-Mazaareeta | C) Mit Ghamr | D) Kafr El-Sheikh,B
460,Movies and Series,Easy,Multiple Choice,"In the Egyptian cinema classic 'El-Kit Kat' (1991), what legendary actor portrayed Sheikh Hosny, the cheerful blind man who rides a motorcycle through the streets?",A) Nour El-Sherif | B) Ahmed Zaki | C) Mahmoud Abdel Aziz | D) Yehia El-Fakharany,C
461,Movies and Series,Easy,Multiple Choice,"In the popular comedy 'Keda Reda' (2007), what Egyptian actor played the triplet brothers (Reda, Semsem, and Bibo) who share a single identity to con people?",A) Mohamed Saad | B) Karim Abdel Aziz | C) Ahmed Ezz | D) Ahmed Helmy,D
462,Movies and Series,Easy,Multiple Choice,"In the legendary TV series 'Lan A'eesh Fee Jilbab Abi', what was the humble food-cart business run by Fatma (played by Abla Kamel) before marrying Abdel Ghafour?",A) Koshari cart | B) Foul and Taameya cart | C) Grilled liver cart | D) Hawawshi stand,A
463,Movies and Series,Easy,Multiple Choice,What internationally renowned Egyptian actor starred in global Hollywood cinema masterpieces such as 'Lawrence of Arabia' and 'Doctor Zhivago'?,A) Rushdy Abaza | B) Omar Sharif | C) Gamil Ratib | D) Ahmed Ramzy,B
464,Movies and Series,Easy,Multiple Choice,"In the cult comedy masterpiece 'El-Keif' (1985), what two contrasting brothers were played by Mahmoud Abdel Aziz (Mizagangi) and Yehia El-Fakharany (Dr. Salah)?",A) An engineer and a doctor | B) A lawyer and a police officer | C) A singer/drug-dealer and a chemist | D) A pilot and a teacher,C
465,Movies and Series,Easy,Multiple Choice,"In the famous Golden Age comedy series, what beloved Egyptian comedic actor starred in military comedies like 'In the Army', 'In the Navy', and 'In the Police'?",A) Naguib El-Rihani | B) Fouad El-Mohandes | C) Abdel Salam Al-Nabulsi | D) Ismail Yassine,D
466,Movies and Series,Easy,Multiple Choice,"In the blockbuster action-adventure movie 'Africano' (2001), what Egyptian action superstar famously jumped into a raging waterfall to prove his love to Mona Zaki?",A) Ahmed El-Sakka | B) Mostafa Shaaban | C) Ahmed Ezz | D) Karim Abdel Aziz,A
467,Movies and Series,Easy,Multiple Choice,"In the historic Egyptian epic series 'Layali El-Helmeya', what two rival figures represented the clash of aristocracy and rural mayors (Selim El-Badry and Soliman Ghanem)?",A) Adel Emam and Nour El-Sherif | B) Yehia El-Fakharany and Salah El-Saadany | C) Mahmoud Yassin and Farouk El-Fishawy | D) Ahmed Zaki and Mahmoud Abdel Aziz,B
468,Movies and Series,Easy,Multiple Choice,"In the Egyptian drama classic 'Doaa El-Karawan' (The Nightingale's Prayer, 1959), what legendary actress portrayed the vengeful village girl Amna?",A) Shadia | B) Soad Hosny | C) Faten Hamama | D) Hend Rostom,C
469,Movies and Series,Easy,Multiple Choice,"In the comedy film 'Morgan Ahmed Morgan' (2007), what prestigious university does the uneducated, corrupt billionaire Morgan attend to buy a degree?",A) Cairo University | B) Oxford University | C) Sorbonne University | D) The American University in Cairo,D
470,Movies and Series,Easy,Multiple Choice,"In the acclaimed Egyptian psychological drama 'Asef Ala El-Ezaag' (Sorry for the Disturbance, 2008), what mental condition causes the engineer Hassan (Ahmed Helmy) to hallucinate his deceased father?",A) Schizophrenia and visual hallucinations | B) Amnesia | C) Bipolar disorder | D) Alzheimer's disease,A
471,Movies and Series,Easy,Multiple Choice,"In the beloved family TV series 'Yawmeyat Wanis', what veteran Egyptian actor and theatrical director created and starred as the disciplined father Wanis?",A) Yehia El-Fakharany | B) Mohamed Sobhy | C) Nour El-Sherif | D) Hassan Mostafa,B
472,Movies and Series,Easy,Multiple Choice,"In the action crime masterpiece 'Ibrahim Labyad' (2009), what veteran Egyptian acting giant portrayed the ruthless gang ruler of the slum, El-Ma'alem Abdel Malek El-Zorzar?",A) Khaled El-Sawy | B) Amr Waked | C) Mahmoud Abdel Aziz | D) Sami El-Adl,C
473,Movies and Series,Easy,Typing,"In the Egyptian hit comedy 'El-Kabeer Awi', what is the name of the eccentric, orange-haired triplet brother raised in London who wears tracksuits?",,Hazaloum
474,Movies and Series,Easy,Typing,"In the historic Ramadan TV series 'El-Ikhtiyar' (The Choice 2020), what real-life Egyptian military hero colonel of the 103rd Thunderbolt Battalion was played by Amir Karara?",,Ahmed El-Mansy
475,Movies and Series,Easy,Typing,What is the famous first name of the scrap metal tycoon in 'Lan A'eesh Fee Jilbab Abi' whose famous slogan was 'I am Abdel Ghafour ...'?,,El-Boraey
476,Movies and Series,Medium,Multiple Choice,"In the classic Egyptian political satire 'Toyour El-Zalam' (Birds of Darkness, 1995), what two former law-school friends battle each other through legal corruption and religious extremism?",A) Morgan and Rashad | B) Bakhit and Adila | C) Jack and Mohsen | D) Fathy Nofal (Adel Emam) and Ali El-Zanati,D
477,Movies and Series,Medium,Multiple Choice,"In the classic musical comedy 'Ghazal El-Banat' (1949), what legendary theatrical pioneer starred as the poor Arabic teacher Ustaz Hamam alongside Laila Mourad?",A) Naguib El-Rihani | B) Ali El-Kassar | C) Youssef Wahbi | D) Anwar Wagdi,A
478,Movies and Series,Medium,Multiple Choice,"In the iconic spy thriller TV series 'Domo'a Fee Oyoon Waqeha' (Tears in Shameless Eyes, 1980), what was the code-named Egyptian double-agent Gomaa El-Shawan played by Adel Emam?",A) Mohsen Momtaz | B) Gomaa El-Shawan | C) Raafat El-Haggan | D) Fares,B
479,Movies and Series,Medium,Multiple Choice,"In the dark comedy film 'Ard El-Nefaq' (Land of Hypocrisy, 1968), what moral pills does the moral clerk Masoud (Fouad El-Mohandes) swallow from the mysterious shopkeeper?","A) Wealth pills | B) Youth pills | C) Pills of Courage, Honesty, and Hypocrisy | D) Memory pills",C
480,Movies and Series,Medium,Multiple Choice,"In the Egyptian prison action comedy 'Eli Baly Balak' (2003), what high-ranking prison warden has his brain surgically swapped with the simpleton convict El-Lemby?",A) General Basiony | B) Major Farahat | C) Captain Tarek | D) General Riad El-Manfalouty,D
481,Movies and Series,Medium,Multiple Choice,"In the classic 1970 Egyptian comedy 'Gharamiat Emraa' / 'Meraty Modeer Aam' (My Wife is a Director General), what legendary comedy actress starred as the boss managing her husband at the company?",A) Shadia | B) Soad Hosny | C) Faten Hamama | D) Mervat Amin,A
482,Movies and Series,Medium,Multiple Choice,"In the critically acclaimed Egyptian television series 'Zezenia' (1997), what cosmopolitan Mediterranean Egyptian city is the vibrant cultural setting of the story?",A) Port Said | B) Alexandria | C) Ismailia | D) Suez,B
483,Movies and Series,Medium,Multiple Choice,"In the cult Egyptian action thriller 'Mafia' (2002), what international VIP leader visiting Cairo is targeted by an assassination conspiracy foiled by Egyptian intelligence?",A) The French President | B) The UN Secretary-General | C) The Pope of the Vatican | D) The US President,C
484,Movies and Series,Medium,Multiple Choice,"In the classic political comedy 'Bakhit and Adila' (1995), what accidental object found on a passenger train plunges the poor couple into wealth and election chaos?",A) A stolen painting | B) A government safe | C) A bag of gold coins | D) A lost suitcase filled with millions of US dollars,D
485,Movies and Series,Medium,Multiple Choice,"In the mystery thriller 'The Blue Elephant 2' (2019), what mysterious incarcerated psychiatric patient played by Hind Sabry challenges Dr. Yehia's family?",A) Farida | B) Maya | C) Lobna | D) Camellia,A
486,Movies and Series,Medium,Typing,"In the classic movie 'El-Keif' (1985), what was the catchy nickname of the humorous tambourine player and fake-drug seller played by Mahmoud Abdel Aziz?",,Mizagangi
487,Movies and Series,Medium,Typing,"In the masterpiece 'Lan A'eesh Fee Jilbab Abi', what veteran Egyptian actor played the wise mentor Hajj Ibrahim Sardina who taught Abdel Ghafour the scrap metal trade?",,Abdel Rahman Abu Zahra
488,Movies and Series,Hard,Multiple Choice,"In Egyptian cinematic history, what groundbreaking 1969 historical masterpiece directed by Shadi Abdel Salam tells the story of the discovery of the royal mummy cache in Thebes?",A) The Land (Al-Ard) | B) The Night of Counting the Years (Al-Mummia) | C) Cairo Station | D) The Sin (Al-Haram),B
489,Movies and Series,Hard,Multiple Choice,"In the legendary Egyptian TV drama 'Layali El-Helmeya', what renowned dramatic screenwriter and novelist wrote all five celebrated seasons of the saga?",A) Wahid Hamed | B) Naguib Mahfouz | C) Osama Anwar Okasha | D) Youssef El-Sebai,C
490,Movies and Series,Hard,Multiple Choice,"In Youssef Chahine's masterpiece 'Bab El-Hadid' (Cairo Station, 1958), what alluring soft-drink seller at the bustling railway station is obsessively loved by Qinawi?",A) Naeema | B) Bahia | C) Zeinab | D) Hanuma,D
491,Movies and Series,Hard,Multiple Choice,"In the classic Egyptian psychological courtroom drama 'Al-Liss Wal Kilab' (The Thief and the Dogs, 1962), what Nobel laureate Egyptian author wrote the original novel?",A) Naguib Mahfouz | B) Taha Hussein | C) Tawfiq Al-Hakim | D) Ihsan Abdel Quddous,A
492,Movies and Series,Hard,Multiple Choice,"In the iconic spy drama 'Raafat El-Haggan', what veteran Egyptian composer composed the timeless, suspenseful orchestral theme music of the series?",A) Omar Khairat | B) Ammar El-Sherei | C) Baligh Hamdi | D) Yasser Abdel Rahman,B
493,Movies and Series,Hard,Multiple Choice,"In the celebrated Egyptian comedy film 'Al-Erhab' / 'Al-Irhab wal Kabab', what simple government service was Ahmed Fathi originally trying to obtain at the Mugamma before the chaos?",A) A driving license | B) A passport renewal | C) A school transfer for his children | D) A tax exemption,C
494,Movies and Series,Hard,Multiple Choice,"In the classic rural drama masterpiece 'Al-Ard' (The Land, 1969) directed by Youssef Chahine, what heroic village farmer patriarch was portrayed by Mahmoud El-Meliguy?",A) Sheikh Youssef | B) Diab | C) Wasfi Bey | D) Mohamed Abu Swailam,D
495,Movies and Series,Hard,Multiple Choice,"In the hit action-comedy 'Fool El-Seen El-Azeem' (Great Beans of China, 2004), what international cooking competition does Mohey El-Sharkawi enter in China under the guidance of his master?",A) The World Master Cooking Competition in China | B) The Golden Wok Tourney | C) The Beijing Martial Arts Cup | D) The Asian Dragon Contest,A
496,Movies and Series,Hard,Multiple Choice,"In the beloved Golden Age Egyptian romantic comedy 'Esha'at Hob' (Rumor of Love, 1960), what legendary actor played the suitor Hussein coached by Youssef Wahbi to woo Soad Hosny?",A) Abdel Halim Hafez | B) Omar Sharif | C) Ahmed Ramzy | D) Rushdy Abaza,B
497,Movies and Series,Hard,Multiple Choice,"In the psychological crime drama 'Ahl Cairo' (People of Cairo, 2010), what high-profile socialite bride played by Rania Youssef is mysteriously murdered on her wedding night?",A) Dahlia | B) Rania | C) Safi Selim | D) Maysoon,C
498,Movies and Series,Hard,Typing,"In the Egyptian spy classic 'Raafat El-Haggan', what legendary Egyptian actor portrayed the sharp Egyptian intelligence handler Mohsen Momtaz?",,Youssef Chabaan
499,Movies and Series,Hard,Multiple Choice,"In the historical epic 'Al-Nasser Salah El-Din' (Saladin the Victorious, 1963) directed by Youssef Chahine, what Egyptian cinema giant portrayed Sultan Saladin?",A) Farid Shawqi | B) Mahmoud Yassin | C) Rushdy Abaza | D) Ahmed Mazhar,D
500,Movies and Series,Easy,Multiple Choice,What legendary Egyptian actress was widely crowned with the honorary title 'The Lady of the Arab Screen' (Sayedat El-Shasha El-Arabiya)?,A) Faten Hamama | B) Soad Hosny | C) Shadia | D) Hend Rostom,A
